ISO-10303-21;
HEADER;
FILE_DESCRIPTION((''),'2;1');
FILE_NAME('ASM0005_ASM','2019-06-28T',('5006347'),(''),
'CREO PARAMETRIC BY PTC INC, 2018360','CREO PARAMETRIC BY PTC INC, 2018360','');
FILE_SCHEMA(('AUTOMOTIVE_DESIGN { 1 0 10303 214 1 1 1 1 }'));
ENDSEC;
DATA;
#130=DIRECTION('',(0.E0,0.E0,-1.E0));
#131=VECTOR('',#130,5.5E-1);
#132=CARTESIAN_POINT('',(-1.599999890484E0,3.999997849156E-1,5.5E-1));
#133=LINE('',#132,#131);
#134=DRAUGHTING_PRE_DEFINED_CURVE_FONT('continuous');
#135=CURVE_STYLE('',#134,POSITIVE_LENGTH_MEASURE(2.E-2),#52);
#136=PRESENTATION_STYLE_ASSIGNMENT((#135));
#137=STYLED_ITEM('',(#136),#133);
#138=DIRECTION('',(0.E0,0.E0,1.E0));
#139=VECTOR('',#138,5.5E-1);
#140=CARTESIAN_POINT('',(-1.529999890484E0,3.300000716986E-1,0.E0));
#141=LINE('',#140,#139);
#142=CURVE_STYLE('',#134,POSITIVE_LENGTH_MEASURE(2.E-2),#52);
#143=PRESENTATION_STYLE_ASSIGNMENT((#142));
#144=STYLED_ITEM('',(#143),#141);
#145=CARTESIAN_POINT('',(-1.599999920286E0,7.500002448881E-1,0.E0));
#146=DIRECTION('',(0.E0,0.E0,1.E0));
#147=DIRECTION('',(2.483534834571E-7,-1.E0,0.E0));
#148=AXIS2_PLACEMENT_3D('',#145,#146,#147);
#150=CURVE_STYLE('',#134,POSITIVE_LENGTH_MEASURE(2.E-2),#52);
#151=PRESENTATION_STYLE_ASSIGNMENT((#150));
#152=STYLED_ITEM('',(#151),#149);
#153=DIRECTION('',(0.E0,1.E0,0.E0));
#154=VECTOR('',#153,2.300004301701E-1);
#155=CARTESIAN_POINT('',(-1.599999890484E0,3.999997849156E-1,0.E0));
#156=LINE('',#155,#154);
#157=CURVE_STYLE('',#134,POSITIVE_LENGTH_MEASURE(2.E-2),#52);
#158=PRESENTATION_STYLE_ASSIGNMENT((#157));
#159=STYLED_ITEM('',(#158),#156);
#160=CARTESIAN_POINT('',(-1.599999890484E0,3.299997849143E-1,0.E0));
#161=DIRECTION('',(0.E0,0.E0,1.E0));
#162=DIRECTION('',(1.E0,1.430078277992E-10,0.E0));
#163=AXIS2_PLACEMENT_3D('',#160,#161,#162);
#165=CURVE_STYLE('',#134,POSITIVE_LENGTH_MEASURE(2.E-2),#52);
#166=PRESENTATION_STYLE_ASSIGNMENT((#165));
#167=STYLED_ITEM('',(#166),#164);
#168=DIRECTION('',(0.E0,1.E0,0.E0));
#169=VECTOR('',#168,1.599998566128E-1);
#170=CARTESIAN_POINT('',(-1.529999890484E0,1.700002150857E-1,0.E0));
#171=LINE('',#170,#169);
#172=CURVE_STYLE('',#134,POSITIVE_LENGTH_MEASURE(2.E-2),#52);
#173=PRESENTATION_STYLE_ASSIGNMENT((#172));
#174=STYLED_ITEM('',(#173),#171);
#175=CARTESIAN_POINT('',(-1.599999890484E0,1.700002150857E-1,0.E0));
#176=DIRECTION('',(0.E0,0.E0,1.E0));
#177=DIRECTION('',(1.586032892321E-13,-1.E0,0.E0));
#178=AXIS2_PLACEMENT_3D('',#175,#176,#177);
#180=CURVE_STYLE('',#134,POSITIVE_LENGTH_MEASURE(2.E-2),#52);
#181=PRESENTATION_STYLE_ASSIGNMENT((#180));
#182=STYLED_ITEM('',(#181),#179);
#183=DIRECTION('',(0.E0,1.E0,0.E0));
#184=VECTOR('',#183,2.E-1);
#185=CARTESIAN_POINT('',(-1.599999890484E0,-9.999978491428E-2,0.E0));
#186=LINE('',#185,#184);
#187=CURVE_STYLE('',#134,POSITIVE_LENGTH_MEASURE(2.E-2),#52);
#188=PRESENTATION_STYLE_ASSIGNMENT((#187));
#189=STYLED_ITEM('',(#188),#186);
#190=CARTESIAN_POINT('',(-1.599999890484E0,-1.699997849143E-1,0.E0));
#191=DIRECTION('',(0.E0,0.E0,1.E0));
#192=DIRECTION('',(1.E0,0.E0,0.E0));
#193=AXIS2_PLACEMENT_3D('',#190,#191,#192);
#195=CURVE_STYLE('',#134,POSITIVE_LENGTH_MEASURE(2.E-2),#52);
#196=PRESENTATION_STYLE_ASSIGNMENT((#195));
#197=STYLED_ITEM('',(#196),#194);
#198=DIRECTION('',(0.E0,1.E0,0.E0));
#199=VECTOR('',#198,1.6E-1);
#200=CARTESIAN_POINT('',(-1.529999890484E0,-3.299997849143E-1,0.E0));
#201=LINE('',#200,#199);
#202=CURVE_STYLE('',#134,POSITIVE_LENGTH_MEASURE(2.E-2),#52);
#203=PRESENTATION_STYLE_ASSIGNMENT((#202));
#204=STYLED_ITEM('',(#203),#201);
#205=CARTESIAN_POINT('',(-1.599999890484E0,-3.299997849143E-1,0.E0));
#206=DIRECTION('',(0.E0,0.E0,1.E0));
#207=DIRECTION('',(1.586032892321E-13,-1.E0,0.E0));
#208=AXIS2_PLACEMENT_3D('',#205,#206,#207);
#210=CURVE_STYLE('',#134,POSITIVE_LENGTH_MEASURE(2.E-2),#52);
#211=PRESENTATION_STYLE_ASSIGNMENT((#210));
#212=STYLED_ITEM('',(#211),#209);
#213=DIRECTION('',(0.E0,1.E0,0.E0));
#214=VECTOR('',#213,2.3E-1);
#215=CARTESIAN_POINT('',(-1.599999890484E0,-6.299997849143E-1,0.E0));
#216=LINE('',#215,#214);
#217=CURVE_STYLE('',#134,POSITIVE_LENGTH_MEASURE(2.E-2),#52);
#218=PRESENTATION_STYLE_ASSIGNMENT((#217));
#219=STYLED_ITEM('',(#218),#216);
#220=CARTESIAN_POINT('',(-1.599999950088E0,-7.499998445189E-1,0.E0));
#221=DIRECTION('',(0.E0,0.E0,1.E0));
#222=DIRECTION('',(9.999999999999E-1,4.967051513921E-7,0.E0));
#223=AXIS2_PLACEMENT_3D('',#220,#221,#222);
#225=CURVE_STYLE('',#134,POSITIVE_LENGTH_MEASURE(2.E-2),#52);
#226=PRESENTATION_STYLE_ASSIGNMENT((#225));
#227=STYLED_ITEM('',(#226),#224);
#228=DIRECTION('',(-1.E0,3.356128997009E-9,0.E0));
#229=VECTOR('',#228,2.960000003375E0);
#230=CARTESIAN_POINT('',(1.480000110641E0,-7.499997948484E-1,0.E0));
#231=LINE('',#230,#229);
#232=CURVE_STYLE('',#134,POSITIVE_LENGTH_MEASURE(2.E-2),#52);
#233=PRESENTATION_STYLE_ASSIGNMENT((#232));
#234=STYLED_ITEM('',(#233),#231);
#235=CARTESIAN_POINT('',(1.600000139319E0,-7.499998147167E-1,0.E0));
#236=DIRECTION('',(0.E0,0.E0,1.E0));
#237=DIRECTION('',(-2.483534871579E-7,1.E0,0.E0));
#238=AXIS2_PLACEMENT_3D('',#235,#236,#237);
#240=CURVE_STYLE('',#134,POSITIVE_LENGTH_MEASURE(2.E-2),#52);
#241=PRESENTATION_STYLE_ASSIGNMENT((#240));
#242=STYLED_ITEM('',(#241),#239);
#243=DIRECTION('',(0.E0,-1.E0,0.E0));
#244=VECTOR('',#243,2.300000000003E-1);
#245=CARTESIAN_POINT('',(1.600000109516E0,-3.999997849139E-1,0.E0));
#246=LINE('',#245,#244);
#247=CURVE_STYLE('',#134,POSITIVE_LENGTH_MEASURE(2.E-2),#52);
#248=PRESENTATION_STYLE_ASSIGNMENT((#247));
#249=STYLED_ITEM('',(#248),#246);
#250=CARTESIAN_POINT('',(1.599999890484E0,-3.299997849143E-1,0.E0));
#251=DIRECTION('',(0.E0,0.E0,1.E0));
#252=DIRECTION('',(-1.E0,-1.617753550168E-13,0.E0));
#253=AXIS2_PLACEMENT_3D('',#250,#251,#252);
#255=CURVE_STYLE('',#134,POSITIVE_LENGTH_MEASURE(2.E-2),#52);
#256=PRESENTATION_STYLE_ASSIGNMENT((#255));
#257=STYLED_ITEM('',(#256),#254);
#258=DIRECTION('',(0.E0,-1.E0,0.E0));
#259=VECTOR('',#258,1.6E-1);
#260=CARTESIAN_POINT('',(1.529999890484E0,-1.699997849143E-1,0.E0));
#261=LINE('',#260,#259);
#262=CURVE_STYLE('',#134,POSITIVE_LENGTH_MEASURE(2.E-2),#52);
#263=PRESENTATION_STYLE_ASSIGNMENT((#262));
#264=STYLED_ITEM('',(#263),#261);
#265=CARTESIAN_POINT('',(1.599999890484E0,-1.699997849143E-1,0.E0));
#266=DIRECTION('',(0.E0,0.E0,1.E0));
#267=DIRECTION('',(3.129035402211E-6,9.999999999951E-1,0.E0));
#268=AXIS2_PLACEMENT_3D('',#265,#266,#267);
#270=CURVE_STYLE('',#134,POSITIVE_LENGTH_MEASURE(2.E-2),#52);
#271=PRESENTATION_STYLE_ASSIGNMENT((#270));
#272=STYLED_ITEM('',(#271),#269);
#273=DIRECTION('',(0.E0,-1.E0,0.E0));
#274=VECTOR('',#273,2.000000000007E-1);
#275=CARTESIAN_POINT('',(1.600000109516E0,1.000002150861E-1,0.E0));
#276=LINE('',#275,#274);
#277=CURVE_STYLE('',#134,POSITIVE_LENGTH_MEASURE(2.E-2),#52);
#278=PRESENTATION_STYLE_ASSIGNMENT((#277));
#279=STYLED_ITEM('',(#278),#276);
#280=CARTESIAN_POINT('',(1.599999890484E0,1.700002150857E-1,0.E0));
#281=DIRECTION('',(0.E0,0.E0,1.E0));
#282=DIRECTION('',(-1.E0,-1.605858303475E-13,0.E0));
#283=AXIS2_PLACEMENT_3D('',#280,#281,#282);
#285=CURVE_STYLE('',#134,POSITIVE_LENGTH_MEASURE(2.E-2),#52);
#286=PRESENTATION_STYLE_ASSIGNMENT((#285));
#287=STYLED_ITEM('',(#286),#284);
#288=DIRECTION('',(2.756131128651E-12,-1.E0,0.E0));
#289=VECTOR('',#288,1.599998566095E-1);
#290=CARTESIAN_POINT('',(1.529999890483E0,3.300000716952E-1,0.E0));
#291=LINE('',#290,#289);
#292=CURVE_STYLE('',#134,POSITIVE_LENGTH_MEASURE(2.E-2),#52);
#293=PRESENTATION_STYLE_ASSIGNMENT((#292));
#294=STYLED_ITEM('',(#293),#291);
#295=CARTESIAN_POINT('',(1.599999890484E0,3.299997849143E-1,0.E0));
#296=DIRECTION('',(0.E0,0.E0,1.E0));
#297=DIRECTION('',(3.129035402152E-6,9.999999999951E-1,0.E0));
#298=AXIS2_PLACEMENT_3D('',#295,#296,#297);
#300=CURVE_STYLE('',#134,POSITIVE_LENGTH_MEASURE(2.E-2),#52);
#301=PRESENTATION_STYLE_ASSIGNMENT((#300));
#302=STYLED_ITEM('',(#301),#299);
#303=DIRECTION('',(0.E0,-1.E0,0.E0));
#304=VECTOR('',#303,2.300004301705E-1);
#305=CARTESIAN_POINT('',(1.600000109516E0,6.300002150857E-1,0.E0));
#306=LINE('',#305,#304);
#307=CURVE_STYLE('',#134,POSITIVE_LENGTH_MEASURE(2.E-2),#52);
#308=PRESENTATION_STYLE_ASSIGNMENT((#307));
#309=STYLED_ITEM('',(#308),#306);
#310=CARTESIAN_POINT('',(1.600000169121E0,7.500002746904E-1,0.E0));
#311=DIRECTION('',(0.E0,0.E0,1.E0));
#312=DIRECTION('',(-9.999999999999E-1,-4.967051550928E-7,0.E0));
#313=AXIS2_PLACEMENT_3D('',#310,#311,#312);
#315=CURVE_STYLE('',#134,POSITIVE_LENGTH_MEASURE(2.E-2),#52);
#316=PRESENTATION_STYLE_ASSIGNMENT((#315));
#317=STYLED_ITEM('',(#316),#314);
#318=DIRECTION('',(1.E0,6.712234814361E-9,0.E0));
#319=VECTOR('',#318,2.960000003375E0);
#320=CARTESIAN_POINT('',(-1.479999891609E0,7.500002150857E-1,0.E0));
#321=LINE('',#320,#319);
#322=CURVE_STYLE('',#134,POSITIVE_LENGTH_MEASURE(2.E-2),#52);
#323=PRESENTATION_STYLE_ASSIGNMENT((#322));
#324=STYLED_ITEM('',(#323),#321);
#325=DIRECTION('',(0.E0,0.E0,-1.E0));
#326=VECTOR('',#325,5.5E-1);
#327=CARTESIAN_POINT('',(-1.479999891609E0,7.500002150857E-1,5.5E-1));
#328=LINE('',#327,#326);
#329=CURVE_STYLE('',#134,POSITIVE_LENGTH_MEASURE(2.E-2),#52);
#330=PRESENTATION_STYLE_ASSIGNMENT((#329));
#331=STYLED_ITEM('',(#330),#328);
#332=DIRECTION('',(0.E0,0.E0,1.E0));
#333=VECTOR('',#332,5.5E-1);
#334=CARTESIAN_POINT('',(-1.599999890484E0,6.300002150857E-1,0.E0));
#335=LINE('',#334,#333);
#336=CURVE_STYLE('',#134,POSITIVE_LENGTH_MEASURE(2.E-2),#52);
#337=PRESENTATION_STYLE_ASSIGNMENT((#336));
#338=STYLED_ITEM('',(#337),#335);
#339=DIRECTION('',(1.E0,6.712234851868E-9,0.E0));
#340=VECTOR('',#339,2.960000003375E0);
#341=CARTESIAN_POINT('',(-1.479999891609E0,7.500002150857E-1,5.5E-1));
#342=LINE('',#341,#340);
#343=CURVE_STYLE('',#134,POSITIVE_LENGTH_MEASURE(2.E-2),#52);
#344=PRESENTATION_STYLE_ASSIGNMENT((#343));
#345=STYLED_ITEM('',(#344),#342);
#346=DIRECTION('',(0.E0,0.E0,-1.E0));
#347=VECTOR('',#346,5.5E-1);
#348=CARTESIAN_POINT('',(1.600000109516E0,6.300002150857E-1,5.5E-1));
#349=LINE('',#348,#347);
#350=CURVE_STYLE('',#134,POSITIVE_LENGTH_MEASURE(2.E-2),#52);
#351=PRESENTATION_STYLE_ASSIGNMENT((#350));
#352=STYLED_ITEM('',(#351),#349);
#353=DIRECTION('',(0.E0,0.E0,1.E0));
#354=VECTOR('',#353,5.5E-1);
#355=CARTESIAN_POINT('',(1.480000111766E0,7.500002349539E-1,0.E0));
#356=LINE('',#355,#354);
#357=CURVE_STYLE('',#134,POSITIVE_LENGTH_MEASURE(2.E-2),#52);
#358=PRESENTATION_STYLE_ASSIGNMENT((#357));
#359=STYLED_ITEM('',(#358),#356);
#360=DIRECTION('',(0.E0,-1.E0,0.E0));
#361=VECTOR('',#360,2.300004301705E-1);
#362=CARTESIAN_POINT('',(1.600000109516E0,6.300002150857E-1,5.5E-1));
#363=LINE('',#362,#361);
#364=CURVE_STYLE('',#134,POSITIVE_LENGTH_MEASURE(2.E-2),#52);
#365=PRESENTATION_STYLE_ASSIGNMENT((#364));
#366=STYLED_ITEM('',(#365),#363);
#367=DIRECTION('',(0.E0,0.E0,-1.E0));
#368=VECTOR('',#367,5.5E-1);
#369=CARTESIAN_POINT('',(1.529999890483E0,3.300000716952E-1,5.5E-1));
#370=LINE('',#369,#368);
#371=CURVE_STYLE('',#134,POSITIVE_LENGTH_MEASURE(2.E-2),#52);
#372=PRESENTATION_STYLE_ASSIGNMENT((#371));
#373=STYLED_ITEM('',(#372),#370);
#374=DIRECTION('',(0.E0,0.E0,1.E0));
#375=VECTOR('',#374,5.5E-1);
#376=CARTESIAN_POINT('',(1.600000109516E0,3.999997849153E-1,0.E0));
#377=LINE('',#376,#375);
#378=CURVE_STYLE('',#134,POSITIVE_LENGTH_MEASURE(2.E-2),#52);
#379=PRESENTATION_STYLE_ASSIGNMENT((#378));
#380=STYLED_ITEM('',(#379),#377);
#381=DIRECTION('',(2.756131128651E-12,-1.E0,0.E0));
#382=VECTOR('',#381,1.599998566095E-1);
#383=CARTESIAN_POINT('',(1.529999890483E0,3.300000716952E-1,5.5E-1));
#384=LINE('',#383,#382);
#385=CURVE_STYLE('',#134,POSITIVE_LENGTH_MEASURE(2.E-2),#52);
#386=PRESENTATION_STYLE_ASSIGNMENT((#385));
#387=STYLED_ITEM('',(#386),#384);
#388=DIRECTION('',(0.E0,0.E0,-1.E0));
#389=VECTOR('',#388,5.5E-1);
#390=CARTESIAN_POINT('',(1.600000109516E0,1.000002150861E-1,5.5E-1));
#391=LINE('',#390,#389);
#392=CURVE_STYLE('',#134,POSITIVE_LENGTH_MEASURE(2.E-2),#52);
#393=PRESENTATION_STYLE_ASSIGNMENT((#392));
#394=STYLED_ITEM('',(#393),#391);
#395=DIRECTION('',(0.E0,0.E0,1.E0));
#396=VECTOR('',#395,5.5E-1);
#397=CARTESIAN_POINT('',(1.529999890484E0,1.700002150857E-1,0.E0));
#398=LINE('',#397,#396);
#399=CURVE_STYLE('',#134,POSITIVE_LENGTH_MEASURE(2.E-2),#52);
#400=PRESENTATION_STYLE_ASSIGNMENT((#399));
#401=STYLED_ITEM('',(#400),#398);
#402=DIRECTION('',(0.E0,-1.E0,0.E0));
#403=VECTOR('',#402,2.000000000007E-1);
#404=CARTESIAN_POINT('',(1.600000109516E0,1.000002150861E-1,5.5E-1));
#405=LINE('',#404,#403);
#406=CURVE_STYLE('',#134,POSITIVE_LENGTH_MEASURE(2.E-2),#52);
#407=PRESENTATION_STYLE_ASSIGNMENT((#406));
#408=STYLED_ITEM('',(#407),#405);
#409=DIRECTION('',(0.E0,0.E0,-1.E0));
#410=VECTOR('',#409,5.5E-1);
#411=CARTESIAN_POINT('',(1.529999890484E0,-1.699997849143E-1,5.5E-1));
#412=LINE('',#411,#410);
#413=CURVE_STYLE('',#134,POSITIVE_LENGTH_MEASURE(2.E-2),#52);
#414=PRESENTATION_STYLE_ASSIGNMENT((#413));
#415=STYLED_ITEM('',(#414),#412);
#416=DIRECTION('',(0.E0,0.E0,1.E0));
#417=VECTOR('',#416,5.5E-1);
#418=CARTESIAN_POINT('',(1.600000109516E0,-9.999978491463E-2,0.E0));
#419=LINE('',#418,#417);
#420=CURVE_STYLE('',#134,POSITIVE_LENGTH_MEASURE(2.E-2),#52);
#421=PRESENTATION_STYLE_ASSIGNMENT((#420));
#422=STYLED_ITEM('',(#421),#419);
#423=DIRECTION('',(0.E0,-1.E0,0.E0));
#424=VECTOR('',#423,1.6E-1);
#425=CARTESIAN_POINT('',(1.529999890484E0,-1.699997849143E-1,5.5E-1));
#426=LINE('',#425,#424);
#427=CURVE_STYLE('',#134,POSITIVE_LENGTH_MEASURE(2.E-2),#52);
#428=PRESENTATION_STYLE_ASSIGNMENT((#427));
#429=STYLED_ITEM('',(#428),#426);
#430=DIRECTION('',(0.E0,0.E0,-1.E0));
#431=VECTOR('',#430,5.5E-1);
#432=CARTESIAN_POINT('',(1.600000109516E0,-3.999997849139E-1,5.5E-1));
#433=LINE('',#432,#431);
#434=CURVE_STYLE('',#134,POSITIVE_LENGTH_MEASURE(2.E-2),#52);
#435=PRESENTATION_STYLE_ASSIGNMENT((#434));
#436=STYLED_ITEM('',(#435),#433);
#437=DIRECTION('',(0.E0,0.E0,1.E0));
#438=VECTOR('',#437,5.5E-1);
#439=CARTESIAN_POINT('',(1.529999890484E0,-3.299997849143E-1,0.E0));
#440=LINE('',#439,#438);
#441=CURVE_STYLE('',#134,POSITIVE_LENGTH_MEASURE(2.E-2),#52);
#442=PRESENTATION_STYLE_ASSIGNMENT((#441));
#443=STYLED_ITEM('',(#442),#440);
#444=DIRECTION('',(0.E0,-1.E0,0.E0));
#445=VECTOR('',#444,2.300000000003E-1);
#446=CARTESIAN_POINT('',(1.600000109516E0,-3.999997849139E-1,5.5E-1));
#447=LINE('',#446,#445);
#448=CURVE_STYLE('',#134,POSITIVE_LENGTH_MEASURE(2.E-2),#52);
#449=PRESENTATION_STYLE_ASSIGNMENT((#448));
#450=STYLED_ITEM('',(#449),#447);
#451=DIRECTION('',(0.E0,0.E0,-1.E0));
#452=VECTOR('',#451,5.5E-1);
#453=CARTESIAN_POINT('',(1.480000110641E0,-7.499997948484E-1,5.5E-1));
#454=LINE('',#453,#452);
#455=CURVE_STYLE('',#134,POSITIVE_LENGTH_MEASURE(2.E-2),#52);
#456=PRESENTATION_STYLE_ASSIGNMENT((#455));
#457=STYLED_ITEM('',(#456),#454);
#458=DIRECTION('',(0.E0,0.E0,1.E0));
#459=VECTOR('',#458,5.5E-1);
#460=CARTESIAN_POINT('',(1.600000109516E0,-6.299997849143E-1,0.E0));
#461=LINE('',#460,#459);
#462=CURVE_STYLE('',#134,POSITIVE_LENGTH_MEASURE(2.E-2),#52);
#463=PRESENTATION_STYLE_ASSIGNMENT((#462));
#464=STYLED_ITEM('',(#463),#461);
#465=DIRECTION('',(-1.E0,3.356128997009E-9,0.E0));
#466=VECTOR('',#465,2.960000003375E0);
#467=CARTESIAN_POINT('',(1.480000110641E0,-7.499997948484E-1,5.5E-1));
#468=LINE('',#467,#466);
#469=CURVE_STYLE('',#134,POSITIVE_LENGTH_MEASURE(2.E-2),#52);
#470=PRESENTATION_STYLE_ASSIGNMENT((#469));
#471=STYLED_ITEM('',(#470),#468);
#472=DIRECTION('',(0.E0,0.E0,-1.E0));
#473=VECTOR('',#472,5.5E-1);
#474=CARTESIAN_POINT('',(-1.599999890484E0,-6.299997849143E-1,5.5E-1));
#475=LINE('',#474,#473);
#476=CURVE_STYLE('',#134,POSITIVE_LENGTH_MEASURE(2.E-2),#52);
#477=PRESENTATION_STYLE_ASSIGNMENT((#476));
#478=STYLED_ITEM('',(#477),#475);
#479=DIRECTION('',(0.E0,0.E0,1.E0));
#480=VECTOR('',#479,5.5E-1);
#481=CARTESIAN_POINT('',(-1.479999892734E0,-7.499997849143E-1,0.E0));
#482=LINE('',#481,#480);
#483=CURVE_STYLE('',#134,POSITIVE_LENGTH_MEASURE(2.E-2),#52);
#484=PRESENTATION_STYLE_ASSIGNMENT((#483));
#485=STYLED_ITEM('',(#484),#482);
#486=DIRECTION('',(0.E0,1.E0,0.E0));
#487=VECTOR('',#486,2.3E-1);
#488=CARTESIAN_POINT('',(-1.599999890484E0,-6.299997849143E-1,5.5E-1));
#489=LINE('',#488,#487);
#490=CURVE_STYLE('',#134,POSITIVE_LENGTH_MEASURE(2.E-2),#52);
#491=PRESENTATION_STYLE_ASSIGNMENT((#490));
#492=STYLED_ITEM('',(#491),#489);
#493=DIRECTION('',(0.E0,0.E0,-1.E0));
#494=VECTOR('',#493,5.5E-1);
#495=CARTESIAN_POINT('',(-1.529999890484E0,-3.299997849143E-1,5.5E-1));
#496=LINE('',#495,#494);
#497=CURVE_STYLE('',#134,POSITIVE_LENGTH_MEASURE(2.E-2),#52);
#498=PRESENTATION_STYLE_ASSIGNMENT((#497));
#499=STYLED_ITEM('',(#498),#496);
#500=DIRECTION('',(0.E0,0.E0,1.E0));
#501=VECTOR('',#500,5.5E-1);
#502=CARTESIAN_POINT('',(-1.599999890484E0,-3.999997849143E-1,0.E0));
#503=LINE('',#502,#501);
#504=CURVE_STYLE('',#134,POSITIVE_LENGTH_MEASURE(2.E-2),#52);
#505=PRESENTATION_STYLE_ASSIGNMENT((#504));
#506=STYLED_ITEM('',(#505),#503);
#507=DIRECTION('',(0.E0,1.E0,0.E0));
#508=VECTOR('',#507,1.6E-1);
#509=CARTESIAN_POINT('',(-1.529999890484E0,-3.299997849143E-1,5.5E-1));
#510=LINE('',#509,#508);
#511=CURVE_STYLE('',#134,POSITIVE_LENGTH_MEASURE(2.E-2),#52);
#512=PRESENTATION_STYLE_ASSIGNMENT((#511));
#513=STYLED_ITEM('',(#512),#510);
#514=DIRECTION('',(0.E0,0.E0,-1.E0));
#515=VECTOR('',#514,5.5E-1);
#516=CARTESIAN_POINT('',(-1.599999890484E0,-9.999978491428E-2,5.5E-1));
#517=LINE('',#516,#515);
#518=CURVE_STYLE('',#134,POSITIVE_LENGTH_MEASURE(2.E-2),#52);
#519=PRESENTATION_STYLE_ASSIGNMENT((#518));
#520=STYLED_ITEM('',(#519),#517);
#521=DIRECTION('',(0.E0,0.E0,1.E0));
#522=VECTOR('',#521,5.5E-1);
#523=CARTESIAN_POINT('',(-1.529999890484E0,-1.699997849143E-1,0.E0));
#524=LINE('',#523,#522);
#525=CURVE_STYLE('',#134,POSITIVE_LENGTH_MEASURE(2.E-2),#52);
#526=PRESENTATION_STYLE_ASSIGNMENT((#525));
#527=STYLED_ITEM('',(#526),#524);
#528=DIRECTION('',(0.E0,1.E0,0.E0));
#529=VECTOR('',#528,2.E-1);
#530=CARTESIAN_POINT('',(-1.599999890484E0,-9.999978491428E-2,5.5E-1));
#531=LINE('',#530,#529);
#532=CURVE_STYLE('',#134,POSITIVE_LENGTH_MEASURE(2.E-2),#52);
#533=PRESENTATION_STYLE_ASSIGNMENT((#532));
#534=STYLED_ITEM('',(#533),#531);
#535=DIRECTION('',(0.E0,0.E0,-1.E0));
#536=VECTOR('',#535,5.5E-1);
#537=CARTESIAN_POINT('',(-1.529999890484E0,1.700002150857E-1,5.5E-1));
#538=LINE('',#537,#536);
#539=CURVE_STYLE('',#134,POSITIVE_LENGTH_MEASURE(2.E-2),#52);
#540=PRESENTATION_STYLE_ASSIGNMENT((#539));
#541=STYLED_ITEM('',(#540),#538);
#542=DIRECTION('',(0.E0,0.E0,1.E0));
#543=VECTOR('',#542,5.5E-1);
#544=CARTESIAN_POINT('',(-1.599999890484E0,1.000002150857E-1,0.E0));
#545=LINE('',#544,#543);
#546=CURVE_STYLE('',#134,POSITIVE_LENGTH_MEASURE(2.E-2),#52);
#547=PRESENTATION_STYLE_ASSIGNMENT((#546));
#548=STYLED_ITEM('',(#547),#545);
#549=DIRECTION('',(0.E0,1.E0,0.E0));
#550=VECTOR('',#549,1.599998566128E-1);
#551=CARTESIAN_POINT('',(-1.529999890484E0,1.700002150857E-1,5.5E-1));
#552=LINE('',#551,#550);
#553=CURVE_STYLE('',#134,POSITIVE_LENGTH_MEASURE(2.E-2),#52);
#554=PRESENTATION_STYLE_ASSIGNMENT((#553));
#555=STYLED_ITEM('',(#554),#552);
#556=CARTESIAN_POINT('',(-1.599999920286E0,7.500002448881E-1,5.5E-1));
#557=DIRECTION('',(0.E0,0.E0,-1.E0));
#558=DIRECTION('',(1.E0,-2.483534917838E-7,0.E0));
#559=AXIS2_PLACEMENT_3D('',#556,#557,#558);
#561=CURVE_STYLE('',#134,POSITIVE_LENGTH_MEASURE(2.E-2),#52);
#562=PRESENTATION_STYLE_ASSIGNMENT((#561));
#563=STYLED_ITEM('',(#562),#560);
#564=CARTESIAN_POINT('',(1.600000169121E0,7.500002746904E-1,5.5E-1));
#565=DIRECTION('',(0.E0,0.E0,-1.E0));
#566=DIRECTION('',(-4.967051245617E-7,-9.999999999999E-1,0.E0));
#567=AXIS2_PLACEMENT_3D('',#564,#565,#566);
#569=CURVE_STYLE('',#134,POSITIVE_LENGTH_MEASURE(2.E-2),#52);
#570=PRESENTATION_STYLE_ASSIGNMENT((#569));
#571=STYLED_ITEM('',(#570),#568);
#572=CARTESIAN_POINT('',(1.599999890484E0,3.299997849143E-1,5.5E-1));
#573=DIRECTION('',(0.E0,0.E0,-1.E0));
#574=DIRECTION('',(-9.999999999811E-1,6.145306335115E-6,0.E0));
#575=AXIS2_PLACEMENT_3D('',#572,#573,#574);
#577=CURVE_STYLE('',#134,POSITIVE_LENGTH_MEASURE(2.E-2),#52);
#578=PRESENTATION_STYLE_ASSIGNMENT((#577));
#579=STYLED_ITEM('',(#578),#576);
#580=CARTESIAN_POINT('',(1.599999890484E0,1.700002150857E-1,5.5E-1));
#581=DIRECTION('',(0.E0,0.E0,-1.E0));
#582=DIRECTION('',(3.129035402211E-6,-9.999999999951E-1,0.E0));
#583=AXIS2_PLACEMENT_3D('',#580,#581,#582);
#585=CURVE_STYLE('',#134,POSITIVE_LENGTH_MEASURE(2.E-2),#52);
#586=PRESENTATION_STYLE_ASSIGNMENT((#585));
#587=STYLED_ITEM('',(#586),#584);
#588=CARTESIAN_POINT('',(1.599999890484E0,-1.699997849143E-1,5.5E-1));
#589=DIRECTION('',(0.E0,0.E0,-1.E0));
#590=DIRECTION('',(-1.E0,1.609823385706E-13,0.E0));
#591=AXIS2_PLACEMENT_3D('',#588,#589,#590);
#593=CURVE_STYLE('',#134,POSITIVE_LENGTH_MEASURE(2.E-2),#52);
#594=PRESENTATION_STYLE_ASSIGNMENT((#593));
#595=STYLED_ITEM('',(#594),#592);
#596=CARTESIAN_POINT('',(1.599999890484E0,-3.299997849143E-1,5.5E-1));
#597=DIRECTION('',(0.E0,0.E0,-1.E0));
#598=DIRECTION('',(3.129035402211E-6,-9.999999999951E-1,0.E0));
#599=AXIS2_PLACEMENT_3D('',#596,#597,#598);
#601=CURVE_STYLE('',#134,POSITIVE_LENGTH_MEASURE(2.E-2),#52);
#602=PRESENTATION_STYLE_ASSIGNMENT((#601));
#603=STYLED_ITEM('',(#602),#600);
#604=CARTESIAN_POINT('',(1.600000139319E0,-7.499998147167E-1,5.5E-1));
#605=DIRECTION('',(0.E0,0.E0,-1.E0));
#606=DIRECTION('',(-1.E0,2.483534899334E-7,0.E0));
#607=AXIS2_PLACEMENT_3D('',#604,#605,#606);
#609=CURVE_STYLE('',#134,POSITIVE_LENGTH_MEASURE(2.E-2),#52);
#610=PRESENTATION_STYLE_ASSIGNMENT((#609));
#611=STYLED_ITEM('',(#610),#608);
#612=CARTESIAN_POINT('',(-1.599999950088E0,-7.499998445189E-1,5.5E-1));
#613=DIRECTION('',(0.E0,0.E0,-1.E0));
#614=DIRECTION('',(4.967051245617E-7,9.999999999999E-1,0.E0));
#615=AXIS2_PLACEMENT_3D('',#612,#613,#614);
#617=CURVE_STYLE('',#134,POSITIVE_LENGTH_MEASURE(2.E-2),#52);
#618=PRESENTATION_STYLE_ASSIGNMENT((#617));
#619=STYLED_ITEM('',(#618),#616);
#620=CARTESIAN_POINT('',(-1.599999890484E0,-3.299997849143E-1,5.5E-1));
#621=DIRECTION('',(0.E0,0.E0,-1.E0));
#622=DIRECTION('',(1.E0,0.E0,0.E0));
#623=AXIS2_PLACEMENT_3D('',#620,#621,#622);
#625=CURVE_STYLE('',#134,POSITIVE_LENGTH_MEASURE(2.E-2),#52);
#626=PRESENTATION_STYLE_ASSIGNMENT((#625));
#627=STYLED_ITEM('',(#626),#624);
#628=CARTESIAN_POINT('',(-1.599999890484E0,-1.699997849143E-1,5.5E-1));
#629=DIRECTION('',(0.E0,0.E0,-1.E0));
#630=DIRECTION('',(1.586032892321E-13,1.E0,0.E0));
#631=AXIS2_PLACEMENT_3D('',#628,#629,#630);
#633=CURVE_STYLE('',#134,POSITIVE_LENGTH_MEASURE(2.E-2),#52);
#634=PRESENTATION_STYLE_ASSIGNMENT((#633));
#635=STYLED_ITEM('',(#634),#632);
#636=CARTESIAN_POINT('',(-1.599999890484E0,1.700002150857E-1,5.5E-1));
#637=DIRECTION('',(0.E0,0.E0,-1.E0));
#638=DIRECTION('',(1.E0,0.E0,0.E0));
#639=AXIS2_PLACEMENT_3D('',#636,#637,#638);
#641=CURVE_STYLE('',#134,POSITIVE_LENGTH_MEASURE(2.E-2),#52);
#642=PRESENTATION_STYLE_ASSIGNMENT((#641));
#643=STYLED_ITEM('',(#642),#640);
#644=CARTESIAN_POINT('',(-1.599999890484E0,3.299997849143E-1,5.5E-1));
#645=DIRECTION('',(0.E0,0.E0,-1.E0));
#646=DIRECTION('',(1.554312234446E-13,1.E0,0.E0));
#647=AXIS2_PLACEMENT_3D('',#644,#645,#646);
#649=CURVE_STYLE('',#134,POSITIVE_LENGTH_MEASURE(2.E-2),#52);
#650=PRESENTATION_STYLE_ASSIGNMENT((#649));
#651=STYLED_ITEM('',(#650),#648);
#652=DIRECTION('',(0.E0,1.E0,0.E0));
#653=VECTOR('',#652,2.300004301701E-1);
#654=CARTESIAN_POINT('',(-1.599999890484E0,3.999997849156E-1,5.5E-1));
#655=LINE('',#654,#653);
#656=CURVE_STYLE('',#134,POSITIVE_LENGTH_MEASURE(2.E-2),#52);
#657=PRESENTATION_STYLE_ASSIGNMENT((#656));
#658=STYLED_ITEM('',(#657),#655);
#659=CARTESIAN_POINT('',(1.480000111766E0,7.500002349539E-1,0.E0));
#660=CARTESIAN_POINT('',(1.480000111766E0,7.500002349539E-1,5.5E-1));
#661=VERTEX_POINT('',#659);
#662=VERTEX_POINT('',#660);
#663=CARTESIAN_POINT('',(-1.479999891609E0,7.500002150857E-1,5.5E-1));
#664=VERTEX_POINT('',#663);
#665=CARTESIAN_POINT('',(1.600000109516E0,1.000002150861E-1,5.5E-1));
#666=CARTESIAN_POINT('',(1.600000109516E0,-9.999978491463E-2,5.5E-1));
#667=VERTEX_POINT('',#665);
#668=VERTEX_POINT('',#666);
#669=CARTESIAN_POINT('',(-1.599999890484E0,6.300002150857E-1,0.E0));
#670=CARTESIAN_POINT('',(-1.599999890484E0,6.300002150857E-1,5.5E-1));
#671=VERTEX_POINT('',#669);
#672=VERTEX_POINT('',#670);
#673=CARTESIAN_POINT('',(1.600000109516E0,6.300002150857E-1,5.5E-1));
#674=CARTESIAN_POINT('',(1.600000109516E0,3.999997849153E-1,5.5E-1));
#675=VERTEX_POINT('',#673);
#676=VERTEX_POINT('',#674);
#677=CARTESIAN_POINT('',(-1.599999890484E0,-9.999978491428E-2,5.5E-1));
#678=CARTESIAN_POINT('',(-1.599999890484E0,1.000002150857E-1,5.5E-1));
#679=VERTEX_POINT('',#677);
#680=VERTEX_POINT('',#678);
#681=CARTESIAN_POINT('',(1.600000109516E0,-9.999978491463E-2,0.E0));
#682=CARTESIAN_POINT('',(1.529999890484E0,-1.699997849143E-1,0.E0));
#683=VERTEX_POINT('',#681);
#684=VERTEX_POINT('',#682);
#685=CARTESIAN_POINT('',(1.600000109516E0,1.000002150861E-1,0.E0));
#686=VERTEX_POINT('',#685);
#687=CARTESIAN_POINT('',(1.600000109516E0,6.300002150857E-1,0.E0));
#688=VERTEX_POINT('',#687);
#689=CARTESIAN_POINT('',(-1.599999890484E0,1.000002150857E-1,0.E0));
#690=CARTESIAN_POINT('',(-1.529999890484E0,1.700002150857E-1,0.E0));
#691=VERTEX_POINT('',#689);
#692=VERTEX_POINT('',#690);
#693=CARTESIAN_POINT('',(-1.599999890484E0,-9.999978491428E-2,0.E0));
#694=VERTEX_POINT('',#693);
#695=CARTESIAN_POINT('',(-1.529999890484E0,-1.699997849143E-1,5.5E-1));
#696=VERTEX_POINT('',#695);
#697=CARTESIAN_POINT('',(-1.529999890482E0,3.299997849243E-1,0.E0));
#698=CARTESIAN_POINT('',(-1.599999890484E0,3.999997849156E-1,0.E0));
#699=VERTEX_POINT('',#697);
#700=VERTEX_POINT('',#698);
#701=CARTESIAN_POINT('',(-1.479999892734E0,-7.499997849143E-1,0.E0));
#702=CARTESIAN_POINT('',(-1.479999892734E0,-7.499997849143E-1,5.5E-1));
#703=VERTEX_POINT('',#701);
#704=VERTEX_POINT('',#702);
#705=CARTESIAN_POINT('',(-1.599999890484E0,-6.299997849143E-1,5.5E-1));
#706=CARTESIAN_POINT('',(-1.599999890484E0,-3.999997849143E-1,5.5E-1));
#707=VERTEX_POINT('',#705);
#708=VERTEX_POINT('',#706);
#709=CARTESIAN_POINT('',(1.529999890484E0,1.700002150857E-1,5.5E-1));
#710=VERTEX_POINT('',#709);
#711=CARTESIAN_POINT('',(1.529999890484E0,-3.299997849143E-1,0.E0));
#712=CARTESIAN_POINT('',(1.529999890484E0,-3.299997849143E-1,5.5E-1));
#713=VERTEX_POINT('',#711);
#714=VERTEX_POINT('',#712);
#715=CARTESIAN_POINT('',(-1.479999891609E0,7.500002150857E-1,0.E0));
#716=VERTEX_POINT('',#715);
#717=CARTESIAN_POINT('',(1.600000109516E0,3.999997849153E-1,0.E0));
#718=CARTESIAN_POINT('',(1.529999890484E0,3.300002150857E-1,0.E0));
#719=VERTEX_POINT('',#717);
#720=VERTEX_POINT('',#718);
#721=CARTESIAN_POINT('',(-1.529999890484E0,-3.299997849143E-1,5.5E-1));
#722=VERTEX_POINT('',#721);
#723=CARTESIAN_POINT('',(-1.599999890484E0,3.999997849156E-1,5.5E-1));
#724=VERTEX_POINT('',#723);
#725=CARTESIAN_POINT('',(1.529999890484E0,-1.699997849143E-1,5.5E-1));
#726=VERTEX_POINT('',#725);
#727=CARTESIAN_POINT('',(1.600000109516E0,-3.999997849139E-1,0.E0));
#728=VERTEX_POINT('',#727);
#729=CARTESIAN_POINT('',(1.600000109516E0,-3.999997849139E-1,5.5E-1));
#730=CARTESIAN_POINT('',(1.600000109516E0,-6.299997849143E-1,5.5E-1));
#731=VERTEX_POINT('',#729);
#732=VERTEX_POINT('',#730);
#733=CARTESIAN_POINT('',(1.480000110641E0,-7.499997948484E-1,5.5E-1));
#734=CARTESIAN_POINT('',(1.480000110641E0,-7.499997948484E-1,0.E0));
#735=VERTEX_POINT('',#733);
#736=VERTEX_POINT('',#734);
#737=CARTESIAN_POINT('',(-1.529999890484E0,-1.699997849143E-1,0.E0));
#738=VERTEX_POINT('',#737);
#739=CARTESIAN_POINT('',(1.529999890483E0,3.300000716952E-1,5.5E-1));
#740=VERTEX_POINT('',#739);
#741=CARTESIAN_POINT('',(-1.599999890484E0,-3.999997849143E-1,0.E0));
#742=VERTEX_POINT('',#741);
#743=CARTESIAN_POINT('',(1.529999890484E0,1.700002150857E-1,0.E0));
#744=VERTEX_POINT('',#743);
#745=CARTESIAN_POINT('',(-1.529999890484E0,1.700002150857E-1,5.5E-1));
#746=VERTEX_POINT('',#745);
#747=CARTESIAN_POINT('',(1.600000109516E0,-6.299997849143E-1,0.E0));
#748=VERTEX_POINT('',#747);
#749=CARTESIAN_POINT('',(-1.599999890484E0,-6.299997849143E-1,0.E0));
#750=VERTEX_POINT('',#749);
#751=CARTESIAN_POINT('',(-1.529999890484E0,3.300000716986E-1,5.5E-1));
#752=VERTEX_POINT('',#751);
#753=CARTESIAN_POINT('',(-1.529999890484E0,-3.299997849143E-1,0.E0));
#754=VERTEX_POINT('',#753);
#755=CARTESIAN_POINT('',(-1.599999890484E0,3.299997849143E-1,5.5E-1));
#756=DIRECTION('',(0.E0,0.E0,-1.E0));
#757=DIRECTION('',(-1.E0,0.E0,0.E0));
#758=AXIS2_PLACEMENT_3D('',#755,#756,#757);
#759=CYLINDRICAL_SURFACE('',#758,7.000000000133E-2);
#761=ORIENTED_EDGE('',*,*,#760,.T.);
#763=ORIENTED_EDGE('',*,*,#762,.F.);
#765=ORIENTED_EDGE('',*,*,#764,.T.);
#767=ORIENTED_EDGE('',*,*,#766,.F.);
#768=EDGE_LOOP('',(#761,#763,#765,#767));
#769=FACE_OUTER_BOUND('',#768,.F.);
#771=CARTESIAN_POINT('',(-1.599999920286E0,7.500002448881E-1,0.E0));
#772=DIRECTION('',(0.E0,0.E0,1.E0));
#773=DIRECTION('',(1.E0,0.E0,0.E0));
#774=AXIS2_PLACEMENT_3D('',#771,#772,#773);
#775=PLANE('',#774);
#777=ORIENTED_EDGE('',*,*,#776,.F.);
#779=ORIENTED_EDGE('',*,*,#778,.F.);
#780=ORIENTED_EDGE('',*,*,#760,.F.);
#782=ORIENTED_EDGE('',*,*,#781,.F.);
#784=ORIENTED_EDGE('',*,*,#783,.F.);
#786=ORIENTED_EDGE('',*,*,#785,.F.);
#788=ORIENTED_EDGE('',*,*,#787,.F.);
#790=ORIENTED_EDGE('',*,*,#789,.F.);
#792=ORIENTED_EDGE('',*,*,#791,.F.);
#794=ORIENTED_EDGE('',*,*,#793,.F.);
#796=ORIENTED_EDGE('',*,*,#795,.F.);
#798=ORIENTED_EDGE('',*,*,#797,.F.);
#800=ORIENTED_EDGE('',*,*,#799,.F.);
#802=ORIENTED_EDGE('',*,*,#801,.F.);
#804=ORIENTED_EDGE('',*,*,#803,.F.);
#806=ORIENTED_EDGE('',*,*,#805,.F.);
#808=ORIENTED_EDGE('',*,*,#807,.F.);
#810=ORIENTED_EDGE('',*,*,#809,.F.);
#812=ORIENTED_EDGE('',*,*,#811,.F.);
#814=ORIENTED_EDGE('',*,*,#813,.F.);
#816=ORIENTED_EDGE('',*,*,#815,.F.);
#818=ORIENTED_EDGE('',*,*,#817,.F.);
#820=ORIENTED_EDGE('',*,*,#819,.F.);
#822=ORIENTED_EDGE('',*,*,#821,.F.);
#823=EDGE_LOOP('',(#777,#779,#780,#782,#784,#786,#788,#790,#792,#794,#796,#798,
#800,#802,#804,#806,#808,#810,#812,#814,#816,#818,#820,#822));
#824=FACE_OUTER_BOUND('',#823,.F.);
#826=CARTESIAN_POINT('',(-1.599999920286E0,7.500002448881E-1,5.5E-1));
#827=DIRECTION('',(0.E0,0.E0,-1.E0));
#828=DIRECTION('',(-1.E0,0.E0,0.E0));
#829=AXIS2_PLACEMENT_3D('',#826,#827,#828);
#830=CYLINDRICAL_SURFACE('',#829,1.200000298024E-1);
#831=ORIENTED_EDGE('',*,*,#776,.T.);
#833=ORIENTED_EDGE('',*,*,#832,.F.);
#835=ORIENTED_EDGE('',*,*,#834,.T.);
#837=ORIENTED_EDGE('',*,*,#836,.F.);
#838=EDGE_LOOP('',(#831,#833,#835,#837));
#839=FACE_OUTER_BOUND('',#838,.F.);
#841=CARTESIAN_POINT('',(1.480000109516E0,7.500002150857E-1,5.5E-1));
#842=DIRECTION('',(0.E0,-1.E0,0.E0));
#843=DIRECTION('',(1.E0,0.E0,0.E0));
#844=AXIS2_PLACEMENT_3D('',#841,#842,#843);
#845=PLANE('',#844);
#846=ORIENTED_EDGE('',*,*,#821,.T.);
#848=ORIENTED_EDGE('',*,*,#847,.T.);
#850=ORIENTED_EDGE('',*,*,#849,.F.);
#851=ORIENTED_EDGE('',*,*,#832,.T.);
#852=EDGE_LOOP('',(#846,#848,#850,#851));
#853=FACE_OUTER_BOUND('',#852,.F.);
#855=CARTESIAN_POINT('',(1.600000169121E0,7.500002746904E-1,5.5E-1));
#856=DIRECTION('',(0.E0,0.E0,-1.E0));
#857=DIRECTION('',(-1.E0,0.E0,0.E0));
#858=AXIS2_PLACEMENT_3D('',#855,#856,#857);
#859=CYLINDRICAL_SURFACE('',#858,1.200000596047E-1);
#860=ORIENTED_EDGE('',*,*,#819,.T.);
#862=ORIENTED_EDGE('',*,*,#861,.F.);
#864=ORIENTED_EDGE('',*,*,#863,.T.);
#865=ORIENTED_EDGE('',*,*,#847,.F.);
#866=EDGE_LOOP('',(#860,#862,#864,#865));
#867=FACE_OUTER_BOUND('',#866,.F.);
#869=CARTESIAN_POINT('',(1.600000109516E0,3.999997849153E-1,5.5E-1));
#870=DIRECTION('',(-1.E0,0.E0,0.E0));
#871=DIRECTION('',(0.E0,-1.E0,0.E0));
#872=AXIS2_PLACEMENT_3D('',#869,#870,#871);
#873=PLANE('',#872);
#874=ORIENTED_EDGE('',*,*,#817,.T.);
#876=ORIENTED_EDGE('',*,*,#875,.T.);
#878=ORIENTED_EDGE('',*,*,#877,.F.);
#879=ORIENTED_EDGE('',*,*,#861,.T.);
#880=EDGE_LOOP('',(#874,#876,#878,#879));
#881=FACE_OUTER_BOUND('',#880,.F.);
#883=CARTESIAN_POINT('',(1.599999890484E0,3.299997849143E-1,5.5E-1));
#884=DIRECTION('',(0.E0,0.E0,-1.E0));
#885=DIRECTION('',(-1.E0,0.E0,0.E0));
#886=AXIS2_PLACEMENT_3D('',#883,#884,#885);
#887=CYLINDRICAL_SURFACE('',#886,7.000000000133E-2);
#888=ORIENTED_EDGE('',*,*,#815,.T.);
#890=ORIENTED_EDGE('',*,*,#889,.F.);
#892=ORIENTED_EDGE('',*,*,#891,.T.);
#893=ORIENTED_EDGE('',*,*,#875,.F.);
#894=EDGE_LOOP('',(#888,#890,#892,#893));
#895=FACE_OUTER_BOUND('',#894,.F.);
#897=CARTESIAN_POINT('',(1.529999890484E0,1.700002150857E-1,5.5E-1));
#898=DIRECTION('',(-1.E0,0.E0,0.E0));
#899=DIRECTION('',(0.E0,0.E0,1.E0));
#900=AXIS2_PLACEMENT_3D('',#897,#898,#899);
#901=PLANE('',#900);
#902=ORIENTED_EDGE('',*,*,#813,.T.);
#904=ORIENTED_EDGE('',*,*,#903,.T.);
#906=ORIENTED_EDGE('',*,*,#905,.F.);
#907=ORIENTED_EDGE('',*,*,#889,.T.);
#908=EDGE_LOOP('',(#902,#904,#906,#907));
#909=FACE_OUTER_BOUND('',#908,.F.);
#911=CARTESIAN_POINT('',(1.599999890484E0,1.700002150857E-1,5.5E-1));
#912=DIRECTION('',(0.E0,0.E0,-1.E0));
#913=DIRECTION('',(-1.E0,0.E0,0.E0));
#914=AXIS2_PLACEMENT_3D('',#911,#912,#913);
#915=CYLINDRICAL_SURFACE('',#914,7.000000000001E-2);
#916=ORIENTED_EDGE('',*,*,#811,.T.);
#918=ORIENTED_EDGE('',*,*,#917,.F.);
#920=ORIENTED_EDGE('',*,*,#919,.T.);
#921=ORIENTED_EDGE('',*,*,#903,.F.);
#922=EDGE_LOOP('',(#916,#918,#920,#921));
#923=FACE_OUTER_BOUND('',#922,.F.);
#925=CARTESIAN_POINT('',(1.600000109516E0,-9.999978491463E-2,5.5E-1));
#926=DIRECTION('',(-1.E0,0.E0,0.E0));
#927=DIRECTION('',(0.E0,0.E0,1.E0));
#928=AXIS2_PLACEMENT_3D('',#925,#926,#927);
#929=PLANE('',#928);
#930=ORIENTED_EDGE('',*,*,#809,.T.);
#932=ORIENTED_EDGE('',*,*,#931,.T.);
#934=ORIENTED_EDGE('',*,*,#933,.F.);
#935=ORIENTED_EDGE('',*,*,#917,.T.);
#936=EDGE_LOOP('',(#930,#932,#934,#935));
#937=FACE_OUTER_BOUND('',#936,.F.);
#939=CARTESIAN_POINT('',(1.599999890484E0,-1.699997849143E-1,5.5E-1));
#940=DIRECTION('',(0.E0,0.E0,-1.E0));
#941=DIRECTION('',(-1.E0,0.E0,0.E0));
#942=AXIS2_PLACEMENT_3D('',#939,#940,#941);
#943=CYLINDRICAL_SURFACE('',#942,7.000000000001E-2);
#944=ORIENTED_EDGE('',*,*,#807,.T.);
#946=ORIENTED_EDGE('',*,*,#945,.F.);
#948=ORIENTED_EDGE('',*,*,#947,.T.);
#949=ORIENTED_EDGE('',*,*,#931,.F.);
#950=EDGE_LOOP('',(#944,#946,#948,#949));
#951=FACE_OUTER_BOUND('',#950,.F.);
#953=CARTESIAN_POINT('',(1.529999890484E0,-3.299997849143E-1,5.5E-1));
#954=DIRECTION('',(-1.E0,0.E0,0.E0));
#955=DIRECTION('',(0.E0,0.E0,1.E0));
#956=AXIS2_PLACEMENT_3D('',#953,#954,#955);
#957=PLANE('',#956);
#958=ORIENTED_EDGE('',*,*,#805,.T.);
#960=ORIENTED_EDGE('',*,*,#959,.T.);
#962=ORIENTED_EDGE('',*,*,#961,.F.);
#963=ORIENTED_EDGE('',*,*,#945,.T.);
#964=EDGE_LOOP('',(#958,#960,#962,#963));
#965=FACE_OUTER_BOUND('',#964,.F.);
#967=CARTESIAN_POINT('',(1.599999890484E0,-3.299997849143E-1,5.5E-1));
#968=DIRECTION('',(0.E0,0.E0,-1.E0));
#969=DIRECTION('',(-1.E0,0.E0,0.E0));
#970=AXIS2_PLACEMENT_3D('',#967,#968,#969);
#971=CYLINDRICAL_SURFACE('',#970,7.000000000001E-2);
#972=ORIENTED_EDGE('',*,*,#803,.T.);
#974=ORIENTED_EDGE('',*,*,#973,.F.);
#976=ORIENTED_EDGE('',*,*,#975,.T.);
#977=ORIENTED_EDGE('',*,*,#959,.F.);
#978=EDGE_LOOP('',(#972,#974,#976,#977));
#979=FACE_OUTER_BOUND('',#978,.F.);
#981=CARTESIAN_POINT('',(1.600000109516E0,-6.299997849143E-1,5.5E-1));
#982=DIRECTION('',(-1.E0,0.E0,0.E0));
#983=DIRECTION('',(0.E0,-1.E0,0.E0));
#984=AXIS2_PLACEMENT_3D('',#981,#982,#983);
#985=PLANE('',#984);
#986=ORIENTED_EDGE('',*,*,#801,.T.);
#988=ORIENTED_EDGE('',*,*,#987,.T.);
#990=ORIENTED_EDGE('',*,*,#989,.F.);
#991=ORIENTED_EDGE('',*,*,#973,.T.);
#992=EDGE_LOOP('',(#986,#988,#990,#991));
#993=FACE_OUTER_BOUND('',#992,.F.);
#995=CARTESIAN_POINT('',(1.600000139319E0,-7.499998147167E-1,5.5E-1));
#996=DIRECTION('',(0.E0,0.E0,-1.E0));
#997=DIRECTION('',(-1.E0,0.E0,0.E0));
#998=AXIS2_PLACEMENT_3D('',#995,#996,#997);
#999=CYLINDRICAL_SURFACE('',#998,1.200000298024E-1);
#1000=ORIENTED_EDGE('',*,*,#799,.T.);
#1002=ORIENTED_EDGE('',*,*,#1001,.F.);
#1004=ORIENTED_EDGE('',*,*,#1003,.T.);
#1005=ORIENTED_EDGE('',*,*,#987,.F.);
#1006=EDGE_LOOP('',(#1000,#1002,#1004,#1005));
#1007=FACE_OUTER_BOUND('',#1006,.F.);
#1009=CARTESIAN_POINT('',(-1.479999890484E0,-7.499997849143E-1,5.5E-1));
#1010=DIRECTION('',(0.E0,1.E0,0.E0));
#1011=DIRECTION('',(-1.E0,0.E0,0.E0));
#1012=AXIS2_PLACEMENT_3D('',#1009,#1010,#1011);
#1013=PLANE('',#1012);
#1014=ORIENTED_EDGE('',*,*,#797,.T.);
#1016=ORIENTED_EDGE('',*,*,#1015,.T.);
#1018=ORIENTED_EDGE('',*,*,#1017,.F.);
#1019=ORIENTED_EDGE('',*,*,#1001,.T.);
#1020=EDGE_LOOP('',(#1014,#1016,#1018,#1019));
#1021=FACE_OUTER_BOUND('',#1020,.F.);
#1023=CARTESIAN_POINT('',(-1.599999950088E0,-7.499998445189E-1,5.5E-1));
#1024=DIRECTION('',(0.E0,0.E0,-1.E0));
#1025=DIRECTION('',(-1.E0,0.E0,0.E0));
#1026=AXIS2_PLACEMENT_3D('',#1023,#1024,#1025);
#1027=CYLINDRICAL_SURFACE('',#1026,1.200000596047E-1);
#1028=ORIENTED_EDGE('',*,*,#795,.T.);
#1030=ORIENTED_EDGE('',*,*,#1029,.F.);
#1032=ORIENTED_EDGE('',*,*,#1031,.T.);
#1033=ORIENTED_EDGE('',*,*,#1015,.F.);
#1034=EDGE_LOOP('',(#1028,#1030,#1032,#1033));
#1035=FACE_OUTER_BOUND('',#1034,.F.);
#1037=CARTESIAN_POINT('',(-1.599999890484E0,-3.999997849143E-1,5.5E-1));
#1038=DIRECTION('',(1.E0,0.E0,0.E0));
#1039=DIRECTION('',(0.E0,0.E0,-1.E0));
#1040=AXIS2_PLACEMENT_3D('',#1037,#1038,#1039);
#1041=PLANE('',#1040);
#1042=ORIENTED_EDGE('',*,*,#793,.T.);
#1044=ORIENTED_EDGE('',*,*,#1043,.T.);
#1046=ORIENTED_EDGE('',*,*,#1045,.F.);
#1047=ORIENTED_EDGE('',*,*,#1029,.T.);
#1048=EDGE_LOOP('',(#1042,#1044,#1046,#1047));
#1049=FACE_OUTER_BOUND('',#1048,.F.);
#1051=CARTESIAN_POINT('',(-1.599999890484E0,-3.299997849143E-1,5.5E-1));
#1052=DIRECTION('',(0.E0,0.E0,-1.E0));
#1053=DIRECTION('',(-1.E0,0.E0,0.E0));
#1054=AXIS2_PLACEMENT_3D('',#1051,#1052,#1053);
#1055=CYLINDRICAL_SURFACE('',#1054,7.000000000001E-2);
#1056=ORIENTED_EDGE('',*,*,#791,.T.);
#1058=ORIENTED_EDGE('',*,*,#1057,.F.);
#1060=ORIENTED_EDGE('',*,*,#1059,.T.);
#1061=ORIENTED_EDGE('',*,*,#1043,.F.);
#1062=EDGE_LOOP('',(#1056,#1058,#1060,#1061));
#1063=FACE_OUTER_BOUND('',#1062,.F.);
#1065=CARTESIAN_POINT('',(-1.529999890484E0,-1.699997849143E-1,5.5E-1));
#1066=DIRECTION('',(1.E0,0.E0,0.E0));
#1067=DIRECTION('',(0.E0,0.E0,-1.E0));
#1068=AXIS2_PLACEMENT_3D('',#1065,#1066,#1067);
#1069=PLANE('',#1068);
#1070=ORIENTED_EDGE('',*,*,#789,.T.);
#1072=ORIENTED_EDGE('',*,*,#1071,.T.);
#1074=ORIENTED_EDGE('',*,*,#1073,.F.);
#1075=ORIENTED_EDGE('',*,*,#1057,.T.);
#1076=EDGE_LOOP('',(#1070,#1072,#1074,#1075));
#1077=FACE_OUTER_BOUND('',#1076,.F.);
#1079=CARTESIAN_POINT('',(-1.599999890484E0,-1.699997849143E-1,5.5E-1));
#1080=DIRECTION('',(0.E0,0.E0,-1.E0));
#1081=DIRECTION('',(-1.E0,0.E0,0.E0));
#1082=AXIS2_PLACEMENT_3D('',#1079,#1080,#1081);
#1083=CYLINDRICAL_SURFACE('',#1082,7.000000000001E-2);
#1084=ORIENTED_EDGE('',*,*,#787,.T.);
#1086=ORIENTED_EDGE('',*,*,#1085,.F.);
#1088=ORIENTED_EDGE('',*,*,#1087,.T.);
#1089=ORIENTED_EDGE('',*,*,#1071,.F.);
#1090=EDGE_LOOP('',(#1084,#1086,#1088,#1089));
#1091=FACE_OUTER_BOUND('',#1090,.F.);
#1093=CARTESIAN_POINT('',(-1.599999890484E0,1.000002150857E-1,5.5E-1));
#1094=DIRECTION('',(1.E0,0.E0,0.E0));
#1095=DIRECTION('',(0.E0,0.E0,-1.E0));
#1096=AXIS2_PLACEMENT_3D('',#1093,#1094,#1095);
#1097=PLANE('',#1096);
#1098=ORIENTED_EDGE('',*,*,#785,.T.);
#1100=ORIENTED_EDGE('',*,*,#1099,.T.);
#1102=ORIENTED_EDGE('',*,*,#1101,.F.);
#1103=ORIENTED_EDGE('',*,*,#1085,.T.);
#1104=EDGE_LOOP('',(#1098,#1100,#1102,#1103));
#1105=FACE_OUTER_BOUND('',#1104,.F.);
#1107=CARTESIAN_POINT('',(-1.599999890484E0,1.700002150857E-1,5.5E-1));
#1108=DIRECTION('',(0.E0,0.E0,-1.E0));
#1109=DIRECTION('',(-1.E0,0.E0,0.E0));
#1110=AXIS2_PLACEMENT_3D('',#1107,#1108,#1109);
#1111=CYLINDRICAL_SURFACE('',#1110,7.000000000001E-2);
#1112=ORIENTED_EDGE('',*,*,#783,.T.);
#1114=ORIENTED_EDGE('',*,*,#1113,.F.);
#1116=ORIENTED_EDGE('',*,*,#1115,.T.);
#1117=ORIENTED_EDGE('',*,*,#1099,.F.);
#1118=EDGE_LOOP('',(#1112,#1114,#1116,#1117));
#1119=FACE_OUTER_BOUND('',#1118,.F.);
#1121=CARTESIAN_POINT('',(-1.529999890484E0,3.300002150857E-1,5.5E-1));
#1122=DIRECTION('',(1.E0,0.E0,0.E0));
#1123=DIRECTION('',(0.E0,0.E0,-1.E0));
#1124=AXIS2_PLACEMENT_3D('',#1121,#1122,#1123);
#1125=PLANE('',#1124);
#1126=ORIENTED_EDGE('',*,*,#781,.T.);
#1127=ORIENTED_EDGE('',*,*,#766,.T.);
#1129=ORIENTED_EDGE('',*,*,#1128,.F.);
#1130=ORIENTED_EDGE('',*,*,#1113,.T.);
#1131=EDGE_LOOP('',(#1126,#1127,#1129,#1130));
#1132=FACE_OUTER_BOUND('',#1131,.F.);
#1134=CARTESIAN_POINT('',(-1.599999920286E0,7.500002448881E-1,5.5E-1));
#1135=DIRECTION('',(0.E0,0.E0,1.E0));
#1136=DIRECTION('',(1.E0,0.E0,0.E0));
#1137=AXIS2_PLACEMENT_3D('',#1134,#1135,#1136);
#1138=PLANE('',#1137);
#1139=ORIENTED_EDGE('',*,*,#834,.F.);
#1140=ORIENTED_EDGE('',*,*,#849,.T.);
#1141=ORIENTED_EDGE('',*,*,#863,.F.);
#1142=ORIENTED_EDGE('',*,*,#877,.T.);
#1143=ORIENTED_EDGE('',*,*,#891,.F.);
#1144=ORIENTED_EDGE('',*,*,#905,.T.);
#1145=ORIENTED_EDGE('',*,*,#919,.F.);
#1146=ORIENTED_EDGE('',*,*,#933,.T.);
#1147=ORIENTED_EDGE('',*,*,#947,.F.);
#1148=ORIENTED_EDGE('',*,*,#961,.T.);
#1149=ORIENTED_EDGE('',*,*,#975,.F.);
#1150=ORIENTED_EDGE('',*,*,#989,.T.);
#1151=ORIENTED_EDGE('',*,*,#1003,.F.);
#1152=ORIENTED_EDGE('',*,*,#1017,.T.);
#1153=ORIENTED_EDGE('',*,*,#1031,.F.);
#1154=ORIENTED_EDGE('',*,*,#1045,.T.);
#1155=ORIENTED_EDGE('',*,*,#1059,.F.);
#1156=ORIENTED_EDGE('',*,*,#1073,.T.);
#1157=ORIENTED_EDGE('',*,*,#1087,.F.);
#1158=ORIENTED_EDGE('',*,*,#1101,.T.);
#1159=ORIENTED_EDGE('',*,*,#1115,.F.);
#1160=ORIENTED_EDGE('',*,*,#1128,.T.);
#1161=ORIENTED_EDGE('',*,*,#764,.F.);
#1163=ORIENTED_EDGE('',*,*,#1162,.T.);
#1164=EDGE_LOOP('',(#1139,#1140,#1141,#1142,#1143,#1144,#1145,#1146,#1147,#1148,
#1149,#1150,#1151,#1152,#1153,#1154,#1155,#1156,#1157,#1158,#1159,#1160,#1161,
#1163));
#1165=FACE_OUTER_BOUND('',#1164,.F.);
#1167=CARTESIAN_POINT('',(-1.599999890484E0,6.300002150857E-1,5.5E-1));
#1168=DIRECTION('',(1.E0,0.E0,0.E0));
#1169=DIRECTION('',(0.E0,1.E0,0.E0));
#1170=AXIS2_PLACEMENT_3D('',#1167,#1168,#1169);
#1171=PLANE('',#1170);
#1172=ORIENTED_EDGE('',*,*,#778,.T.);
#1173=ORIENTED_EDGE('',*,*,#836,.T.);
#1174=ORIENTED_EDGE('',*,*,#1162,.F.);
#1175=ORIENTED_EDGE('',*,*,#762,.T.);
#1176=EDGE_LOOP('',(#1172,#1173,#1174,#1175));
#1177=FACE_OUTER_BOUND('',#1176,.F.);
#1179=CLOSED_SHELL('',(#770,#825,#840,#854,#868,#882,#896,#910,#924,#938,#952,
#966,#980,#994,#1008,#1022,#1036,#1050,#1064,#1078,#1092,#1106,#1120,#1133,
#1166,#1178));
#1180=MANIFOLD_SOLID_BREP('',#1179);
#1181=FILL_AREA_STYLE_COLOUR('',#52);
#1182=FILL_AREA_STYLE('',(#1181));
#1183=SURFACE_STYLE_FILL_AREA(#1182);
#1184=SURFACE_SIDE_STYLE('',(#1183));
#1185=SURFACE_STYLE_USAGE(.BOTH.,#1184);
#1186=PRESENTATION_STYLE_ASSIGNMENT((#1185));
#129=STYLED_ITEM('',(#1186),#1180);
#1187=PRESENTATION_LAYER_ASSIGNMENT('9_ALL_SOLID_GEOM_2','',(#129,#770,#825,
#840,#854,#868,#882,#896,#910,#924,#938,#952,#966,#980,#994,#1008,#1022,#1036,
#1050,#1064,#1078,#1092,#1106,#1120,#1133,#1166,#1178));
#1188=PRESENTATION_LAYER_ASSIGNMENT('INTFCLR_1494','',(#129,#770,#825,#840,#854,
#868,#882,#896,#910,#924,#938,#952,#966,#980,#994,#1008,#1022,#1036,#1050,#1064,
#1078,#1092,#1106,#1120,#1133,#1166,#1178));
#1189=PRESENTATION_LAYER_ASSIGNMENT('NONE_4','',(#129,#770,#825,#840,#854,#868,
#882,#896,#910,#924,#938,#952,#966,#980,#994,#1008,#1022,#1036,#1050,#1064,
#1078,#1092,#1106,#1120,#1133,#1166,#1178));
#1190=PRESENTATION_LAYER_ASSIGNMENT('_2198_1','',(#129,#770,#825,#840,#854,#868,
#882,#896,#910,#924,#938,#952,#966,#980,#994,#1008,#1022,#1036,#1050,#1064,
#1078,#1092,#1106,#1120,#1133,#1166,#1178));
#1193=PLANE_ANGLE_MEASURE_WITH_UNIT(PLANE_ANGLE_MEASURE(1.745329251994E-2),
#1192);
#1194=(CONVERSION_BASED_UNIT('DEGREE',#1193)NAMED_UNIT(*)PLANE_ANGLE_UNIT());
#1196=UNCERTAINTY_MEASURE_WITH_UNIT(LENGTH_MEASURE(3.576517437126E-4),#1191,
'distance_accuracy_value',
'Maximum model space distance between geometric entities at asserted connectivities');
#1198=CARTESIAN_POINT('',(0.E0,0.E0,0.E0));
#1199=DIRECTION('',(0.E0,0.E0,1.E0));
#1200=DIRECTION('',(1.E0,0.E0,0.E0));
#1203=APPLICATION_CONTEXT('automotive_design');
#1204=APPLICATION_PROTOCOL_DEFINITION('international standard',
'automotive_design',2001,#1203);
#1205=PRODUCT_DEFINITION_CONTEXT('part definition',#1203,'design');
#1206=PRODUCT_CONTEXT('',#1203,'mechanical');
#1207=PRODUCT('CERAMIC_1_2_3_4','CERAMIC_1_2_3_4','NOT SPECIFIED',(#1206));
#1208=PRODUCT_DEFINITION_FORMATION('1','LAST_VERSION',#1207);
#1216=DERIVED_UNIT_ELEMENT(#1215,2.E0);
#1217=DERIVED_UNIT((#1216));
#1218=MEASURE_REPRESENTATION_ITEM('surface area measure',AREA_MEASURE(
1.459084267306E1),#1217);
#1223=DERIVED_UNIT_ELEMENT(#1222,3.E0);
#1224=DERIVED_UNIT((#1223));
#1225=MEASURE_REPRESENTATION_ITEM('volume measure',VOLUME_MEASURE(
2.573545426175E0),#1224);
#1229=CARTESIAN_POINT('centre point',(1.870470885629E-7,2.299437274126E-7,
2.75E-1));
#1234=DERIVED_UNIT_ELEMENT(#1233,2.E0);
#1235=DERIVED_UNIT((#1234));
#1236=MEASURE_REPRESENTATION_ITEM('surface area measure',AREA_MEASURE(
1.459084267306E1),#1235);
#1241=DERIVED_UNIT_ELEMENT(#1240,3.E0);
#1242=DERIVED_UNIT((#1241));
#1243=MEASURE_REPRESENTATION_ITEM('volume measure',VOLUME_MEASURE(
2.573545426175E0),#1242);
#1247=CARTESIAN_POINT('centre point',(1.870470885629E-7,2.299437274126E-7,
2.75E-1));
#1257=CARTESIAN_POINT('centre point',(1.870470885629E-7,2.75E-1,
-2.299437245321E-7));
#1261=CARTESIAN_POINT('',(0.E0,0.E0,0.E0));
#1262=DIRECTION('',(0.E0,1.E0,1.047444401653E-14));
#1263=DIRECTION('',(1.E0,0.E0,0.E0));
#1264=AXIS2_PLACEMENT_3D('',#1261,#1262,#1263);
#1265=ITEM_DEFINED_TRANSFORMATION('','',#1201,#1264);
#1266=CARTESIAN_POINT('',(0.E0,0.E0,0.E0));
#1267=DIRECTION('',(0.E0,0.E0,1.E0));
#1268=DIRECTION('',(1.E0,0.E0,0.E0));
#1270=(REPRESENTATION_RELATIONSHIP('','',#1202,#1254)REPRESENTATION_RELATIONSHIP_WITH_TRANSFORMATION(#1265)SHAPE_REPRESENTATION_RELATIONSHIP());
#1271=CONTEXT_DEPENDENT_SHAPE_REPRESENTATION(#1270,#1256);
#1273=DIRECTION('',(-1.E0,0.E0,0.E0));
#1274=VECTOR('',#1273,6.393401073690E-2);
#1275=CARTESIAN_POINT('',(1.599999946315E0,5.800000885646E-1,1.E-2));
#1276=LINE('',#1275,#1274);
#1277=CURVE_STYLE('',#134,POSITIVE_LENGTH_MEASURE(2.E-2),#124);
#1278=PRESENTATION_STYLE_ASSIGNMENT((#1277));
#1279=STYLED_ITEM('',(#1278),#1276);
#1280=DIRECTION('',(0.E0,0.E0,1.E0));
#1281=VECTOR('',#1280,1.E-2);
#1282=CARTESIAN_POINT('',(1.599999946315E0,5.800000885646E-1,0.E0));
#1283=LINE('',#1282,#1281);
#1284=CURVE_STYLE('',#134,POSITIVE_LENGTH_MEASURE(2.E-2),#124);
#1285=PRESENTATION_STYLE_ASSIGNMENT((#1284));
#1286=STYLED_ITEM('',(#1285),#1283);
#1287=CARTESIAN_POINT('',(1.600000059605E0,7.500000596046E-1,0.E0));
#1288=DIRECTION('',(0.E0,0.E0,1.E0));
#1289=DIRECTION('',(-9.999999999999E-1,-4.967051458410E-7,0.E0));
#1290=AXIS2_PLACEMENT_3D('',#1287,#1288,#1289);
#1292=CURVE_STYLE('',#134,POSITIVE_LENGTH_MEASURE(2.E-2),#124);
#1293=PRESENTATION_STYLE_ASSIGNMENT((#1292));
#1294=STYLED_ITEM('',(#1293),#1291);
#1295=DIRECTION('',(9.999999999999E-1,3.973651535442E-7,0.E0));
#1296=VECTOR('',#1295,4.999989222483E-2);
#1297=CARTESIAN_POINT('',(1.430000109516E0,7.5E-1,0.E0));
#1298=LINE('',#1297,#1296);
#1299=CURVE_STYLE('',#134,POSITIVE_LENGTH_MEASURE(2.E-2),#124);
#1300=PRESENTATION_STYLE_ASSIGNMENT((#1299));
#1301=STYLED_ITEM('',(#1300),#1298);
#1302=DIRECTION('',(0.E0,1.E0,0.E0));
#1303=VECTOR('',#1302,6.3934E-2);
#1304=CARTESIAN_POINT('',(1.430000109516E0,6.86066E-1,0.E0));
#1305=LINE('',#1304,#1303);
#1306=CURVE_STYLE('',#134,POSITIVE_LENGTH_MEASURE(2.E-2),#124);
#1307=PRESENTATION_STYLE_ASSIGNMENT((#1306));
#1308=STYLED_ITEM('',(#1307),#1305);
#1309=DIRECTION('',(7.071067811865E-1,7.071067811865E-1,0.E0));
#1310=VECTOR('',#1309,5.100502634055E-2);
#1311=CARTESIAN_POINT('',(1.393934109516E0,6.5E-1,0.E0));
#1312=LINE('',#1311,#1310);
#1313=CURVE_STYLE('',#134,POSITIVE_LENGTH_MEASURE(2.E-2),#124);
#1314=PRESENTATION_STYLE_ASSIGNMENT((#1313));
#1315=STYLED_ITEM('',(#1314),#1312);
#1316=DIRECTION('',(1.E0,0.E0,0.E0));
#1317=VECTOR('',#1316,5.43934E-1);
#1318=CARTESIAN_POINT('',(8.500001095162E-1,6.5E-1,0.E0));
#1319=LINE('',#1318,#1317);
#1320=CURVE_STYLE('',#134,POSITIVE_LENGTH_MEASURE(2.E-2),#124);
#1321=PRESENTATION_STYLE_ASSIGNMENT((#1320));
#1322=STYLED_ITEM('',(#1321),#1319);
#1323=DIRECTION('',(0.E0,1.E0,0.E0));
#1324=VECTOR('',#1323,4.E-1);
#1325=CARTESIAN_POINT('',(8.500001095162E-1,2.5E-1,0.E0));
#1326=LINE('',#1325,#1324);
#1327=CURVE_STYLE('',#134,POSITIVE_LENGTH_MEASURE(2.E-2),#124);
#1328=PRESENTATION_STYLE_ASSIGNMENT((#1327));
#1329=STYLED_ITEM('',(#1328),#1326);
#1330=DIRECTION('',(-1.E0,0.E0,0.E0));
#1331=VECTOR('',#1330,5.8E-1);
#1332=CARTESIAN_POINT('',(1.430000109516E0,2.5E-1,0.E0));
#1333=LINE('',#1332,#1331);
#1334=CURVE_STYLE('',#134,POSITIVE_LENGTH_MEASURE(2.E-2),#124);
#1335=PRESENTATION_STYLE_ASSIGNMENT((#1334));
#1336=STYLED_ITEM('',(#1335),#1333);
#1337=DIRECTION('',(0.E0,-1.E0,0.E0));
#1338=VECTOR('',#1337,8.E-2);
#1339=CARTESIAN_POINT('',(1.430000109516E0,3.3E-1,0.E0));
#1340=LINE('',#1339,#1338);
#1341=CURVE_STYLE('',#134,POSITIVE_LENGTH_MEASURE(2.E-2),#124);
#1342=PRESENTATION_STYLE_ASSIGNMENT((#1341));
#1343=STYLED_ITEM('',(#1342),#1340);
#1344=CARTESIAN_POINT('',(1.6E0,3.3E-1,0.E0));
#1345=DIRECTION('',(0.E0,0.E0,1.E0));
#1346=DIRECTION('',(-5.882360520165E-1,8.086892772308E-1,0.E0));
#1347=AXIS2_PLACEMENT_3D('',#1344,#1345,#1346);
#1349=CURVE_STYLE('',#134,POSITIVE_LENGTH_MEASURE(2.E-2),#124);
#1350=PRESENTATION_STYLE_ASSIGNMENT((#1349));
#1351=STYLED_ITEM('',(#1350),#1348);
#1352=DIRECTION('',(0.E0,-1.E0,0.E0));
#1353=VECTOR('',#1352,7.6457E-2);
#1354=CARTESIAN_POINT('',(1.499999935579E0,5.439340885646E-1,0.E0));
#1355=LINE('',#1354,#1353);
#1356=CURVE_STYLE('',#134,POSITIVE_LENGTH_MEASURE(2.E-2),#124);
#1357=PRESENTATION_STYLE_ASSIGNMENT((#1356));
#1358=STYLED_ITEM('',(#1357),#1355);
#1359=DIRECTION('',(-7.071067811865E-1,-7.071067811865E-1,0.E0));
#1360=VECTOR('',#1359,5.100502634055E-2);
#1361=CARTESIAN_POINT('',(1.536065935579E0,5.800000885646E-1,0.E0));
#1362=LINE('',#1361,#1360);
#1363=CURVE_STYLE('',#134,POSITIVE_LENGTH_MEASURE(2.E-2),#124);
#1364=PRESENTATION_STYLE_ASSIGNMENT((#1363));
#1365=STYLED_ITEM('',(#1364),#1362);
#1366=DIRECTION('',(-1.E0,0.E0,0.E0));
#1367=VECTOR('',#1366,6.393401073690E-2);
#1368=CARTESIAN_POINT('',(1.599999946315E0,5.800000885646E-1,0.E0));
#1369=LINE('',#1368,#1367);
#1370=CURVE_STYLE('',#134,POSITIVE_LENGTH_MEASURE(2.E-2),#124);
#1371=PRESENTATION_STYLE_ASSIGNMENT((#1370));
#1372=STYLED_ITEM('',(#1371),#1369);
#1373=DIRECTION('',(-8.589535226493E-7,-9.999999999996E-1,0.E0));
#1374=VECTOR('',#1373,4.999991411745E-2);
#1375=CARTESIAN_POINT('',(1.599999989263E0,6.300000026820E-1,0.E0));
#1376=LINE('',#1375,#1374);
#1377=CURVE_STYLE('',#134,POSITIVE_LENGTH_MEASURE(2.E-2),#124);
#1378=PRESENTATION_STYLE_ASSIGNMENT((#1377));
#1379=STYLED_ITEM('',(#1378),#1376);
#1380=DIRECTION('',(0.E0,6.938893903907E-12,-1.E0));
#1381=VECTOR('',#1380,1.E-2);
#1382=CARTESIAN_POINT('',(1.599999989263E0,6.300000026820E-1,1.E-2));
#1383=LINE('',#1382,#1381);
#1384=CURVE_STYLE('',#134,POSITIVE_LENGTH_MEASURE(2.E-2),#124);
#1385=PRESENTATION_STYLE_ASSIGNMENT((#1384));
#1386=STYLED_ITEM('',(#1385),#1383);
#1387=DIRECTION('',(4.507505479978E-12,0.E0,1.E0));
#1388=VECTOR('',#1387,1.E-2);
#1389=CARTESIAN_POINT('',(1.480000001741E0,7.500000198682E-1,0.E0));
#1390=LINE('',#1389,#1388);
#1391=CURVE_STYLE('',#134,POSITIVE_LENGTH_MEASURE(2.E-2),#124);
#1392=PRESENTATION_STYLE_ASSIGNMENT((#1391));
#1393=STYLED_ITEM('',(#1392),#1390);
#1394=DIRECTION('',(-8.589535226505E-7,-9.999999999996E-1,0.E0));
#1395=VECTOR('',#1394,4.999991411738E-2);
#1396=CARTESIAN_POINT('',(1.599999989263E0,6.300000026820E-1,1.E-2));
#1397=LINE('',#1396,#1395);
#1398=CURVE_STYLE('',#134,POSITIVE_LENGTH_MEASURE(2.E-2),#124);
#1399=PRESENTATION_STYLE_ASSIGNMENT((#1398));
#1400=STYLED_ITEM('',(#1399),#1397);
#1401=CARTESIAN_POINT('',(1.600000059605E0,7.500000596046E-1,1.E-2));
#1402=DIRECTION('',(0.E0,0.E0,-1.E0));
#1403=DIRECTION('',(-7.651275568909E-7,-9.999999999997E-1,0.E0));
#1404=AXIS2_PLACEMENT_3D('',#1401,#1402,#1403);
#1406=CURVE_STYLE('',#134,POSITIVE_LENGTH_MEASURE(2.E-2),#124);
#1407=PRESENTATION_STYLE_ASSIGNMENT((#1406));
#1408=STYLED_ITEM('',(#1407),#1405);
#1409=DIRECTION('',(7.071067811865E-1,7.071067811865E-1,0.E0));
#1410=VECTOR('',#1409,5.100502634055E-2);
#1411=CARTESIAN_POINT('',(1.499999935579E0,5.439340885646E-1,1.E-2));
#1412=LINE('',#1411,#1410);
#1413=CURVE_STYLE('',#134,POSITIVE_LENGTH_MEASURE(2.E-2),#124);
#1414=PRESENTATION_STYLE_ASSIGNMENT((#1413));
#1415=STYLED_ITEM('',(#1414),#1412);
#1416=CARTESIAN_POINT('',(1.6E0,3.3E-1,1.E-2));
#1417=DIRECTION('',(0.E0,0.E0,-1.E0));
#1418=DIRECTION('',(-1.E0,6.693996078482E-14,0.E0));
#1419=AXIS2_PLACEMENT_3D('',#1416,#1417,#1418);
#1421=CURVE_STYLE('',#134,POSITIVE_LENGTH_MEASURE(2.E-2),#124);
#1422=PRESENTATION_STYLE_ASSIGNMENT((#1421));
#1423=STYLED_ITEM('',(#1422),#1420);
#1424=DIRECTION('',(-7.071067811865E-1,-7.071067811865E-1,0.E0));
#1425=VECTOR('',#1424,5.100502634055E-2);
#1426=CARTESIAN_POINT('',(1.430000109516E0,6.86066E-1,1.E-2));
#1427=LINE('',#1426,#1425);
#1428=CURVE_STYLE('',#134,POSITIVE_LENGTH_MEASURE(2.E-2),#124);
#1429=PRESENTATION_STYLE_ASSIGNMENT((#1428));
#1430=STYLED_ITEM('',(#1429),#1427);
#1431=DIRECTION('',(0.E0,0.E0,1.E0));
#1432=VECTOR('',#1431,1.E-2);
#1433=CARTESIAN_POINT('',(1.536065935579E0,5.800000885646E-1,0.E0));
#1434=LINE('',#1433,#1432);
#1435=CURVE_STYLE('',#134,POSITIVE_LENGTH_MEASURE(2.E-2),#124);
#1436=PRESENTATION_STYLE_ASSIGNMENT((#1435));
#1437=STYLED_ITEM('',(#1436),#1434);
#1438=DIRECTION('',(0.E0,-1.E0,0.E0));
#1439=VECTOR('',#1438,7.6457E-2);
#1440=CARTESIAN_POINT('',(1.499999935579E0,5.439340885646E-1,1.E-2));
#1441=LINE('',#1440,#1439);
#1442=CURVE_STYLE('',#134,POSITIVE_LENGTH_MEASURE(2.E-2),#124);
#1443=PRESENTATION_STYLE_ASSIGNMENT((#1442));
#1444=STYLED_ITEM('',(#1443),#1441);
#1445=DIRECTION('',(0.E0,0.E0,1.E0));
#1446=VECTOR('',#1445,1.E-2);
#1447=CARTESIAN_POINT('',(1.499999935579E0,5.439340885646E-1,0.E0));
#1448=LINE('',#1447,#1446);
#1449=CURVE_STYLE('',#134,POSITIVE_LENGTH_MEASURE(2.E-2),#124);
#1450=PRESENTATION_STYLE_ASSIGNMENT((#1449));
#1451=STYLED_ITEM('',(#1450),#1448);
#1452=DIRECTION('',(0.E0,0.E0,-1.E0));
#1453=VECTOR('',#1452,1.E-2);
#1454=CARTESIAN_POINT('',(1.430000109516E0,3.3E-1,1.E-2));
#1455=LINE('',#1454,#1453);
#1456=CURVE_STYLE('',#134,POSITIVE_LENGTH_MEASURE(2.E-2),#124);
#1457=PRESENTATION_STYLE_ASSIGNMENT((#1456));
#1458=STYLED_ITEM('',(#1457),#1455);
#1459=DIRECTION('',(0.E0,0.E0,1.E0));
#1460=VECTOR('',#1459,1.E-2);
#1461=CARTESIAN_POINT('',(1.499999935579E0,4.674770885646E-1,0.E0));
#1462=LINE('',#1461,#1460);
#1463=CURVE_STYLE('',#134,POSITIVE_LENGTH_MEASURE(2.E-2),#124);
#1464=PRESENTATION_STYLE_ASSIGNMENT((#1463));
#1465=STYLED_ITEM('',(#1464),#1462);
#1466=DIRECTION('',(0.E0,-1.E0,0.E0));
#1467=VECTOR('',#1466,8.E-2);
#1468=CARTESIAN_POINT('',(1.430000109516E0,3.3E-1,1.E-2));
#1469=LINE('',#1468,#1467);
#1470=CURVE_STYLE('',#134,POSITIVE_LENGTH_MEASURE(2.E-2),#124);
#1471=PRESENTATION_STYLE_ASSIGNMENT((#1470));
#1472=STYLED_ITEM('',(#1471),#1469);
#1473=DIRECTION('',(-1.E0,0.E0,0.E0));
#1474=VECTOR('',#1473,5.8E-1);
#1475=CARTESIAN_POINT('',(1.430000109516E0,2.5E-1,1.E-2));
#1476=LINE('',#1475,#1474);
#1477=CURVE_STYLE('',#134,POSITIVE_LENGTH_MEASURE(2.E-2),#124);
#1478=PRESENTATION_STYLE_ASSIGNMENT((#1477));
#1479=STYLED_ITEM('',(#1478),#1476);
#1480=DIRECTION('',(0.E0,0.E0,1.E0));
#1481=VECTOR('',#1480,1.E-2);
#1482=CARTESIAN_POINT('',(1.430000109516E0,2.5E-1,0.E0));
#1483=LINE('',#1482,#1481);
#1484=CURVE_STYLE('',#134,POSITIVE_LENGTH_MEASURE(2.E-2),#124);
#1485=PRESENTATION_STYLE_ASSIGNMENT((#1484));
#1486=STYLED_ITEM('',(#1485),#1483);
#1487=DIRECTION('',(0.E0,1.E0,0.E0));
#1488=VECTOR('',#1487,4.E-1);
#1489=CARTESIAN_POINT('',(8.500001095162E-1,2.5E-1,1.E-2));
#1490=LINE('',#1489,#1488);
#1491=CURVE_STYLE('',#134,POSITIVE_LENGTH_MEASURE(2.E-2),#124);
#1492=PRESENTATION_STYLE_ASSIGNMENT((#1491));
#1493=STYLED_ITEM('',(#1492),#1490);
#1494=DIRECTION('',(0.E0,0.E0,1.E0));
#1495=VECTOR('',#1494,1.E-2);
#1496=CARTESIAN_POINT('',(8.500001095162E-1,2.5E-1,0.E0));
#1497=LINE('',#1496,#1495);
#1498=CURVE_STYLE('',#134,POSITIVE_LENGTH_MEASURE(2.E-2),#124);
#1499=PRESENTATION_STYLE_ASSIGNMENT((#1498));
#1500=STYLED_ITEM('',(#1499),#1497);
#1501=DIRECTION('',(1.E0,0.E0,0.E0));
#1502=VECTOR('',#1501,5.43934E-1);
#1503=CARTESIAN_POINT('',(8.500001095162E-1,6.5E-1,1.E-2));
#1504=LINE('',#1503,#1502);
#1505=CURVE_STYLE('',#134,POSITIVE_LENGTH_MEASURE(2.E-2),#124);
#1506=PRESENTATION_STYLE_ASSIGNMENT((#1505));
#1507=STYLED_ITEM('',(#1506),#1504);
#1508=DIRECTION('',(0.E0,0.E0,1.E0));
#1509=VECTOR('',#1508,1.E-2);
#1510=CARTESIAN_POINT('',(8.500001095162E-1,6.5E-1,0.E0));
#1511=LINE('',#1510,#1509);
#1512=CURVE_STYLE('',#134,POSITIVE_LENGTH_MEASURE(2.E-2),#124);
#1513=PRESENTATION_STYLE_ASSIGNMENT((#1512));
#1514=STYLED_ITEM('',(#1513),#1511);
#1515=DIRECTION('',(0.E0,0.E0,1.E0));
#1516=VECTOR('',#1515,1.E-2);
#1517=CARTESIAN_POINT('',(1.393934109516E0,6.5E-1,0.E0));
#1518=LINE('',#1517,#1516);
#1519=CURVE_STYLE('',#134,POSITIVE_LENGTH_MEASURE(2.E-2),#124);
#1520=PRESENTATION_STYLE_ASSIGNMENT((#1519));
#1521=STYLED_ITEM('',(#1520),#1518);
#1522=DIRECTION('',(0.E0,1.E0,0.E0));
#1523=VECTOR('',#1522,6.3934E-2);
#1524=CARTESIAN_POINT('',(1.430000109516E0,6.86066E-1,1.E-2));
#1525=LINE('',#1524,#1523);
#1526=CURVE_STYLE('',#134,POSITIVE_LENGTH_MEASURE(2.E-2),#124);
#1527=PRESENTATION_STYLE_ASSIGNMENT((#1526));
#1528=STYLED_ITEM('',(#1527),#1525);
#1529=DIRECTION('',(0.E0,0.E0,1.E0));
#1530=VECTOR('',#1529,1.E-2);
#1531=CARTESIAN_POINT('',(1.430000109516E0,6.86066E-1,0.E0));
#1532=LINE('',#1531,#1530);
#1533=CURVE_STYLE('',#134,POSITIVE_LENGTH_MEASURE(2.E-2),#124);
#1534=PRESENTATION_STYLE_ASSIGNMENT((#1533));
#1535=STYLED_ITEM('',(#1534),#1532);
#1536=DIRECTION('',(9.999999999999E-1,3.973651535439E-7,0.E0));
#1537=VECTOR('',#1536,4.999989222488E-2);
#1538=CARTESIAN_POINT('',(1.430000109516E0,7.5E-1,1.E-2));
#1539=LINE('',#1538,#1537);
#1540=CURVE_STYLE('',#134,POSITIVE_LENGTH_MEASURE(2.E-2),#124);
#1541=PRESENTATION_STYLE_ASSIGNMENT((#1540));
#1542=STYLED_ITEM('',(#1541),#1539);
#1543=DIRECTION('',(0.E0,0.E0,1.E0));
#1544=VECTOR('',#1543,1.E-2);
#1545=CARTESIAN_POINT('',(1.430000109516E0,7.5E-1,0.E0));
#1546=LINE('',#1545,#1544);
#1547=CURVE_STYLE('',#134,POSITIVE_LENGTH_MEASURE(2.E-2),#124);
#1548=PRESENTATION_STYLE_ASSIGNMENT((#1547));
#1549=STYLED_ITEM('',(#1548),#1546);
#1550=CARTESIAN_POINT('',(1.430000109516E0,6.86066E-1,1.E-2));
#1551=CARTESIAN_POINT('',(1.393934109516E0,6.5E-1,1.E-2));
#1552=VERTEX_POINT('',#1550);
#1553=VERTEX_POINT('',#1551);
#1554=CARTESIAN_POINT('',(1.599999946315E0,5.800000885646E-1,0.E0));
#1555=CARTESIAN_POINT('',(1.536065935579E0,5.800000885646E-1,0.E0));
#1556=VERTEX_POINT('',#1554);
#1557=VERTEX_POINT('',#1555);
#1558=CARTESIAN_POINT('',(1.599999946315E0,5.800000885646E-1,1.E-2));
#1559=VERTEX_POINT('',#1558);
#1560=CARTESIAN_POINT('',(1.430000109516E0,3.3E-1,1.E-2));
#1561=CARTESIAN_POINT('',(1.499999935579E0,4.674770885646E-1,1.E-2));
#1562=VERTEX_POINT('',#1560);
#1563=VERTEX_POINT('',#1561);
#1564=CARTESIAN_POINT('',(8.500001095162E-1,2.5E-1,0.E0));
#1565=CARTESIAN_POINT('',(8.500001095162E-1,2.5E-1,1.E-2));
#1566=VERTEX_POINT('',#1564);
#1567=VERTEX_POINT('',#1565);
#1568=CARTESIAN_POINT('',(8.500001095162E-1,6.5E-1,1.E-2));
#1569=VERTEX_POINT('',#1568);
#1570=CARTESIAN_POINT('',(8.500001095162E-1,6.5E-1,0.E0));
#1571=VERTEX_POINT('',#1570);
#1572=CARTESIAN_POINT('',(1.599999989263E0,6.300000026820E-1,1.E-2));
#1573=VERTEX_POINT('',#1572);
#1574=CARTESIAN_POINT('',(1.430000109516E0,3.3E-1,0.E0));
#1575=CARTESIAN_POINT('',(1.430000109516E0,2.5E-1,0.E0));
#1576=VERTEX_POINT('',#1574);
#1577=VERTEX_POINT('',#1575);
#1578=CARTESIAN_POINT('',(1.430000109516E0,7.5E-1,0.E0));
#1579=CARTESIAN_POINT('',(1.430000109516E0,7.5E-1,1.E-2));
#1580=VERTEX_POINT('',#1578);
#1581=VERTEX_POINT('',#1579);
#1582=CARTESIAN_POINT('',(1.430000109516E0,6.86066E-1,0.E0));
#1583=VERTEX_POINT('',#1582);
#1584=CARTESIAN_POINT('',(1.430000109516E0,2.5E-1,1.E-2));
#1585=VERTEX_POINT('',#1584);
#1586=CARTESIAN_POINT('',(1.499999935579E0,4.674770885646E-1,0.E0));
#1587=VERTEX_POINT('',#1586);
#1588=CARTESIAN_POINT('',(1.536065935579E0,5.800000885646E-1,1.E-2));
#1589=VERTEX_POINT('',#1588);
#1590=CARTESIAN_POINT('',(1.393934109516E0,6.5E-1,0.E0));
#1591=VERTEX_POINT('',#1590);
#1592=CARTESIAN_POINT('',(1.599999989263E0,6.300000026820E-1,0.E0));
#1593=VERTEX_POINT('',#1592);
#1594=CARTESIAN_POINT('',(1.499999935579E0,5.439340885646E-1,1.E-2));
#1595=VERTEX_POINT('',#1594);
#1596=CARTESIAN_POINT('',(1.480000001741E0,7.500000198682E-1,0.E0));
#1597=CARTESIAN_POINT('',(1.480000001741E0,7.500000198682E-1,1.E-2));
#1598=VERTEX_POINT('',#1596);
#1599=VERTEX_POINT('',#1597);
#1600=CARTESIAN_POINT('',(1.499999935579E0,5.439340885646E-1,0.E0));
#1601=VERTEX_POINT('',#1600);
#1602=CARTESIAN_POINT('',(1.599999935579E0,5.800000885646E-1,1.E-2));
#1603=DIRECTION('',(0.E0,1.E0,0.E0));
#1604=DIRECTION('',(0.E0,0.E0,1.E0));
#1605=AXIS2_PLACEMENT_3D('',#1602,#1603,#1604);
#1606=PLANE('',#1605);
#1608=ORIENTED_EDGE('',*,*,#1607,.T.);
#1610=ORIENTED_EDGE('',*,*,#1609,.T.);
#1612=ORIENTED_EDGE('',*,*,#1611,.F.);
#1614=ORIENTED_EDGE('',*,*,#1613,.F.);
#1615=EDGE_LOOP('',(#1608,#1610,#1612,#1614));
#1616=FACE_OUTER_BOUND('',#1615,.F.);
#1618=CARTESIAN_POINT('',(1.600000059605E0,7.500000596046E-1,0.E0));
#1619=DIRECTION('',(0.E0,0.E0,1.E0));
#1620=DIRECTION('',(1.E0,0.E0,0.E0));
#1621=AXIS2_PLACEMENT_3D('',#1618,#1619,#1620);
#1622=PLANE('',#1621);
#1624=ORIENTED_EDGE('',*,*,#1623,.F.);
#1626=ORIENTED_EDGE('',*,*,#1625,.F.);
#1628=ORIENTED_EDGE('',*,*,#1627,.F.);
#1630=ORIENTED_EDGE('',*,*,#1629,.F.);
#1632=ORIENTED_EDGE('',*,*,#1631,.F.);
#1634=ORIENTED_EDGE('',*,*,#1633,.F.);
#1636=ORIENTED_EDGE('',*,*,#1635,.F.);
#1638=ORIENTED_EDGE('',*,*,#1637,.F.);
#1640=ORIENTED_EDGE('',*,*,#1639,.F.);
#1642=ORIENTED_EDGE('',*,*,#1641,.F.);
#1644=ORIENTED_EDGE('',*,*,#1643,.F.);
#1645=ORIENTED_EDGE('',*,*,#1607,.F.);
#1647=ORIENTED_EDGE('',*,*,#1646,.F.);
#1648=EDGE_LOOP('',(#1624,#1626,#1628,#1630,#1632,#1634,#1636,#1638,#1640,#1642,
#1644,#1645,#1647));
#1649=FACE_OUTER_BOUND('',#1648,.F.);
#1651=CARTESIAN_POINT('',(1.600000059605E0,7.500000596046E-1,1.E-2));
#1652=DIRECTION('',(0.E0,0.E0,-1.E0));
#1653=DIRECTION('',(-1.E0,0.E0,0.E0));
#1654=AXIS2_PLACEMENT_3D('',#1651,#1652,#1653);
#1655=CYLINDRICAL_SURFACE('',#1654,1.200000596047E-1);
#1656=ORIENTED_EDGE('',*,*,#1623,.T.);
#1658=ORIENTED_EDGE('',*,*,#1657,.F.);
#1660=ORIENTED_EDGE('',*,*,#1659,.T.);
#1662=ORIENTED_EDGE('',*,*,#1661,.F.);
#1663=EDGE_LOOP('',(#1656,#1658,#1660,#1662));
#1664=FACE_OUTER_BOUND('',#1663,.F.);
#1666=CARTESIAN_POINT('',(1.599999935579E0,5.800000885646E-1,1.E-2));
#1667=DIRECTION('',(-9.999999999992E-1,1.288430348680E-6,0.E0));
#1668=DIRECTION('',(-1.288430348680E-6,-9.999999999992E-1,0.E0));
#1669=AXIS2_PLACEMENT_3D('',#1666,#1667,#1668);
#1670=PLANE('',#1669);
#1671=ORIENTED_EDGE('',*,*,#1646,.T.);
#1672=ORIENTED_EDGE('',*,*,#1613,.T.);
#1674=ORIENTED_EDGE('',*,*,#1673,.F.);
#1675=ORIENTED_EDGE('',*,*,#1657,.T.);
#1676=EDGE_LOOP('',(#1671,#1672,#1674,#1675));
#1677=FACE_OUTER_BOUND('',#1676,.F.);
#1679=CARTESIAN_POINT('',(1.600000059605E0,7.500000596046E-1,1.E-2));
#1680=DIRECTION('',(0.E0,0.E0,1.E0));
#1681=DIRECTION('',(1.E0,0.E0,0.E0));
#1682=AXIS2_PLACEMENT_3D('',#1679,#1680,#1681);
#1683=PLANE('',#1682);
#1684=ORIENTED_EDGE('',*,*,#1659,.F.);
#1685=ORIENTED_EDGE('',*,*,#1673,.T.);
#1686=ORIENTED_EDGE('',*,*,#1611,.T.);
#1688=ORIENTED_EDGE('',*,*,#1687,.F.);
#1690=ORIENTED_EDGE('',*,*,#1689,.T.);
#1692=ORIENTED_EDGE('',*,*,#1691,.F.);
#1694=ORIENTED_EDGE('',*,*,#1693,.T.);
#1696=ORIENTED_EDGE('',*,*,#1695,.T.);
#1698=ORIENTED_EDGE('',*,*,#1697,.T.);
#1700=ORIENTED_EDGE('',*,*,#1699,.T.);
#1702=ORIENTED_EDGE('',*,*,#1701,.F.);
#1704=ORIENTED_EDGE('',*,*,#1703,.T.);
#1706=ORIENTED_EDGE('',*,*,#1705,.T.);
#1707=EDGE_LOOP('',(#1684,#1685,#1686,#1688,#1690,#1692,#1694,#1696,#1698,#1700,
#1702,#1704,#1706));
#1708=FACE_OUTER_BOUND('',#1707,.F.);
#1710=CARTESIAN_POINT('',(1.536065935579E0,5.800000885646E-1,1.E-2));
#1711=DIRECTION('',(-7.071067811865E-1,7.071067811865E-1,0.E0));
#1712=DIRECTION('',(-7.071067811865E-1,-7.071067811865E-1,0.E0));
#1713=AXIS2_PLACEMENT_3D('',#1710,#1711,#1712);
#1714=PLANE('',#1713);
#1715=ORIENTED_EDGE('',*,*,#1643,.T.);
#1717=ORIENTED_EDGE('',*,*,#1716,.T.);
#1718=ORIENTED_EDGE('',*,*,#1687,.T.);
#1719=ORIENTED_EDGE('',*,*,#1609,.F.);
#1720=EDGE_LOOP('',(#1715,#1717,#1718,#1719));
#1721=FACE_OUTER_BOUND('',#1720,.F.);
#1723=CARTESIAN_POINT('',(1.499999935579E0,5.439340885646E-1,1.E-2));
#1724=DIRECTION('',(-1.E0,0.E0,0.E0));
#1725=DIRECTION('',(0.E0,0.E0,1.E0));
#1726=AXIS2_PLACEMENT_3D('',#1723,#1724,#1725);
#1727=PLANE('',#1726);
#1728=ORIENTED_EDGE('',*,*,#1641,.T.);
#1730=ORIENTED_EDGE('',*,*,#1729,.T.);
#1731=ORIENTED_EDGE('',*,*,#1689,.F.);
#1732=ORIENTED_EDGE('',*,*,#1716,.F.);
#1733=EDGE_LOOP('',(#1728,#1730,#1731,#1732));
#1734=FACE_OUTER_BOUND('',#1733,.F.);
#1736=CARTESIAN_POINT('',(1.6E0,3.3E-1,1.E-2));
#1737=DIRECTION('',(0.E0,0.E0,-1.E0));
#1738=DIRECTION('',(-1.E0,0.E0,0.E0));
#1739=AXIS2_PLACEMENT_3D('',#1736,#1737,#1738);
#1740=CYLINDRICAL_SURFACE('',#1739,1.699998904838E-1);
#1741=ORIENTED_EDGE('',*,*,#1639,.T.);
#1743=ORIENTED_EDGE('',*,*,#1742,.F.);
#1744=ORIENTED_EDGE('',*,*,#1691,.T.);
#1745=ORIENTED_EDGE('',*,*,#1729,.F.);
#1746=EDGE_LOOP('',(#1741,#1743,#1744,#1745));
#1747=FACE_OUTER_BOUND('',#1746,.F.);
#1749=CARTESIAN_POINT('',(1.430000109516E0,3.3E-1,1.E-2));
#1750=DIRECTION('',(-1.E0,0.E0,0.E0));
#1751=DIRECTION('',(0.E0,0.E0,1.E0));
#1752=AXIS2_PLACEMENT_3D('',#1749,#1750,#1751);
#1753=PLANE('',#1752);
#1754=ORIENTED_EDGE('',*,*,#1637,.T.);
#1756=ORIENTED_EDGE('',*,*,#1755,.T.);
#1757=ORIENTED_EDGE('',*,*,#1693,.F.);
#1758=ORIENTED_EDGE('',*,*,#1742,.T.);
#1759=EDGE_LOOP('',(#1754,#1756,#1757,#1758));
#1760=FACE_OUTER_BOUND('',#1759,.F.);
#1762=CARTESIAN_POINT('',(1.430000109516E0,2.5E-1,1.E-2));
#1763=DIRECTION('',(0.E0,1.E0,0.E0));
#1764=DIRECTION('',(0.E0,0.E0,1.E0));
#1765=AXIS2_PLACEMENT_3D('',#1762,#1763,#1764);
#1766=PLANE('',#1765);
#1767=ORIENTED_EDGE('',*,*,#1635,.T.);
#1769=ORIENTED_EDGE('',*,*,#1768,.T.);
#1770=ORIENTED_EDGE('',*,*,#1695,.F.);
#1771=ORIENTED_EDGE('',*,*,#1755,.F.);
#1772=EDGE_LOOP('',(#1767,#1769,#1770,#1771));
#1773=FACE_OUTER_BOUND('',#1772,.F.);
#1775=CARTESIAN_POINT('',(8.500001095162E-1,2.5E-1,1.E-2));
#1776=DIRECTION('',(1.E0,0.E0,0.E0));
#1777=DIRECTION('',(0.E0,0.E0,-1.E0));
#1778=AXIS2_PLACEMENT_3D('',#1775,#1776,#1777);
#1779=PLANE('',#1778);
#1780=ORIENTED_EDGE('',*,*,#1633,.T.);
#1782=ORIENTED_EDGE('',*,*,#1781,.T.);
#1783=ORIENTED_EDGE('',*,*,#1697,.F.);
#1784=ORIENTED_EDGE('',*,*,#1768,.F.);
#1785=EDGE_LOOP('',(#1780,#1782,#1783,#1784));
#1786=FACE_OUTER_BOUND('',#1785,.F.);
#1788=CARTESIAN_POINT('',(8.500001095162E-1,6.5E-1,1.E-2));
#1789=DIRECTION('',(0.E0,-1.E0,0.E0));
#1790=DIRECTION('',(0.E0,0.E0,-1.E0));
#1791=AXIS2_PLACEMENT_3D('',#1788,#1789,#1790);
#1792=PLANE('',#1791);
#1793=ORIENTED_EDGE('',*,*,#1631,.T.);
#1795=ORIENTED_EDGE('',*,*,#1794,.T.);
#1796=ORIENTED_EDGE('',*,*,#1699,.F.);
#1797=ORIENTED_EDGE('',*,*,#1781,.F.);
#1798=EDGE_LOOP('',(#1793,#1795,#1796,#1797));
#1799=FACE_OUTER_BOUND('',#1798,.F.);
#1801=CARTESIAN_POINT('',(1.393934109516E0,6.5E-1,1.E-2));
#1802=DIRECTION('',(7.071067811865E-1,-7.071067811865E-1,0.E0));
#1803=DIRECTION('',(7.071067811865E-1,7.071067811865E-1,0.E0));
#1804=AXIS2_PLACEMENT_3D('',#1801,#1802,#1803);
#1805=PLANE('',#1804);
#1806=ORIENTED_EDGE('',*,*,#1629,.T.);
#1808=ORIENTED_EDGE('',*,*,#1807,.T.);
#1809=ORIENTED_EDGE('',*,*,#1701,.T.);
#1810=ORIENTED_EDGE('',*,*,#1794,.F.);
#1811=EDGE_LOOP('',(#1806,#1808,#1809,#1810));
#1812=FACE_OUTER_BOUND('',#1811,.F.);
#1814=CARTESIAN_POINT('',(1.430000109516E0,6.86066E-1,1.E-2));
#1815=DIRECTION('',(1.E0,0.E0,0.E0));
#1816=DIRECTION('',(0.E0,0.E0,-1.E0));
#1817=AXIS2_PLACEMENT_3D('',#1814,#1815,#1816);
#1818=PLANE('',#1817);
#1819=ORIENTED_EDGE('',*,*,#1627,.T.);
#1821=ORIENTED_EDGE('',*,*,#1820,.T.);
#1822=ORIENTED_EDGE('',*,*,#1703,.F.);
#1823=ORIENTED_EDGE('',*,*,#1807,.F.);
#1824=EDGE_LOOP('',(#1819,#1821,#1822,#1823));
#1825=FACE_OUTER_BOUND('',#1824,.F.);
#1827=CARTESIAN_POINT('',(1.48E0,7.5E-1,1.E-2));
#1828=DIRECTION('',(0.E0,-1.E0,0.E0));
#1829=DIRECTION('',(1.E0,0.E0,0.E0));
#1830=AXIS2_PLACEMENT_3D('',#1827,#1828,#1829);
#1831=PLANE('',#1830);
#1832=ORIENTED_EDGE('',*,*,#1625,.T.);
#1833=ORIENTED_EDGE('',*,*,#1661,.T.);
#1834=ORIENTED_EDGE('',*,*,#1705,.F.);
#1835=ORIENTED_EDGE('',*,*,#1820,.F.);
#1836=EDGE_LOOP('',(#1832,#1833,#1834,#1835));
#1837=FACE_OUTER_BOUND('',#1836,.F.);
#1839=CLOSED_SHELL('',(#1617,#1650,#1665,#1678,#1709,#1722,#1735,#1748,#1761,
#1774,#1787,#1800,#1813,#1826,#1838));
#1840=MANIFOLD_SOLID_BREP('',#1839);
#1841=FILL_AREA_STYLE_COLOUR('',#124);
#1842=FILL_AREA_STYLE('',(#1841));
#1843=SURFACE_STYLE_FILL_AREA(#1842);
#1844=SURFACE_SIDE_STYLE('',(#1843));
#1845=SURFACE_STYLE_USAGE(.BOTH.,#1844);
#1846=PRESENTATION_STYLE_ASSIGNMENT((#1845));
#1272=STYLED_ITEM('',(#1846),#1840);
#1847=PRESENTATION_LAYER_ASSIGNMENT('9_ALL_SOLID_GEOM_1','',(#1272,#1617,#1650,
#1665,#1678,#1709,#1722,#1735,#1748,#1761,#1774,#1787,#1800,#1813,#1826,#1838));
#1848=PRESENTATION_LAYER_ASSIGNMENT('INTF_YELLOW_1','',(#1272,#1617,#1650,#1665,
#1678,#1709,#1722,#1735,#1748,#1761,#1774,#1787,#1800,#1813,#1826,#1838));
#1849=PRESENTATION_LAYER_ASSIGNMENT('NONE_3','',(#1272,#1617,#1650,#1665,#1678,
#1709,#1722,#1735,#1748,#1761,#1774,#1787,#1800,#1813,#1826,#1838));
#1850=PRESENTATION_LAYER_ASSIGNMENT('_1911','',(#1272,#1617,#1650,#1665,#1678,
#1709,#1722,#1735,#1748,#1761,#1774,#1787,#1800,#1813,#1826,#1838));
#1853=PLANE_ANGLE_MEASURE_WITH_UNIT(PLANE_ANGLE_MEASURE(1.745329251994E-2),
#1852);
#1854=(CONVERSION_BASED_UNIT('DEGREE',#1853)NAMED_UNIT(*)PLANE_ANGLE_UNIT());
#1856=UNCERTAINTY_MEASURE_WITH_UNIT(LENGTH_MEASURE(9.014072209821E-5),#1851,
'distance_accuracy_value',
'Maximum model space distance between geometric entities at asserted connectivities');
#1858=CARTESIAN_POINT('',(0.E0,0.E0,0.E0));
#1859=DIRECTION('',(0.E0,0.E0,1.E0));
#1860=DIRECTION('',(1.E0,0.E0,0.E0));
#1863=PRODUCT_CONTEXT('',#1203,'mechanical');
#1864=PRODUCT('____-______O__1_3__1_2_3_4','____-______O__1_3__1_2_3_4',
'NOT SPECIFIED',(#1863));
#1865=PRODUCT_DEFINITION_FORMATION('1','LAST_VERSION',#1864);
#1873=DERIVED_UNIT_ELEMENT(#1872,2.E0);
#1874=DERIVED_UNIT((#1873));
#1875=MEASURE_REPRESENTATION_ITEM('surface area measure',AREA_MEASURE(
5.468970925080E-1),#1874);
#1880=DERIVED_UNIT_ELEMENT(#1879,3.E0);
#1881=DERIVED_UNIT((#1880));
#1882=MEASURE_REPRESENTATION_ITEM('volume measure',VOLUME_MEASURE(
2.616540884388E-3),#1881);
#1886=CARTESIAN_POINT('centre point',(1.178556305631E0,4.658522098718E-1,
5.E-3));
#1891=DERIVED_UNIT_ELEMENT(#1890,2.E0);
#1892=DERIVED_UNIT((#1891));
#1893=MEASURE_REPRESENTATION_ITEM('surface area measure',AREA_MEASURE(
5.468970925080E-1),#1892);
#1898=DERIVED_UNIT_ELEMENT(#1897,3.E0);
#1899=DERIVED_UNIT((#1898));
#1900=MEASURE_REPRESENTATION_ITEM('volume measure',VOLUME_MEASURE(
2.616540884388E-3),#1899);
#1904=CARTESIAN_POINT('centre point',(1.178556305631E0,4.658522098718E-1,
5.E-3));
#1914=CARTESIAN_POINT('centre point',(1.178556305631E0,4.658522098718E-1,
5.E-3));
#1918=CARTESIAN_POINT('',(0.E0,0.E0,0.E0));
#1919=DIRECTION('',(0.E0,0.E0,1.E0));
#1920=DIRECTION('',(1.E0,0.E0,0.E0));
#1921=AXIS2_PLACEMENT_3D('',#1918,#1919,#1920);
#1922=ITEM_DEFINED_TRANSFORMATION('','',#1861,#1921);
#1923=CARTESIAN_POINT('',(0.E0,0.E0,0.E0));
#1924=DIRECTION('',(0.E0,0.E0,1.E0));
#1925=DIRECTION('',(1.E0,0.E0,0.E0));
#1927=(REPRESENTATION_RELATIONSHIP('','',#1862,#1911)REPRESENTATION_RELATIONSHIP_WITH_TRANSFORMATION(#1922)SHAPE_REPRESENTATION_RELATIONSHIP());
#1928=CONTEXT_DEPENDENT_SHAPE_REPRESENTATION(#1927,#1913);
#1930=DIRECTION('',(8.589535376047E-7,-9.999999999996E-1,0.E0));
#1931=VECTOR('',#1930,4.999991324689E-2);
#1932=CARTESIAN_POINT('',(1.599999946315E0,-5.800000885646E-1,1.E-2));
#1933=LINE('',#1932,#1931);
#1934=CURVE_STYLE('',#134,POSITIVE_LENGTH_MEASURE(2.E-2),#124);
#1935=PRESENTATION_STYLE_ASSIGNMENT((#1934));
#1936=STYLED_ITEM('',(#1935),#1933);
#1937=DIRECTION('',(0.E0,0.E0,1.E0));
#1938=VECTOR('',#1937,1.E-2);
#1939=CARTESIAN_POINT('',(1.599999946315E0,-5.800000885646E-1,0.E0));
#1940=LINE('',#1939,#1938);
#1941=CURVE_STYLE('',#134,POSITIVE_LENGTH_MEASURE(2.E-2),#124);
#1942=PRESENTATION_STYLE_ASSIGNMENT((#1941));
#1943=STYLED_ITEM('',(#1942),#1940);
#1944=CARTESIAN_POINT('',(1.600000029802E0,-7.500000298024E-1,0.E0));
#1945=DIRECTION('',(0.E0,0.E0,1.E0));
#1946=DIRECTION('',(-5.167759546940E-7,9.999999999999E-1,0.E0));
#1947=AXIS2_PLACEMENT_3D('',#1944,#1945,#1946);
#1949=CURVE_STYLE('',#134,POSITIVE_LENGTH_MEASURE(2.E-2),#124);
#1950=PRESENTATION_STYLE_ASSIGNMENT((#1949));
#1951=STYLED_ITEM('',(#1950),#1948);
#1952=DIRECTION('',(8.589535376055E-7,-9.999999999996E-1,0.E0));
#1953=VECTOR('',#1952,4.999991324684E-2);
#1954=CARTESIAN_POINT('',(1.599999946315E0,-5.800000885646E-1,0.E0));
#1955=LINE('',#1954,#1953);
#1956=CURVE_STYLE('',#134,POSITIVE_LENGTH_MEASURE(2.E-2),#124);
#1957=PRESENTATION_STYLE_ASSIGNMENT((#1956));
#1958=STYLED_ITEM('',(#1957),#1955);
#1959=DIRECTION('',(1.E0,0.E0,0.E0));
#1960=VECTOR('',#1959,6.393401073690E-2);
#1961=CARTESIAN_POINT('',(1.536065935579E0,-5.800000885646E-1,0.E0));
#1962=LINE('',#1961,#1960);
#1963=CURVE_STYLE('',#134,POSITIVE_LENGTH_MEASURE(2.E-2),#124);
#1964=PRESENTATION_STYLE_ASSIGNMENT((#1963));
#1965=STYLED_ITEM('',(#1964),#1962);
#1966=DIRECTION('',(7.071067811865E-1,-7.071067811865E-1,0.E0));
#1967=VECTOR('',#1966,5.100502634055E-2);
#1968=CARTESIAN_POINT('',(1.499999935579E0,-5.439340885646E-1,0.E0));
#1969=LINE('',#1968,#1967);
#1970=CURVE_STYLE('',#134,POSITIVE_LENGTH_MEASURE(2.E-2),#124);
#1971=PRESENTATION_STYLE_ASSIGNMENT((#1970));
#1972=STYLED_ITEM('',(#1971),#1969);
#1973=DIRECTION('',(0.E0,-1.E0,0.E0));
#1974=VECTOR('',#1973,7.6457E-2);
#1975=CARTESIAN_POINT('',(1.499999935579E0,-4.674770885646E-1,0.E0));
#1976=LINE('',#1975,#1974);
#1977=CURVE_STYLE('',#134,POSITIVE_LENGTH_MEASURE(2.E-2),#124);
#1978=PRESENTATION_STYLE_ASSIGNMENT((#1977));
#1979=STYLED_ITEM('',(#1978),#1976);
#1980=CARTESIAN_POINT('',(1.6E0,-3.3E-1,0.E0));
#1981=DIRECTION('',(0.E0,0.E0,1.E0));
#1982=DIRECTION('',(-1.E0,-6.693996078482E-14,0.E0));
#1983=AXIS2_PLACEMENT_3D('',#1980,#1981,#1982);
#1985=CURVE_STYLE('',#134,POSITIVE_LENGTH_MEASURE(2.E-2),#124);
#1986=PRESENTATION_STYLE_ASSIGNMENT((#1985));
#1987=STYLED_ITEM('',(#1986),#1984);
#1988=DIRECTION('',(0.E0,-1.E0,0.E0));
#1989=VECTOR('',#1988,8.E-2);
#1990=CARTESIAN_POINT('',(1.430000109516E0,-2.5E-1,0.E0));
#1991=LINE('',#1990,#1989);
#1992=CURVE_STYLE('',#134,POSITIVE_LENGTH_MEASURE(2.E-2),#124);
#1993=PRESENTATION_STYLE_ASSIGNMENT((#1992));
#1994=STYLED_ITEM('',(#1993),#1991);
#1995=DIRECTION('',(1.E0,0.E0,0.E0));
#1996=VECTOR('',#1995,5.8E-1);
#1997=CARTESIAN_POINT('',(8.500001095162E-1,-2.5E-1,0.E0));
#1998=LINE('',#1997,#1996);
#1999=CURVE_STYLE('',#134,POSITIVE_LENGTH_MEASURE(2.E-2),#124);
#2000=PRESENTATION_STYLE_ASSIGNMENT((#1999));
#2001=STYLED_ITEM('',(#2000),#1998);
#2002=DIRECTION('',(0.E0,1.E0,0.E0));
#2003=VECTOR('',#2002,4.E-1);
#2004=CARTESIAN_POINT('',(8.500001095162E-1,-6.5E-1,0.E0));
#2005=LINE('',#2004,#2003);
#2006=CURVE_STYLE('',#134,POSITIVE_LENGTH_MEASURE(2.E-2),#124);
#2007=PRESENTATION_STYLE_ASSIGNMENT((#2006));
#2008=STYLED_ITEM('',(#2007),#2005);
#2009=DIRECTION('',(-1.E0,0.E0,0.E0));
#2010=VECTOR('',#2009,5.43934E-1);
#2011=CARTESIAN_POINT('',(1.393934109516E0,-6.5E-1,0.E0));
#2012=LINE('',#2011,#2010);
#2013=CURVE_STYLE('',#134,POSITIVE_LENGTH_MEASURE(2.E-2),#124);
#2014=PRESENTATION_STYLE_ASSIGNMENT((#2013));
#2015=STYLED_ITEM('',(#2014),#2012);
#2016=DIRECTION('',(-7.071067811865E-1,7.071067811865E-1,0.E0));
#2017=VECTOR('',#2016,5.100502634055E-2);
#2018=CARTESIAN_POINT('',(1.430000109516E0,-6.86066E-1,0.E0));
#2019=LINE('',#2018,#2017);
#2020=CURVE_STYLE('',#134,POSITIVE_LENGTH_MEASURE(2.E-2),#124);
#2021=PRESENTATION_STYLE_ASSIGNMENT((#2020));
#2022=STYLED_ITEM('',(#2021),#2019);
#2023=DIRECTION('',(0.E0,1.E0,0.E0));
#2024=VECTOR('',#2023,6.3934E-2);
#2025=CARTESIAN_POINT('',(1.430000109516E0,-7.5E-1,0.E0));
#2026=LINE('',#2025,#2024);
#2027=CURVE_STYLE('',#134,POSITIVE_LENGTH_MEASURE(2.E-2),#124);
#2028=PRESENTATION_STYLE_ASSIGNMENT((#2027));
#2029=STYLED_ITEM('',(#2028),#2026);
#2030=DIRECTION('',(-1.E0,1.986832663505E-7,0.E0));
#2031=VECTOR('',#2030,4.999989135432E-2);
#2032=CARTESIAN_POINT('',(1.480000000871E0,-7.500000099341E-1,0.E0));
#2033=LINE('',#2032,#2031);
#2034=CURVE_STYLE('',#134,POSITIVE_LENGTH_MEASURE(2.E-2),#124);
#2035=PRESENTATION_STYLE_ASSIGNMENT((#2034));
#2036=STYLED_ITEM('',(#2035),#2033);
#2037=DIRECTION('',(2.264854970235E-12,2.220446049250E-14,-1.E0));
#2038=VECTOR('',#2037,1.E-2);
#2039=CARTESIAN_POINT('',(1.480000000871E0,-7.500000099341E-1,1.E-2));
#2040=LINE('',#2039,#2038);
#2041=CURVE_STYLE('',#134,POSITIVE_LENGTH_MEASURE(2.E-2),#124);
#2042=PRESENTATION_STYLE_ASSIGNMENT((#2041));
#2043=STYLED_ITEM('',(#2042),#2040);
#2044=DIRECTION('',(0.E0,-4.685141163918E-12,1.E0));
#2045=VECTOR('',#2044,1.E-2);
#2046=CARTESIAN_POINT('',(1.599999989263E0,-6.300000018114E-1,0.E0));
#2047=LINE('',#2046,#2045);
#2048=CURVE_STYLE('',#134,POSITIVE_LENGTH_MEASURE(2.E-2),#124);
#2049=PRESENTATION_STYLE_ASSIGNMENT((#2048));
#2050=STYLED_ITEM('',(#2049),#2047);
#2051=DIRECTION('',(-1.E0,1.986832663506E-7,0.E0));
#2052=VECTOR('',#2051,4.999989135430E-2);
#2053=CARTESIAN_POINT('',(1.480000000871E0,-7.500000099341E-1,1.E-2));
#2054=LINE('',#2053,#2052);
#2055=CURVE_STYLE('',#134,POSITIVE_LENGTH_MEASURE(2.E-2),#124);
#2056=PRESENTATION_STYLE_ASSIGNMENT((#2055));
#2057=STYLED_ITEM('',(#2056),#2054);
#2058=DIRECTION('',(0.E0,1.E0,0.E0));
#2059=VECTOR('',#2058,6.3934E-2);
#2060=CARTESIAN_POINT('',(1.430000109516E0,-7.5E-1,1.E-2));
#2061=LINE('',#2060,#2059);
#2062=CURVE_STYLE('',#134,POSITIVE_LENGTH_MEASURE(2.E-2),#124);
#2063=PRESENTATION_STYLE_ASSIGNMENT((#2062));
#2064=STYLED_ITEM('',(#2063),#2061);
#2065=DIRECTION('',(0.E0,0.E0,1.E0));
#2066=VECTOR('',#2065,1.E-2);
#2067=CARTESIAN_POINT('',(1.430000109516E0,-7.5E-1,0.E0));
#2068=LINE('',#2067,#2066);
#2069=CURVE_STYLE('',#134,POSITIVE_LENGTH_MEASURE(2.E-2),#124);
#2070=PRESENTATION_STYLE_ASSIGNMENT((#2069));
#2071=STYLED_ITEM('',(#2070),#2068);
#2072=DIRECTION('',(0.E0,0.E0,1.E0));
#2073=VECTOR('',#2072,1.E-2);
#2074=CARTESIAN_POINT('',(1.430000109516E0,-6.86066E-1,0.E0));
#2075=LINE('',#2074,#2073);
#2076=CURVE_STYLE('',#134,POSITIVE_LENGTH_MEASURE(2.E-2),#124);
#2077=PRESENTATION_STYLE_ASSIGNMENT((#2076));
#2078=STYLED_ITEM('',(#2077),#2075);
#2079=DIRECTION('',(-1.E0,0.E0,0.E0));
#2080=VECTOR('',#2079,5.43934E-1);
#2081=CARTESIAN_POINT('',(1.393934109516E0,-6.5E-1,1.E-2));
#2082=LINE('',#2081,#2080);
#2083=CURVE_STYLE('',#134,POSITIVE_LENGTH_MEASURE(2.E-2),#124);
#2084=PRESENTATION_STYLE_ASSIGNMENT((#2083));
#2085=STYLED_ITEM('',(#2084),#2082);
#2086=DIRECTION('',(0.E0,0.E0,1.E0));
#2087=VECTOR('',#2086,1.E-2);
#2088=CARTESIAN_POINT('',(1.393934109516E0,-6.5E-1,0.E0));
#2089=LINE('',#2088,#2087);
#2090=CURVE_STYLE('',#134,POSITIVE_LENGTH_MEASURE(2.E-2),#124);
#2091=PRESENTATION_STYLE_ASSIGNMENT((#2090));
#2092=STYLED_ITEM('',(#2091),#2089);
#2093=DIRECTION('',(0.E0,1.E0,0.E0));
#2094=VECTOR('',#2093,4.E-1);
#2095=CARTESIAN_POINT('',(8.500001095162E-1,-6.5E-1,1.E-2));
#2096=LINE('',#2095,#2094);
#2097=CURVE_STYLE('',#134,POSITIVE_LENGTH_MEASURE(2.E-2),#124);
#2098=PRESENTATION_STYLE_ASSIGNMENT((#2097));
#2099=STYLED_ITEM('',(#2098),#2096);
#2100=DIRECTION('',(0.E0,0.E0,1.E0));
#2101=VECTOR('',#2100,1.E-2);
#2102=CARTESIAN_POINT('',(8.500001095162E-1,-6.5E-1,0.E0));
#2103=LINE('',#2102,#2101);
#2104=CURVE_STYLE('',#134,POSITIVE_LENGTH_MEASURE(2.E-2),#124);
#2105=PRESENTATION_STYLE_ASSIGNMENT((#2104));
#2106=STYLED_ITEM('',(#2105),#2103);
#2107=DIRECTION('',(1.E0,0.E0,0.E0));
#2108=VECTOR('',#2107,5.8E-1);
#2109=CARTESIAN_POINT('',(8.500001095162E-1,-2.5E-1,1.E-2));
#2110=LINE('',#2109,#2108);
#2111=CURVE_STYLE('',#134,POSITIVE_LENGTH_MEASURE(2.E-2),#124);
#2112=PRESENTATION_STYLE_ASSIGNMENT((#2111));
#2113=STYLED_ITEM('',(#2112),#2110);
#2114=DIRECTION('',(0.E0,0.E0,1.E0));
#2115=VECTOR('',#2114,1.E-2);
#2116=CARTESIAN_POINT('',(8.500001095162E-1,-2.5E-1,0.E0));
#2117=LINE('',#2116,#2115);
#2118=CURVE_STYLE('',#134,POSITIVE_LENGTH_MEASURE(2.E-2),#124);
#2119=PRESENTATION_STYLE_ASSIGNMENT((#2118));
#2120=STYLED_ITEM('',(#2119),#2117);
#2121=DIRECTION('',(0.E0,-1.E0,0.E0));
#2122=VECTOR('',#2121,8.E-2);
#2123=CARTESIAN_POINT('',(1.430000109516E0,-2.5E-1,1.E-2));
#2124=LINE('',#2123,#2122);
#2125=CURVE_STYLE('',#134,POSITIVE_LENGTH_MEASURE(2.E-2),#124);
#2126=PRESENTATION_STYLE_ASSIGNMENT((#2125));
#2127=STYLED_ITEM('',(#2126),#2124);
#2128=DIRECTION('',(0.E0,0.E0,1.E0));
#2129=VECTOR('',#2128,1.E-2);
#2130=CARTESIAN_POINT('',(1.430000109516E0,-2.5E-1,0.E0));
#2131=LINE('',#2130,#2129);
#2132=CURVE_STYLE('',#134,POSITIVE_LENGTH_MEASURE(2.E-2),#124);
#2133=PRESENTATION_STYLE_ASSIGNMENT((#2132));
#2134=STYLED_ITEM('',(#2133),#2131);
#2135=DIRECTION('',(0.E0,0.E0,-1.E0));
#2136=VECTOR('',#2135,1.E-2);
#2137=CARTESIAN_POINT('',(1.499999935579E0,-4.674770885646E-1,1.E-2));
#2138=LINE('',#2137,#2136);
#2139=CURVE_STYLE('',#134,POSITIVE_LENGTH_MEASURE(2.E-2),#124);
#2140=PRESENTATION_STYLE_ASSIGNMENT((#2139));
#2141=STYLED_ITEM('',(#2140),#2138);
#2142=DIRECTION('',(0.E0,0.E0,1.E0));
#2143=VECTOR('',#2142,1.E-2);
#2144=CARTESIAN_POINT('',(1.430000109516E0,-3.3E-1,0.E0));
#2145=LINE('',#2144,#2143);
#2146=CURVE_STYLE('',#134,POSITIVE_LENGTH_MEASURE(2.E-2),#124);
#2147=PRESENTATION_STYLE_ASSIGNMENT((#2146));
#2148=STYLED_ITEM('',(#2147),#2145);
#2149=DIRECTION('',(0.E0,-1.E0,0.E0));
#2150=VECTOR('',#2149,7.6457E-2);
#2151=CARTESIAN_POINT('',(1.499999935579E0,-4.674770885646E-1,1.E-2));
#2152=LINE('',#2151,#2150);
#2153=CURVE_STYLE('',#134,POSITIVE_LENGTH_MEASURE(2.E-2),#124);
#2154=PRESENTATION_STYLE_ASSIGNMENT((#2153));
#2155=STYLED_ITEM('',(#2154),#2152);
#2156=DIRECTION('',(0.E0,-1.110223024625E-14,1.E0));
#2157=VECTOR('',#2156,1.E-2);
#2158=CARTESIAN_POINT('',(1.499999935579E0,-5.439340885646E-1,0.E0));
#2159=LINE('',#2158,#2157);
#2160=CURVE_STYLE('',#134,POSITIVE_LENGTH_MEASURE(2.E-2),#124);
#2161=PRESENTATION_STYLE_ASSIGNMENT((#2160));
#2162=STYLED_ITEM('',(#2161),#2159);
#2163=DIRECTION('',(1.E0,0.E0,0.E0));
#2164=VECTOR('',#2163,6.393401073690E-2);
#2165=CARTESIAN_POINT('',(1.536065935579E0,-5.800000885646E-1,1.E-2));
#2166=LINE('',#2165,#2164);
#2167=CURVE_STYLE('',#134,POSITIVE_LENGTH_MEASURE(2.E-2),#124);
#2168=PRESENTATION_STYLE_ASSIGNMENT((#2167));
#2169=STYLED_ITEM('',(#2168),#2166);
#2170=DIRECTION('',(0.E0,0.E0,1.E0));
#2171=VECTOR('',#2170,1.E-2);
#2172=CARTESIAN_POINT('',(1.536065935579E0,-5.800000885646E-1,0.E0));
#2173=LINE('',#2172,#2171);
#2174=CURVE_STYLE('',#134,POSITIVE_LENGTH_MEASURE(2.E-2),#124);
#2175=PRESENTATION_STYLE_ASSIGNMENT((#2174));
#2176=STYLED_ITEM('',(#2175),#2173);
#2177=CARTESIAN_POINT('',(1.600000029802E0,-7.500000298024E-1,1.E-2));
#2178=DIRECTION('',(0.E0,0.E0,-1.E0));
#2179=DIRECTION('',(-1.E0,2.483534899334E-7,0.E0));
#2180=AXIS2_PLACEMENT_3D('',#2177,#2178,#2179);
#2182=CURVE_STYLE('',#134,POSITIVE_LENGTH_MEASURE(2.E-2),#124);
#2183=PRESENTATION_STYLE_ASSIGNMENT((#2182));
#2184=STYLED_ITEM('',(#2183),#2181);
#2185=DIRECTION('',(7.071067811865E-1,-7.071067811865E-1,0.E0));
#2186=VECTOR('',#2185,5.100502634055E-2);
#2187=CARTESIAN_POINT('',(1.393934109516E0,-6.5E-1,1.E-2));
#2188=LINE('',#2187,#2186);
#2189=CURVE_STYLE('',#134,POSITIVE_LENGTH_MEASURE(2.E-2),#124);
#2190=PRESENTATION_STYLE_ASSIGNMENT((#2189));
#2191=STYLED_ITEM('',(#2190),#2188);
#2192=CARTESIAN_POINT('',(1.6E0,-3.3E-1,1.E-2));
#2193=DIRECTION('',(0.E0,0.E0,-1.E0));
#2194=DIRECTION('',(-5.882360520165E-1,-8.086892772308E-1,0.E0));
#2195=AXIS2_PLACEMENT_3D('',#2192,#2193,#2194);
#2197=CURVE_STYLE('',#134,POSITIVE_LENGTH_MEASURE(2.E-2),#124);
#2198=PRESENTATION_STYLE_ASSIGNMENT((#2197));
#2199=STYLED_ITEM('',(#2198),#2196);
#2200=DIRECTION('',(-7.071067811865E-1,7.071067811865E-1,0.E0));
#2201=VECTOR('',#2200,5.100502634055E-2);
#2202=CARTESIAN_POINT('',(1.536065935579E0,-5.800000885646E-1,1.E-2));
#2203=LINE('',#2202,#2201);
#2204=CURVE_STYLE('',#134,POSITIVE_LENGTH_MEASURE(2.E-2),#124);
#2205=PRESENTATION_STYLE_ASSIGNMENT((#2204));
#2206=STYLED_ITEM('',(#2205),#2203);
#2207=CARTESIAN_POINT('',(1.599999989263E0,-6.300000018114E-1,0.E0));
#2208=CARTESIAN_POINT('',(1.599999989263E0,-6.300000018115E-1,1.E-2));
#2209=VERTEX_POINT('',#2207);
#2210=VERTEX_POINT('',#2208);
#2211=CARTESIAN_POINT('',(1.536065935579E0,-5.800000885646E-1,0.E0));
#2212=CARTESIAN_POINT('',(1.599999946315E0,-5.800000885646E-1,0.E0));
#2213=VERTEX_POINT('',#2211);
#2214=VERTEX_POINT('',#2212);
#2215=CARTESIAN_POINT('',(1.430000109516E0,-3.3E-1,0.E0));
#2216=CARTESIAN_POINT('',(1.499999935579E0,-4.674770885646E-1,0.E0));
#2217=VERTEX_POINT('',#2215);
#2218=VERTEX_POINT('',#2216);
#2219=CARTESIAN_POINT('',(1.499999935579E0,-4.674770885646E-1,1.E-2));
#2220=CARTESIAN_POINT('',(1.499999935579E0,-5.439340885646E-1,1.E-2));
#2221=VERTEX_POINT('',#2219);
#2222=VERTEX_POINT('',#2220);
#2223=CARTESIAN_POINT('',(1.499999935579E0,-5.439340885646E-1,0.E0));
#2224=VERTEX_POINT('',#2223);
#2225=CARTESIAN_POINT('',(8.500001095162E-1,-6.5E-1,1.E-2));
#2226=CARTESIAN_POINT('',(8.500001095162E-1,-2.5E-1,1.E-2));
#2227=VERTEX_POINT('',#2225);
#2228=VERTEX_POINT('',#2226);
#2229=CARTESIAN_POINT('',(1.536065935579E0,-5.800000885646E-1,1.E-2));
#2230=VERTEX_POINT('',#2229);
#2231=CARTESIAN_POINT('',(1.480000000871E0,-7.500000099341E-1,0.E0));
#2232=CARTESIAN_POINT('',(1.430000109516E0,-7.5E-1,0.E0));
#2233=VERTEX_POINT('',#2231);
#2234=VERTEX_POINT('',#2232);
#2235=CARTESIAN_POINT('',(1.430000109516E0,-6.86066E-1,0.E0));
#2236=CARTESIAN_POINT('',(1.430000109516E0,-6.86066E-1,1.E-2));
#2237=VERTEX_POINT('',#2235);
#2238=VERTEX_POINT('',#2236);
#2239=CARTESIAN_POINT('',(1.393934109516E0,-6.5E-1,1.E-2));
#2240=VERTEX_POINT('',#2239);
#2241=CARTESIAN_POINT('',(8.500001095162E-1,-2.5E-1,0.E0));
#2242=VERTEX_POINT('',#2241);
#2243=CARTESIAN_POINT('',(1.430000109516E0,-2.5E-1,1.E-2));
#2244=VERTEX_POINT('',#2243);
#2245=CARTESIAN_POINT('',(1.48E0,-7.5E-1,1.E-2));
#2246=VERTEX_POINT('',#2245);
#2247=CARTESIAN_POINT('',(1.430000109516E0,-7.5E-1,1.E-2));
#2248=VERTEX_POINT('',#2247);
#2249=CARTESIAN_POINT('',(1.430000109516E0,-2.5E-1,0.E0));
#2250=VERTEX_POINT('',#2249);
#2251=CARTESIAN_POINT('',(1.599999946315E0,-5.800000885646E-1,1.E-2));
#2252=VERTEX_POINT('',#2251);
#2253=CARTESIAN_POINT('',(1.393934109516E0,-6.5E-1,0.E0));
#2254=CARTESIAN_POINT('',(8.500001095162E-1,-6.5E-1,0.E0));
#2255=VERTEX_POINT('',#2253);
#2256=VERTEX_POINT('',#2254);
#2257=CARTESIAN_POINT('',(1.430000109516E0,-3.3E-1,1.E-2));
#2258=VERTEX_POINT('',#2257);
#2259=CARTESIAN_POINT('',(1.6E0,-6.3E-1,1.E-2));
#2260=DIRECTION('',(-9.999999999992E-1,-1.288430353016E-6,0.E0));
#2261=DIRECTION('',(1.288430353016E-6,-9.999999999992E-1,0.E0));
#2262=AXIS2_PLACEMENT_3D('',#2259,#2260,#2261);
#2263=PLANE('',#2262);
#2265=ORIENTED_EDGE('',*,*,#2264,.T.);
#2267=ORIENTED_EDGE('',*,*,#2266,.T.);
#2269=ORIENTED_EDGE('',*,*,#2268,.F.);
#2271=ORIENTED_EDGE('',*,*,#2270,.F.);
#2272=EDGE_LOOP('',(#2265,#2267,#2269,#2271));
#2273=FACE_OUTER_BOUND('',#2272,.F.);
#2275=CARTESIAN_POINT('',(1.600000029802E0,-7.500000298024E-1,0.E0));
#2276=DIRECTION('',(0.E0,0.E0,1.E0));
#2277=DIRECTION('',(1.E0,0.E0,0.E0));
#2278=AXIS2_PLACEMENT_3D('',#2275,#2276,#2277);
#2279=PLANE('',#2278);
#2281=ORIENTED_EDGE('',*,*,#2280,.F.);
#2282=ORIENTED_EDGE('',*,*,#2264,.F.);
#2284=ORIENTED_EDGE('',*,*,#2283,.F.);
#2286=ORIENTED_EDGE('',*,*,#2285,.F.);
#2288=ORIENTED_EDGE('',*,*,#2287,.F.);
#2290=ORIENTED_EDGE('',*,*,#2289,.F.);
#2292=ORIENTED_EDGE('',*,*,#2291,.F.);
#2294=ORIENTED_EDGE('',*,*,#2293,.F.);
#2296=ORIENTED_EDGE('',*,*,#2295,.F.);
#2298=ORIENTED_EDGE('',*,*,#2297,.F.);
#2300=ORIENTED_EDGE('',*,*,#2299,.F.);
#2302=ORIENTED_EDGE('',*,*,#2301,.F.);
#2304=ORIENTED_EDGE('',*,*,#2303,.F.);
#2305=EDGE_LOOP('',(#2281,#2282,#2284,#2286,#2288,#2290,#2292,#2294,#2296,#2298,
#2300,#2302,#2304));
#2306=FACE_OUTER_BOUND('',#2305,.F.);
#2308=CARTESIAN_POINT('',(1.600000029802E0,-7.500000298024E-1,1.E-2));
#2309=DIRECTION('',(0.E0,0.E0,-1.E0));
#2310=DIRECTION('',(-1.E0,0.E0,0.E0));
#2311=AXIS2_PLACEMENT_3D('',#2308,#2309,#2310);
#2312=CYLINDRICAL_SURFACE('',#2311,1.200000298024E-1);
#2313=ORIENTED_EDGE('',*,*,#2280,.T.);
#2315=ORIENTED_EDGE('',*,*,#2314,.F.);
#2317=ORIENTED_EDGE('',*,*,#2316,.T.);
#2318=ORIENTED_EDGE('',*,*,#2266,.F.);
#2319=EDGE_LOOP('',(#2313,#2315,#2317,#2318));
#2320=FACE_OUTER_BOUND('',#2319,.F.);
#2322=CARTESIAN_POINT('',(1.430000109516E0,-7.5E-1,1.E-2));
#2323=DIRECTION('',(0.E0,1.E0,0.E0));
#2324=DIRECTION('',(-1.E0,0.E0,0.E0));
#2325=AXIS2_PLACEMENT_3D('',#2322,#2323,#2324);
#2326=PLANE('',#2325);
#2327=ORIENTED_EDGE('',*,*,#2303,.T.);
#2329=ORIENTED_EDGE('',*,*,#2328,.T.);
#2331=ORIENTED_EDGE('',*,*,#2330,.F.);
#2332=ORIENTED_EDGE('',*,*,#2314,.T.);
#2333=EDGE_LOOP('',(#2327,#2329,#2331,#2332));
#2334=FACE_OUTER_BOUND('',#2333,.F.);
#2336=CARTESIAN_POINT('',(1.430000109516E0,-6.86066E-1,1.E-2));
#2337=DIRECTION('',(1.E0,0.E0,0.E0));
#2338=DIRECTION('',(0.E0,0.E0,-1.E0));
#2339=AXIS2_PLACEMENT_3D('',#2336,#2337,#2338);
#2340=PLANE('',#2339);
#2341=ORIENTED_EDGE('',*,*,#2301,.T.);
#2343=ORIENTED_EDGE('',*,*,#2342,.T.);
#2345=ORIENTED_EDGE('',*,*,#2344,.F.);
#2346=ORIENTED_EDGE('',*,*,#2328,.F.);
#2347=EDGE_LOOP('',(#2341,#2343,#2345,#2346));
#2348=FACE_OUTER_BOUND('',#2347,.F.);
#2350=CARTESIAN_POINT('',(1.393934109516E0,-6.5E-1,1.E-2));
#2351=DIRECTION('',(7.071067811865E-1,7.071067811865E-1,0.E0));
#2352=DIRECTION('',(-7.071067811865E-1,7.071067811865E-1,0.E0));
#2353=AXIS2_PLACEMENT_3D('',#2350,#2351,#2352);
#2354=PLANE('',#2353);
#2355=ORIENTED_EDGE('',*,*,#2299,.T.);
#2357=ORIENTED_EDGE('',*,*,#2356,.T.);
#2359=ORIENTED_EDGE('',*,*,#2358,.T.);
#2360=ORIENTED_EDGE('',*,*,#2342,.F.);
#2361=EDGE_LOOP('',(#2355,#2357,#2359,#2360));
#2362=FACE_OUTER_BOUND('',#2361,.F.);
#2364=CARTESIAN_POINT('',(8.500001095162E-1,-6.5E-1,1.E-2));
#2365=DIRECTION('',(0.E0,1.E0,0.E0));
#2366=DIRECTION('',(0.E0,0.E0,1.E0));
#2367=AXIS2_PLACEMENT_3D('',#2364,#2365,#2366);
#2368=PLANE('',#2367);
#2369=ORIENTED_EDGE('',*,*,#2297,.T.);
#2371=ORIENTED_EDGE('',*,*,#2370,.T.);
#2373=ORIENTED_EDGE('',*,*,#2372,.F.);
#2374=ORIENTED_EDGE('',*,*,#2356,.F.);
#2375=EDGE_LOOP('',(#2369,#2371,#2373,#2374));
#2376=FACE_OUTER_BOUND('',#2375,.F.);
#2378=CARTESIAN_POINT('',(8.500001095162E-1,-2.5E-1,1.E-2));
#2379=DIRECTION('',(1.E0,0.E0,0.E0));
#2380=DIRECTION('',(0.E0,0.E0,-1.E0));
#2381=AXIS2_PLACEMENT_3D('',#2378,#2379,#2380);
#2382=PLANE('',#2381);
#2383=ORIENTED_EDGE('',*,*,#2295,.T.);
#2385=ORIENTED_EDGE('',*,*,#2384,.T.);
#2387=ORIENTED_EDGE('',*,*,#2386,.F.);
#2388=ORIENTED_EDGE('',*,*,#2370,.F.);
#2389=EDGE_LOOP('',(#2383,#2385,#2387,#2388));
#2390=FACE_OUTER_BOUND('',#2389,.F.);
#2392=CARTESIAN_POINT('',(1.430000109516E0,-2.5E-1,1.E-2));
#2393=DIRECTION('',(0.E0,-1.E0,0.E0));
#2394=DIRECTION('',(0.E0,0.E0,-1.E0));
#2395=AXIS2_PLACEMENT_3D('',#2392,#2393,#2394);
#2396=PLANE('',#2395);
#2397=ORIENTED_EDGE('',*,*,#2293,.T.);
#2399=ORIENTED_EDGE('',*,*,#2398,.T.);
#2401=ORIENTED_EDGE('',*,*,#2400,.F.);
#2402=ORIENTED_EDGE('',*,*,#2384,.F.);
#2403=EDGE_LOOP('',(#2397,#2399,#2401,#2402));
#2404=FACE_OUTER_BOUND('',#2403,.F.);
#2406=CARTESIAN_POINT('',(1.430000109516E0,-3.3E-1,1.E-2));
#2407=DIRECTION('',(-1.E0,0.E0,0.E0));
#2408=DIRECTION('',(0.E0,0.E0,1.E0));
#2409=AXIS2_PLACEMENT_3D('',#2406,#2407,#2408);
#2410=PLANE('',#2409);
#2411=ORIENTED_EDGE('',*,*,#2291,.T.);
#2413=ORIENTED_EDGE('',*,*,#2412,.T.);
#2415=ORIENTED_EDGE('',*,*,#2414,.F.);
#2416=ORIENTED_EDGE('',*,*,#2398,.F.);
#2417=EDGE_LOOP('',(#2411,#2413,#2415,#2416));
#2418=FACE_OUTER_BOUND('',#2417,.F.);
#2420=CARTESIAN_POINT('',(1.6E0,-3.3E-1,1.E-2));
#2421=DIRECTION('',(0.E0,0.E0,-1.E0));
#2422=DIRECTION('',(-1.E0,0.E0,0.E0));
#2423=AXIS2_PLACEMENT_3D('',#2420,#2421,#2422);
#2424=CYLINDRICAL_SURFACE('',#2423,1.699998904838E-1);
#2425=ORIENTED_EDGE('',*,*,#2289,.T.);
#2427=ORIENTED_EDGE('',*,*,#2426,.F.);
#2429=ORIENTED_EDGE('',*,*,#2428,.T.);
#2430=ORIENTED_EDGE('',*,*,#2412,.F.);
#2431=EDGE_LOOP('',(#2425,#2427,#2429,#2430));
#2432=FACE_OUTER_BOUND('',#2431,.F.);
#2434=CARTESIAN_POINT('',(1.499999935579E0,-5.439340885646E-1,1.E-2));
#2435=DIRECTION('',(-1.E0,0.E0,0.E0));
#2436=DIRECTION('',(0.E0,0.E0,1.E0));
#2437=AXIS2_PLACEMENT_3D('',#2434,#2435,#2436);
#2438=PLANE('',#2437);
#2439=ORIENTED_EDGE('',*,*,#2287,.T.);
#2441=ORIENTED_EDGE('',*,*,#2440,.T.);
#2443=ORIENTED_EDGE('',*,*,#2442,.F.);
#2444=ORIENTED_EDGE('',*,*,#2426,.T.);
#2445=EDGE_LOOP('',(#2439,#2441,#2443,#2444));
#2446=FACE_OUTER_BOUND('',#2445,.F.);
#2448=CARTESIAN_POINT('',(1.536065935579E0,-5.800000885646E-1,1.E-2));
#2449=DIRECTION('',(-7.071067811865E-1,-7.071067811865E-1,0.E0));
#2450=DIRECTION('',(7.071067811865E-1,-7.071067811865E-1,0.E0));
#2451=AXIS2_PLACEMENT_3D('',#2448,#2449,#2450);
#2452=PLANE('',#2451);
#2453=ORIENTED_EDGE('',*,*,#2285,.T.);
#2455=ORIENTED_EDGE('',*,*,#2454,.T.);
#2457=ORIENTED_EDGE('',*,*,#2456,.T.);
#2458=ORIENTED_EDGE('',*,*,#2440,.F.);
#2459=EDGE_LOOP('',(#2453,#2455,#2457,#2458));
#2460=FACE_OUTER_BOUND('',#2459,.F.);
#2462=CARTESIAN_POINT('',(1.599999935579E0,-5.800000885646E-1,1.E-2));
#2463=DIRECTION('',(0.E0,-1.E0,0.E0));
#2464=DIRECTION('',(0.E0,0.E0,-1.E0));
#2465=AXIS2_PLACEMENT_3D('',#2462,#2463,#2464);
#2466=PLANE('',#2465);
#2467=ORIENTED_EDGE('',*,*,#2283,.T.);
#2468=ORIENTED_EDGE('',*,*,#2270,.T.);
#2470=ORIENTED_EDGE('',*,*,#2469,.F.);
#2471=ORIENTED_EDGE('',*,*,#2454,.F.);
#2472=EDGE_LOOP('',(#2467,#2468,#2470,#2471));
#2473=FACE_OUTER_BOUND('',#2472,.F.);
#2475=CARTESIAN_POINT('',(1.600000029802E0,-7.500000298024E-1,1.E-2));
#2476=DIRECTION('',(0.E0,0.E0,1.E0));
#2477=DIRECTION('',(1.E0,0.E0,0.E0));
#2478=AXIS2_PLACEMENT_3D('',#2475,#2476,#2477);
#2479=PLANE('',#2478);
#2480=ORIENTED_EDGE('',*,*,#2316,.F.);
#2481=ORIENTED_EDGE('',*,*,#2330,.T.);
#2482=ORIENTED_EDGE('',*,*,#2344,.T.);
#2483=ORIENTED_EDGE('',*,*,#2358,.F.);
#2484=ORIENTED_EDGE('',*,*,#2372,.T.);
#2485=ORIENTED_EDGE('',*,*,#2386,.T.);
#2486=ORIENTED_EDGE('',*,*,#2400,.T.);
#2487=ORIENTED_EDGE('',*,*,#2414,.T.);
#2488=ORIENTED_EDGE('',*,*,#2428,.F.);
#2489=ORIENTED_EDGE('',*,*,#2442,.T.);
#2490=ORIENTED_EDGE('',*,*,#2456,.F.);
#2491=ORIENTED_EDGE('',*,*,#2469,.T.);
#2492=ORIENTED_EDGE('',*,*,#2268,.T.);
#2493=EDGE_LOOP('',(#2480,#2481,#2482,#2483,#2484,#2485,#2486,#2487,#2488,#2489,
#2490,#2491,#2492));
#2494=FACE_OUTER_BOUND('',#2493,.F.);
#2496=CLOSED_SHELL('',(#2274,#2307,#2321,#2335,#2349,#2363,#2377,#2391,#2405,
#2419,#2433,#2447,#2461,#2474,#2495));
#2497=MANIFOLD_SOLID_BREP('',#2496);
#2498=FILL_AREA_STYLE_COLOUR('',#124);
#2499=FILL_AREA_STYLE('',(#2498));
#2500=SURFACE_STYLE_FILL_AREA(#2499);
#2501=SURFACE_SIDE_STYLE('',(#2500));
#2502=SURFACE_STYLE_USAGE(.BOTH.,#2501);
#2503=PRESENTATION_STYLE_ASSIGNMENT((#2502));
#1929=STYLED_ITEM('',(#2503),#2497);
#2504=PRESENTATION_LAYER_ASSIGNMENT('9_ALL_SOLID_GEOM_4','',(#1929,#2274,#2307,
#2321,#2335,#2349,#2363,#2377,#2391,#2405,#2419,#2433,#2447,#2461,#2474,#2495));
#2505=PRESENTATION_LAYER_ASSIGNMENT('INTF_YELLOW_2','',(#1929,#2274,#2307,#2321,
#2335,#2349,#2363,#2377,#2391,#2405,#2419,#2433,#2447,#2461,#2474,#2495));
#2506=PRESENTATION_LAYER_ASSIGNMENT('NONE_2','',(#1929,#2274,#2307,#2321,#2335,
#2349,#2363,#2377,#2391,#2405,#2419,#2433,#2447,#2461,#2474,#2495));
#2507=PRESENTATION_LAYER_ASSIGNMENT('_2087','',(#1929,#2274,#2307,#2321,#2335,
#2349,#2363,#2377,#2391,#2405,#2419,#2433,#2447,#2461,#2474,#2495));
#2510=PLANE_ANGLE_MEASURE_WITH_UNIT(PLANE_ANGLE_MEASURE(1.745329251994E-2),
#2509);
#2511=(CONVERSION_BASED_UNIT('DEGREE',#2510)NAMED_UNIT(*)PLANE_ANGLE_UNIT());
#2513=UNCERTAINTY_MEASURE_WITH_UNIT(LENGTH_MEASURE(9.014071796580E-5),#2508,
'distance_accuracy_value',
'Maximum model space distance between geometric entities at asserted connectivities');
#2515=CARTESIAN_POINT('',(0.E0,0.E0,0.E0));
#2516=DIRECTION('',(0.E0,0.E0,1.E0));
#2517=DIRECTION('',(1.E0,0.E0,0.E0));
#2520=PRODUCT_DEFINITION_CONTEXT('part definition',#1203,'design');
#2521=PRODUCT_CONTEXT('',#1203,'mechanical');
#2522=PRODUCT('____-______O__1_2__1_2_3_4','____-______O__1_2__1_2_3_4',
'NOT SPECIFIED',(#2521));
#2523=PRODUCT_DEFINITION_FORMATION('1','LAST_VERSION',#2522);
#2531=DERIVED_UNIT_ELEMENT(#2530,2.E0);
#2532=DERIVED_UNIT((#2531));
#2533=MEASURE_REPRESENTATION_ITEM('surface area measure',AREA_MEASURE(
5.468970769722E-1),#2532);
#2538=DERIVED_UNIT_ELEMENT(#2537,3.E0);
#2539=DERIVED_UNIT((#2538));
#2540=MEASURE_REPRESENTATION_ITEM('volume measure',VOLUME_MEASURE(
2.616540823213E-3),#2539);
#2544=CARTESIAN_POINT('centre point',(1.178556299951E0,-4.658522048799E-1,
5.E-3));
#2549=DERIVED_UNIT_ELEMENT(#2548,2.E0);
#2550=DERIVED_UNIT((#2549));
#2551=MEASURE_REPRESENTATION_ITEM('surface area measure',AREA_MEASURE(
5.468970769722E-1),#2550);
#2556=DERIVED_UNIT_ELEMENT(#2555,3.E0);
#2557=DERIVED_UNIT((#2556));
#2558=MEASURE_REPRESENTATION_ITEM('volume measure',VOLUME_MEASURE(
2.616540823213E-3),#2557);
#2562=CARTESIAN_POINT('centre point',(1.178556299951E0,-4.658522048799E-1,
5.E-3));
#2569=CARTESIAN_POINT('centre point',(1.178556299951E0,-4.658522048799E-1,
5.E-3));
#2573=CARTESIAN_POINT('',(0.E0,0.E0,0.E0));
#2574=DIRECTION('',(0.E0,0.E0,1.E0));
#2575=DIRECTION('',(1.E0,0.E0,0.E0));
#2576=AXIS2_PLACEMENT_3D('',#2573,#2574,#2575);
#2577=ITEM_DEFINED_TRANSFORMATION('','',#2518,#2576);
#2578=CARTESIAN_POINT('',(0.E0,0.E0,0.E0));
#2579=DIRECTION('',(0.E0,0.E0,1.E0));
#2580=DIRECTION('',(1.E0,0.E0,0.E0));
#2582=(REPRESENTATION_RELATIONSHIP('','',#2519,#1911)REPRESENTATION_RELATIONSHIP_WITH_TRANSFORMATION(#2577)SHAPE_REPRESENTATION_RELATIONSHIP());
#2583=CONTEXT_DEPENDENT_SHAPE_REPRESENTATION(#2582,#2568);
#2585=DIRECTION('',(0.E0,0.E0,1.E0));
#2586=VECTOR('',#2585,1.E-2);
#2587=CARTESIAN_POINT('',(-1.430000109516E0,6.86066E-1,0.E0));
#2588=LINE('',#2587,#2586);
#2589=CURVE_STYLE('',#134,POSITIVE_LENGTH_MEASURE(2.E-2),#124);
#2590=PRESENTATION_STYLE_ASSIGNMENT((#2589));
#2591=STYLED_ITEM('',(#2590),#2588);
#2592=CARTESIAN_POINT('',(-1.600000029802E0,7.500000298024E-1,0.E0));
#2593=DIRECTION('',(0.E0,0.E0,1.E0));
#2594=DIRECTION('',(5.167759546940E-7,-9.999999999999E-1,0.E0));
#2595=AXIS2_PLACEMENT_3D('',#2592,#2593,#2594);
#2597=CURVE_STYLE('',#134,POSITIVE_LENGTH_MEASURE(2.E-2),#124);
#2598=PRESENTATION_STYLE_ASSIGNMENT((#2597));
#2599=STYLED_ITEM('',(#2598),#2596);
#2600=DIRECTION('',(-8.589535376055E-7,9.999999999996E-1,0.E0));
#2601=VECTOR('',#2600,4.999991324684E-2);
#2602=CARTESIAN_POINT('',(-1.599999946315E0,5.800000885646E-1,0.E0));
#2603=LINE('',#2602,#2601);
#2604=CURVE_STYLE('',#134,POSITIVE_LENGTH_MEASURE(2.E-2),#124);
#2605=PRESENTATION_STYLE_ASSIGNMENT((#2604));
#2606=STYLED_ITEM('',(#2605),#2603);
#2607=DIRECTION('',(-1.E0,0.E0,0.E0));
#2608=VECTOR('',#2607,6.393401073690E-2);
#2609=CARTESIAN_POINT('',(-1.536065935579E0,5.800000885646E-1,0.E0));
#2610=LINE('',#2609,#2608);
#2611=CURVE_STYLE('',#134,POSITIVE_LENGTH_MEASURE(2.E-2),#124);
#2612=PRESENTATION_STYLE_ASSIGNMENT((#2611));
#2613=STYLED_ITEM('',(#2612),#2610);
#2614=DIRECTION('',(-7.071067811865E-1,7.071067811865E-1,0.E0));
#2615=VECTOR('',#2614,5.100502634055E-2);
#2616=CARTESIAN_POINT('',(-1.499999935579E0,5.439340885646E-1,0.E0));
#2617=LINE('',#2616,#2615);
#2618=CURVE_STYLE('',#134,POSITIVE_LENGTH_MEASURE(2.E-2),#124);
#2619=PRESENTATION_STYLE_ASSIGNMENT((#2618));
#2620=STYLED_ITEM('',(#2619),#2617);
#2621=DIRECTION('',(0.E0,1.E0,0.E0));
#2622=VECTOR('',#2621,7.6457E-2);
#2623=CARTESIAN_POINT('',(-1.499999935579E0,4.674770885646E-1,0.E0));
#2624=LINE('',#2623,#2622);
#2625=CURVE_STYLE('',#134,POSITIVE_LENGTH_MEASURE(2.E-2),#124);
#2626=PRESENTATION_STYLE_ASSIGNMENT((#2625));
#2627=STYLED_ITEM('',(#2626),#2624);
#2628=CARTESIAN_POINT('',(-1.6E0,3.3E-1,0.E0));
#2629=DIRECTION('',(0.E0,0.E0,1.E0));
#2630=DIRECTION('',(1.E0,0.E0,0.E0));
#2631=AXIS2_PLACEMENT_3D('',#2628,#2629,#2630);
#2633=CURVE_STYLE('',#134,POSITIVE_LENGTH_MEASURE(2.E-2),#124);
#2634=PRESENTATION_STYLE_ASSIGNMENT((#2633));
#2635=STYLED_ITEM('',(#2634),#2632);
#2636=DIRECTION('',(0.E0,1.E0,0.E0));
#2637=VECTOR('',#2636,8.E-2);
#2638=CARTESIAN_POINT('',(-1.430000109516E0,2.5E-1,0.E0));
#2639=LINE('',#2638,#2637);
#2640=CURVE_STYLE('',#134,POSITIVE_LENGTH_MEASURE(2.E-2),#124);
#2641=PRESENTATION_STYLE_ASSIGNMENT((#2640));
#2642=STYLED_ITEM('',(#2641),#2639);
#2643=DIRECTION('',(-1.E0,0.E0,0.E0));
#2644=VECTOR('',#2643,5.8E-1);
#2645=CARTESIAN_POINT('',(-8.500001095162E-1,2.5E-1,0.E0));
#2646=LINE('',#2645,#2644);
#2647=CURVE_STYLE('',#134,POSITIVE_LENGTH_MEASURE(2.E-2),#124);
#2648=PRESENTATION_STYLE_ASSIGNMENT((#2647));
#2649=STYLED_ITEM('',(#2648),#2646);
#2650=DIRECTION('',(0.E0,-1.E0,0.E0));
#2651=VECTOR('',#2650,4.E-1);
#2652=CARTESIAN_POINT('',(-8.500001095162E-1,6.5E-1,0.E0));
#2653=LINE('',#2652,#2651);
#2654=CURVE_STYLE('',#134,POSITIVE_LENGTH_MEASURE(2.E-2),#124);
#2655=PRESENTATION_STYLE_ASSIGNMENT((#2654));
#2656=STYLED_ITEM('',(#2655),#2653);
#2657=DIRECTION('',(1.E0,0.E0,0.E0));
#2658=VECTOR('',#2657,5.43934E-1);
#2659=CARTESIAN_POINT('',(-1.393934109516E0,6.5E-1,0.E0));
#2660=LINE('',#2659,#2658);
#2661=CURVE_STYLE('',#134,POSITIVE_LENGTH_MEASURE(2.E-2),#124);
#2662=PRESENTATION_STYLE_ASSIGNMENT((#2661));
#2663=STYLED_ITEM('',(#2662),#2660);
#2664=DIRECTION('',(7.071067811865E-1,-7.071067811865E-1,0.E0));
#2665=VECTOR('',#2664,5.100502634055E-2);
#2666=CARTESIAN_POINT('',(-1.430000109516E0,6.86066E-1,0.E0));
#2667=LINE('',#2666,#2665);
#2668=CURVE_STYLE('',#134,POSITIVE_LENGTH_MEASURE(2.E-2),#124);
#2669=PRESENTATION_STYLE_ASSIGNMENT((#2668));
#2670=STYLED_ITEM('',(#2669),#2667);
#2671=DIRECTION('',(0.E0,-1.E0,0.E0));
#2672=VECTOR('',#2671,6.3934E-2);
#2673=CARTESIAN_POINT('',(-1.430000109516E0,7.5E-1,0.E0));
#2674=LINE('',#2673,#2672);
#2675=CURVE_STYLE('',#134,POSITIVE_LENGTH_MEASURE(2.E-2),#124);
#2676=PRESENTATION_STYLE_ASSIGNMENT((#2675));
#2677=STYLED_ITEM('',(#2676),#2674);
#2678=DIRECTION('',(1.E0,0.E0,0.E0));
#2679=VECTOR('',#2678,4.999989135432E-2);
#2680=CARTESIAN_POINT('',(-1.480000000871E0,7.5E-1,0.E0));
#2681=LINE('',#2680,#2679);
#2682=CURVE_STYLE('',#134,POSITIVE_LENGTH_MEASURE(2.E-2),#124);
#2683=PRESENTATION_STYLE_ASSIGNMENT((#2682));
#2684=STYLED_ITEM('',(#2683),#2681);
#2685=DIRECTION('',(-2.264854970235E-12,0.E0,-1.E0));
#2686=VECTOR('',#2685,1.E-2);
#2687=CARTESIAN_POINT('',(-1.480000000871E0,7.5E-1,1.E-2));
#2688=LINE('',#2687,#2686);
#2689=CURVE_STYLE('',#134,POSITIVE_LENGTH_MEASURE(2.E-2),#124);
#2690=PRESENTATION_STYLE_ASSIGNMENT((#2689));
#2691=STYLED_ITEM('',(#2690),#2688);
#2692=DIRECTION('',(0.E0,4.685141163918E-12,1.E0));
#2693=VECTOR('',#2692,1.E-2);
#2694=CARTESIAN_POINT('',(-1.599999989263E0,6.300000018114E-1,0.E0));
#2695=LINE('',#2694,#2693);
#2696=CURVE_STYLE('',#134,POSITIVE_LENGTH_MEASURE(2.E-2),#124);
#2697=PRESENTATION_STYLE_ASSIGNMENT((#2696));
#2698=STYLED_ITEM('',(#2697),#2695);
#2699=DIRECTION('',(1.E0,0.E0,0.E0));
#2700=VECTOR('',#2699,4.999989135430E-2);
#2701=CARTESIAN_POINT('',(-1.480000000871E0,7.5E-1,1.E-2));
#2702=LINE('',#2701,#2700);
#2703=CURVE_STYLE('',#134,POSITIVE_LENGTH_MEASURE(2.E-2),#124);
#2704=PRESENTATION_STYLE_ASSIGNMENT((#2703));
#2705=STYLED_ITEM('',(#2704),#2702);
#2706=DIRECTION('',(0.E0,-1.E0,0.E0));
#2707=VECTOR('',#2706,6.3934E-2);
#2708=CARTESIAN_POINT('',(-1.430000109516E0,7.5E-1,1.E-2));
#2709=LINE('',#2708,#2707);
#2710=CURVE_STYLE('',#134,POSITIVE_LENGTH_MEASURE(2.E-2),#124);
#2711=PRESENTATION_STYLE_ASSIGNMENT((#2710));
#2712=STYLED_ITEM('',(#2711),#2709);
#2713=DIRECTION('',(0.E0,0.E0,1.E0));
#2714=VECTOR('',#2713,1.E-2);
#2715=CARTESIAN_POINT('',(-1.430000109516E0,7.5E-1,0.E0));
#2716=LINE('',#2715,#2714);
#2717=CURVE_STYLE('',#134,POSITIVE_LENGTH_MEASURE(2.E-2),#124);
#2718=PRESENTATION_STYLE_ASSIGNMENT((#2717));
#2719=STYLED_ITEM('',(#2718),#2716);
#2720=CARTESIAN_POINT('',(-1.600000029802E0,7.500000298024E-1,1.E-2));
#2721=DIRECTION('',(0.E0,0.E0,-1.E0));
#2722=DIRECTION('',(1.E0,-2.483534908586E-7,0.E0));
#2723=AXIS2_PLACEMENT_3D('',#2720,#2721,#2722);
#2725=CURVE_STYLE('',#134,POSITIVE_LENGTH_MEASURE(2.E-2),#124);
#2726=PRESENTATION_STYLE_ASSIGNMENT((#2725));
#2727=STYLED_ITEM('',(#2726),#2724);
#2728=DIRECTION('',(-7.071067811865E-1,7.071067811865E-1,0.E0));
#2729=VECTOR('',#2728,5.100502634055E-2);
#2730=CARTESIAN_POINT('',(-1.393934109516E0,6.5E-1,1.E-2));
#2731=LINE('',#2730,#2729);
#2732=CURVE_STYLE('',#134,POSITIVE_LENGTH_MEASURE(2.E-2),#124);
#2733=PRESENTATION_STYLE_ASSIGNMENT((#2732));
#2734=STYLED_ITEM('',(#2733),#2731);
#2735=CARTESIAN_POINT('',(-1.6E0,3.3E-1,1.E-2));
#2736=DIRECTION('',(0.E0,0.E0,-1.E0));
#2737=DIRECTION('',(5.882360520165E-1,8.086892772308E-1,0.E0));
#2738=AXIS2_PLACEMENT_3D('',#2735,#2736,#2737);
#2740=CURVE_STYLE('',#134,POSITIVE_LENGTH_MEASURE(2.E-2),#124);
#2741=PRESENTATION_STYLE_ASSIGNMENT((#2740));
#2742=STYLED_ITEM('',(#2741),#2739);
#2743=DIRECTION('',(7.071067811865E-1,-7.071067811865E-1,0.E0));
#2744=VECTOR('',#2743,5.100502634055E-2);
#2745=CARTESIAN_POINT('',(-1.536065935579E0,5.800000885646E-1,1.E-2));
#2746=LINE('',#2745,#2744);
#2747=CURVE_STYLE('',#134,POSITIVE_LENGTH_MEASURE(2.E-2),#124);
#2748=PRESENTATION_STYLE_ASSIGNMENT((#2747));
#2749=STYLED_ITEM('',(#2748),#2746);
#2750=DIRECTION('',(1.E0,0.E0,0.E0));
#2751=VECTOR('',#2750,5.43934E-1);
#2752=CARTESIAN_POINT('',(-1.393934109516E0,6.5E-1,1.E-2));
#2753=LINE('',#2752,#2751);
#2754=CURVE_STYLE('',#134,POSITIVE_LENGTH_MEASURE(2.E-2),#124);
#2755=PRESENTATION_STYLE_ASSIGNMENT((#2754));
#2756=STYLED_ITEM('',(#2755),#2753);
#2757=DIRECTION('',(0.E0,0.E0,1.E0));
#2758=VECTOR('',#2757,1.E-2);
#2759=CARTESIAN_POINT('',(-1.393934109516E0,6.5E-1,0.E0));
#2760=LINE('',#2759,#2758);
#2761=CURVE_STYLE('',#134,POSITIVE_LENGTH_MEASURE(2.E-2),#124);
#2762=PRESENTATION_STYLE_ASSIGNMENT((#2761));
#2763=STYLED_ITEM('',(#2762),#2760);
#2764=DIRECTION('',(0.E0,-1.E0,0.E0));
#2765=VECTOR('',#2764,4.E-1);
#2766=CARTESIAN_POINT('',(-8.500001095162E-1,6.5E-1,1.E-2));
#2767=LINE('',#2766,#2765);
#2768=CURVE_STYLE('',#134,POSITIVE_LENGTH_MEASURE(2.E-2),#124);
#2769=PRESENTATION_STYLE_ASSIGNMENT((#2768));
#2770=STYLED_ITEM('',(#2769),#2767);
#2771=DIRECTION('',(0.E0,0.E0,1.E0));
#2772=VECTOR('',#2771,1.E-2);
#2773=CARTESIAN_POINT('',(-8.500001095162E-1,6.5E-1,0.E0));
#2774=LINE('',#2773,#2772);
#2775=CURVE_STYLE('',#134,POSITIVE_LENGTH_MEASURE(2.E-2),#124);
#2776=PRESENTATION_STYLE_ASSIGNMENT((#2775));
#2777=STYLED_ITEM('',(#2776),#2774);
#2778=DIRECTION('',(-1.E0,0.E0,0.E0));
#2779=VECTOR('',#2778,5.8E-1);
#2780=CARTESIAN_POINT('',(-8.500001095162E-1,2.5E-1,1.E-2));
#2781=LINE('',#2780,#2779);
#2782=CURVE_STYLE('',#134,POSITIVE_LENGTH_MEASURE(2.E-2),#124);
#2783=PRESENTATION_STYLE_ASSIGNMENT((#2782));
#2784=STYLED_ITEM('',(#2783),#2781);
#2785=DIRECTION('',(0.E0,0.E0,1.E0));
#2786=VECTOR('',#2785,1.E-2);
#2787=CARTESIAN_POINT('',(-8.500001095162E-1,2.5E-1,0.E0));
#2788=LINE('',#2787,#2786);
#2789=CURVE_STYLE('',#134,POSITIVE_LENGTH_MEASURE(2.E-2),#124);
#2790=PRESENTATION_STYLE_ASSIGNMENT((#2789));
#2791=STYLED_ITEM('',(#2790),#2788);
#2792=DIRECTION('',(0.E0,1.E0,0.E0));
#2793=VECTOR('',#2792,8.E-2);
#2794=CARTESIAN_POINT('',(-1.430000109516E0,2.5E-1,1.E-2));
#2795=LINE('',#2794,#2793);
#2796=CURVE_STYLE('',#134,POSITIVE_LENGTH_MEASURE(2.E-2),#124);
#2797=PRESENTATION_STYLE_ASSIGNMENT((#2796));
#2798=STYLED_ITEM('',(#2797),#2795);
#2799=DIRECTION('',(0.E0,0.E0,1.E0));
#2800=VECTOR('',#2799,1.E-2);
#2801=CARTESIAN_POINT('',(-1.430000109516E0,2.5E-1,0.E0));
#2802=LINE('',#2801,#2800);
#2803=CURVE_STYLE('',#134,POSITIVE_LENGTH_MEASURE(2.E-2),#124);
#2804=PRESENTATION_STYLE_ASSIGNMENT((#2803));
#2805=STYLED_ITEM('',(#2804),#2802);
#2806=DIRECTION('',(0.E0,0.E0,-1.E0));
#2807=VECTOR('',#2806,1.E-2);
#2808=CARTESIAN_POINT('',(-1.499999935579E0,4.674770885646E-1,1.E-2));
#2809=LINE('',#2808,#2807);
#2810=CURVE_STYLE('',#134,POSITIVE_LENGTH_MEASURE(2.E-2),#124);
#2811=PRESENTATION_STYLE_ASSIGNMENT((#2810));
#2812=STYLED_ITEM('',(#2811),#2809);
#2813=DIRECTION('',(0.E0,0.E0,1.E0));
#2814=VECTOR('',#2813,1.E-2);
#2815=CARTESIAN_POINT('',(-1.430000109516E0,3.3E-1,0.E0));
#2816=LINE('',#2815,#2814);
#2817=CURVE_STYLE('',#134,POSITIVE_LENGTH_MEASURE(2.E-2),#124);
#2818=PRESENTATION_STYLE_ASSIGNMENT((#2817));
#2819=STYLED_ITEM('',(#2818),#2816);
#2820=DIRECTION('',(0.E0,1.E0,0.E0));
#2821=VECTOR('',#2820,7.6457E-2);
#2822=CARTESIAN_POINT('',(-1.499999935579E0,4.674770885646E-1,1.E-2));
#2823=LINE('',#2822,#2821);
#2824=CURVE_STYLE('',#134,POSITIVE_LENGTH_MEASURE(2.E-2),#124);
#2825=PRESENTATION_STYLE_ASSIGNMENT((#2824));
#2826=STYLED_ITEM('',(#2825),#2823);
#2827=DIRECTION('',(0.E0,0.E0,1.E0));
#2828=VECTOR('',#2827,1.E-2);
#2829=CARTESIAN_POINT('',(-1.499999935579E0,5.439340885646E-1,0.E0));
#2830=LINE('',#2829,#2828);
#2831=CURVE_STYLE('',#134,POSITIVE_LENGTH_MEASURE(2.E-2),#124);
#2832=PRESENTATION_STYLE_ASSIGNMENT((#2831));
#2833=STYLED_ITEM('',(#2832),#2830);
#2834=DIRECTION('',(-1.E0,0.E0,0.E0));
#2835=VECTOR('',#2834,6.393401073690E-2);
#2836=CARTESIAN_POINT('',(-1.536065935579E0,5.800000885646E-1,1.E-2));
#2837=LINE('',#2836,#2835);
#2838=CURVE_STYLE('',#134,POSITIVE_LENGTH_MEASURE(2.E-2),#124);
#2839=PRESENTATION_STYLE_ASSIGNMENT((#2838));
#2840=STYLED_ITEM('',(#2839),#2837);
#2841=DIRECTION('',(0.E0,0.E0,1.E0));
#2842=VECTOR('',#2841,1.E-2);
#2843=CARTESIAN_POINT('',(-1.536065935579E0,5.800000885646E-1,0.E0));
#2844=LINE('',#2843,#2842);
#2845=CURVE_STYLE('',#134,POSITIVE_LENGTH_MEASURE(2.E-2),#124);
#2846=PRESENTATION_STYLE_ASSIGNMENT((#2845));
#2847=STYLED_ITEM('',(#2846),#2844);
#2848=DIRECTION('',(-8.589535376047E-7,9.999999999996E-1,0.E0));
#2849=VECTOR('',#2848,4.999991324689E-2);
#2850=CARTESIAN_POINT('',(-1.599999946315E0,5.800000885646E-1,1.E-2));
#2851=LINE('',#2850,#2849);
#2852=CURVE_STYLE('',#134,POSITIVE_LENGTH_MEASURE(2.E-2),#124);
#2853=PRESENTATION_STYLE_ASSIGNMENT((#2852));
#2854=STYLED_ITEM('',(#2853),#2851);
#2855=DIRECTION('',(0.E0,0.E0,1.E0));
#2856=VECTOR('',#2855,1.E-2);
#2857=CARTESIAN_POINT('',(-1.599999946315E0,5.800000885646E-1,0.E0));
#2858=LINE('',#2857,#2856);
#2859=CURVE_STYLE('',#134,POSITIVE_LENGTH_MEASURE(2.E-2),#124);
#2860=PRESENTATION_STYLE_ASSIGNMENT((#2859));
#2861=STYLED_ITEM('',(#2860),#2858);
#2862=CARTESIAN_POINT('',(-1.480000000871E0,7.5E-1,1.E-2));
#2863=CARTESIAN_POINT('',(-1.430000109516E0,7.5E-1,1.E-2));
#2864=VERTEX_POINT('',#2862);
#2865=VERTEX_POINT('',#2863);
#2866=CARTESIAN_POINT('',(-1.599999967789E0,6.3E-1,1.E-2));
#2867=VERTEX_POINT('',#2866);
#2868=CARTESIAN_POINT('',(-1.599999967789E0,6.3E-1,0.E0));
#2869=CARTESIAN_POINT('',(-1.48E0,7.5E-1,0.E0));
#2870=VERTEX_POINT('',#2868);
#2871=VERTEX_POINT('',#2869);
#2872=CARTESIAN_POINT('',(-1.430000109516E0,2.5E-1,0.E0));
#2873=CARTESIAN_POINT('',(-1.430000109516E0,3.3E-1,0.E0));
#2874=VERTEX_POINT('',#2872);
#2875=VERTEX_POINT('',#2873);
#2876=CARTESIAN_POINT('',(-8.500001095162E-1,2.5E-1,1.E-2));
#2877=CARTESIAN_POINT('',(-1.430000109516E0,2.5E-1,1.E-2));
#2878=VERTEX_POINT('',#2876);
#2879=VERTEX_POINT('',#2877);
#2880=CARTESIAN_POINT('',(-1.499999935579E0,4.674770885646E-1,0.E0));
#2881=CARTESIAN_POINT('',(-1.499999935579E0,5.439340885646E-1,0.E0));
#2882=VERTEX_POINT('',#2880);
#2883=VERTEX_POINT('',#2881);
#2884=CARTESIAN_POINT('',(-8.500001095162E-1,2.5E-1,0.E0));
#2885=VERTEX_POINT('',#2884);
#2886=CARTESIAN_POINT('',(-1.430000109516E0,7.5E-1,0.E0));
#2887=VERTEX_POINT('',#2886);
#2888=CARTESIAN_POINT('',(-1.536065935579E0,5.800000885646E-1,0.E0));
#2889=VERTEX_POINT('',#2888);
#2890=CARTESIAN_POINT('',(-1.536065935579E0,5.800000885646E-1,1.E-2));
#2891=CARTESIAN_POINT('',(-1.599999946315E0,5.800000885646E-1,1.E-2));
#2892=VERTEX_POINT('',#2890);
#2893=VERTEX_POINT('',#2891);
#2894=CARTESIAN_POINT('',(-1.499999935579E0,4.674770885646E-1,1.E-2));
#2895=VERTEX_POINT('',#2894);
#2896=CARTESIAN_POINT('',(-1.499999935579E0,5.439340885646E-1,1.E-2));
#2897=VERTEX_POINT('',#2896);
#2898=CARTESIAN_POINT('',(-1.393934109516E0,6.5E-1,0.E0));
#2899=CARTESIAN_POINT('',(-8.500001095162E-1,6.5E-1,0.E0));
#2900=VERTEX_POINT('',#2898);
#2901=VERTEX_POINT('',#2899);
#2902=CARTESIAN_POINT('',(-1.393934109516E0,6.5E-1,1.E-2));
#2903=CARTESIAN_POINT('',(-1.430000109516E0,6.86066E-1,1.E-2));
#2904=VERTEX_POINT('',#2902);
#2905=VERTEX_POINT('',#2903);
#2906=CARTESIAN_POINT('',(-1.430000109516E0,6.86066E-1,0.E0));
#2907=VERTEX_POINT('',#2906);
#2908=CARTESIAN_POINT('',(-1.599999946315E0,5.800000885646E-1,0.E0));
#2909=VERTEX_POINT('',#2908);
#2910=CARTESIAN_POINT('',(-8.500001095162E-1,6.5E-1,1.E-2));
#2911=VERTEX_POINT('',#2910);
#2912=CARTESIAN_POINT('',(-1.430000109516E0,3.3E-1,1.E-2));
#2913=VERTEX_POINT('',#2912);
#2914=CARTESIAN_POINT('',(-1.430000109516E0,6.86066E-1,1.E-2));
#2915=DIRECTION('',(-7.071067811865E-1,-7.071067811865E-1,0.E0));
#2916=DIRECTION('',(7.071067811865E-1,-7.071067811865E-1,0.E0));
#2917=AXIS2_PLACEMENT_3D('',#2914,#2915,#2916);
#2918=PLANE('',#2917);
#2920=ORIENTED_EDGE('',*,*,#2919,.T.);
#2922=ORIENTED_EDGE('',*,*,#2921,.T.);
#2924=ORIENTED_EDGE('',*,*,#2923,.T.);
#2926=ORIENTED_EDGE('',*,*,#2925,.F.);
#2927=EDGE_LOOP('',(#2920,#2922,#2924,#2926));
#2928=FACE_OUTER_BOUND('',#2927,.F.);
#2930=CARTESIAN_POINT('',(-1.600000029802E0,7.500000298024E-1,0.E0));
#2931=DIRECTION('',(0.E0,0.E0,1.E0));
#2932=DIRECTION('',(1.E0,0.E0,0.E0));
#2933=AXIS2_PLACEMENT_3D('',#2930,#2931,#2932);
#2934=PLANE('',#2933);
#2936=ORIENTED_EDGE('',*,*,#2935,.F.);
#2938=ORIENTED_EDGE('',*,*,#2937,.F.);
#2940=ORIENTED_EDGE('',*,*,#2939,.F.);
#2942=ORIENTED_EDGE('',*,*,#2941,.F.);
#2944=ORIENTED_EDGE('',*,*,#2943,.F.);
#2946=ORIENTED_EDGE('',*,*,#2945,.F.);
#2948=ORIENTED_EDGE('',*,*,#2947,.F.);
#2950=ORIENTED_EDGE('',*,*,#2949,.F.);
#2952=ORIENTED_EDGE('',*,*,#2951,.F.);
#2954=ORIENTED_EDGE('',*,*,#2953,.F.);
#2955=ORIENTED_EDGE('',*,*,#2919,.F.);
#2957=ORIENTED_EDGE('',*,*,#2956,.F.);
#2959=ORIENTED_EDGE('',*,*,#2958,.F.);
#2960=EDGE_LOOP('',(#2936,#2938,#2940,#2942,#2944,#2946,#2948,#2950,#2952,#2954,
#2955,#2957,#2959));
#2961=FACE_OUTER_BOUND('',#2960,.F.);
#2963=CARTESIAN_POINT('',(-1.600000029802E0,7.500000298024E-1,1.E-2));
#2964=DIRECTION('',(0.E0,0.E0,-1.E0));
#2965=DIRECTION('',(-1.E0,0.E0,0.E0));
#2966=AXIS2_PLACEMENT_3D('',#2963,#2964,#2965);
#2967=CYLINDRICAL_SURFACE('',#2966,1.200000298024E-1);
#2968=ORIENTED_EDGE('',*,*,#2935,.T.);
#2970=ORIENTED_EDGE('',*,*,#2969,.F.);
#2972=ORIENTED_EDGE('',*,*,#2971,.T.);
#2974=ORIENTED_EDGE('',*,*,#2973,.F.);
#2975=EDGE_LOOP('',(#2968,#2970,#2972,#2974));
#2976=FACE_OUTER_BOUND('',#2975,.F.);
#2978=CARTESIAN_POINT('',(-1.48E0,7.5E-1,1.E-2));
#2979=DIRECTION('',(0.E0,-1.E0,0.E0));
#2980=DIRECTION('',(1.E0,0.E0,0.E0));
#2981=AXIS2_PLACEMENT_3D('',#2978,#2979,#2980);
#2982=PLANE('',#2981);
#2983=ORIENTED_EDGE('',*,*,#2958,.T.);
#2985=ORIENTED_EDGE('',*,*,#2984,.T.);
#2987=ORIENTED_EDGE('',*,*,#2986,.F.);
#2988=ORIENTED_EDGE('',*,*,#2969,.T.);
#2989=EDGE_LOOP('',(#2983,#2985,#2987,#2988));
#2990=FACE_OUTER_BOUND('',#2989,.F.);
#2992=CARTESIAN_POINT('',(-1.430000109516E0,7.5E-1,1.E-2));
#2993=DIRECTION('',(-1.E0,0.E0,0.E0));
#2994=DIRECTION('',(0.E0,0.E0,1.E0));
#2995=AXIS2_PLACEMENT_3D('',#2992,#2993,#2994);
#2996=PLANE('',#2995);
#2997=ORIENTED_EDGE('',*,*,#2956,.T.);
#2998=ORIENTED_EDGE('',*,*,#2925,.T.);
#3000=ORIENTED_EDGE('',*,*,#2999,.F.);
#3001=ORIENTED_EDGE('',*,*,#2984,.F.);
#3002=EDGE_LOOP('',(#2997,#2998,#3000,#3001));
#3003=FACE_OUTER_BOUND('',#3002,.F.);
#3005=CARTESIAN_POINT('',(-1.600000029802E0,7.500000298024E-1,1.E-2));
#3006=DIRECTION('',(0.E0,0.E0,1.E0));
#3007=DIRECTION('',(1.E0,0.E0,0.E0));
#3008=AXIS2_PLACEMENT_3D('',#3005,#3006,#3007);
#3009=PLANE('',#3008);
#3010=ORIENTED_EDGE('',*,*,#2971,.F.);
#3011=ORIENTED_EDGE('',*,*,#2986,.T.);
#3012=ORIENTED_EDGE('',*,*,#2999,.T.);
#3013=ORIENTED_EDGE('',*,*,#2923,.F.);
#3015=ORIENTED_EDGE('',*,*,#3014,.T.);
#3017=ORIENTED_EDGE('',*,*,#3016,.T.);
#3019=ORIENTED_EDGE('',*,*,#3018,.T.);
#3021=ORIENTED_EDGE('',*,*,#3020,.T.);
#3023=ORIENTED_EDGE('',*,*,#3022,.F.);
#3025=ORIENTED_EDGE('',*,*,#3024,.T.);
#3027=ORIENTED_EDGE('',*,*,#3026,.F.);
#3029=ORIENTED_EDGE('',*,*,#3028,.T.);
#3031=ORIENTED_EDGE('',*,*,#3030,.T.);
#3032=EDGE_LOOP('',(#3010,#3011,#3012,#3013,#3015,#3017,#3019,#3021,#3023,#3025,
#3027,#3029,#3031));
#3033=FACE_OUTER_BOUND('',#3032,.F.);
#3035=CARTESIAN_POINT('',(-1.393934109516E0,6.5E-1,1.E-2));
#3036=DIRECTION('',(0.E0,-1.E0,0.E0));
#3037=DIRECTION('',(0.E0,0.E0,-1.E0));
#3038=AXIS2_PLACEMENT_3D('',#3035,#3036,#3037);
#3039=PLANE('',#3038);
#3040=ORIENTED_EDGE('',*,*,#2953,.T.);
#3042=ORIENTED_EDGE('',*,*,#3041,.T.);
#3043=ORIENTED_EDGE('',*,*,#3014,.F.);
#3044=ORIENTED_EDGE('',*,*,#2921,.F.);
#3045=EDGE_LOOP('',(#3040,#3042,#3043,#3044));
#3046=FACE_OUTER_BOUND('',#3045,.F.);
#3048=CARTESIAN_POINT('',(-8.500001095162E-1,6.5E-1,1.E-2));
#3049=DIRECTION('',(-1.E0,0.E0,0.E0));
#3050=DIRECTION('',(0.E0,0.E0,1.E0));
#3051=AXIS2_PLACEMENT_3D('',#3048,#3049,#3050);
#3052=PLANE('',#3051);
#3053=ORIENTED_EDGE('',*,*,#2951,.T.);
#3055=ORIENTED_EDGE('',*,*,#3054,.T.);
#3056=ORIENTED_EDGE('',*,*,#3016,.F.);
#3057=ORIENTED_EDGE('',*,*,#3041,.F.);
#3058=EDGE_LOOP('',(#3053,#3055,#3056,#3057));
#3059=FACE_OUTER_BOUND('',#3058,.F.);
#3061=CARTESIAN_POINT('',(-8.500001095162E-1,2.5E-1,1.E-2));
#3062=DIRECTION('',(0.E0,1.E0,0.E0));
#3063=DIRECTION('',(0.E0,0.E0,1.E0));
#3064=AXIS2_PLACEMENT_3D('',#3061,#3062,#3063);
#3065=PLANE('',#3064);
#3066=ORIENTED_EDGE('',*,*,#2949,.T.);
#3068=ORIENTED_EDGE('',*,*,#3067,.T.);
#3069=ORIENTED_EDGE('',*,*,#3018,.F.);
#3070=ORIENTED_EDGE('',*,*,#3054,.F.);
#3071=EDGE_LOOP('',(#3066,#3068,#3069,#3070));
#3072=FACE_OUTER_BOUND('',#3071,.F.);
#3074=CARTESIAN_POINT('',(-1.430000109516E0,2.5E-1,1.E-2));
#3075=DIRECTION('',(1.E0,0.E0,0.E0));
#3076=DIRECTION('',(0.E0,0.E0,-1.E0));
#3077=AXIS2_PLACEMENT_3D('',#3074,#3075,#3076);
#3078=PLANE('',#3077);
#3079=ORIENTED_EDGE('',*,*,#2947,.T.);
#3081=ORIENTED_EDGE('',*,*,#3080,.T.);
#3082=ORIENTED_EDGE('',*,*,#3020,.F.);
#3083=ORIENTED_EDGE('',*,*,#3067,.F.);
#3084=EDGE_LOOP('',(#3079,#3081,#3082,#3083));
#3085=FACE_OUTER_BOUND('',#3084,.F.);
#3087=CARTESIAN_POINT('',(-1.6E0,3.3E-1,1.E-2));
#3088=DIRECTION('',(0.E0,0.E0,-1.E0));
#3089=DIRECTION('',(-1.E0,0.E0,0.E0));
#3090=AXIS2_PLACEMENT_3D('',#3087,#3088,#3089);
#3091=CYLINDRICAL_SURFACE('',#3090,1.699998904838E-1);
#3092=ORIENTED_EDGE('',*,*,#2945,.T.);
#3094=ORIENTED_EDGE('',*,*,#3093,.F.);
#3095=ORIENTED_EDGE('',*,*,#3022,.T.);
#3096=ORIENTED_EDGE('',*,*,#3080,.F.);
#3097=EDGE_LOOP('',(#3092,#3094,#3095,#3096));
#3098=FACE_OUTER_BOUND('',#3097,.F.);
#3100=CARTESIAN_POINT('',(-1.499999935579E0,4.674770885646E-1,1.E-2));
#3101=DIRECTION('',(1.E0,0.E0,0.E0));
#3102=DIRECTION('',(0.E0,0.E0,-1.E0));
#3103=AXIS2_PLACEMENT_3D('',#3100,#3101,#3102);
#3104=PLANE('',#3103);
#3105=ORIENTED_EDGE('',*,*,#2943,.T.);
#3107=ORIENTED_EDGE('',*,*,#3106,.T.);
#3108=ORIENTED_EDGE('',*,*,#3024,.F.);
#3109=ORIENTED_EDGE('',*,*,#3093,.T.);
#3110=EDGE_LOOP('',(#3105,#3107,#3108,#3109));
#3111=FACE_OUTER_BOUND('',#3110,.F.);
#3113=CARTESIAN_POINT('',(-1.499999935579E0,5.439340885646E-1,1.E-2));
#3114=DIRECTION('',(7.071067811865E-1,7.071067811865E-1,0.E0));
#3115=DIRECTION('',(-7.071067811865E-1,7.071067811865E-1,0.E0));
#3116=AXIS2_PLACEMENT_3D('',#3113,#3114,#3115);
#3117=PLANE('',#3116);
#3118=ORIENTED_EDGE('',*,*,#2941,.T.);
#3120=ORIENTED_EDGE('',*,*,#3119,.T.);
#3121=ORIENTED_EDGE('',*,*,#3026,.T.);
#3122=ORIENTED_EDGE('',*,*,#3106,.F.);
#3123=EDGE_LOOP('',(#3118,#3120,#3121,#3122));
#3124=FACE_OUTER_BOUND('',#3123,.F.);
#3126=CARTESIAN_POINT('',(-1.536065935579E0,5.800000885646E-1,1.E-2));
#3127=DIRECTION('',(0.E0,1.E0,0.E0));
#3128=DIRECTION('',(0.E0,0.E0,1.E0));
#3129=AXIS2_PLACEMENT_3D('',#3126,#3127,#3128);
#3130=PLANE('',#3129);
#3131=ORIENTED_EDGE('',*,*,#2939,.T.);
#3133=ORIENTED_EDGE('',*,*,#3132,.T.);
#3134=ORIENTED_EDGE('',*,*,#3028,.F.);
#3135=ORIENTED_EDGE('',*,*,#3119,.F.);
#3136=EDGE_LOOP('',(#3131,#3133,#3134,#3135));
#3137=FACE_OUTER_BOUND('',#3136,.F.);
#3139=CARTESIAN_POINT('',(-1.599999935579E0,5.800000885646E-1,1.E-2));
#3140=DIRECTION('',(9.999999999992E-1,1.288430348680E-6,0.E0));
#3141=DIRECTION('',(-1.288430348680E-6,9.999999999992E-1,0.E0));
#3142=AXIS2_PLACEMENT_3D('',#3139,#3140,#3141);
#3143=PLANE('',#3142);
#3144=ORIENTED_EDGE('',*,*,#2937,.T.);
#3145=ORIENTED_EDGE('',*,*,#2973,.T.);
#3146=ORIENTED_EDGE('',*,*,#3030,.F.);
#3147=ORIENTED_EDGE('',*,*,#3132,.F.);
#3148=EDGE_LOOP('',(#3144,#3145,#3146,#3147));
#3149=FACE_OUTER_BOUND('',#3148,.F.);
#3151=CLOSED_SHELL('',(#2929,#2962,#2977,#2991,#3004,#3034,#3047,#3060,#3073,
#3086,#3099,#3112,#3125,#3138,#3150));
#3152=MANIFOLD_SOLID_BREP('',#3151);
#3153=FILL_AREA_STYLE_COLOUR('',#124);
#3154=FILL_AREA_STYLE('',(#3153));
#3155=SURFACE_STYLE_FILL_AREA(#3154);
#3156=SURFACE_SIDE_STYLE('',(#3155));
#3157=SURFACE_STYLE_USAGE(.BOTH.,#3156);
#3158=PRESENTATION_STYLE_ASSIGNMENT((#3157));
#2584=STYLED_ITEM('',(#3158),#3152);
#3159=PRESENTATION_LAYER_ASSIGNMENT('9_ALL_SOLID_GEOM_5','',(#2584,#2929,#2962,
#2977,#2991,#3004,#3034,#3047,#3060,#3073,#3086,#3099,#3112,#3125,#3138,#3150));
#3160=PRESENTATION_LAYER_ASSIGNMENT('INTF_YELLOW_3','',(#2584,#2929,#2962,#2977,
#2991,#3004,#3034,#3047,#3060,#3073,#3086,#3099,#3112,#3125,#3138,#3150));
#3161=PRESENTATION_LAYER_ASSIGNMENT('NONE','',(#2584,#2929,#2962,#2977,#2991,
#3004,#3034,#3047,#3060,#3073,#3086,#3099,#3112,#3125,#3138,#3150));
#3162=PRESENTATION_LAYER_ASSIGNMENT('_573','',(#2584,#2929,#2962,#2977,#2991,
#3004,#3034,#3047,#3060,#3073,#3086,#3099,#3112,#3125,#3138,#3150));
#3165=PLANE_ANGLE_MEASURE_WITH_UNIT(PLANE_ANGLE_MEASURE(1.745329251994E-2),
#3164);
#3166=(CONVERSION_BASED_UNIT('DEGREE',#3165)NAMED_UNIT(*)PLANE_ANGLE_UNIT());
#3168=UNCERTAINTY_MEASURE_WITH_UNIT(LENGTH_MEASURE(9.014071796580E-5),#3163,
'distance_accuracy_value',
'Maximum model space distance between geometric entities at asserted connectivities');
#3170=CARTESIAN_POINT('',(0.E0,0.E0,0.E0));
#3171=DIRECTION('',(0.E0,0.E0,1.E0));
#3172=DIRECTION('',(1.E0,0.E0,0.E0));
#3175=PRODUCT_CONTEXT('',#1203,'mechanical');
#3176=PRODUCT('____-______O__1_4__1_2_3_4','____-______O__1_4__1_2_3_4',
'NOT SPECIFIED',(#3175));
#3177=PRODUCT_DEFINITION_FORMATION('1','LAST_VERSION',#3176);
#3185=DERIVED_UNIT_ELEMENT(#3184,2.E0);
#3186=DERIVED_UNIT((#3185));
#3187=MEASURE_REPRESENTATION_ITEM('surface area measure',AREA_MEASURE(
5.468970675752E-1),#3186);
#3192=DERIVED_UNIT_ELEMENT(#3191,3.E0);
#3193=DERIVED_UNIT((#3192));
#3194=MEASURE_REPRESENTATION_ITEM('volume measure',VOLUME_MEASURE(
2.616540782716E-3),#3193);
#3198=CARTESIAN_POINT('centre point',(-1.178556296535E0,4.658522013560E-1,
5.E-3));
#3203=DERIVED_UNIT_ELEMENT(#3202,2.E0);
#3204=DERIVED_UNIT((#3203));
#3205=MEASURE_REPRESENTATION_ITEM('surface area measure',AREA_MEASURE(
5.468970675752E-1),#3204);
#3210=DERIVED_UNIT_ELEMENT(#3209,3.E0);
#3211=DERIVED_UNIT((#3210));
#3212=MEASURE_REPRESENTATION_ITEM('volume measure',VOLUME_MEASURE(
2.616540782716E-3),#3211);
#3216=CARTESIAN_POINT('centre point',(-1.178556296535E0,4.658522013560E-1,
5.E-3));
#3223=CARTESIAN_POINT('centre point',(-1.178556296535E0,4.658522013560E-1,
5.E-3));
#3227=CARTESIAN_POINT('',(0.E0,0.E0,0.E0));
#3228=DIRECTION('',(0.E0,0.E0,1.E0));
#3229=DIRECTION('',(1.E0,0.E0,0.E0));
#3230=AXIS2_PLACEMENT_3D('',#3227,#3228,#3229);
#3231=ITEM_DEFINED_TRANSFORMATION('','',#3173,#3230);
#3232=CARTESIAN_POINT('',(0.E0,0.E0,0.E0));
#3233=DIRECTION('',(0.E0,0.E0,1.E0));
#3234=DIRECTION('',(1.E0,0.E0,0.E0));
#3236=(REPRESENTATION_RELATIONSHIP('','',#3174,#1911)REPRESENTATION_RELATIONSHIP_WITH_TRANSFORMATION(#3231)SHAPE_REPRESENTATION_RELATIONSHIP());
#3237=CONTEXT_DEPENDENT_SHAPE_REPRESENTATION(#3236,#3222);
#3239=DIRECTION('',(0.E0,0.E0,1.E0));
#3240=VECTOR('',#3239,1.E-2);
#3241=CARTESIAN_POINT('',(-1.393934109516E0,-6.5E-1,0.E0));
#3242=LINE('',#3241,#3240);
#3243=CURVE_STYLE('',#134,POSITIVE_LENGTH_MEASURE(2.E-2),#124);
#3244=PRESENTATION_STYLE_ASSIGNMENT((#3243));
#3245=STYLED_ITEM('',(#3244),#3242);
#3246=CARTESIAN_POINT('',(-1.600000059605E0,-7.500000596046E-1,0.E0));
#3247=DIRECTION('',(0.E0,0.E0,1.E0));
#3248=DIRECTION('',(9.999999999999E-1,4.967051449158E-7,0.E0));
#3249=AXIS2_PLACEMENT_3D('',#3246,#3247,#3248);
#3251=CURVE_STYLE('',#134,POSITIVE_LENGTH_MEASURE(2.E-2),#124);
#3252=PRESENTATION_STYLE_ASSIGNMENT((#3251));
#3253=STYLED_ITEM('',(#3252),#3250);
#3254=DIRECTION('',(-1.E0,0.E0,0.E0));
#3255=VECTOR('',#3254,4.999989222483E-2);
#3256=CARTESIAN_POINT('',(-1.430000109516E0,-7.5E-1,0.E0));
#3257=LINE('',#3256,#3255);
#3258=CURVE_STYLE('',#134,POSITIVE_LENGTH_MEASURE(2.E-2),#124);
#3259=PRESENTATION_STYLE_ASSIGNMENT((#3258));
#3260=STYLED_ITEM('',(#3259),#3257);
#3261=DIRECTION('',(0.E0,-1.E0,0.E0));
#3262=VECTOR('',#3261,6.3934E-2);
#3263=CARTESIAN_POINT('',(-1.430000109516E0,-6.86066E-1,0.E0));
#3264=LINE('',#3263,#3262);
#3265=CURVE_STYLE('',#134,POSITIVE_LENGTH_MEASURE(2.E-2),#124);
#3266=PRESENTATION_STYLE_ASSIGNMENT((#3265));
#3267=STYLED_ITEM('',(#3266),#3264);
#3268=DIRECTION('',(-7.071067811865E-1,-7.071067811865E-1,0.E0));
#3269=VECTOR('',#3268,5.100502634055E-2);
#3270=CARTESIAN_POINT('',(-1.393934109516E0,-6.5E-1,0.E0));
#3271=LINE('',#3270,#3269);
#3272=CURVE_STYLE('',#134,POSITIVE_LENGTH_MEASURE(2.E-2),#124);
#3273=PRESENTATION_STYLE_ASSIGNMENT((#3272));
#3274=STYLED_ITEM('',(#3273),#3271);
#3275=DIRECTION('',(-1.E0,0.E0,0.E0));
#3276=VECTOR('',#3275,5.43934E-1);
#3277=CARTESIAN_POINT('',(-8.500001095162E-1,-6.5E-1,0.E0));
#3278=LINE('',#3277,#3276);
#3279=CURVE_STYLE('',#134,POSITIVE_LENGTH_MEASURE(2.E-2),#124);
#3280=PRESENTATION_STYLE_ASSIGNMENT((#3279));
#3281=STYLED_ITEM('',(#3280),#3278);
#3282=DIRECTION('',(0.E0,-1.E0,0.E0));
#3283=VECTOR('',#3282,2.E-1);
#3284=CARTESIAN_POINT('',(-8.500001095162E-1,-4.5E-1,0.E0));
#3285=LINE('',#3284,#3283);
#3286=CURVE_STYLE('',#134,POSITIVE_LENGTH_MEASURE(2.E-2),#124);
#3287=PRESENTATION_STYLE_ASSIGNMENT((#3286));
#3288=STYLED_ITEM('',(#3287),#3285);
#3289=DIRECTION('',(7.071067811865E-1,-7.071067811865E-1,0.E0));
#3290=VECTOR('',#3289,2.828427124746E-1);
#3291=CARTESIAN_POINT('',(-1.050000109516E0,-2.5E-1,0.E0));
#3292=LINE('',#3291,#3290);
#3293=CURVE_STYLE('',#134,POSITIVE_LENGTH_MEASURE(2.E-2),#124);
#3294=PRESENTATION_STYLE_ASSIGNMENT((#3293));
#3295=STYLED_ITEM('',(#3294),#3292);
#3296=DIRECTION('',(1.E0,0.E0,0.E0));
#3297=VECTOR('',#3296,3.8E-1);
#3298=CARTESIAN_POINT('',(-1.430000109516E0,-2.5E-1,0.E0));
#3299=LINE('',#3298,#3297);
#3300=CURVE_STYLE('',#134,POSITIVE_LENGTH_MEASURE(2.E-2),#124);
#3301=PRESENTATION_STYLE_ASSIGNMENT((#3300));
#3302=STYLED_ITEM('',(#3301),#3299);
#3303=DIRECTION('',(0.E0,1.E0,0.E0));
#3304=VECTOR('',#3303,7.999999999999E-2);
#3305=CARTESIAN_POINT('',(-1.430000109516E0,-3.3E-1,0.E0));
#3306=LINE('',#3305,#3304);
#3307=CURVE_STYLE('',#134,POSITIVE_LENGTH_MEASURE(2.E-2),#124);
#3308=PRESENTATION_STYLE_ASSIGNMENT((#3307));
#3309=STYLED_ITEM('',(#3308),#3306);
#3310=CARTESIAN_POINT('',(-1.6E0,-3.3E-1,0.E0));
#3311=DIRECTION('',(0.E0,0.E0,1.E0));
#3312=DIRECTION('',(5.882360520165E-1,-8.086892772308E-1,0.E0));
#3313=AXIS2_PLACEMENT_3D('',#3310,#3311,#3312);
#3315=CURVE_STYLE('',#134,POSITIVE_LENGTH_MEASURE(2.E-2),#124);
#3316=PRESENTATION_STYLE_ASSIGNMENT((#3315));
#3317=STYLED_ITEM('',(#3316),#3314);
#3318=DIRECTION('',(0.E0,1.E0,0.E0));
#3319=VECTOR('',#3318,7.6457E-2);
#3320=CARTESIAN_POINT('',(-1.499999935579E0,-5.439340885646E-1,0.E0));
#3321=LINE('',#3320,#3319);
#3322=CURVE_STYLE('',#134,POSITIVE_LENGTH_MEASURE(2.E-2),#124);
#3323=PRESENTATION_STYLE_ASSIGNMENT((#3322));
#3324=STYLED_ITEM('',(#3323),#3321);
#3325=DIRECTION('',(7.071067811865E-1,7.071067811865E-1,0.E0));
#3326=VECTOR('',#3325,5.100502634055E-2);
#3327=CARTESIAN_POINT('',(-1.536065935579E0,-5.800000885646E-1,0.E0));
#3328=LINE('',#3327,#3326);
#3329=CURVE_STYLE('',#134,POSITIVE_LENGTH_MEASURE(2.E-2),#124);
#3330=PRESENTATION_STYLE_ASSIGNMENT((#3329));
#3331=STYLED_ITEM('',(#3330),#3328);
#3332=DIRECTION('',(1.E0,0.E0,0.E0));
#3333=VECTOR('',#3332,6.393401073690E-2);
#3334=CARTESIAN_POINT('',(-1.599999946315E0,-5.800000885646E-1,0.E0));
#3335=LINE('',#3334,#3333);
#3336=CURVE_STYLE('',#134,POSITIVE_LENGTH_MEASURE(2.E-2),#124);
#3337=PRESENTATION_STYLE_ASSIGNMENT((#3336));
#3338=STYLED_ITEM('',(#3337),#3335);
#3339=DIRECTION('',(8.589535226493E-7,9.999999999996E-1,0.E0));
#3340=VECTOR('',#3339,4.999991411745E-2);
#3341=CARTESIAN_POINT('',(-1.599999989263E0,-6.300000026820E-1,0.E0));
#3342=LINE('',#3341,#3340);
#3343=CURVE_STYLE('',#134,POSITIVE_LENGTH_MEASURE(2.E-2),#124);
#3344=PRESENTATION_STYLE_ASSIGNMENT((#3343));
#3345=STYLED_ITEM('',(#3344),#3342);
#3346=DIRECTION('',(0.E0,-6.938893903907E-12,-1.E0));
#3347=VECTOR('',#3346,1.E-2);
#3348=CARTESIAN_POINT('',(-1.599999989263E0,-6.300000026820E-1,1.E-2));
#3349=LINE('',#3348,#3347);
#3350=CURVE_STYLE('',#134,POSITIVE_LENGTH_MEASURE(2.E-2),#124);
#3351=PRESENTATION_STYLE_ASSIGNMENT((#3350));
#3352=STYLED_ITEM('',(#3351),#3349);
#3353=DIRECTION('',(-4.507505479978E-12,0.E0,1.E0));
#3354=VECTOR('',#3353,1.E-2);
#3355=CARTESIAN_POINT('',(-1.480000001741E0,-7.5E-1,0.E0));
#3356=LINE('',#3355,#3354);
#3357=CURVE_STYLE('',#134,POSITIVE_LENGTH_MEASURE(2.E-2),#124);
#3358=PRESENTATION_STYLE_ASSIGNMENT((#3357));
#3359=STYLED_ITEM('',(#3358),#3356);
#3360=DIRECTION('',(8.589535226505E-7,9.999999999996E-1,0.E0));
#3361=VECTOR('',#3360,4.999991411738E-2);
#3362=CARTESIAN_POINT('',(-1.599999989263E0,-6.300000026820E-1,1.E-2));
#3363=LINE('',#3362,#3361);
#3364=CURVE_STYLE('',#134,POSITIVE_LENGTH_MEASURE(2.E-2),#124);
#3365=PRESENTATION_STYLE_ASSIGNMENT((#3364));
#3366=STYLED_ITEM('',(#3365),#3363);
#3367=DIRECTION('',(1.E0,0.E0,0.E0));
#3368=VECTOR('',#3367,6.393401073690E-2);
#3369=CARTESIAN_POINT('',(-1.599999946315E0,-5.800000885646E-1,1.E-2));
#3370=LINE('',#3369,#3368);
#3371=CURVE_STYLE('',#134,POSITIVE_LENGTH_MEASURE(2.E-2),#124);
#3372=PRESENTATION_STYLE_ASSIGNMENT((#3371));
#3373=STYLED_ITEM('',(#3372),#3370);
#3374=DIRECTION('',(0.E0,0.E0,1.E0));
#3375=VECTOR('',#3374,1.E-2);
#3376=CARTESIAN_POINT('',(-1.599999946315E0,-5.800000885646E-1,0.E0));
#3377=LINE('',#3376,#3375);
#3378=CURVE_STYLE('',#134,POSITIVE_LENGTH_MEASURE(2.E-2),#124);
#3379=PRESENTATION_STYLE_ASSIGNMENT((#3378));
#3380=STYLED_ITEM('',(#3379),#3377);
#3381=DIRECTION('',(0.E0,0.E0,1.E0));
#3382=VECTOR('',#3381,1.E-2);
#3383=CARTESIAN_POINT('',(-1.536065935579E0,-5.800000885646E-1,0.E0));
#3384=LINE('',#3383,#3382);
#3385=CURVE_STYLE('',#134,POSITIVE_LENGTH_MEASURE(2.E-2),#124);
#3386=PRESENTATION_STYLE_ASSIGNMENT((#3385));
#3387=STYLED_ITEM('',(#3386),#3384);
#3388=DIRECTION('',(0.E0,1.E0,0.E0));
#3389=VECTOR('',#3388,7.6457E-2);
#3390=CARTESIAN_POINT('',(-1.499999935579E0,-5.439340885646E-1,1.E-2));
#3391=LINE('',#3390,#3389);
#3392=CURVE_STYLE('',#134,POSITIVE_LENGTH_MEASURE(2.E-2),#124);
#3393=PRESENTATION_STYLE_ASSIGNMENT((#3392));
#3394=STYLED_ITEM('',(#3393),#3391);
#3395=DIRECTION('',(0.E0,0.E0,1.E0));
#3396=VECTOR('',#3395,1.E-2);
#3397=CARTESIAN_POINT('',(-1.499999935579E0,-5.439340885646E-1,0.E0));
#3398=LINE('',#3397,#3396);
#3399=CURVE_STYLE('',#134,POSITIVE_LENGTH_MEASURE(2.E-2),#124);
#3400=PRESENTATION_STYLE_ASSIGNMENT((#3399));
#3401=STYLED_ITEM('',(#3400),#3398);
#3402=DIRECTION('',(0.E0,0.E0,-1.E0));
#3403=VECTOR('',#3402,1.E-2);
#3404=CARTESIAN_POINT('',(-1.430000109516E0,-3.3E-1,1.E-2));
#3405=LINE('',#3404,#3403);
#3406=CURVE_STYLE('',#134,POSITIVE_LENGTH_MEASURE(2.E-2),#124);
#3407=PRESENTATION_STYLE_ASSIGNMENT((#3406));
#3408=STYLED_ITEM('',(#3407),#3405);
#3409=DIRECTION('',(0.E0,0.E0,1.E0));
#3410=VECTOR('',#3409,1.E-2);
#3411=CARTESIAN_POINT('',(-1.499999935579E0,-4.674770885646E-1,0.E0));
#3412=LINE('',#3411,#3410);
#3413=CURVE_STYLE('',#134,POSITIVE_LENGTH_MEASURE(2.E-2),#124);
#3414=PRESENTATION_STYLE_ASSIGNMENT((#3413));
#3415=STYLED_ITEM('',(#3414),#3412);
#3416=DIRECTION('',(0.E0,1.E0,0.E0));
#3417=VECTOR('',#3416,7.999999999999E-2);
#3418=CARTESIAN_POINT('',(-1.430000109516E0,-3.3E-1,1.E-2));
#3419=LINE('',#3418,#3417);
#3420=CURVE_STYLE('',#134,POSITIVE_LENGTH_MEASURE(2.E-2),#124);
#3421=PRESENTATION_STYLE_ASSIGNMENT((#3420));
#3422=STYLED_ITEM('',(#3421),#3419);
#3423=DIRECTION('',(1.E0,0.E0,0.E0));
#3424=VECTOR('',#3423,3.8E-1);
#3425=CARTESIAN_POINT('',(-1.430000109516E0,-2.5E-1,1.E-2));
#3426=LINE('',#3425,#3424);
#3427=CURVE_STYLE('',#134,POSITIVE_LENGTH_MEASURE(2.E-2),#124);
#3428=PRESENTATION_STYLE_ASSIGNMENT((#3427));
#3429=STYLED_ITEM('',(#3428),#3426);
#3430=DIRECTION('',(0.E0,0.E0,1.E0));
#3431=VECTOR('',#3430,1.E-2);
#3432=CARTESIAN_POINT('',(-1.430000109516E0,-2.5E-1,0.E0));
#3433=LINE('',#3432,#3431);
#3434=CURVE_STYLE('',#134,POSITIVE_LENGTH_MEASURE(2.E-2),#124);
#3435=PRESENTATION_STYLE_ASSIGNMENT((#3434));
#3436=STYLED_ITEM('',(#3435),#3433);
#3437=DIRECTION('',(0.E0,0.E0,1.E0));
#3438=VECTOR('',#3437,1.E-2);
#3439=CARTESIAN_POINT('',(-1.050000109516E0,-2.5E-1,0.E0));
#3440=LINE('',#3439,#3438);
#3441=CURVE_STYLE('',#134,POSITIVE_LENGTH_MEASURE(2.E-2),#124);
#3442=PRESENTATION_STYLE_ASSIGNMENT((#3441));
#3443=STYLED_ITEM('',(#3442),#3440);
#3444=DIRECTION('',(0.E0,-1.E0,0.E0));
#3445=VECTOR('',#3444,2.E-1);
#3446=CARTESIAN_POINT('',(-8.500001095162E-1,-4.5E-1,1.E-2));
#3447=LINE('',#3446,#3445);
#3448=CURVE_STYLE('',#134,POSITIVE_LENGTH_MEASURE(2.E-2),#124);
#3449=PRESENTATION_STYLE_ASSIGNMENT((#3448));
#3450=STYLED_ITEM('',(#3449),#3447);
#3451=DIRECTION('',(0.E0,0.E0,1.E0));
#3452=VECTOR('',#3451,1.E-2);
#3453=CARTESIAN_POINT('',(-8.500001095162E-1,-4.5E-1,0.E0));
#3454=LINE('',#3453,#3452);
#3455=CURVE_STYLE('',#134,POSITIVE_LENGTH_MEASURE(2.E-2),#124);
#3456=PRESENTATION_STYLE_ASSIGNMENT((#3455));
#3457=STYLED_ITEM('',(#3456),#3454);
#3458=DIRECTION('',(-1.E0,0.E0,0.E0));
#3459=VECTOR('',#3458,5.43934E-1);
#3460=CARTESIAN_POINT('',(-8.500001095162E-1,-6.5E-1,1.E-2));
#3461=LINE('',#3460,#3459);
#3462=CURVE_STYLE('',#134,POSITIVE_LENGTH_MEASURE(2.E-2),#124);
#3463=PRESENTATION_STYLE_ASSIGNMENT((#3462));
#3464=STYLED_ITEM('',(#3463),#3461);
#3465=DIRECTION('',(0.E0,0.E0,1.E0));
#3466=VECTOR('',#3465,1.E-2);
#3467=CARTESIAN_POINT('',(-8.500001095162E-1,-6.5E-1,0.E0));
#3468=LINE('',#3467,#3466);
#3469=CURVE_STYLE('',#134,POSITIVE_LENGTH_MEASURE(2.E-2),#124);
#3470=PRESENTATION_STYLE_ASSIGNMENT((#3469));
#3471=STYLED_ITEM('',(#3470),#3468);
#3472=CARTESIAN_POINT('',(-1.600000059605E0,-7.500000596046E-1,1.E-2));
#3473=DIRECTION('',(0.E0,0.E0,-1.E0));
#3474=DIRECTION('',(7.651275568909E-7,9.999999999997E-1,0.E0));
#3475=AXIS2_PLACEMENT_3D('',#3472,#3473,#3474);
#3477=CURVE_STYLE('',#134,POSITIVE_LENGTH_MEASURE(2.E-2),#124);
#3478=PRESENTATION_STYLE_ASSIGNMENT((#3477));
#3479=STYLED_ITEM('',(#3478),#3476);
#3480=DIRECTION('',(-7.071067811865E-1,-7.071067811865E-1,0.E0));
#3481=VECTOR('',#3480,5.100502634055E-2);
#3482=CARTESIAN_POINT('',(-1.499999935579E0,-5.439340885646E-1,1.E-2));
#3483=LINE('',#3482,#3481);
#3484=CURVE_STYLE('',#134,POSITIVE_LENGTH_MEASURE(2.E-2),#124);
#3485=PRESENTATION_STYLE_ASSIGNMENT((#3484));
#3486=STYLED_ITEM('',(#3485),#3483);
#3487=CARTESIAN_POINT('',(-1.6E0,-3.3E-1,1.E-2));
#3488=DIRECTION('',(0.E0,0.E0,-1.E0));
#3489=DIRECTION('',(1.E0,0.E0,0.E0));
#3490=AXIS2_PLACEMENT_3D('',#3487,#3488,#3489);
#3492=CURVE_STYLE('',#134,POSITIVE_LENGTH_MEASURE(2.E-2),#124);
#3493=PRESENTATION_STYLE_ASSIGNMENT((#3492));
#3494=STYLED_ITEM('',(#3493),#3491);
#3495=DIRECTION('',(-7.071067811865E-1,7.071067811865E-1,0.E0));
#3496=VECTOR('',#3495,2.828427124746E-1);
#3497=CARTESIAN_POINT('',(-8.500001095162E-1,-4.5E-1,1.E-2));
#3498=LINE('',#3497,#3496);
#3499=CURVE_STYLE('',#134,POSITIVE_LENGTH_MEASURE(2.E-2),#124);
#3500=PRESENTATION_STYLE_ASSIGNMENT((#3499));
#3501=STYLED_ITEM('',(#3500),#3498);
#3502=DIRECTION('',(7.071067811865E-1,7.071067811865E-1,0.E0));
#3503=VECTOR('',#3502,5.100502634055E-2);
#3504=CARTESIAN_POINT('',(-1.430000109516E0,-6.86066E-1,1.E-2));
#3505=LINE('',#3504,#3503);
#3506=CURVE_STYLE('',#134,POSITIVE_LENGTH_MEASURE(2.E-2),#124);
#3507=PRESENTATION_STYLE_ASSIGNMENT((#3506));
#3508=STYLED_ITEM('',(#3507),#3505);
#3509=DIRECTION('',(0.E0,-1.E0,0.E0));
#3510=VECTOR('',#3509,6.3934E-2);
#3511=CARTESIAN_POINT('',(-1.430000109516E0,-6.86066E-1,1.E-2));
#3512=LINE('',#3511,#3510);
#3513=CURVE_STYLE('',#134,POSITIVE_LENGTH_MEASURE(2.E-2),#124);
#3514=PRESENTATION_STYLE_ASSIGNMENT((#3513));
#3515=STYLED_ITEM('',(#3514),#3512);
#3516=DIRECTION('',(0.E0,0.E0,1.E0));
#3517=VECTOR('',#3516,1.E-2);
#3518=CARTESIAN_POINT('',(-1.430000109516E0,-6.86066E-1,0.E0));
#3519=LINE('',#3518,#3517);
#3520=CURVE_STYLE('',#134,POSITIVE_LENGTH_MEASURE(2.E-2),#124);
#3521=PRESENTATION_STYLE_ASSIGNMENT((#3520));
#3522=STYLED_ITEM('',(#3521),#3519);
#3523=DIRECTION('',(-1.E0,0.E0,0.E0));
#3524=VECTOR('',#3523,4.999989222488E-2);
#3525=CARTESIAN_POINT('',(-1.430000109516E0,-7.5E-1,1.E-2));
#3526=LINE('',#3525,#3524);
#3527=CURVE_STYLE('',#134,POSITIVE_LENGTH_MEASURE(2.E-2),#124);
#3528=PRESENTATION_STYLE_ASSIGNMENT((#3527));
#3529=STYLED_ITEM('',(#3528),#3526);
#3530=DIRECTION('',(0.E0,0.E0,1.E0));
#3531=VECTOR('',#3530,1.E-2);
#3532=CARTESIAN_POINT('',(-1.430000109516E0,-7.5E-1,0.E0));
#3533=LINE('',#3532,#3531);
#3534=CURVE_STYLE('',#134,POSITIVE_LENGTH_MEASURE(2.E-2),#124);
#3535=PRESENTATION_STYLE_ASSIGNMENT((#3534));
#3536=STYLED_ITEM('',(#3535),#3533);
#3537=CARTESIAN_POINT('',(-1.393934109516E0,-6.5E-1,0.E0));
#3538=CARTESIAN_POINT('',(-1.430000109516E0,-6.86066E-1,0.E0));
#3539=VERTEX_POINT('',#3537);
#3540=VERTEX_POINT('',#3538);
#3541=CARTESIAN_POINT('',(-1.050000109516E0,-2.5E-1,0.E0));
#3542=CARTESIAN_POINT('',(-1.050000109516E0,-2.5E-1,1.E-2));
#3543=VERTEX_POINT('',#3541);
#3544=VERTEX_POINT('',#3542);
#3545=CARTESIAN_POINT('',(-8.500001095162E-1,-6.5E-1,1.E-2));
#3546=CARTESIAN_POINT('',(-1.393934109516E0,-6.5E-1,1.E-2));
#3547=VERTEX_POINT('',#3545);
#3548=VERTEX_POINT('',#3546);
#3549=CARTESIAN_POINT('',(-8.500001095162E-1,-4.5E-1,1.E-2));
#3550=VERTEX_POINT('',#3549);
#3551=CARTESIAN_POINT('',(-1.48E0,-7.5E-1,0.E0));
#3552=CARTESIAN_POINT('',(-1.599999967789E0,-6.3E-1,0.E0));
#3553=VERTEX_POINT('',#3551);
#3554=VERTEX_POINT('',#3552);
#3555=CARTESIAN_POINT('',(-1.536065935579E0,-5.800000885646E-1,0.E0));
#3556=CARTESIAN_POINT('',(-1.499999935579E0,-5.439340885646E-1,0.E0));
#3557=VERTEX_POINT('',#3555);
#3558=VERTEX_POINT('',#3556);
#3559=CARTESIAN_POINT('',(-1.430000109516E0,-3.3E-1,1.E-2));
#3560=CARTESIAN_POINT('',(-1.499999935579E0,-4.674770885646E-1,1.E-2));
#3561=VERTEX_POINT('',#3559);
#3562=VERTEX_POINT('',#3560);
#3563=CARTESIAN_POINT('',(-1.430000109516E0,-6.86066E-1,1.E-2));
#3564=CARTESIAN_POINT('',(-1.430000109516E0,-7.5E-1,1.E-2));
#3565=VERTEX_POINT('',#3563);
#3566=VERTEX_POINT('',#3564);
#3567=CARTESIAN_POINT('',(-8.500001095162E-1,-6.5E-1,0.E0));
#3568=VERTEX_POINT('',#3567);
#3569=CARTESIAN_POINT('',(-1.430000109516E0,-7.5E-1,0.E0));
#3570=VERTEX_POINT('',#3569);
#3571=CARTESIAN_POINT('',(-1.430000109516E0,-2.5E-1,0.E0));
#3572=CARTESIAN_POINT('',(-1.430000109516E0,-2.5E-1,1.E-2));
#3573=VERTEX_POINT('',#3571);
#3574=VERTEX_POINT('',#3572);
#3575=CARTESIAN_POINT('',(-8.500001095162E-1,-4.5E-1,0.E0));
#3576=VERTEX_POINT('',#3575);
#3577=CARTESIAN_POINT('',(-1.499999935579E0,-5.439340885646E-1,1.E-2));
#3578=VERTEX_POINT('',#3577);
#3579=CARTESIAN_POINT('',(-1.480000001741E0,-7.5E-1,1.E-2));
#3580=VERTEX_POINT('',#3579);
#3581=CARTESIAN_POINT('',(-1.599999946315E0,-5.800000885646E-1,0.E0));
#3582=VERTEX_POINT('',#3581);
#3583=CARTESIAN_POINT('',(-1.536065935579E0,-5.800000885646E-1,1.E-2));
#3584=VERTEX_POINT('',#3583);
#3585=CARTESIAN_POINT('',(-1.499999935579E0,-4.674770885646E-1,0.E0));
#3586=VERTEX_POINT('',#3585);
#3587=CARTESIAN_POINT('',(-1.430000109516E0,-3.3E-1,0.E0));
#3588=VERTEX_POINT('',#3587);
#3589=CARTESIAN_POINT('',(-1.599999967789E0,-6.3E-1,1.E-2));
#3590=VERTEX_POINT('',#3589);
#3591=CARTESIAN_POINT('',(-1.599999946315E0,-5.800000885646E-1,1.E-2));
#3592=VERTEX_POINT('',#3591);
#3593=CARTESIAN_POINT('',(-1.430000109516E0,-6.86066E-1,1.E-2));
#3594=DIRECTION('',(-7.071067811865E-1,7.071067811865E-1,0.E0));
#3595=DIRECTION('',(-7.071067811865E-1,-7.071067811865E-1,0.E0));
#3596=AXIS2_PLACEMENT_3D('',#3593,#3594,#3595);
#3597=PLANE('',#3596);
#3599=ORIENTED_EDGE('',*,*,#3598,.T.);
#3601=ORIENTED_EDGE('',*,*,#3600,.T.);
#3603=ORIENTED_EDGE('',*,*,#3602,.T.);
#3605=ORIENTED_EDGE('',*,*,#3604,.F.);
#3606=EDGE_LOOP('',(#3599,#3601,#3603,#3605));
#3607=FACE_OUTER_BOUND('',#3606,.F.);
#3609=CARTESIAN_POINT('',(-1.600000059605E0,-7.500000596046E-1,0.E0));
#3610=DIRECTION('',(0.E0,0.E0,1.E0));
#3611=DIRECTION('',(1.E0,0.E0,0.E0));
#3612=AXIS2_PLACEMENT_3D('',#3609,#3610,#3611);
#3613=PLANE('',#3612);
#3615=ORIENTED_EDGE('',*,*,#3614,.F.);
#3617=ORIENTED_EDGE('',*,*,#3616,.F.);
#3619=ORIENTED_EDGE('',*,*,#3618,.F.);
#3620=ORIENTED_EDGE('',*,*,#3598,.F.);
#3622=ORIENTED_EDGE('',*,*,#3621,.F.);
#3624=ORIENTED_EDGE('',*,*,#3623,.F.);
#3626=ORIENTED_EDGE('',*,*,#3625,.F.);
#3628=ORIENTED_EDGE('',*,*,#3627,.F.);
#3630=ORIENTED_EDGE('',*,*,#3629,.F.);
#3632=ORIENTED_EDGE('',*,*,#3631,.F.);
#3634=ORIENTED_EDGE('',*,*,#3633,.F.);
#3636=ORIENTED_EDGE('',*,*,#3635,.F.);
#3638=ORIENTED_EDGE('',*,*,#3637,.F.);
#3640=ORIENTED_EDGE('',*,*,#3639,.F.);
#3641=EDGE_LOOP('',(#3615,#3617,#3619,#3620,#3622,#3624,#3626,#3628,#3630,#3632,
#3634,#3636,#3638,#3640));
#3642=FACE_OUTER_BOUND('',#3641,.F.);
#3644=CARTESIAN_POINT('',(-1.600000059605E0,-7.500000596046E-1,1.E-2));
#3645=DIRECTION('',(0.E0,0.E0,-1.E0));
#3646=DIRECTION('',(-1.E0,0.E0,0.E0));
#3647=AXIS2_PLACEMENT_3D('',#3644,#3645,#3646);
#3648=CYLINDRICAL_SURFACE('',#3647,1.200000596047E-1);
#3649=ORIENTED_EDGE('',*,*,#3614,.T.);
#3651=ORIENTED_EDGE('',*,*,#3650,.F.);
#3653=ORIENTED_EDGE('',*,*,#3652,.T.);
#3655=ORIENTED_EDGE('',*,*,#3654,.F.);
#3656=EDGE_LOOP('',(#3649,#3651,#3653,#3655));
#3657=FACE_OUTER_BOUND('',#3656,.F.);
#3659=CARTESIAN_POINT('',(-1.6E0,-6.3E-1,1.E-2));
#3660=DIRECTION('',(9.999999999992E-1,-1.288430353016E-6,0.E0));
#3661=DIRECTION('',(1.288430353016E-6,9.999999999992E-1,0.E0));
#3662=AXIS2_PLACEMENT_3D('',#3659,#3660,#3661);
#3663=PLANE('',#3662);
#3664=ORIENTED_EDGE('',*,*,#3639,.T.);
#3666=ORIENTED_EDGE('',*,*,#3665,.T.);
#3668=ORIENTED_EDGE('',*,*,#3667,.F.);
#3669=ORIENTED_EDGE('',*,*,#3650,.T.);
#3670=EDGE_LOOP('',(#3664,#3666,#3668,#3669));
#3671=FACE_OUTER_BOUND('',#3670,.F.);
#3673=CARTESIAN_POINT('',(-1.536065935579E0,-5.800000885646E-1,1.E-2));
#3674=DIRECTION('',(0.E0,-1.E0,0.E0));
#3675=DIRECTION('',(0.E0,0.E0,-1.E0));
#3676=AXIS2_PLACEMENT_3D('',#3673,#3674,#3675);
#3677=PLANE('',#3676);
#3678=ORIENTED_EDGE('',*,*,#3637,.T.);
#3680=ORIENTED_EDGE('',*,*,#3679,.T.);
#3682=ORIENTED_EDGE('',*,*,#3681,.F.);
#3683=ORIENTED_EDGE('',*,*,#3665,.F.);
#3684=EDGE_LOOP('',(#3678,#3680,#3682,#3683));
#3685=FACE_OUTER_BOUND('',#3684,.F.);
#3687=CARTESIAN_POINT('',(-1.499999935579E0,-5.439340885646E-1,1.E-2));
#3688=DIRECTION('',(7.071067811865E-1,-7.071067811865E-1,0.E0));
#3689=DIRECTION('',(7.071067811865E-1,7.071067811865E-1,0.E0));
#3690=AXIS2_PLACEMENT_3D('',#3687,#3688,#3689);
#3691=PLANE('',#3690);
#3692=ORIENTED_EDGE('',*,*,#3635,.T.);
#3694=ORIENTED_EDGE('',*,*,#3693,.T.);
#3696=ORIENTED_EDGE('',*,*,#3695,.T.);
#3697=ORIENTED_EDGE('',*,*,#3679,.F.);
#3698=EDGE_LOOP('',(#3692,#3694,#3696,#3697));
#3699=FACE_OUTER_BOUND('',#3698,.F.);
#3701=CARTESIAN_POINT('',(-1.499999935579E0,-4.674770885646E-1,1.E-2));
#3702=DIRECTION('',(1.E0,0.E0,0.E0));
#3703=DIRECTION('',(0.E0,0.E0,-1.E0));
#3704=AXIS2_PLACEMENT_3D('',#3701,#3702,#3703);
#3705=PLANE('',#3704);
#3706=ORIENTED_EDGE('',*,*,#3633,.T.);
#3708=ORIENTED_EDGE('',*,*,#3707,.T.);
#3710=ORIENTED_EDGE('',*,*,#3709,.F.);
#3711=ORIENTED_EDGE('',*,*,#3693,.F.);
#3712=EDGE_LOOP('',(#3706,#3708,#3710,#3711));
#3713=FACE_OUTER_BOUND('',#3712,.F.);
#3715=CARTESIAN_POINT('',(-1.6E0,-3.3E-1,1.E-2));
#3716=DIRECTION('',(0.E0,0.E0,-1.E0));
#3717=DIRECTION('',(-1.E0,0.E0,0.E0));
#3718=AXIS2_PLACEMENT_3D('',#3715,#3716,#3717);
#3719=CYLINDRICAL_SURFACE('',#3718,1.699998904838E-1);
#3720=ORIENTED_EDGE('',*,*,#3631,.T.);
#3722=ORIENTED_EDGE('',*,*,#3721,.F.);
#3724=ORIENTED_EDGE('',*,*,#3723,.T.);
#3725=ORIENTED_EDGE('',*,*,#3707,.F.);
#3726=EDGE_LOOP('',(#3720,#3722,#3724,#3725));
#3727=FACE_OUTER_BOUND('',#3726,.F.);
#3729=CARTESIAN_POINT('',(-1.430000109516E0,-2.5E-1,1.E-2));
#3730=DIRECTION('',(1.E0,0.E0,0.E0));
#3731=DIRECTION('',(0.E0,0.E0,-1.E0));
#3732=AXIS2_PLACEMENT_3D('',#3729,#3730,#3731);
#3733=PLANE('',#3732);
#3734=ORIENTED_EDGE('',*,*,#3629,.T.);
#3736=ORIENTED_EDGE('',*,*,#3735,.T.);
#3738=ORIENTED_EDGE('',*,*,#3737,.F.);
#3739=ORIENTED_EDGE('',*,*,#3721,.T.);
#3740=EDGE_LOOP('',(#3734,#3736,#3738,#3739));
#3741=FACE_OUTER_BOUND('',#3740,.F.);
#3743=CARTESIAN_POINT('',(-1.050000109516E0,-2.5E-1,1.E-2));
#3744=DIRECTION('',(0.E0,-1.E0,0.E0));
#3745=DIRECTION('',(0.E0,0.E0,-1.E0));
#3746=AXIS2_PLACEMENT_3D('',#3743,#3744,#3745);
#3747=PLANE('',#3746);
#3748=ORIENTED_EDGE('',*,*,#3627,.T.);
#3750=ORIENTED_EDGE('',*,*,#3749,.T.);
#3752=ORIENTED_EDGE('',*,*,#3751,.F.);
#3753=ORIENTED_EDGE('',*,*,#3735,.F.);
#3754=EDGE_LOOP('',(#3748,#3750,#3752,#3753));
#3755=FACE_OUTER_BOUND('',#3754,.F.);
#3757=CARTESIAN_POINT('',(-8.500001095162E-1,-4.5E-1,1.E-2));
#3758=DIRECTION('',(-7.071067811865E-1,-7.071067811865E-1,0.E0));
#3759=DIRECTION('',(7.071067811865E-1,-7.071067811865E-1,0.E0));
#3760=AXIS2_PLACEMENT_3D('',#3757,#3758,#3759);
#3761=PLANE('',#3760);
#3762=ORIENTED_EDGE('',*,*,#3625,.T.);
#3764=ORIENTED_EDGE('',*,*,#3763,.T.);
#3766=ORIENTED_EDGE('',*,*,#3765,.T.);
#3767=ORIENTED_EDGE('',*,*,#3749,.F.);
#3768=EDGE_LOOP('',(#3762,#3764,#3766,#3767));
#3769=FACE_OUTER_BOUND('',#3768,.F.);
#3771=CARTESIAN_POINT('',(-8.500001095162E-1,-6.5E-1,1.E-2));
#3772=DIRECTION('',(-1.E0,0.E0,0.E0));
#3773=DIRECTION('',(0.E0,0.E0,1.E0));
#3774=AXIS2_PLACEMENT_3D('',#3771,#3772,#3773);
#3775=PLANE('',#3774);
#3776=ORIENTED_EDGE('',*,*,#3623,.T.);
#3778=ORIENTED_EDGE('',*,*,#3777,.T.);
#3780=ORIENTED_EDGE('',*,*,#3779,.F.);
#3781=ORIENTED_EDGE('',*,*,#3763,.F.);
#3782=EDGE_LOOP('',(#3776,#3778,#3780,#3781));
#3783=FACE_OUTER_BOUND('',#3782,.F.);
#3785=CARTESIAN_POINT('',(-1.393934109516E0,-6.5E-1,1.E-2));
#3786=DIRECTION('',(0.E0,1.E0,0.E0));
#3787=DIRECTION('',(0.E0,0.E0,1.E0));
#3788=AXIS2_PLACEMENT_3D('',#3785,#3786,#3787);
#3789=PLANE('',#3788);
#3790=ORIENTED_EDGE('',*,*,#3621,.T.);
#3791=ORIENTED_EDGE('',*,*,#3604,.T.);
#3793=ORIENTED_EDGE('',*,*,#3792,.F.);
#3794=ORIENTED_EDGE('',*,*,#3777,.F.);
#3795=EDGE_LOOP('',(#3790,#3791,#3793,#3794));
#3796=FACE_OUTER_BOUND('',#3795,.F.);
#3798=CARTESIAN_POINT('',(-1.600000059605E0,-7.500000596046E-1,1.E-2));
#3799=DIRECTION('',(0.E0,0.E0,1.E0));
#3800=DIRECTION('',(1.E0,0.E0,0.E0));
#3801=AXIS2_PLACEMENT_3D('',#3798,#3799,#3800);
#3802=PLANE('',#3801);
#3803=ORIENTED_EDGE('',*,*,#3652,.F.);
#3804=ORIENTED_EDGE('',*,*,#3667,.T.);
#3805=ORIENTED_EDGE('',*,*,#3681,.T.);
#3806=ORIENTED_EDGE('',*,*,#3695,.F.);
#3807=ORIENTED_EDGE('',*,*,#3709,.T.);
#3808=ORIENTED_EDGE('',*,*,#3723,.F.);
#3809=ORIENTED_EDGE('',*,*,#3737,.T.);
#3810=ORIENTED_EDGE('',*,*,#3751,.T.);
#3811=ORIENTED_EDGE('',*,*,#3765,.F.);
#3812=ORIENTED_EDGE('',*,*,#3779,.T.);
#3813=ORIENTED_EDGE('',*,*,#3792,.T.);
#3814=ORIENTED_EDGE('',*,*,#3602,.F.);
#3816=ORIENTED_EDGE('',*,*,#3815,.T.);
#3818=ORIENTED_EDGE('',*,*,#3817,.T.);
#3819=EDGE_LOOP('',(#3803,#3804,#3805,#3806,#3807,#3808,#3809,#3810,#3811,#3812,
#3813,#3814,#3816,#3818));
#3820=FACE_OUTER_BOUND('',#3819,.F.);
#3822=CARTESIAN_POINT('',(-1.430000109516E0,-7.5E-1,1.E-2));
#3823=DIRECTION('',(-1.E0,0.E0,0.E0));
#3824=DIRECTION('',(0.E0,0.E0,1.E0));
#3825=AXIS2_PLACEMENT_3D('',#3822,#3823,#3824);
#3826=PLANE('',#3825);
#3827=ORIENTED_EDGE('',*,*,#3618,.T.);
#3829=ORIENTED_EDGE('',*,*,#3828,.T.);
#3830=ORIENTED_EDGE('',*,*,#3815,.F.);
#3831=ORIENTED_EDGE('',*,*,#3600,.F.);
#3832=EDGE_LOOP('',(#3827,#3829,#3830,#3831));
#3833=FACE_OUTER_BOUND('',#3832,.F.);
#3835=CARTESIAN_POINT('',(-1.48E0,-7.5E-1,1.E-2));
#3836=DIRECTION('',(0.E0,1.E0,0.E0));
#3837=DIRECTION('',(-1.E0,0.E0,0.E0));
#3838=AXIS2_PLACEMENT_3D('',#3835,#3836,#3837);
#3839=PLANE('',#3838);
#3840=ORIENTED_EDGE('',*,*,#3616,.T.);
#3841=ORIENTED_EDGE('',*,*,#3654,.T.);
#3842=ORIENTED_EDGE('',*,*,#3817,.F.);
#3843=ORIENTED_EDGE('',*,*,#3828,.F.);
#3844=EDGE_LOOP('',(#3840,#3841,#3842,#3843));
#3845=FACE_OUTER_BOUND('',#3844,.F.);
#3847=CLOSED_SHELL('',(#3608,#3643,#3658,#3672,#3686,#3700,#3714,#3728,#3742,
#3756,#3770,#3784,#3797,#3821,#3834,#3846));
#3848=MANIFOLD_SOLID_BREP('',#3847);
#3849=FILL_AREA_STYLE_COLOUR('',#124);
#3850=FILL_AREA_STYLE('',(#3849));
#3851=SURFACE_STYLE_FILL_AREA(#3850);
#3852=SURFACE_SIDE_STYLE('',(#3851));
#3853=SURFACE_STYLE_USAGE(.BOTH.,#3852);
#3854=PRESENTATION_STYLE_ASSIGNMENT((#3853));
#3238=STYLED_ITEM('',(#3854),#3848);
#3855=PRESENTATION_LAYER_ASSIGNMENT('9_ALL_SOLID_GEOM_6','',(#3238,#3608,#3643,
#3658,#3672,#3686,#3700,#3714,#3728,#3742,#3756,#3770,#3784,#3797,#3821,#3834,
#3846));
#3856=PRESENTATION_LAYER_ASSIGNMENT('INTF_YELLOW_4','',(#3238,#3608,#3643,#3658,
#3672,#3686,#3700,#3714,#3728,#3742,#3756,#3770,#3784,#3797,#3821,#3834,#3846));
#3857=PRESENTATION_LAYER_ASSIGNMENT('NONE_1','',(#3238,#3608,#3643,#3658,#3672,
#3686,#3700,#3714,#3728,#3742,#3756,#3770,#3784,#3797,#3821,#3834,#3846));
#3858=PRESENTATION_LAYER_ASSIGNMENT('_2339_1','',(#3238,#3608,#3643,#3658,#3672,
#3686,#3700,#3714,#3728,#3742,#3756,#3770,#3784,#3797,#3821,#3834,#3846));
#3861=PLANE_ANGLE_MEASURE_WITH_UNIT(PLANE_ANGLE_MEASURE(1.745329251994E-2),
#3860);
#3862=(CONVERSION_BASED_UNIT('DEGREE',#3861)NAMED_UNIT(*)PLANE_ANGLE_UNIT());
#3864=UNCERTAINTY_MEASURE_WITH_UNIT(LENGTH_MEASURE(9.014072209821E-5),#3859,
'distance_accuracy_value',
'Maximum model space distance between geometric entities at asserted connectivities');
#3866=CARTESIAN_POINT('',(0.E0,0.E0,0.E0));
#3867=DIRECTION('',(0.E0,0.E0,1.E0));
#3868=DIRECTION('',(1.E0,0.E0,0.E0));
#3871=PRODUCT_DEFINITION_CONTEXT('part definition',#1203,'design');
#3872=PRODUCT_CONTEXT('',#1203,'mechanical');
#3873=PRODUCT('____-______O__1_1__1_2_3_4','____-______O__1_1__1_2_3_4',
'NOT SPECIFIED',(#3872));
#3874=PRODUCT_DEFINITION_FORMATION('1','LAST_VERSION',#3873);
#3882=DERIVED_UNIT_ELEMENT(#3881,2.E0);
#3883=DERIVED_UNIT((#3882));
#3884=MEASURE_REPRESENTATION_ITEM('surface area measure',AREA_MEASURE(
5.057254999924E-1),#3883);
#3889=DERIVED_UNIT_ELEMENT(#3888,3.E0);
#3890=DERIVED_UNIT((#3889));
#3891=MEASURE_REPRESENTATION_ITEM('volume measure',VOLUME_MEASURE(
2.416540801983E-3),#3890);
#3895=CARTESIAN_POINT('centre point',(-1.200231043299E0,-4.781992350038E-1,
5.E-3));
#3900=DERIVED_UNIT_ELEMENT(#3899,2.E0);
#3901=DERIVED_UNIT((#3900));
#3902=MEASURE_REPRESENTATION_ITEM('surface area measure',AREA_MEASURE(
5.057254999924E-1),#3901);
#3907=DERIVED_UNIT_ELEMENT(#3906,3.E0);
#3908=DERIVED_UNIT((#3907));
#3909=MEASURE_REPRESENTATION_ITEM('volume measure',VOLUME_MEASURE(
2.416540801983E-3),#3908);
#3913=CARTESIAN_POINT('centre point',(-1.200231043299E0,-4.781992350038E-1,
5.E-3));
#3920=CARTESIAN_POINT('centre point',(-1.200231043299E0,-4.781992350038E-1,
5.E-3));
#3924=CARTESIAN_POINT('',(0.E0,0.E0,0.E0));
#3925=DIRECTION('',(0.E0,0.E0,1.E0));
#3926=DIRECTION('',(1.E0,0.E0,0.E0));
#3927=AXIS2_PLACEMENT_3D('',#3924,#3925,#3926);
#3928=ITEM_DEFINED_TRANSFORMATION('','',#3869,#3927);
#3929=CARTESIAN_POINT('',(0.E0,0.E0,0.E0));
#3930=DIRECTION('',(0.E0,0.E0,1.E0));
#3931=DIRECTION('',(1.E0,0.E0,0.E0));
#3933=(REPRESENTATION_RELATIONSHIP('','',#3870,#1911)REPRESENTATION_RELATIONSHIP_WITH_TRANSFORMATION(#3928)SHAPE_REPRESENTATION_RELATIONSHIP());
#3934=CONTEXT_DEPENDENT_SHAPE_REPRESENTATION(#3933,#3919);
#3937=PLANE_ANGLE_MEASURE_WITH_UNIT(PLANE_ANGLE_MEASURE(1.745329251994E-2),
#3936);
#3938=(CONVERSION_BASED_UNIT('DEGREE',#3937)NAMED_UNIT(*)PLANE_ANGLE_UNIT());
#3940=UNCERTAINTY_MEASURE_WITH_UNIT(LENGTH_MEASURE(3.533992350368E-4),#3935,
'distance_accuracy_value',
'Maximum model space distance between geometric entities at asserted connectivities');
#3942=CARTESIAN_POINT('',(0.E0,0.E0,0.E0));
#3943=DIRECTION('',(0.E0,0.E0,1.E0));
#3944=DIRECTION('',(1.E0,0.E0,0.E0));
#3946=PRODUCT_CONTEXT('',#1203,'mechanical');
#3947=PRODUCT('MP-101_1_2_3_4_ASM','MP-101_1_2_3_4_ASM','NOT SPECIFIED',
(#3946));
#3948=PRODUCT_DEFINITION_FORMATION('1','LAST_VERSION',#3947);
#3951=DERIVED_UNIT_ELEMENT(#3950,2.E0);
#3952=DERIVED_UNIT((#3951));
#3953=MEASURE_REPRESENTATION_ITEM('surface area measure',AREA_MEASURE(
2.146416737048E0),#3952);
#3958=DERIVED_UNIT_ELEMENT(#3957,3.E0);
#3959=DERIVED_UNIT((#3958));
#3960=MEASURE_REPRESENTATION_ITEM('volume measure',VOLUME_MEASURE(
1.026616329230E-2),#3959);
#3964=CARTESIAN_POINT('centre point',(1.785803729628E-2,6.169136459157E-3,
5.E-3));
#3970=CARTESIAN_POINT('centre point',(1.785814681252E-2,-5.E-3,
-6.169351544876E-3));
#3974=CARTESIAN_POINT('',(1.095162426552E-7,-1.E-2,-2.150857192339E-7));
#3975=DIRECTION('',(0.E0,1.E0,1.010704997679E-14));
#3976=DIRECTION('',(1.E0,0.E0,0.E0));
#3977=AXIS2_PLACEMENT_3D('',#3974,#3975,#3976);
#3978=ITEM_DEFINED_TRANSFORMATION('','',#1926,#3977);
#3979=CARTESIAN_POINT('',(0.E0,0.E0,0.E0));
#3980=DIRECTION('',(0.E0,0.E0,1.E0));
#3981=DIRECTION('',(1.E0,0.E0,0.E0));
#3983=(REPRESENTATION_RELATIONSHIP('','',#1911,#1254)REPRESENTATION_RELATIONSHIP_WITH_TRANSFORMATION(#3978)SHAPE_REPRESENTATION_RELATIONSHIP());
#3984=CONTEXT_DEPENDENT_SHAPE_REPRESENTATION(#3983,#3969);
#3986=DIRECTION('',(0.E0,0.E0,-1.E0));
#3987=VECTOR('',#3986,1.6E-1);
#3988=CARTESIAN_POINT('',(1.32E0,-3.3E-1,1.6E-1));
#3989=LINE('',#3988,#3987);
#3990=CURVE_STYLE('',#134,POSITIVE_LENGTH_MEASURE(2.E-2),#124);
#3991=PRESENTATION_STYLE_ASSIGNMENT((#3990));
#3992=STYLED_ITEM('',(#3991),#3989);
#3993=DIRECTION('',(0.E0,0.E0,1.E0));
#3994=VECTOR('',#3993,1.6E-1);
#3995=CARTESIAN_POINT('',(1.12E0,-5.3E-1,0.E0));
#3996=LINE('',#3995,#3994);
#3997=CURVE_STYLE('',#134,POSITIVE_LENGTH_MEASURE(2.E-2),#124);
#3998=PRESENTATION_STYLE_ASSIGNMENT((#3997));
#3999=STYLED_ITEM('',(#3998),#3996);
#4000=CARTESIAN_POINT('',(1.25E0,4.6E-1,0.E0));
#4001=DIRECTION('',(0.E0,0.E0,-1.E0));
#4002=DIRECTION('',(1.616484723854E-13,1.E0,0.E0));
#4003=AXIS2_PLACEMENT_3D('',#4000,#4001,#4002);
#4005=CURVE_STYLE('',#134,POSITIVE_LENGTH_MEASURE(2.E-2),#124);
#4006=PRESENTATION_STYLE_ASSIGNMENT((#4005));
#4007=STYLED_ITEM('',(#4006),#4004);
#4008=DIRECTION('',(1.E0,0.E0,0.E0));
#4009=VECTOR('',#4008,2.5E0);
#4010=CARTESIAN_POINT('',(-1.25E0,7.1E-1,0.E0));
#4011=LINE('',#4010,#4009);
#4012=CURVE_STYLE('',#134,POSITIVE_LENGTH_MEASURE(2.E-2),#124);
#4013=PRESENTATION_STYLE_ASSIGNMENT((#4012));
#4014=STYLED_ITEM('',(#4013),#4011);
#4015=CARTESIAN_POINT('',(-1.25E0,4.6E-1,0.E0));
#4016=DIRECTION('',(0.E0,0.E0,-1.E0));
#4017=DIRECTION('',(-1.E0,1.800781745942E-13,0.E0));
#4018=AXIS2_PLACEMENT_3D('',#4015,#4016,#4017);
#4020=CURVE_STYLE('',#134,POSITIVE_LENGTH_MEASURE(2.E-2),#124);
#4021=PRESENTATION_STYLE_ASSIGNMENT((#4020));
#4022=STYLED_ITEM('',(#4021),#4019);
#4023=DIRECTION('',(0.E0,1.E0,0.E0));
#4024=VECTOR('',#4023,9.2E-1);
#4025=CARTESIAN_POINT('',(-1.5E0,-4.6E-1,0.E0));
#4026=LINE('',#4025,#4024);
#4027=CURVE_STYLE('',#134,POSITIVE_LENGTH_MEASURE(2.E-2),#124);
#4028=PRESENTATION_STYLE_ASSIGNMENT((#4027));
#4029=STYLED_ITEM('',(#4028),#4026);
#4030=CARTESIAN_POINT('',(-1.25E0,-4.6E-1,0.E0));
#4031=DIRECTION('',(0.E0,0.E0,-1.E0));
#4032=DIRECTION('',(-1.634248292248E-13,-1.E0,0.E0));
#4033=AXIS2_PLACEMENT_3D('',#4030,#4031,#4032);
#4035=CURVE_STYLE('',#134,POSITIVE_LENGTH_MEASURE(2.E-2),#124);
#4036=PRESENTATION_STYLE_ASSIGNMENT((#4035));
#4037=STYLED_ITEM('',(#4036),#4034);
#4038=DIRECTION('',(-1.E0,0.E0,0.E0));
#4039=VECTOR('',#4038,2.5E0);
#4040=CARTESIAN_POINT('',(1.25E0,-7.1E-1,0.E0));
#4041=LINE('',#4040,#4039);
#4042=CURVE_STYLE('',#134,POSITIVE_LENGTH_MEASURE(2.E-2),#124);
#4043=PRESENTATION_STYLE_ASSIGNMENT((#4042));
#4044=STYLED_ITEM('',(#4043),#4041);
#4045=CARTESIAN_POINT('',(1.25E0,-4.6E-1,0.E0));
#4046=DIRECTION('',(0.E0,0.E0,-1.E0));
#4047=DIRECTION('',(1.E0,0.E0,0.E0));
#4048=AXIS2_PLACEMENT_3D('',#4045,#4046,#4047);
#4050=CURVE_STYLE('',#134,POSITIVE_LENGTH_MEASURE(2.E-2),#124);
#4051=PRESENTATION_STYLE_ASSIGNMENT((#4050));
#4052=STYLED_ITEM('',(#4051),#4049);
#4053=DIRECTION('',(0.E0,-1.E0,0.E0));
#4054=VECTOR('',#4053,9.2E-1);
#4055=CARTESIAN_POINT('',(1.5E0,4.6E-1,0.E0));
#4056=LINE('',#4055,#4054);
#4057=CURVE_STYLE('',#134,POSITIVE_LENGTH_MEASURE(2.E-2),#124);
#4058=PRESENTATION_STYLE_ASSIGNMENT((#4057));
#4059=STYLED_ITEM('',(#4058),#4056);
#4060=CARTESIAN_POINT('',(-1.120000014901E0,3.300000149013E-1,0.E0));
#4061=DIRECTION('',(0.E0,0.E0,1.E0));
#4062=DIRECTION('',(7.450652095297E-8,1.E0,0.E0));
#4063=AXIS2_PLACEMENT_3D('',#4060,#4061,#4062);
#4065=CURVE_STYLE('',#134,POSITIVE_LENGTH_MEASURE(2.E-2),#124);
#4066=PRESENTATION_STYLE_ASSIGNMENT((#4065));
#4067=STYLED_ITEM('',(#4066),#4064);
#4068=CARTESIAN_POINT('',(1.12E0,3.3E-1,0.E0));
#4069=DIRECTION('',(0.E0,0.E0,1.E0));
#4070=DIRECTION('',(1.E0,0.E0,0.E0));
#4071=AXIS2_PLACEMENT_3D('',#4068,#4069,#4070);
#4073=CURVE_STYLE('',#134,POSITIVE_LENGTH_MEASURE(2.E-2),#124);
#4074=PRESENTATION_STYLE_ASSIGNMENT((#4073));
#4075=STYLED_ITEM('',(#4074),#4072);
#4076=CARTESIAN_POINT('',(1.12E0,-3.3E-1,0.E0));
#4077=DIRECTION('',(0.E0,0.E0,1.E0));
#4078=DIRECTION('',(1.576516694967E-13,-1.E0,0.E0));
#4079=AXIS2_PLACEMENT_3D('',#4076,#4077,#4078);
#4081=CURVE_STYLE('',#134,POSITIVE_LENGTH_MEASURE(2.E-2),#124);
#4082=PRESENTATION_STYLE_ASSIGNMENT((#4081));
#4083=STYLED_ITEM('',(#4082),#4080);
#4084=CARTESIAN_POINT('',(-1.120000014901E0,-3.300000149013E-1,0.E0));
#4085=DIRECTION('',(0.E0,0.E0,1.E0));
#4086=DIRECTION('',(-1.E0,-4.496403584743E-14,0.E0));
#4087=AXIS2_PLACEMENT_3D('',#4084,#4085,#4086);
#4089=CURVE_STYLE('',#134,POSITIVE_LENGTH_MEASURE(2.E-2),#124);
#4090=PRESENTATION_STYLE_ASSIGNMENT((#4089));
#4091=STYLED_ITEM('',(#4090),#4088);
#4092=DIRECTION('',(0.E0,0.E0,-1.E0));
#4093=VECTOR('',#4092,1.6E-1);
#4094=CARTESIAN_POINT('',(1.5E0,4.6E-1,1.6E-1));
#4095=LINE('',#4094,#4093);
#4096=CURVE_STYLE('',#134,POSITIVE_LENGTH_MEASURE(2.E-2),#124);
#4097=PRESENTATION_STYLE_ASSIGNMENT((#4096));
#4098=STYLED_ITEM('',(#4097),#4095);
#4099=DIRECTION('',(0.E0,0.E0,1.E0));
#4100=VECTOR('',#4099,1.6E-1);
#4101=CARTESIAN_POINT('',(1.25E0,7.1E-1,0.E0));
#4102=LINE('',#4101,#4100);
#4103=CURVE_STYLE('',#134,POSITIVE_LENGTH_MEASURE(2.E-2),#124);
#4104=PRESENTATION_STYLE_ASSIGNMENT((#4103));
#4105=STYLED_ITEM('',(#4104),#4102);
#4106=DIRECTION('',(0.E0,-1.E0,0.E0));
#4107=VECTOR('',#4106,9.2E-1);
#4108=CARTESIAN_POINT('',(1.5E0,4.6E-1,1.6E-1));
#4109=LINE('',#4108,#4107);
#4110=CURVE_STYLE('',#134,POSITIVE_LENGTH_MEASURE(2.E-2),#124);
#4111=PRESENTATION_STYLE_ASSIGNMENT((#4110));
#4112=STYLED_ITEM('',(#4111),#4109);
#4113=DIRECTION('',(0.E0,0.E0,-1.E0));
#4114=VECTOR('',#4113,1.6E-1);
#4115=CARTESIAN_POINT('',(1.25E0,-7.1E-1,1.6E-1));
#4116=LINE('',#4115,#4114);
#4117=CURVE_STYLE('',#134,POSITIVE_LENGTH_MEASURE(2.E-2),#124);
#4118=PRESENTATION_STYLE_ASSIGNMENT((#4117));
#4119=STYLED_ITEM('',(#4118),#4116);
#4120=DIRECTION('',(0.E0,0.E0,1.E0));
#4121=VECTOR('',#4120,1.6E-1);
#4122=CARTESIAN_POINT('',(1.5E0,-4.6E-1,0.E0));
#4123=LINE('',#4122,#4121);
#4124=CURVE_STYLE('',#134,POSITIVE_LENGTH_MEASURE(2.E-2),#124);
#4125=PRESENTATION_STYLE_ASSIGNMENT((#4124));
#4126=STYLED_ITEM('',(#4125),#4123);
#4127=DIRECTION('',(-1.E0,0.E0,0.E0));
#4128=VECTOR('',#4127,2.5E0);
#4129=CARTESIAN_POINT('',(1.25E0,-7.1E-1,1.6E-1));
#4130=LINE('',#4129,#4128);
#4131=CURVE_STYLE('',#134,POSITIVE_LENGTH_MEASURE(2.E-2),#124);
#4132=PRESENTATION_STYLE_ASSIGNMENT((#4131));
#4133=STYLED_ITEM('',(#4132),#4130);
#4134=DIRECTION('',(0.E0,0.E0,-1.E0));
#4135=VECTOR('',#4134,1.6E-1);
#4136=CARTESIAN_POINT('',(-1.5E0,-4.6E-1,1.6E-1));
#4137=LINE('',#4136,#4135);
#4138=CURVE_STYLE('',#134,POSITIVE_LENGTH_MEASURE(2.E-2),#124);
#4139=PRESENTATION_STYLE_ASSIGNMENT((#4138));
#4140=STYLED_ITEM('',(#4139),#4137);
#4141=DIRECTION('',(0.E0,0.E0,1.E0));
#4142=VECTOR('',#4141,1.6E-1);
#4143=CARTESIAN_POINT('',(-1.25E0,-7.1E-1,0.E0));
#4144=LINE('',#4143,#4142);
#4145=CURVE_STYLE('',#134,POSITIVE_LENGTH_MEASURE(2.E-2),#124);
#4146=PRESENTATION_STYLE_ASSIGNMENT((#4145));
#4147=STYLED_ITEM('',(#4146),#4144);
#4148=DIRECTION('',(0.E0,1.E0,0.E0));
#4149=VECTOR('',#4148,9.2E-1);
#4150=CARTESIAN_POINT('',(-1.5E0,-4.6E-1,1.6E-1));
#4151=LINE('',#4150,#4149);
#4152=CURVE_STYLE('',#134,POSITIVE_LENGTH_MEASURE(2.E-2),#124);
#4153=PRESENTATION_STYLE_ASSIGNMENT((#4152));
#4154=STYLED_ITEM('',(#4153),#4151);
#4155=DIRECTION('',(0.E0,0.E0,-1.E0));
#4156=VECTOR('',#4155,1.6E-1);
#4157=CARTESIAN_POINT('',(-1.25E0,7.1E-1,1.6E-1));
#4158=LINE('',#4157,#4156);
#4159=CURVE_STYLE('',#134,POSITIVE_LENGTH_MEASURE(2.E-2),#124);
#4160=PRESENTATION_STYLE_ASSIGNMENT((#4159));
#4161=STYLED_ITEM('',(#4160),#4158);
#4162=DIRECTION('',(0.E0,0.E0,1.E0));
#4163=VECTOR('',#4162,1.6E-1);
#4164=CARTESIAN_POINT('',(-1.5E0,4.6E-1,0.E0));
#4165=LINE('',#4164,#4163);
#4166=CURVE_STYLE('',#134,POSITIVE_LENGTH_MEASURE(2.E-2),#124);
#4167=PRESENTATION_STYLE_ASSIGNMENT((#4166));
#4168=STYLED_ITEM('',(#4167),#4165);
#4169=DIRECTION('',(1.E0,0.E0,0.E0));
#4170=VECTOR('',#4169,2.5E0);
#4171=CARTESIAN_POINT('',(-1.25E0,7.1E-1,1.6E-1));
#4172=LINE('',#4171,#4170);
#4173=CURVE_STYLE('',#134,POSITIVE_LENGTH_MEASURE(2.E-2),#124);
#4174=PRESENTATION_STYLE_ASSIGNMENT((#4173));
#4175=STYLED_ITEM('',(#4174),#4172);
#4176=CARTESIAN_POINT('',(1.25E0,4.6E-1,1.6E-1));
#4177=DIRECTION('',(0.E0,0.E0,1.E0));
#4178=DIRECTION('',(1.E0,0.E0,0.E0));
#4179=AXIS2_PLACEMENT_3D('',#4176,#4177,#4178);
#4181=CURVE_STYLE('',#134,POSITIVE_LENGTH_MEASURE(2.E-2),#124);
#4182=PRESENTATION_STYLE_ASSIGNMENT((#4181));
#4183=STYLED_ITEM('',(#4182),#4180);
#4184=CARTESIAN_POINT('',(1.25E0,-4.6E-1,1.6E-1));
#4185=DIRECTION('',(0.E0,0.E0,1.E0));
#4186=DIRECTION('',(1.607602939657E-13,-1.E0,0.E0));
#4187=AXIS2_PLACEMENT_3D('',#4184,#4185,#4186);
#4189=CURVE_STYLE('',#134,POSITIVE_LENGTH_MEASURE(2.E-2),#124);
#4190=PRESENTATION_STYLE_ASSIGNMENT((#4189));
#4191=STYLED_ITEM('',(#4190),#4188);
#4192=CARTESIAN_POINT('',(-1.25E0,-4.6E-1,1.6E-1));
#4193=DIRECTION('',(0.E0,0.E0,1.E0));
#4194=DIRECTION('',(-1.E0,-1.807443084089E-13,0.E0));
#4195=AXIS2_PLACEMENT_3D('',#4192,#4193,#4194);
#4197=CURVE_STYLE('',#134,POSITIVE_LENGTH_MEASURE(2.E-2),#124);
#4198=PRESENTATION_STYLE_ASSIGNMENT((#4197));
#4199=STYLED_ITEM('',(#4198),#4196);
#4200=CARTESIAN_POINT('',(-1.25E0,4.6E-1,1.6E-1));
#4201=DIRECTION('',(0.E0,0.E0,1.E0));
#4202=DIRECTION('',(-1.616484723854E-13,1.E0,0.E0));
#4203=AXIS2_PLACEMENT_3D('',#4200,#4201,#4202);
#4205=CURVE_STYLE('',#134,POSITIVE_LENGTH_MEASURE(2.E-2),#124);
#4206=PRESENTATION_STYLE_ASSIGNMENT((#4205));
#4207=STYLED_ITEM('',(#4206),#4204);
#4208=DIRECTION('',(0.E0,1.E0,0.E0));
#4209=VECTOR('',#4208,6.600000198684E-1);
#4210=CARTESIAN_POINT('',(-1.32E0,-3.300000099342E-1,1.6E-1));
#4211=LINE('',#4210,#4209);
#4212=CURVE_STYLE('',#134,POSITIVE_LENGTH_MEASURE(2.E-2),#124);
#4213=PRESENTATION_STYLE_ASSIGNMENT((#4212));
#4214=STYLED_ITEM('',(#4213),#4211);
#4215=CARTESIAN_POINT('',(-1.120000014901E0,-3.300000149013E-1,1.6E-1));
#4216=DIRECTION('',(0.E0,0.E0,-1.E0));
#4217=DIRECTION('',(7.450651873253E-8,-1.E0,0.E0));
#4218=AXIS2_PLACEMENT_3D('',#4215,#4216,#4217);
#4220=CURVE_STYLE('',#134,POSITIVE_LENGTH_MEASURE(2.E-2),#124);
#4221=PRESENTATION_STYLE_ASSIGNMENT((#4220));
#4222=STYLED_ITEM('',(#4221),#4219);
#4223=DIRECTION('',(-1.E0,0.E0,0.E0));
#4224=VECTOR('',#4223,2.24E0);
#4225=CARTESIAN_POINT('',(1.12E0,-5.3E-1,1.6E-1));
#4226=LINE('',#4225,#4224);
#4227=CURVE_STYLE('',#134,POSITIVE_LENGTH_MEASURE(2.E-2),#124);
#4228=PRESENTATION_STYLE_ASSIGNMENT((#4227));
#4229=STYLED_ITEM('',(#4228),#4226);
#4230=CARTESIAN_POINT('',(1.12E0,-3.3E-1,1.6E-1));
#4231=DIRECTION('',(0.E0,0.E0,-1.E0));
#4232=DIRECTION('',(1.E0,0.E0,0.E0));
#4233=AXIS2_PLACEMENT_3D('',#4230,#4231,#4232);
#4235=CURVE_STYLE('',#134,POSITIVE_LENGTH_MEASURE(2.E-2),#124);
#4236=PRESENTATION_STYLE_ASSIGNMENT((#4235));
#4237=STYLED_ITEM('',(#4236),#4234);
#4238=DIRECTION('',(0.E0,-1.E0,0.E0));
#4239=VECTOR('',#4238,6.6E-1);
#4240=CARTESIAN_POINT('',(1.32E0,3.3E-1,1.6E-1));
#4241=LINE('',#4240,#4239);
#4242=CURVE_STYLE('',#134,POSITIVE_LENGTH_MEASURE(2.E-2),#124);
#4243=PRESENTATION_STYLE_ASSIGNMENT((#4242));
#4244=STYLED_ITEM('',(#4243),#4241);
#4245=CARTESIAN_POINT('',(1.12E0,3.3E-1,1.6E-1));
#4246=DIRECTION('',(0.E0,0.E0,-1.E0));
#4247=DIRECTION('',(1.565414464721E-13,1.E0,0.E0));
#4248=AXIS2_PLACEMENT_3D('',#4245,#4246,#4247);
#4250=CURVE_STYLE('',#134,POSITIVE_LENGTH_MEASURE(2.E-2),#124);
#4251=PRESENTATION_STYLE_ASSIGNMENT((#4250));
#4252=STYLED_ITEM('',(#4251),#4249);
#4253=DIRECTION('',(1.E0,0.E0,0.E0));
#4254=VECTOR('',#4253,2.24E0);
#4255=CARTESIAN_POINT('',(-1.12E0,5.3E-1,1.6E-1));
#4256=LINE('',#4255,#4254);
#4257=CURVE_STYLE('',#134,POSITIVE_LENGTH_MEASURE(2.E-2),#124);
#4258=PRESENTATION_STYLE_ASSIGNMENT((#4257));
#4259=STYLED_ITEM('',(#4258),#4256);
#4260=CARTESIAN_POINT('',(-1.120000014901E0,3.300000149013E-1,1.6E-1));
#4261=DIRECTION('',(0.E0,0.E0,-1.E0));
#4262=DIRECTION('',(-1.E0,4.468648007060E-14,0.E0));
#4263=AXIS2_PLACEMENT_3D('',#4260,#4261,#4262);
#4265=CURVE_STYLE('',#134,POSITIVE_LENGTH_MEASURE(2.E-2),#124);
#4266=PRESENTATION_STYLE_ASSIGNMENT((#4265));
#4267=STYLED_ITEM('',(#4266),#4264);
#4268=DIRECTION('',(0.E0,1.E0,0.E0));
#4269=VECTOR('',#4268,6.600000198684E-1);
#4270=CARTESIAN_POINT('',(-1.32E0,-3.300000099342E-1,0.E0));
#4271=LINE('',#4270,#4269);
#4272=CURVE_STYLE('',#134,POSITIVE_LENGTH_MEASURE(2.E-2),#124);
#4273=PRESENTATION_STYLE_ASSIGNMENT((#4272));
#4274=STYLED_ITEM('',(#4273),#4271);
#4275=DIRECTION('',(0.E0,0.E0,-1.E0));
#4276=VECTOR('',#4275,1.6E-1);
#4277=CARTESIAN_POINT('',(-1.12E0,-5.3E-1,1.6E-1));
#4278=LINE('',#4277,#4276);
#4279=CURVE_STYLE('',#134,POSITIVE_LENGTH_MEASURE(2.E-2),#124);
#4280=PRESENTATION_STYLE_ASSIGNMENT((#4279));
#4281=STYLED_ITEM('',(#4280),#4278);
#4282=DIRECTION('',(0.E0,0.E0,1.E0));
#4283=VECTOR('',#4282,1.6E-1);
#4284=CARTESIAN_POINT('',(-1.32E0,-3.300000099342E-1,0.E0));
#4285=LINE('',#4284,#4283);
#4286=CURVE_STYLE('',#134,POSITIVE_LENGTH_MEASURE(2.E-2),#124);
#4287=PRESENTATION_STYLE_ASSIGNMENT((#4286));
#4288=STYLED_ITEM('',(#4287),#4285);
#4289=DIRECTION('',(-1.E0,0.E0,0.E0));
#4290=VECTOR('',#4289,2.24E0);
#4291=CARTESIAN_POINT('',(1.12E0,-5.3E-1,0.E0));
#4292=LINE('',#4291,#4290);
#4293=CURVE_STYLE('',#134,POSITIVE_LENGTH_MEASURE(2.E-2),#124);
#4294=PRESENTATION_STYLE_ASSIGNMENT((#4293));
#4295=STYLED_ITEM('',(#4294),#4292);
#4296=DIRECTION('',(0.E0,0.E0,-1.E0));
#4297=VECTOR('',#4296,1.6E-1);
#4298=CARTESIAN_POINT('',(-1.32E0,3.300000099342E-1,1.6E-1));
#4299=LINE('',#4298,#4297);
#4300=CURVE_STYLE('',#134,POSITIVE_LENGTH_MEASURE(2.E-2),#124);
#4301=PRESENTATION_STYLE_ASSIGNMENT((#4300));
#4302=STYLED_ITEM('',(#4301),#4299);
#4303=DIRECTION('',(0.E0,0.E0,1.E0));
#4304=VECTOR('',#4303,1.6E-1);
#4305=CARTESIAN_POINT('',(-1.12E0,5.3E-1,0.E0));
#4306=LINE('',#4305,#4304);
#4307=CURVE_STYLE('',#134,POSITIVE_LENGTH_MEASURE(2.E-2),#124);
#4308=PRESENTATION_STYLE_ASSIGNMENT((#4307));
#4309=STYLED_ITEM('',(#4308),#4306);
#4310=DIRECTION('',(1.E0,0.E0,0.E0));
#4311=VECTOR('',#4310,2.24E0);
#4312=CARTESIAN_POINT('',(-1.12E0,5.3E-1,0.E0));
#4313=LINE('',#4312,#4311);
#4314=CURVE_STYLE('',#134,POSITIVE_LENGTH_MEASURE(2.E-2),#124);
#4315=PRESENTATION_STYLE_ASSIGNMENT((#4314));
#4316=STYLED_ITEM('',(#4315),#4313);
#4317=DIRECTION('',(0.E0,0.E0,-1.E0));
#4318=VECTOR('',#4317,1.6E-1);
#4319=CARTESIAN_POINT('',(1.12E0,5.3E-1,1.6E-1));
#4320=LINE('',#4319,#4318);
#4321=CURVE_STYLE('',#134,POSITIVE_LENGTH_MEASURE(2.E-2),#124);
#4322=PRESENTATION_STYLE_ASSIGNMENT((#4321));
#4323=STYLED_ITEM('',(#4322),#4320);
#4324=DIRECTION('',(0.E0,0.E0,1.E0));
#4325=VECTOR('',#4324,1.6E-1);
#4326=CARTESIAN_POINT('',(1.32E0,3.3E-1,0.E0));
#4327=LINE('',#4326,#4325);
#4328=CURVE_STYLE('',#134,POSITIVE_LENGTH_MEASURE(2.E-2),#124);
#4329=PRESENTATION_STYLE_ASSIGNMENT((#4328));
#4330=STYLED_ITEM('',(#4329),#4327);
#4331=DIRECTION('',(0.E0,-1.E0,0.E0));
#4332=VECTOR('',#4331,6.6E-1);
#4333=CARTESIAN_POINT('',(1.32E0,3.3E-1,0.E0));
#4334=LINE('',#4333,#4332);
#4335=CURVE_STYLE('',#134,POSITIVE_LENGTH_MEASURE(2.E-2),#124);
#4336=PRESENTATION_STYLE_ASSIGNMENT((#4335));
#4337=STYLED_ITEM('',(#4336),#4334);
#4338=CARTESIAN_POINT('',(-1.5E0,-4.6E-1,1.6E-1));
#4339=CARTESIAN_POINT('',(-1.5E0,-4.6E-1,0.E0));
#4340=VERTEX_POINT('',#4338);
#4341=VERTEX_POINT('',#4339);
#4342=CARTESIAN_POINT('',(1.25E0,-7.1E-1,1.6E-1));
#4343=CARTESIAN_POINT('',(1.25E0,-7.1E-1,0.E0));
#4344=VERTEX_POINT('',#4342);
#4345=VERTEX_POINT('',#4343);
#4346=CARTESIAN_POINT('',(1.25E0,7.1E-1,0.E0));
#4347=CARTESIAN_POINT('',(1.25E0,7.1E-1,1.6E-1));
#4348=VERTEX_POINT('',#4346);
#4349=VERTEX_POINT('',#4347);
#4350=CARTESIAN_POINT('',(1.32E0,-3.3E-1,1.6E-1));
#4351=CARTESIAN_POINT('',(1.32E0,-3.3E-1,0.E0));
#4352=VERTEX_POINT('',#4350);
#4353=VERTEX_POINT('',#4351);
#4354=CARTESIAN_POINT('',(1.12E0,5.3E-1,1.6E-1));
#4355=CARTESIAN_POINT('',(1.12E0,5.3E-1,0.E0));
#4356=VERTEX_POINT('',#4354);
#4357=VERTEX_POINT('',#4355);
#4358=CARTESIAN_POINT('',(1.32E0,3.3E-1,1.6E-1));
#4359=VERTEX_POINT('',#4358);
#4360=CARTESIAN_POINT('',(-1.5E0,4.6E-1,1.6E-1));
#4361=VERTEX_POINT('',#4360);
#4362=CARTESIAN_POINT('',(-1.32E0,3.300000099342E-1,1.6E-1));
#4363=CARTESIAN_POINT('',(-1.32E0,3.300000099342E-1,0.E0));
#4364=VERTEX_POINT('',#4362);
#4365=VERTEX_POINT('',#4363);
#4366=CARTESIAN_POINT('',(1.5E0,4.6E-1,1.6E-1));
#4367=VERTEX_POINT('',#4366);
#4368=CARTESIAN_POINT('',(1.32E0,3.3E-1,0.E0));
#4369=VERTEX_POINT('',#4368);
#4370=CARTESIAN_POINT('',(1.5E0,4.6E-1,0.E0));
#4371=CARTESIAN_POINT('',(1.5E0,-4.6E-1,0.E0));
#4372=VERTEX_POINT('',#4370);
#4373=VERTEX_POINT('',#4371);
#4374=CARTESIAN_POINT('',(-1.12E0,5.3E-1,1.6E-1));
#4375=VERTEX_POINT('',#4374);
#4376=CARTESIAN_POINT('',(-1.25E0,7.1E-1,1.6E-1));
#4377=VERTEX_POINT('',#4376);
#4378=CARTESIAN_POINT('',(-1.25E0,7.1E-1,0.E0));
#4379=VERTEX_POINT('',#4378);
#4380=CARTESIAN_POINT('',(1.12E0,-5.3E-1,0.E0));
#4381=CARTESIAN_POINT('',(-1.12E0,-5.3E-1,0.E0));
#4382=VERTEX_POINT('',#4380);
#4383=VERTEX_POINT('',#4381);
#4384=CARTESIAN_POINT('',(-1.5E0,4.6E-1,0.E0));
#4385=VERTEX_POINT('',#4384);
#4386=CARTESIAN_POINT('',(1.5E0,-4.6E-1,1.6E-1));
#4387=VERTEX_POINT('',#4386);
#4388=CARTESIAN_POINT('',(-1.25E0,-7.1E-1,0.E0));
#4389=CARTESIAN_POINT('',(-1.25E0,-7.1E-1,1.6E-1));
#4390=VERTEX_POINT('',#4388);
#4391=VERTEX_POINT('',#4389);
#4392=CARTESIAN_POINT('',(-1.32E0,-3.300000099342E-1,1.6E-1));
#4393=VERTEX_POINT('',#4392);
#4394=CARTESIAN_POINT('',(-1.32E0,-3.300000099342E-1,0.E0));
#4395=VERTEX_POINT('',#4394);
#4396=CARTESIAN_POINT('',(1.12E0,-5.3E-1,1.6E-1));
#4397=CARTESIAN_POINT('',(-1.12E0,-5.3E-1,1.6E-1));
#4398=VERTEX_POINT('',#4396);
#4399=VERTEX_POINT('',#4397);
#4400=CARTESIAN_POINT('',(-1.12E0,5.3E-1,0.E0));
#4401=VERTEX_POINT('',#4400);
#4402=CARTESIAN_POINT('',(1.12E0,-3.3E-1,1.6E-1));
#4403=DIRECTION('',(0.E0,0.E0,-1.E0));
#4404=DIRECTION('',(-1.E0,0.E0,0.E0));
#4405=AXIS2_PLACEMENT_3D('',#4402,#4403,#4404);
#4406=CYLINDRICAL_SURFACE('',#4405,2.E-1);
#4408=ORIENTED_EDGE('',*,*,#4407,.T.);
#4410=ORIENTED_EDGE('',*,*,#4409,.F.);
#4412=ORIENTED_EDGE('',*,*,#4411,.T.);
#4414=ORIENTED_EDGE('',*,*,#4413,.F.);
#4415=EDGE_LOOP('',(#4408,#4410,#4412,#4414));
#4416=FACE_OUTER_BOUND('',#4415,.F.);
#4418=FILL_AREA_STYLE_COLOUR('',#124);
#4419=FILL_AREA_STYLE('',(#4418));
#4420=SURFACE_STYLE_FILL_AREA(#4419);
#4421=SURFACE_SIDE_STYLE('',(#4420));
#4422=SURFACE_STYLE_USAGE(.BOTH.,#4421);
#4423=PRESENTATION_STYLE_ASSIGNMENT((#4422));
#4424=STYLED_ITEM('',(#4423),#4417);
#4425=CARTESIAN_POINT('',(1.25E0,4.6E-1,0.E0));
#4426=DIRECTION('',(0.E0,0.E0,1.E0));
#4427=DIRECTION('',(1.E0,0.E0,0.E0));
#4428=AXIS2_PLACEMENT_3D('',#4425,#4426,#4427);
#4429=PLANE('',#4428);
#4431=ORIENTED_EDGE('',*,*,#4430,.F.);
#4433=ORIENTED_EDGE('',*,*,#4432,.F.);
#4435=ORIENTED_EDGE('',*,*,#4434,.F.);
#4437=ORIENTED_EDGE('',*,*,#4436,.F.);
#4439=ORIENTED_EDGE('',*,*,#4438,.F.);
#4441=ORIENTED_EDGE('',*,*,#4440,.F.);
#4443=ORIENTED_EDGE('',*,*,#4442,.F.);
#4445=ORIENTED_EDGE('',*,*,#4444,.F.);
#4446=EDGE_LOOP('',(#4431,#4433,#4435,#4437,#4439,#4441,#4443,#4445));
#4447=FACE_OUTER_BOUND('',#4446,.F.);
#4449=ORIENTED_EDGE('',*,*,#4448,.F.);
#4451=ORIENTED_EDGE('',*,*,#4450,.T.);
#4453=ORIENTED_EDGE('',*,*,#4452,.F.);
#4455=ORIENTED_EDGE('',*,*,#4454,.T.);
#4456=ORIENTED_EDGE('',*,*,#4407,.F.);
#4458=ORIENTED_EDGE('',*,*,#4457,.T.);
#4460=ORIENTED_EDGE('',*,*,#4459,.F.);
#4462=ORIENTED_EDGE('',*,*,#4461,.T.);
#4463=EDGE_LOOP('',(#4449,#4451,#4453,#4455,#4456,#4458,#4460,#4462));
#4464=FACE_BOUND('',#4463,.F.);
#4466=FILL_AREA_STYLE_COLOUR('',#124);
#4467=FILL_AREA_STYLE('',(#4466));
#4468=SURFACE_STYLE_FILL_AREA(#4467);
#4469=SURFACE_SIDE_STYLE('',(#4468));
#4470=SURFACE_STYLE_USAGE(.BOTH.,#4469);
#4471=PRESENTATION_STYLE_ASSIGNMENT((#4470));
#4472=STYLED_ITEM('',(#4471),#4465);
#4473=CARTESIAN_POINT('',(1.25E0,4.6E-1,1.6E-1));
#4474=DIRECTION('',(0.E0,0.E0,-1.E0));
#4475=DIRECTION('',(-1.E0,0.E0,0.E0));
#4476=AXIS2_PLACEMENT_3D('',#4473,#4474,#4475);
#4477=CYLINDRICAL_SURFACE('',#4476,2.5E-1);
#4478=ORIENTED_EDGE('',*,*,#4430,.T.);
#4480=ORIENTED_EDGE('',*,*,#4479,.F.);
#4482=ORIENTED_EDGE('',*,*,#4481,.T.);
#4484=ORIENTED_EDGE('',*,*,#4483,.F.);
#4485=EDGE_LOOP('',(#4478,#4480,#4482,#4484));
#4486=FACE_OUTER_BOUND('',#4485,.F.);
#4488=FILL_AREA_STYLE_COLOUR('',#124);
#4489=FILL_AREA_STYLE('',(#4488));
#4490=SURFACE_STYLE_FILL_AREA(#4489);
#4491=SURFACE_SIDE_STYLE('',(#4490));
#4492=SURFACE_STYLE_USAGE(.BOTH.,#4491);
#4493=PRESENTATION_STYLE_ASSIGNMENT((#4492));
#4494=STYLED_ITEM('',(#4493),#4487);
#4495=CARTESIAN_POINT('',(1.5E0,4.6E-1,1.6E-1));
#4496=DIRECTION('',(-1.E0,0.E0,0.E0));
#4497=DIRECTION('',(0.E0,0.E0,1.E0));
#4498=AXIS2_PLACEMENT_3D('',#4495,#4496,#4497);
#4499=PLANE('',#4498);
#4500=ORIENTED_EDGE('',*,*,#4444,.T.);
#4502=ORIENTED_EDGE('',*,*,#4501,.T.);
#4504=ORIENTED_EDGE('',*,*,#4503,.F.);
#4505=ORIENTED_EDGE('',*,*,#4479,.T.);
#4506=EDGE_LOOP('',(#4500,#4502,#4504,#4505));
#4507=FACE_OUTER_BOUND('',#4506,.F.);
#4509=FILL_AREA_STYLE_COLOUR('',#124);
#4510=FILL_AREA_STYLE('',(#4509));
#4511=SURFACE_STYLE_FILL_AREA(#4510);
#4512=SURFACE_SIDE_STYLE('',(#4511));
#4513=SURFACE_STYLE_USAGE(.BOTH.,#4512);
#4514=PRESENTATION_STYLE_ASSIGNMENT((#4513));
#4515=STYLED_ITEM('',(#4514),#4508);
#4516=CARTESIAN_POINT('',(1.25E0,-4.6E-1,1.6E-1));
#4517=DIRECTION('',(0.E0,0.E0,-1.E0));
#4518=DIRECTION('',(-1.E0,0.E0,0.E0));
#4519=AXIS2_PLACEMENT_3D('',#4516,#4517,#4518);
#4520=CYLINDRICAL_SURFACE('',#4519,2.5E-1);
#4521=ORIENTED_EDGE('',*,*,#4442,.T.);
#4523=ORIENTED_EDGE('',*,*,#4522,.F.);
#4525=ORIENTED_EDGE('',*,*,#4524,.T.);
#4526=ORIENTED_EDGE('',*,*,#4501,.F.);
#4527=EDGE_LOOP('',(#4521,#4523,#4525,#4526));
#4528=FACE_OUTER_BOUND('',#4527,.F.);
#4530=FILL_AREA_STYLE_COLOUR('',#124);
#4531=FILL_AREA_STYLE('',(#4530));
#4532=SURFACE_STYLE_FILL_AREA(#4531);
#4533=SURFACE_SIDE_STYLE('',(#4532));
#4534=SURFACE_STYLE_USAGE(.BOTH.,#4533);
#4535=PRESENTATION_STYLE_ASSIGNMENT((#4534));
#4536=STYLED_ITEM('',(#4535),#4529);
#4537=CARTESIAN_POINT('',(1.25E0,-7.1E-1,1.6E-1));
#4538=DIRECTION('',(0.E0,1.E0,0.E0));
#4539=DIRECTION('',(0.E0,0.E0,1.E0));
#4540=AXIS2_PLACEMENT_3D('',#4537,#4538,#4539);
#4541=PLANE('',#4540);
#4542=ORIENTED_EDGE('',*,*,#4440,.T.);
#4544=ORIENTED_EDGE('',*,*,#4543,.T.);
#4546=ORIENTED_EDGE('',*,*,#4545,.F.);
#4547=ORIENTED_EDGE('',*,*,#4522,.T.);
#4548=EDGE_LOOP('',(#4542,#4544,#4546,#4547));
#4549=FACE_OUTER_BOUND('',#4548,.F.);
#4551=FILL_AREA_STYLE_COLOUR('',#124);
#4552=FILL_AREA_STYLE('',(#4551));
#4553=SURFACE_STYLE_FILL_AREA(#4552);
#4554=SURFACE_SIDE_STYLE('',(#4553));
#4555=SURFACE_STYLE_USAGE(.BOTH.,#4554);
#4556=PRESENTATION_STYLE_ASSIGNMENT((#4555));
#4557=STYLED_ITEM('',(#4556),#4550);
#4558=CARTESIAN_POINT('',(-1.25E0,-4.6E-1,1.6E-1));
#4559=DIRECTION('',(0.E0,0.E0,-1.E0));
#4560=DIRECTION('',(-1.E0,0.E0,0.E0));
#4561=AXIS2_PLACEMENT_3D('',#4558,#4559,#4560);
#4562=CYLINDRICAL_SURFACE('',#4561,2.5E-1);
#4563=ORIENTED_EDGE('',*,*,#4438,.T.);
#4565=ORIENTED_EDGE('',*,*,#4564,.F.);
#4567=ORIENTED_EDGE('',*,*,#4566,.T.);
#4568=ORIENTED_EDGE('',*,*,#4543,.F.);
#4569=EDGE_LOOP('',(#4563,#4565,#4567,#4568));
#4570=FACE_OUTER_BOUND('',#4569,.F.);
#4572=FILL_AREA_STYLE_COLOUR('',#124);
#4573=FILL_AREA_STYLE('',(#4572));
#4574=SURFACE_STYLE_FILL_AREA(#4573);
#4575=SURFACE_SIDE_STYLE('',(#4574));
#4576=SURFACE_STYLE_USAGE(.BOTH.,#4575);
#4577=PRESENTATION_STYLE_ASSIGNMENT((#4576));
#4578=STYLED_ITEM('',(#4577),#4571);
#4579=CARTESIAN_POINT('',(-1.5E0,-4.6E-1,1.6E-1));
#4580=DIRECTION('',(1.E0,0.E0,0.E0));
#4581=DIRECTION('',(0.E0,0.E0,-1.E0));
#4582=AXIS2_PLACEMENT_3D('',#4579,#4580,#4581);
#4583=PLANE('',#4582);
#4584=ORIENTED_EDGE('',*,*,#4436,.T.);
#4586=ORIENTED_EDGE('',*,*,#4585,.T.);
#4588=ORIENTED_EDGE('',*,*,#4587,.F.);
#4589=ORIENTED_EDGE('',*,*,#4564,.T.);
#4590=EDGE_LOOP('',(#4584,#4586,#4588,#4589));
#4591=FACE_OUTER_BOUND('',#4590,.F.);
#4593=FILL_AREA_STYLE_COLOUR('',#124);
#4594=FILL_AREA_STYLE('',(#4593));
#4595=SURFACE_STYLE_FILL_AREA(#4594);
#4596=SURFACE_SIDE_STYLE('',(#4595));
#4597=SURFACE_STYLE_USAGE(.BOTH.,#4596);
#4598=PRESENTATION_STYLE_ASSIGNMENT((#4597));
#4599=STYLED_ITEM('',(#4598),#4592);
#4600=CARTESIAN_POINT('',(-1.25E0,4.6E-1,1.6E-1));
#4601=DIRECTION('',(0.E0,0.E0,-1.E0));
#4602=DIRECTION('',(-1.E0,0.E0,0.E0));
#4603=AXIS2_PLACEMENT_3D('',#4600,#4601,#4602);
#4604=CYLINDRICAL_SURFACE('',#4603,2.5E-1);
#4605=ORIENTED_EDGE('',*,*,#4434,.T.);
#4607=ORIENTED_EDGE('',*,*,#4606,.F.);
#4609=ORIENTED_EDGE('',*,*,#4608,.T.);
#4610=ORIENTED_EDGE('',*,*,#4585,.F.);
#4611=EDGE_LOOP('',(#4605,#4607,#4609,#4610));
#4612=FACE_OUTER_BOUND('',#4611,.F.);
#4614=FILL_AREA_STYLE_COLOUR('',#124);
#4615=FILL_AREA_STYLE('',(#4614));
#4616=SURFACE_STYLE_FILL_AREA(#4615);
#4617=SURFACE_SIDE_STYLE('',(#4616));
#4618=SURFACE_STYLE_USAGE(.BOTH.,#4617);
#4619=PRESENTATION_STYLE_ASSIGNMENT((#4618));
#4620=STYLED_ITEM('',(#4619),#4613);
#4621=CARTESIAN_POINT('',(-1.25E0,7.1E-1,1.6E-1));
#4622=DIRECTION('',(0.E0,-1.E0,0.E0));
#4623=DIRECTION('',(0.E0,0.E0,-1.E0));
#4624=AXIS2_PLACEMENT_3D('',#4621,#4622,#4623);
#4625=PLANE('',#4624);
#4626=ORIENTED_EDGE('',*,*,#4432,.T.);
#4627=ORIENTED_EDGE('',*,*,#4483,.T.);
#4629=ORIENTED_EDGE('',*,*,#4628,.F.);
#4630=ORIENTED_EDGE('',*,*,#4606,.T.);
#4631=EDGE_LOOP('',(#4626,#4627,#4629,#4630));
#4632=FACE_OUTER_BOUND('',#4631,.F.);
#4634=FILL_AREA_STYLE_COLOUR('',#124);
#4635=FILL_AREA_STYLE('',(#4634));
#4636=SURFACE_STYLE_FILL_AREA(#4635);
#4637=SURFACE_SIDE_STYLE('',(#4636));
#4638=SURFACE_STYLE_USAGE(.BOTH.,#4637);
#4639=PRESENTATION_STYLE_ASSIGNMENT((#4638));
#4640=STYLED_ITEM('',(#4639),#4633);
#4641=CARTESIAN_POINT('',(1.25E0,4.6E-1,1.6E-1));
#4642=DIRECTION('',(0.E0,0.E0,1.E0));
#4643=DIRECTION('',(1.E0,0.E0,0.E0));
#4644=AXIS2_PLACEMENT_3D('',#4641,#4642,#4643);
#4645=PLANE('',#4644);
#4646=ORIENTED_EDGE('',*,*,#4481,.F.);
#4647=ORIENTED_EDGE('',*,*,#4503,.T.);
#4648=ORIENTED_EDGE('',*,*,#4524,.F.);
#4649=ORIENTED_EDGE('',*,*,#4545,.T.);
#4650=ORIENTED_EDGE('',*,*,#4566,.F.);
#4651=ORIENTED_EDGE('',*,*,#4587,.T.);
#4652=ORIENTED_EDGE('',*,*,#4608,.F.);
#4653=ORIENTED_EDGE('',*,*,#4628,.T.);
#4654=EDGE_LOOP('',(#4646,#4647,#4648,#4649,#4650,#4651,#4652,#4653));
#4655=FACE_OUTER_BOUND('',#4654,.F.);
#4657=ORIENTED_EDGE('',*,*,#4656,.F.);
#4659=ORIENTED_EDGE('',*,*,#4658,.F.);
#4661=ORIENTED_EDGE('',*,*,#4660,.F.);
#4662=ORIENTED_EDGE('',*,*,#4411,.F.);
#4664=ORIENTED_EDGE('',*,*,#4663,.F.);
#4666=ORIENTED_EDGE('',*,*,#4665,.F.);
#4668=ORIENTED_EDGE('',*,*,#4667,.F.);
#4670=ORIENTED_EDGE('',*,*,#4669,.F.);
#4671=EDGE_LOOP('',(#4657,#4659,#4661,#4662,#4664,#4666,#4668,#4670));
#4672=FACE_BOUND('',#4671,.F.);
#4674=FILL_AREA_STYLE_COLOUR('',#124);
#4675=FILL_AREA_STYLE('',(#4674));
#4676=SURFACE_STYLE_FILL_AREA(#4675);
#4677=SURFACE_SIDE_STYLE('',(#4676));
#4678=SURFACE_STYLE_USAGE(.BOTH.,#4677);
#4679=PRESENTATION_STYLE_ASSIGNMENT((#4678));
#4680=STYLED_ITEM('',(#4679),#4673);
#4681=CARTESIAN_POINT('',(-1.32E0,-3.3E-1,1.6E-1));
#4682=DIRECTION('',(1.E0,0.E0,0.E0));
#4683=DIRECTION('',(0.E0,0.E0,-1.E0));
#4684=AXIS2_PLACEMENT_3D('',#4681,#4682,#4683);
#4685=PLANE('',#4684);
#4686=ORIENTED_EDGE('',*,*,#4461,.F.);
#4688=ORIENTED_EDGE('',*,*,#4687,.T.);
#4689=ORIENTED_EDGE('',*,*,#4656,.T.);
#4691=ORIENTED_EDGE('',*,*,#4690,.T.);
#4692=EDGE_LOOP('',(#4686,#4688,#4689,#4691));
#4693=FACE_OUTER_BOUND('',#4692,.F.);
#4695=FILL_AREA_STYLE_COLOUR('',#124);
#4696=FILL_AREA_STYLE('',(#4695));
#4697=SURFACE_STYLE_FILL_AREA(#4696);
#4698=SURFACE_SIDE_STYLE('',(#4697));
#4699=SURFACE_STYLE_USAGE(.BOTH.,#4698);
#4700=PRESENTATION_STYLE_ASSIGNMENT((#4699));
#4701=STYLED_ITEM('',(#4700),#4694);
#4702=CARTESIAN_POINT('',(-1.120000014901E0,-3.300000149013E-1,1.6E-1));
#4703=DIRECTION('',(0.E0,0.E0,-1.E0));
#4704=DIRECTION('',(-1.E0,0.E0,0.E0));
#4705=AXIS2_PLACEMENT_3D('',#4702,#4703,#4704);
#4706=CYLINDRICAL_SURFACE('',#4705,1.999999850987E-1);
#4707=ORIENTED_EDGE('',*,*,#4459,.T.);
#4709=ORIENTED_EDGE('',*,*,#4708,.F.);
#4710=ORIENTED_EDGE('',*,*,#4658,.T.);
#4711=ORIENTED_EDGE('',*,*,#4687,.F.);
#4712=EDGE_LOOP('',(#4707,#4709,#4710,#4711));
#4713=FACE_OUTER_BOUND('',#4712,.F.);
#4715=FILL_AREA_STYLE_COLOUR('',#124);
#4716=FILL_AREA_STYLE('',(#4715));
#4717=SURFACE_STYLE_FILL_AREA(#4716);
#4718=SURFACE_SIDE_STYLE('',(#4717));
#4719=SURFACE_STYLE_USAGE(.BOTH.,#4718);
#4720=PRESENTATION_STYLE_ASSIGNMENT((#4719));
#4721=STYLED_ITEM('',(#4720),#4714);
#4722=CARTESIAN_POINT('',(1.12E0,-5.3E-1,1.6E-1));
#4723=DIRECTION('',(0.E0,1.E0,0.E0));
#4724=DIRECTION('',(0.E0,0.E0,1.E0));
#4725=AXIS2_PLACEMENT_3D('',#4722,#4723,#4724);
#4726=PLANE('',#4725);
#4727=ORIENTED_EDGE('',*,*,#4457,.F.);
#4728=ORIENTED_EDGE('',*,*,#4413,.T.);
#4729=ORIENTED_EDGE('',*,*,#4660,.T.);
#4730=ORIENTED_EDGE('',*,*,#4708,.T.);
#4731=EDGE_LOOP('',(#4727,#4728,#4729,#4730));
#4732=FACE_OUTER_BOUND('',#4731,.F.);
#4734=FILL_AREA_STYLE_COLOUR('',#124);
#4735=FILL_AREA_STYLE('',(#4734));
#4736=SURFACE_STYLE_FILL_AREA(#4735);
#4737=SURFACE_SIDE_STYLE('',(#4736));
#4738=SURFACE_STYLE_USAGE(.BOTH.,#4737);
#4739=PRESENTATION_STYLE_ASSIGNMENT((#4738));
#4740=STYLED_ITEM('',(#4739),#4733);
#4741=CARTESIAN_POINT('',(-1.120000014901E0,3.300000149013E-1,1.6E-1));
#4742=DIRECTION('',(0.E0,0.E0,-1.E0));
#4743=DIRECTION('',(-1.E0,0.E0,0.E0));
#4744=AXIS2_PLACEMENT_3D('',#4741,#4742,#4743);
#4745=CYLINDRICAL_SURFACE('',#4744,1.999999850987E-1);
#4746=ORIENTED_EDGE('',*,*,#4448,.T.);
#4747=ORIENTED_EDGE('',*,*,#4690,.F.);
#4748=ORIENTED_EDGE('',*,*,#4669,.T.);
#4750=ORIENTED_EDGE('',*,*,#4749,.F.);
#4751=EDGE_LOOP('',(#4746,#4747,#4748,#4750));
#4752=FACE_OUTER_BOUND('',#4751,.F.);
#4754=FILL_AREA_STYLE_COLOUR('',#124);
#4755=FILL_AREA_STYLE('',(#4754));
#4756=SURFACE_STYLE_FILL_AREA(#4755);
#4757=SURFACE_SIDE_STYLE('',(#4756));
#4758=SURFACE_STYLE_USAGE(.BOTH.,#4757);
#4759=PRESENTATION_STYLE_ASSIGNMENT((#4758));
#4760=STYLED_ITEM('',(#4759),#4753);
#4761=CARTESIAN_POINT('',(-1.12E0,5.3E-1,1.6E-1));
#4762=DIRECTION('',(0.E0,-1.E0,0.E0));
#4763=DIRECTION('',(0.E0,0.E0,-1.E0));
#4764=AXIS2_PLACEMENT_3D('',#4761,#4762,#4763);
#4765=PLANE('',#4764);
#4766=ORIENTED_EDGE('',*,*,#4450,.F.);
#4767=ORIENTED_EDGE('',*,*,#4749,.T.);
#4768=ORIENTED_EDGE('',*,*,#4667,.T.);
#4770=ORIENTED_EDGE('',*,*,#4769,.T.);
#4771=EDGE_LOOP('',(#4766,#4767,#4768,#4770));
#4772=FACE_OUTER_BOUND('',#4771,.F.);
#4774=FILL_AREA_STYLE_COLOUR('',#124);
#4775=FILL_AREA_STYLE('',(#4774));
#4776=SURFACE_STYLE_FILL_AREA(#4775);
#4777=SURFACE_SIDE_STYLE('',(#4776));
#4778=SURFACE_STYLE_USAGE(.BOTH.,#4777);
#4779=PRESENTATION_STYLE_ASSIGNMENT((#4778));
#4780=STYLED_ITEM('',(#4779),#4773);
#4781=CARTESIAN_POINT('',(1.12E0,3.3E-1,1.6E-1));
#4782=DIRECTION('',(0.E0,0.E0,-1.E0));
#4783=DIRECTION('',(-1.E0,0.E0,0.E0));
#4784=AXIS2_PLACEMENT_3D('',#4781,#4782,#4783);
#4785=CYLINDRICAL_SURFACE('',#4784,2.E-1);
#4786=ORIENTED_EDGE('',*,*,#4452,.T.);
#4787=ORIENTED_EDGE('',*,*,#4769,.F.);
#4788=ORIENTED_EDGE('',*,*,#4665,.T.);
#4790=ORIENTED_EDGE('',*,*,#4789,.F.);
#4791=EDGE_LOOP('',(#4786,#4787,#4788,#4790));
#4792=FACE_OUTER_BOUND('',#4791,.F.);
#4794=FILL_AREA_STYLE_COLOUR('',#124);
#4795=FILL_AREA_STYLE('',(#4794));
#4796=SURFACE_STYLE_FILL_AREA(#4795);
#4797=SURFACE_SIDE_STYLE('',(#4796));
#4798=SURFACE_STYLE_USAGE(.BOTH.,#4797);
#4799=PRESENTATION_STYLE_ASSIGNMENT((#4798));
#4800=STYLED_ITEM('',(#4799),#4793);
#4801=CARTESIAN_POINT('',(1.32E0,3.3E-1,1.6E-1));
#4802=DIRECTION('',(-1.E0,0.E0,0.E0));
#4803=DIRECTION('',(0.E0,0.E0,1.E0));
#4804=AXIS2_PLACEMENT_3D('',#4801,#4802,#4803);
#4805=PLANE('',#4804);
#4806=ORIENTED_EDGE('',*,*,#4454,.F.);
#4807=ORIENTED_EDGE('',*,*,#4789,.T.);
#4808=ORIENTED_EDGE('',*,*,#4663,.T.);
#4809=ORIENTED_EDGE('',*,*,#4409,.T.);
#4810=EDGE_LOOP('',(#4806,#4807,#4808,#4809));
#4811=FACE_OUTER_BOUND('',#4810,.F.);
#4813=FILL_AREA_STYLE_COLOUR('',#124);
#4814=FILL_AREA_STYLE('',(#4813));
#4815=SURFACE_STYLE_FILL_AREA(#4814);
#4816=SURFACE_SIDE_STYLE('',(#4815));
#4817=SURFACE_STYLE_USAGE(.BOTH.,#4816);
#4818=PRESENTATION_STYLE_ASSIGNMENT((#4817));
#4819=STYLED_ITEM('',(#4818),#4812);
#4820=CLOSED_SHELL('',(#4417,#4465,#4487,#4508,#4529,#4550,#4571,#4592,#4613,
#4633,#4673,#4694,#4714,#4733,#4753,#4773,#4793,#4812));
#4821=MANIFOLD_SOLID_BREP('',#4820);
#4822=FILL_AREA_STYLE_COLOUR('',#124);
#4823=FILL_AREA_STYLE('',(#4822));
#4824=SURFACE_STYLE_FILL_AREA(#4823);
#4825=SURFACE_SIDE_STYLE('',(#4824));
#4826=SURFACE_STYLE_USAGE(.BOTH.,#4825);
#4827=PRESENTATION_STYLE_ASSIGNMENT((#4826));
#3985=STYLED_ITEM('',(#4827),#4821);
#4828=PRESENTATION_LAYER_ASSIGNMENT('9_ALL_SOLID_GEOM','',(#3985,#4417,#4465,
#4487,#4508,#4529,#4550,#4571,#4592,#4613,#4633,#4673,#4694,#4714,#4733,#4753,
#4773,#4793,#4812));
#4829=PRESENTATION_LAYER_ASSIGNMENT('INTF_YELLOW','',(#3985,#4417,#4465,#4487,
#4508,#4529,#4550,#4571,#4592,#4613,#4633,#4673,#4694,#4714,#4733,#4753,#4773,
#4793,#4812));
#4830=PRESENTATION_LAYER_ASSIGNMENT('NONE_5','',(#3985,#4417,#4465,#4487,#4508,
#4529,#4550,#4571,#4592,#4613,#4633,#4673,#4694,#4714,#4733,#4753,#4773,#4793,
#4812));
#4831=PRESENTATION_LAYER_ASSIGNMENT('_3459','',(#3985,#4417,#4465,#4487,#4508,
#4529,#4550,#4571,#4592,#4613,#4633,#4673,#4694,#4714,#4733,#4753,#4773,#4793,
#4812));
#4834=PLANE_ANGLE_MEASURE_WITH_UNIT(PLANE_ANGLE_MEASURE(1.745329251994E-2),
#4833);
#4835=(CONVERSION_BASED_UNIT('DEGREE',#4834)NAMED_UNIT(*)PLANE_ANGLE_UNIT());
#4837=UNCERTAINTY_MEASURE_WITH_UNIT(LENGTH_MEASURE(3.322817578151E-4),#4832,
'distance_accuracy_value',
'Maximum model space distance between geometric entities at asserted connectivities');
#4839=CARTESIAN_POINT('',(0.E0,0.E0,0.E0));
#4840=DIRECTION('',(0.E0,0.E0,1.E0));
#4841=DIRECTION('',(1.E0,0.E0,0.E0));
#4844=PRODUCT_DEFINITION_CONTEXT('part definition',#1203,'design');
#4845=PRODUCT_CONTEXT('',#1203,'mechanical');
#4846=PRODUCT('SRING_1_2_3_4','SRING_1_2_3_4','NOT SPECIFIED',(#4845));
#4847=PRODUCT_DEFINITION_FORMATION('1','LAST_VERSION',#4846);
#4855=DERIVED_UNIT_ELEMENT(#4854,2.E0);
#4856=DERIVED_UNIT((#4855));
#4857=MEASURE_REPRESENTATION_ITEM('surface area measure',AREA_MEASURE(
5.359361003691E0),#4856);
#4862=DERIVED_UNIT_ELEMENT(#4861,3.E0);
#4863=DERIVED_UNIT((#4862));
#4864=MEASURE_REPRESENTATION_ITEM('volume measure',VOLUME_MEASURE(
2.307657352441E-1),#4863);
#4868=CARTESIAN_POINT('centre point',(-6.778535211517E-9,0.E0,8.E-2));
#4873=DERIVED_UNIT_ELEMENT(#4872,2.E0);
#4874=DERIVED_UNIT((#4873));
#4875=MEASURE_REPRESENTATION_ITEM('surface area measure',AREA_MEASURE(
5.359361003691E0),#4874);
#4880=DERIVED_UNIT_ELEMENT(#4879,3.E0);
#4881=DERIVED_UNIT((#4880));
#4882=MEASURE_REPRESENTATION_ITEM('volume measure',VOLUME_MEASURE(
2.307657352441E-1),#4881);
#4886=CARTESIAN_POINT('centre point',(-6.778535211517E-9,0.E0,8.E-2));
#4893=CARTESIAN_POINT('centre point',(1.027377086598E-7,6.3E-1,
-2.150857093355E-7));
#4897=CARTESIAN_POINT('',(1.095162438713E-7,5.5E-1,-2.150857103305E-7));
#4898=DIRECTION('',(0.E0,1.E0,1.035197933661E-14));
#4899=DIRECTION('',(1.E0,0.E0,0.E0));
#4900=AXIS2_PLACEMENT_3D('',#4897,#4898,#4899);
#4901=ITEM_DEFINED_TRANSFORMATION('','',#4842,#4900);
#4902=CARTESIAN_POINT('',(0.E0,0.E0,0.E0));
#4903=DIRECTION('',(0.E0,0.E0,1.E0));
#4904=DIRECTION('',(1.E0,0.E0,0.E0));
#4906=(REPRESENTATION_RELATIONSHIP('','',#4843,#1254)REPRESENTATION_RELATIONSHIP_WITH_TRANSFORMATION(#4901)SHAPE_REPRESENTATION_RELATIONSHIP());
#4907=CONTEXT_DEPENDENT_SHAPE_REPRESENTATION(#4906,#4892);
#4910=PLANE_ANGLE_MEASURE_WITH_UNIT(PLANE_ANGLE_MEASURE(1.745329251994E-2),
#4909);
#4911=(CONVERSION_BASED_UNIT('DEGREE',#4910)NAMED_UNIT(*)PLANE_ANGLE_UNIT());
#4913=UNCERTAINTY_MEASURE_WITH_UNIT(LENGTH_MEASURE(3.606571844465E-4),#4908,
'distance_accuracy_value',
'Maximum model space distance between geometric entities at asserted connectivities');
#4915=CARTESIAN_POINT('',(0.E0,0.E0,0.E0));
#4916=DIRECTION('',(0.E0,0.E0,1.E0));
#4917=DIRECTION('',(1.E0,0.E0,0.E0));
#4919=PRODUCT_CONTEXT('',#1203,'mechanical');
#4920=PRODUCT('13HG-S1_215284_190604_1_2_3_4_5_ASM',
'13HG-S1_215284_190604_1_2_3_4_5_ASM','NOT SPECIFIED',(#4919));
#4921=PRODUCT_DEFINITION_FORMATION('1','LAST_VERSION',#4920);
#4924=DERIVED_UNIT_ELEMENT(#4923,2.E0);
#4925=DERIVED_UNIT((#4924));
#4926=MEASURE_REPRESENTATION_ITEM('surface area measure',AREA_MEASURE(
2.209662041379E1),#4925);
#4931=DERIVED_UNIT_ELEMENT(#4930,3.E0);
#4932=DERIVED_UNIT((#4931));
#4933=MEASURE_REPRESENTATION_ITEM('volume measure',VOLUME_MEASURE(
2.814577324712E0),#4932);
#4937=CARTESIAN_POINT('centre point',(6.531699526719E-5,3.030849666470E-1,
-2.273058012583E-5));
#4946=CARTESIAN_POINT('centre point',(6.531699526719E-5,3.030849666470E-1,
-2.273058012583E-5));
#4950=CARTESIAN_POINT('',(0.E0,0.E0,0.E0));
#4951=DIRECTION('',(0.E0,0.E0,1.E0));
#4952=DIRECTION('',(1.E0,0.E0,0.E0));
#4953=AXIS2_PLACEMENT_3D('',#4950,#4951,#4952);
#4954=ITEM_DEFINED_TRANSFORMATION('','',#1269,#4953);
#4955=CARTESIAN_POINT('',(0.E0,0.E0,0.E0));
#4956=DIRECTION('',(0.E0,0.E0,1.E0));
#4957=DIRECTION('',(1.E0,0.E0,0.E0));
#4959=(REPRESENTATION_RELATIONSHIP('','',#1254,#4943)REPRESENTATION_RELATIONSHIP_WITH_TRANSFORMATION(#4954)SHAPE_REPRESENTATION_RELATIONSHIP());
#4960=CONTEXT_DEPENDENT_SHAPE_REPRESENTATION(#4959,#4945);
#4963=PLANE_ANGLE_MEASURE_WITH_UNIT(PLANE_ANGLE_MEASURE(1.745329251994E-2),
#4962);
#4964=(CONVERSION_BASED_UNIT('DEGREE',#4963)NAMED_UNIT(*)PLANE_ANGLE_UNIT());
#4966=UNCERTAINTY_MEASURE_WITH_UNIT(LENGTH_MEASURE(3.606571844465E-4),#4961,
'distance_accuracy_value',
'Maximum model space distance between geometric entities at asserted connectivities');
#4968=CARTESIAN_POINT('',(0.E0,0.E0,0.E0));
#4969=DIRECTION('',(0.E0,0.E0,1.E0));
#4970=DIRECTION('',(1.E0,0.E0,0.E0));
#4972=PRODUCT_DEFINITION_CONTEXT('part definition',#1203,'design');
#4973=PRODUCT_CONTEXT('',#1203,'mechanical');
#4974=PRODUCT('ASM0007_ASM','ASM0007_ASM','NOT SPECIFIED',(#4973));
#4975=PRODUCT_DEFINITION_FORMATION('1','LAST_VERSION',#4974);
#4978=DERIVED_UNIT_ELEMENT(#4977,2.E0);
#4979=DERIVED_UNIT((#4978));
#4980=MEASURE_REPRESENTATION_ITEM('surface area measure',AREA_MEASURE(
2.209662041379E1),#4979);
#4985=DERIVED_UNIT_ELEMENT(#4984,3.E0);
#4986=DERIVED_UNIT((#4985));
#4987=MEASURE_REPRESENTATION_ITEM('volume measure',VOLUME_MEASURE(
2.814577324712E0),#4986);
#4991=CARTESIAN_POINT('centre point',(6.531699526719E-5,3.030849666470E-1,
-2.273058012583E-5));
#5000=CARTESIAN_POINT('centre point',(6.531699526719E-5,3.030849666470E-1,
-2.273058012583E-5));
#5004=CARTESIAN_POINT('',(0.E0,0.E0,0.E0));
#5005=DIRECTION('',(0.E0,0.E0,1.E0));
#5006=DIRECTION('',(1.E0,0.E0,0.E0));
#5007=AXIS2_PLACEMENT_3D('',#5004,#5005,#5006);
#5008=ITEM_DEFINED_TRANSFORMATION('','',#4958,#5007);
#5009=(REPRESENTATION_RELATIONSHIP('','',#4943,#4997)REPRESENTATION_RELATIONSHIP_WITH_TRANSFORMATION(#5008)SHAPE_REPRESENTATION_RELATIONSHIP());
#5010=CONTEXT_DEPENDENT_SHAPE_REPRESENTATION(#5009,#4999);
#5011=DIRECTION('',(1.E0,0.E0,0.E0));
#5012=VECTOR('',#5011,2.4E0);
#5013=CARTESIAN_POINT('',(-1.2E0,0.E0,6.6E-1));
#5014=LINE('',#5013,#5012);
#5015=CARTESIAN_POINT('',(1.2E0,0.E0,4.1E-1));
#5016=DIRECTION('',(0.E0,1.E0,0.E0));
#5017=DIRECTION('',(0.E0,0.E0,1.E0));
#5018=AXIS2_PLACEMENT_3D('',#5015,#5016,#5017);
#5020=DIRECTION('',(0.E0,0.E0,-1.E0));
#5021=VECTOR('',#5020,8.2E-1);
#5022=CARTESIAN_POINT('',(1.45E0,0.E0,4.1E-1));
#5023=LINE('',#5022,#5021);
#5024=CARTESIAN_POINT('',(1.2E0,0.E0,-4.1E-1));
#5025=DIRECTION('',(0.E0,1.E0,0.E0));
#5026=DIRECTION('',(1.E0,0.E0,0.E0));
#5027=AXIS2_PLACEMENT_3D('',#5024,#5025,#5026);
#5029=DIRECTION('',(-1.E0,0.E0,0.E0));
#5030=VECTOR('',#5029,2.4E0);
#5031=CARTESIAN_POINT('',(1.2E0,0.E0,-6.6E-1));
#5032=LINE('',#5031,#5030);
#5033=CARTESIAN_POINT('',(-1.2E0,0.E0,-4.1E-1));
#5034=DIRECTION('',(0.E0,1.E0,0.E0));
#5035=DIRECTION('',(0.E0,0.E0,-1.E0));
#5036=AXIS2_PLACEMENT_3D('',#5033,#5034,#5035);
#5038=DIRECTION('',(0.E0,0.E0,1.E0));
#5039=VECTOR('',#5038,8.2E-1);
#5040=CARTESIAN_POINT('',(-1.45E0,0.E0,-4.1E-1));
#5041=LINE('',#5040,#5039);
#5042=CARTESIAN_POINT('',(-1.2E0,0.E0,4.1E-1));
#5043=DIRECTION('',(0.E0,1.E0,0.E0));
#5044=DIRECTION('',(-1.E0,0.E0,0.E0));
#5045=AXIS2_PLACEMENT_3D('',#5042,#5043,#5044);
#5047=DIRECTION('',(0.E0,1.E0,0.E0));
#5048=VECTOR('',#5047,6.E-2);
#5049=CARTESIAN_POINT('',(-1.2E0,0.E0,6.6E-1));
#5050=LINE('',#5049,#5048);
#5051=DIRECTION('',(0.E0,1.E0,0.E0));
#5052=VECTOR('',#5051,6.E-2);
#5053=CARTESIAN_POINT('',(-1.45E0,0.E0,4.1E-1));
#5054=LINE('',#5053,#5052);
#5055=DIRECTION('',(0.E0,1.E0,0.E0));
#5056=VECTOR('',#5055,6.E-2);
#5057=CARTESIAN_POINT('',(-1.45E0,0.E0,-4.1E-1));
#5058=LINE('',#5057,#5056);
#5059=DIRECTION('',(0.E0,1.E0,0.E0));
#5060=VECTOR('',#5059,6.E-2);
#5061=CARTESIAN_POINT('',(-1.2E0,0.E0,-6.6E-1));
#5062=LINE('',#5061,#5060);
#5063=DIRECTION('',(0.E0,1.E0,0.E0));
#5064=VECTOR('',#5063,6.E-2);
#5065=CARTESIAN_POINT('',(1.2E0,0.E0,-6.6E-1));
#5066=LINE('',#5065,#5064);
#5067=DIRECTION('',(0.E0,1.E0,0.E0));
#5068=VECTOR('',#5067,6.E-2);
#5069=CARTESIAN_POINT('',(1.45E0,0.E0,-4.1E-1));
#5070=LINE('',#5069,#5068);
#5071=DIRECTION('',(0.E0,1.E0,0.E0));
#5072=VECTOR('',#5071,6.E-2);
#5073=CARTESIAN_POINT('',(1.45E0,0.E0,4.1E-1));
#5074=LINE('',#5073,#5072);
#5075=DIRECTION('',(0.E0,1.E0,0.E0));
#5076=VECTOR('',#5075,6.E-2);
#5077=CARTESIAN_POINT('',(1.2E0,0.E0,6.6E-1));
#5078=LINE('',#5077,#5076);
#5079=DIRECTION('',(1.E0,0.E0,0.E0));
#5080=VECTOR('',#5079,2.4E0);
#5081=CARTESIAN_POINT('',(-1.2E0,6.E-2,6.6E-1));
#5082=LINE('',#5081,#5080);
#5083=CARTESIAN_POINT('',(-1.2E0,6.E-2,4.1E-1));
#5084=DIRECTION('',(0.E0,1.E0,0.E0));
#5085=DIRECTION('',(-1.E0,0.E0,0.E0));
#5086=AXIS2_PLACEMENT_3D('',#5083,#5084,#5085);
#5088=DIRECTION('',(0.E0,0.E0,1.E0));
#5089=VECTOR('',#5088,8.2E-1);
#5090=CARTESIAN_POINT('',(-1.45E0,6.E-2,-4.1E-1));
#5091=LINE('',#5090,#5089);
#5092=CARTESIAN_POINT('',(-1.2E0,6.E-2,-4.1E-1));
#5093=DIRECTION('',(0.E0,1.E0,0.E0));
#5094=DIRECTION('',(0.E0,0.E0,-1.E0));
#5095=AXIS2_PLACEMENT_3D('',#5092,#5093,#5094);
#5097=DIRECTION('',(-1.E0,0.E0,0.E0));
#5098=VECTOR('',#5097,2.4E0);
#5099=CARTESIAN_POINT('',(1.2E0,6.E-2,-6.6E-1));
#5100=LINE('',#5099,#5098);
#5101=CARTESIAN_POINT('',(1.2E0,6.E-2,-4.1E-1));
#5102=DIRECTION('',(0.E0,1.E0,0.E0));
#5103=DIRECTION('',(1.E0,0.E0,0.E0));
#5104=AXIS2_PLACEMENT_3D('',#5101,#5102,#5103);
#5106=DIRECTION('',(0.E0,0.E0,-1.E0));
#5107=VECTOR('',#5106,8.2E-1);
#5108=CARTESIAN_POINT('',(1.45E0,6.E-2,4.1E-1));
#5109=LINE('',#5108,#5107);
#5110=CARTESIAN_POINT('',(1.2E0,6.E-2,4.1E-1));
#5111=DIRECTION('',(0.E0,1.E0,0.E0));
#5112=DIRECTION('',(0.E0,0.E0,1.E0));
#5113=AXIS2_PLACEMENT_3D('',#5110,#5111,#5112);
#5115=DIRECTION('',(-1.E0,0.E0,0.E0));
#5116=VECTOR('',#5115,1.2E-1);
#5117=CARTESIAN_POINT('',(-1.15E0,6.E-2,-2.5E-1));
#5118=LINE('',#5117,#5116);
#5119=DIRECTION('',(0.E0,0.E0,-1.E0));
#5120=VECTOR('',#5119,1.E-1);
#5121=CARTESIAN_POINT('',(-1.15E0,6.E-2,-2.5E-1));
#5122=LINE('',#5121,#5120);
#5123=DIRECTION('',(1.E0,0.E0,0.E0));
#5124=VECTOR('',#5123,1.2E-1);
#5125=CARTESIAN_POINT('',(-1.27E0,6.E-2,-3.5E-1));
#5126=LINE('',#5125,#5124);
#5127=DIRECTION('',(0.E0,0.E0,1.E0));
#5128=VECTOR('',#5127,1.E-1);
#5129=CARTESIAN_POINT('',(-1.27E0,6.E-2,-3.5E-1));
#5130=LINE('',#5129,#5128);
#5131=DIRECTION('',(-1.E0,0.E0,0.E0));
#5132=VECTOR('',#5131,1.2E-1);
#5133=CARTESIAN_POINT('',(-1.15E0,6.E-2,3.5E-1));
#5134=LINE('',#5133,#5132);
#5135=DIRECTION('',(0.E0,0.E0,-1.E0));
#5136=VECTOR('',#5135,1.E-1);
#5137=CARTESIAN_POINT('',(-1.15E0,6.E-2,3.5E-1));
#5138=LINE('',#5137,#5136);
#5139=DIRECTION('',(1.E0,0.E0,0.E0));
#5140=VECTOR('',#5139,1.2E-1);
#5141=CARTESIAN_POINT('',(-1.27E0,6.E-2,2.5E-1));
#5142=LINE('',#5141,#5140);
#5143=DIRECTION('',(0.E0,0.E0,1.E0));
#5144=VECTOR('',#5143,1.E-1);
#5145=CARTESIAN_POINT('',(-1.27E0,6.E-2,2.5E-1));
#5146=LINE('',#5145,#5144);
#5147=DIRECTION('',(0.E0,-5.240974256643E-1,-8.516583167045E-1));
#5148=VECTOR('',#5147,3.816084380618E-2);
#5149=CARTESIAN_POINT('',(-1.27E0,6.E-2,-2.5E-1));
#5150=LINE('',#5149,#5148);
#5151=DIRECTION('',(0.E0,5.240974256643E-1,-8.516583167045E-1));
#5152=VECTOR('',#5151,3.816084380618E-2);
#5153=CARTESIAN_POINT('',(-1.27E0,4.E-2,-3.175E-1));
#5154=LINE('',#5153,#5152);
#5155=DIRECTION('',(0.E0,5.240974256643E-1,8.516583167045E-1));
#5156=VECTOR('',#5155,3.816084380618E-2);
#5157=CARTESIAN_POINT('',(-1.15E0,4.E-2,-2.825E-1));
#5158=LINE('',#5157,#5156);
#5159=DIRECTION('',(0.E0,-5.240974256643E-1,8.516583167045E-1));
#5160=VECTOR('',#5159,3.816084380618E-2);
#5161=CARTESIAN_POINT('',(-1.15E0,6.E-2,-3.5E-1));
#5162=LINE('',#5161,#5160);
#5163=DIRECTION('',(-1.E0,0.E0,0.E0));
#5164=VECTOR('',#5163,1.2E-1);
#5165=CARTESIAN_POINT('',(-1.15E0,4.E-2,-2.825E-1));
#5166=LINE('',#5165,#5164);
#5167=DIRECTION('',(0.E0,0.E0,1.E0));
#5168=VECTOR('',#5167,3.5E-2);
#5169=CARTESIAN_POINT('',(-1.27E0,4.E-2,-3.175E-1));
#5170=LINE('',#5169,#5168);
#5171=DIRECTION('',(1.E0,0.E0,0.E0));
#5172=VECTOR('',#5171,1.2E-1);
#5173=CARTESIAN_POINT('',(-1.27E0,4.E-2,-3.175E-1));
#5174=LINE('',#5173,#5172);
#5175=DIRECTION('',(0.E0,0.E0,-1.E0));
#5176=VECTOR('',#5175,3.5E-2);
#5177=CARTESIAN_POINT('',(-1.15E0,4.E-2,-2.825E-1));
#5178=LINE('',#5177,#5176);
#5179=DIRECTION('',(-1.E0,0.E0,0.E0));
#5180=VECTOR('',#5179,1.2E-1);
#5181=CARTESIAN_POINT('',(-1.15E0,4.E-2,3.175E-1));
#5182=LINE('',#5181,#5180);
#5183=DIRECTION('',(0.E0,0.E0,1.E0));
#5184=VECTOR('',#5183,3.5E-2);
#5185=CARTESIAN_POINT('',(-1.27E0,4.E-2,2.825E-1));
#5186=LINE('',#5185,#5184);
#5187=DIRECTION('',(1.E0,0.E0,0.E0));
#5188=VECTOR('',#5187,1.2E-1);
#5189=CARTESIAN_POINT('',(-1.27E0,4.E-2,2.825E-1));
#5190=LINE('',#5189,#5188);
#5191=DIRECTION('',(0.E0,0.E0,-1.E0));
#5192=VECTOR('',#5191,3.5E-2);
#5193=CARTESIAN_POINT('',(-1.15E0,4.E-2,3.175E-1));
#5194=LINE('',#5193,#5192);
#5195=DIRECTION('',(0.E0,-5.240974256643E-1,-8.516583167045E-1));
#5196=VECTOR('',#5195,3.816084380618E-2);
#5197=CARTESIAN_POINT('',(-1.27E0,6.E-2,3.5E-1));
#5198=LINE('',#5197,#5196);
#5199=DIRECTION('',(0.E0,5.240974256643E-1,-8.516583167045E-1));
#5200=VECTOR('',#5199,3.816084380618E-2);
#5201=CARTESIAN_POINT('',(-1.27E0,4.E-2,2.825E-1));
#5202=LINE('',#5201,#5200);
#5203=DIRECTION('',(0.E0,5.240974256643E-1,8.516583167045E-1));
#5204=VECTOR('',#5203,3.816084380618E-2);
#5205=CARTESIAN_POINT('',(-1.15E0,4.E-2,3.175E-1));
#5206=LINE('',#5205,#5204);
#5207=DIRECTION('',(0.E0,-5.240974256643E-1,8.516583167045E-1));
#5208=VECTOR('',#5207,3.816084380618E-2);
#5209=CARTESIAN_POINT('',(-1.15E0,6.E-2,2.5E-1));
#5210=LINE('',#5209,#5208);
#5211=CARTESIAN_POINT('',(-1.2E0,0.E0,6.6E-1));
#5212=CARTESIAN_POINT('',(1.2E0,0.E0,6.6E-1));
#5213=VERTEX_POINT('',#5211);
#5214=VERTEX_POINT('',#5212);
#5215=CARTESIAN_POINT('',(1.45E0,0.E0,4.1E-1));
#5216=VERTEX_POINT('',#5215);
#5217=CARTESIAN_POINT('',(1.45E0,0.E0,-4.1E-1));
#5218=VERTEX_POINT('',#5217);
#5219=CARTESIAN_POINT('',(1.2E0,0.E0,-6.6E-1));
#5220=VERTEX_POINT('',#5219);
#5221=CARTESIAN_POINT('',(-1.2E0,0.E0,-6.6E-1));
#5222=VERTEX_POINT('',#5221);
#5223=CARTESIAN_POINT('',(-1.45E0,0.E0,-4.1E-1));
#5224=VERTEX_POINT('',#5223);
#5225=CARTESIAN_POINT('',(-1.45E0,0.E0,4.1E-1));
#5226=VERTEX_POINT('',#5225);
#5227=CARTESIAN_POINT('',(-1.2E0,6.E-2,6.6E-1));
#5228=CARTESIAN_POINT('',(1.2E0,6.E-2,6.6E-1));
#5229=VERTEX_POINT('',#5227);
#5230=VERTEX_POINT('',#5228);
#5231=CARTESIAN_POINT('',(1.45E0,6.E-2,4.1E-1));
#5232=VERTEX_POINT('',#5231);
#5233=CARTESIAN_POINT('',(1.45E0,6.E-2,-4.1E-1));
#5234=VERTEX_POINT('',#5233);
#5235=CARTESIAN_POINT('',(1.2E0,6.E-2,-6.6E-1));
#5236=VERTEX_POINT('',#5235);
#5237=CARTESIAN_POINT('',(-1.2E0,6.E-2,-6.6E-1));
#5238=VERTEX_POINT('',#5237);
#5239=CARTESIAN_POINT('',(-1.45E0,6.E-2,-4.1E-1));
#5240=VERTEX_POINT('',#5239);
#5241=CARTESIAN_POINT('',(-1.45E0,6.E-2,4.1E-1));
#5242=VERTEX_POINT('',#5241);
#5243=CARTESIAN_POINT('',(-1.15E0,6.E-2,-3.5E-1));
#5244=CARTESIAN_POINT('',(-1.15E0,4.E-2,-3.175E-1));
#5245=VERTEX_POINT('',#5243);
#5246=VERTEX_POINT('',#5244);
#5247=CARTESIAN_POINT('',(-1.27E0,4.E-2,-3.175E-1));
#5248=VERTEX_POINT('',#5247);
#5249=CARTESIAN_POINT('',(-1.27E0,6.E-2,-3.5E-1));
#5250=VERTEX_POINT('',#5249);
#5251=CARTESIAN_POINT('',(-1.27E0,6.E-2,-2.5E-1));
#5252=CARTESIAN_POINT('',(-1.27E0,4.E-2,-2.825E-1));
#5253=VERTEX_POINT('',#5251);
#5254=VERTEX_POINT('',#5252);
#5255=CARTESIAN_POINT('',(-1.15E0,4.E-2,-2.825E-1));
#5256=VERTEX_POINT('',#5255);
#5257=CARTESIAN_POINT('',(-1.15E0,6.E-2,-2.5E-1));
#5258=VERTEX_POINT('',#5257);
#5259=CARTESIAN_POINT('',(-1.15E0,6.E-2,2.5E-1));
#5260=CARTESIAN_POINT('',(-1.15E0,4.E-2,2.825E-1));
#5261=VERTEX_POINT('',#5259);
#5262=VERTEX_POINT('',#5260);
#5263=CARTESIAN_POINT('',(-1.27E0,4.E-2,2.825E-1));
#5264=VERTEX_POINT('',#5263);
#5265=CARTESIAN_POINT('',(-1.27E0,6.E-2,2.5E-1));
#5266=VERTEX_POINT('',#5265);
#5267=CARTESIAN_POINT('',(-1.27E0,6.E-2,3.5E-1));
#5268=CARTESIAN_POINT('',(-1.27E0,4.E-2,3.175E-1));
#5269=VERTEX_POINT('',#5267);
#5270=VERTEX_POINT('',#5268);
#5271=CARTESIAN_POINT('',(-1.15E0,4.E-2,3.175E-1));
#5272=VERTEX_POINT('',#5271);
#5273=CARTESIAN_POINT('',(-1.15E0,6.E-2,3.5E-1));
#5274=VERTEX_POINT('',#5273);
#5275=CARTESIAN_POINT('',(0.E0,0.E0,0.E0));
#5276=DIRECTION('',(0.E0,1.E0,0.E0));
#5277=DIRECTION('',(1.E0,0.E0,0.E0));
#5278=AXIS2_PLACEMENT_3D('',#5275,#5276,#5277);
#5279=PLANE('',#5278);
#5281=ORIENTED_EDGE('',*,*,#5280,.T.);
#5283=ORIENTED_EDGE('',*,*,#5282,.T.);
#5285=ORIENTED_EDGE('',*,*,#5284,.T.);
#5287=ORIENTED_EDGE('',*,*,#5286,.T.);
#5289=ORIENTED_EDGE('',*,*,#5288,.T.);
#5291=ORIENTED_EDGE('',*,*,#5290,.T.);
#5293=ORIENTED_EDGE('',*,*,#5292,.T.);
#5295=ORIENTED_EDGE('',*,*,#5294,.T.);
#5296=EDGE_LOOP('',(#5281,#5283,#5285,#5287,#5289,#5291,#5293,#5295));
#5297=FACE_OUTER_BOUND('',#5296,.F.);
#5299=CARTESIAN_POINT('',(-1.2E0,0.E0,6.6E-1));
#5300=DIRECTION('',(0.E0,0.E0,1.E0));
#5301=DIRECTION('',(1.E0,0.E0,0.E0));
#5302=AXIS2_PLACEMENT_3D('',#5299,#5300,#5301);
#5303=PLANE('',#5302);
#5304=ORIENTED_EDGE('',*,*,#5280,.F.);
#5306=ORIENTED_EDGE('',*,*,#5305,.T.);
#5308=ORIENTED_EDGE('',*,*,#5307,.T.);
#5310=ORIENTED_EDGE('',*,*,#5309,.F.);
#5311=EDGE_LOOP('',(#5304,#5306,#5308,#5310));
#5312=FACE_OUTER_BOUND('',#5311,.F.);
#5314=CARTESIAN_POINT('',(-1.2E0,0.E0,4.1E-1));
#5315=DIRECTION('',(0.E0,1.E0,0.E0));
#5316=DIRECTION('',(1.E0,0.E0,0.E0));
#5317=AXIS2_PLACEMENT_3D('',#5314,#5315,#5316);
#5318=CYLINDRICAL_SURFACE('',#5317,2.5E-1);
#5319=ORIENTED_EDGE('',*,*,#5294,.F.);
#5321=ORIENTED_EDGE('',*,*,#5320,.T.);
#5323=ORIENTED_EDGE('',*,*,#5322,.T.);
#5324=ORIENTED_EDGE('',*,*,#5305,.F.);
#5325=EDGE_LOOP('',(#5319,#5321,#5323,#5324));
#5326=FACE_OUTER_BOUND('',#5325,.F.);
#5328=CARTESIAN_POINT('',(-1.45E0,0.E0,-4.1E-1));
#5329=DIRECTION('',(-1.E0,0.E0,0.E0));
#5330=DIRECTION('',(0.E0,0.E0,1.E0));
#5331=AXIS2_PLACEMENT_3D('',#5328,#5329,#5330);
#5332=PLANE('',#5331);
#5333=ORIENTED_EDGE('',*,*,#5292,.F.);
#5335=ORIENTED_EDGE('',*,*,#5334,.T.);
#5337=ORIENTED_EDGE('',*,*,#5336,.T.);
#5338=ORIENTED_EDGE('',*,*,#5320,.F.);
#5339=EDGE_LOOP('',(#5333,#5335,#5337,#5338));
#5340=FACE_OUTER_BOUND('',#5339,.F.);
#5342=CARTESIAN_POINT('',(-1.2E0,0.E0,-4.1E-1));
#5343=DIRECTION('',(0.E0,1.E0,0.E0));
#5344=DIRECTION('',(1.E0,0.E0,0.E0));
#5345=AXIS2_PLACEMENT_3D('',#5342,#5343,#5344);
#5346=CYLINDRICAL_SURFACE('',#5345,2.5E-1);
#5347=ORIENTED_EDGE('',*,*,#5290,.F.);
#5349=ORIENTED_EDGE('',*,*,#5348,.T.);
#5351=ORIENTED_EDGE('',*,*,#5350,.T.);
#5352=ORIENTED_EDGE('',*,*,#5334,.F.);
#5353=EDGE_LOOP('',(#5347,#5349,#5351,#5352));
#5354=FACE_OUTER_BOUND('',#5353,.F.);
#5356=CARTESIAN_POINT('',(1.2E0,0.E0,-6.6E-1));
#5357=DIRECTION('',(0.E0,0.E0,-1.E0));
#5358=DIRECTION('',(-1.E0,0.E0,0.E0));
#5359=AXIS2_PLACEMENT_3D('',#5356,#5357,#5358);
#5360=PLANE('',#5359);
#5361=ORIENTED_EDGE('',*,*,#5288,.F.);
#5363=ORIENTED_EDGE('',*,*,#5362,.T.);
#5365=ORIENTED_EDGE('',*,*,#5364,.T.);
#5366=ORIENTED_EDGE('',*,*,#5348,.F.);
#5367=EDGE_LOOP('',(#5361,#5363,#5365,#5366));
#5368=FACE_OUTER_BOUND('',#5367,.F.);
#5370=CARTESIAN_POINT('',(1.2E0,0.E0,-4.1E-1));
#5371=DIRECTION('',(0.E0,1.E0,0.E0));
#5372=DIRECTION('',(1.E0,0.E0,0.E0));
#5373=AXIS2_PLACEMENT_3D('',#5370,#5371,#5372);
#5374=CYLINDRICAL_SURFACE('',#5373,2.5E-1);
#5375=ORIENTED_EDGE('',*,*,#5286,.F.);
#5377=ORIENTED_EDGE('',*,*,#5376,.T.);
#5379=ORIENTED_EDGE('',*,*,#5378,.T.);
#5380=ORIENTED_EDGE('',*,*,#5362,.F.);
#5381=EDGE_LOOP('',(#5375,#5377,#5379,#5380));
#5382=FACE_OUTER_BOUND('',#5381,.F.);
#5384=CARTESIAN_POINT('',(1.45E0,0.E0,4.1E-1));
#5385=DIRECTION('',(1.E0,0.E0,0.E0));
#5386=DIRECTION('',(0.E0,0.E0,-1.E0));
#5387=AXIS2_PLACEMENT_3D('',#5384,#5385,#5386);
#5388=PLANE('',#5387);
#5389=ORIENTED_EDGE('',*,*,#5284,.F.);
#5391=ORIENTED_EDGE('',*,*,#5390,.T.);
#5393=ORIENTED_EDGE('',*,*,#5392,.T.);
#5394=ORIENTED_EDGE('',*,*,#5376,.F.);
#5395=EDGE_LOOP('',(#5389,#5391,#5393,#5394));
#5396=FACE_OUTER_BOUND('',#5395,.F.);
#5398=CARTESIAN_POINT('',(1.2E0,0.E0,4.1E-1));
#5399=DIRECTION('',(0.E0,1.E0,0.E0));
#5400=DIRECTION('',(1.E0,0.E0,0.E0));
#5401=AXIS2_PLACEMENT_3D('',#5398,#5399,#5400);
#5402=CYLINDRICAL_SURFACE('',#5401,2.5E-1);
#5403=ORIENTED_EDGE('',*,*,#5282,.F.);
#5404=ORIENTED_EDGE('',*,*,#5309,.T.);
#5406=ORIENTED_EDGE('',*,*,#5405,.T.);
#5407=ORIENTED_EDGE('',*,*,#5390,.F.);
#5408=EDGE_LOOP('',(#5403,#5404,#5406,#5407));
#5409=FACE_OUTER_BOUND('',#5408,.F.);
#5411=CARTESIAN_POINT('',(0.E0,6.E-2,0.E0));
#5412=DIRECTION('',(0.E0,1.E0,0.E0));
#5413=DIRECTION('',(1.E0,0.E0,0.E0));
#5414=AXIS2_PLACEMENT_3D('',#5411,#5412,#5413);
#5415=PLANE('',#5414);
#5416=ORIENTED_EDGE('',*,*,#5307,.F.);
#5417=ORIENTED_EDGE('',*,*,#5322,.F.);
#5418=ORIENTED_EDGE('',*,*,#5336,.F.);
#5419=ORIENTED_EDGE('',*,*,#5350,.F.);
#5420=ORIENTED_EDGE('',*,*,#5364,.F.);
#5421=ORIENTED_EDGE('',*,*,#5378,.F.);
#5422=ORIENTED_EDGE('',*,*,#5392,.F.);
#5423=ORIENTED_EDGE('',*,*,#5405,.F.);
#5424=EDGE_LOOP('',(#5416,#5417,#5418,#5419,#5420,#5421,#5422,#5423));
#5425=FACE_OUTER_BOUND('',#5424,.F.);
#5427=ORIENTED_EDGE('',*,*,#5426,.F.);
#5429=ORIENTED_EDGE('',*,*,#5428,.T.);
#5431=ORIENTED_EDGE('',*,*,#5430,.F.);
#5433=ORIENTED_EDGE('',*,*,#5432,.T.);
#5434=EDGE_LOOP('',(#5427,#5429,#5431,#5433));
#5435=FACE_BOUND('',#5434,.F.);
#5437=ORIENTED_EDGE('',*,*,#5436,.F.);
#5439=ORIENTED_EDGE('',*,*,#5438,.T.);
#5441=ORIENTED_EDGE('',*,*,#5440,.F.);
#5443=ORIENTED_EDGE('',*,*,#5442,.T.);
#5444=EDGE_LOOP('',(#5437,#5439,#5441,#5443));
#5445=FACE_BOUND('',#5444,.F.);
#5447=FILL_AREA_STYLE_COLOUR('',#97);
#5448=FILL_AREA_STYLE('',(#5447));
#5449=SURFACE_STYLE_FILL_AREA(#5448);
#5450=SURFACE_SIDE_STYLE('',(#5449));
#5451=SURFACE_STYLE_USAGE(.BOTH.,#5450);
#5452=PRESENTATION_STYLE_ASSIGNMENT((#5451));
#5453=STYLED_ITEM('',(#5452),#5446);
#5454=CARTESIAN_POINT('',(-1.21E0,5.E-2,-2.6625E-1));
#5455=DIRECTION('',(0.E0,8.516583167045E-1,-5.240974256643E-1));
#5456=DIRECTION('',(0.E0,-5.240974256643E-1,-8.516583167045E-1));
#5457=AXIS2_PLACEMENT_3D('',#5454,#5455,#5456);
#5458=PLANE('',#5457);
#5460=ORIENTED_EDGE('',*,*,#5459,.T.);
#5462=ORIENTED_EDGE('',*,*,#5461,.F.);
#5464=ORIENTED_EDGE('',*,*,#5463,.T.);
#5465=ORIENTED_EDGE('',*,*,#5426,.T.);
#5466=EDGE_LOOP('',(#5460,#5462,#5464,#5465));
#5467=FACE_OUTER_BOUND('',#5466,.F.);
#5469=CARTESIAN_POINT('',(-1.27E0,6.E-2,-3.5E-1));
#5470=DIRECTION('',(-1.E0,0.E0,0.E0));
#5471=DIRECTION('',(0.E0,0.E0,1.E0));
#5472=AXIS2_PLACEMENT_3D('',#5469,#5470,#5471);
#5473=PLANE('',#5472);
#5474=ORIENTED_EDGE('',*,*,#5459,.F.);
#5475=ORIENTED_EDGE('',*,*,#5432,.F.);
#5477=ORIENTED_EDGE('',*,*,#5476,.F.);
#5479=ORIENTED_EDGE('',*,*,#5478,.T.);
#5480=EDGE_LOOP('',(#5474,#5475,#5477,#5479));
#5481=FACE_OUTER_BOUND('',#5480,.F.);
#5483=CARTESIAN_POINT('',(-1.21E0,5.E-2,-3.3375E-1));
#5484=DIRECTION('',(0.E0,8.516583167045E-1,5.240974256643E-1));
#5485=DIRECTION('',(0.E0,-5.240974256643E-1,8.516583167045E-1));
#5486=AXIS2_PLACEMENT_3D('',#5483,#5484,#5485);
#5487=PLANE('',#5486);
#5489=ORIENTED_EDGE('',*,*,#5488,.T.);
#5491=ORIENTED_EDGE('',*,*,#5490,.F.);
#5492=ORIENTED_EDGE('',*,*,#5476,.T.);
#5493=ORIENTED_EDGE('',*,*,#5430,.T.);
#5494=EDGE_LOOP('',(#5489,#5491,#5492,#5493));
#5495=FACE_OUTER_BOUND('',#5494,.F.);
#5497=CARTESIAN_POINT('',(-1.15E0,6.E-2,-2.5E-1));
#5498=DIRECTION('',(1.E0,0.E0,0.E0));
#5499=DIRECTION('',(0.E0,0.E0,-1.E0));
#5500=AXIS2_PLACEMENT_3D('',#5497,#5498,#5499);
#5501=PLANE('',#5500);
#5502=ORIENTED_EDGE('',*,*,#5463,.F.);
#5504=ORIENTED_EDGE('',*,*,#5503,.T.);
#5505=ORIENTED_EDGE('',*,*,#5488,.F.);
#5506=ORIENTED_EDGE('',*,*,#5428,.F.);
#5507=EDGE_LOOP('',(#5502,#5504,#5505,#5506));
#5508=FACE_OUTER_BOUND('',#5507,.F.);
#5510=CARTESIAN_POINT('',(0.E0,4.E-2,0.E0));
#5511=DIRECTION('',(0.E0,1.E0,0.E0));
#5512=DIRECTION('',(1.E0,0.E0,0.E0));
#5513=AXIS2_PLACEMENT_3D('',#5510,#5511,#5512);
#5514=PLANE('',#5513);
#5515=ORIENTED_EDGE('',*,*,#5461,.T.);
#5516=ORIENTED_EDGE('',*,*,#5478,.F.);
#5517=ORIENTED_EDGE('',*,*,#5490,.T.);
#5518=ORIENTED_EDGE('',*,*,#5503,.F.);
#5519=EDGE_LOOP('',(#5515,#5516,#5517,#5518));
#5520=FACE_OUTER_BOUND('',#5519,.F.);
#5522=CARTESIAN_POINT('',(0.E0,4.E-2,0.E0));
#5523=DIRECTION('',(0.E0,1.E0,0.E0));
#5524=DIRECTION('',(1.E0,0.E0,0.E0));
#5525=AXIS2_PLACEMENT_3D('',#5522,#5523,#5524);
#5526=PLANE('',#5525);
#5528=ORIENTED_EDGE('',*,*,#5527,.T.);
#5530=ORIENTED_EDGE('',*,*,#5529,.F.);
#5532=ORIENTED_EDGE('',*,*,#5531,.T.);
#5534=ORIENTED_EDGE('',*,*,#5533,.F.);
#5535=EDGE_LOOP('',(#5528,#5530,#5532,#5534));
#5536=FACE_OUTER_BOUND('',#5535,.F.);
#5538=CARTESIAN_POINT('',(-1.21E0,5.E-2,3.3375E-1));
#5539=DIRECTION('',(0.E0,8.516583167045E-1,-5.240974256643E-1));
#5540=DIRECTION('',(0.E0,-5.240974256643E-1,-8.516583167045E-1));
#5541=AXIS2_PLACEMENT_3D('',#5538,#5539,#5540);
#5542=PLANE('',#5541);
#5544=ORIENTED_EDGE('',*,*,#5543,.T.);
#5545=ORIENTED_EDGE('',*,*,#5527,.F.);
#5547=ORIENTED_EDGE('',*,*,#5546,.T.);
#5548=ORIENTED_EDGE('',*,*,#5436,.T.);
#5549=EDGE_LOOP('',(#5544,#5545,#5547,#5548));
#5550=FACE_OUTER_BOUND('',#5549,.F.);
#5552=CARTESIAN_POINT('',(-1.27E0,6.E-2,2.5E-1));
#5553=DIRECTION('',(-1.E0,0.E0,0.E0));
#5554=DIRECTION('',(0.E0,0.E0,1.E0));
#5555=AXIS2_PLACEMENT_3D('',#5552,#5553,#5554);
#5556=PLANE('',#5555);
#5557=ORIENTED_EDGE('',*,*,#5543,.F.);
#5558=ORIENTED_EDGE('',*,*,#5442,.F.);
#5560=ORIENTED_EDGE('',*,*,#5559,.F.);
#5561=ORIENTED_EDGE('',*,*,#5529,.T.);
#5562=EDGE_LOOP('',(#5557,#5558,#5560,#5561));
#5563=FACE_OUTER_BOUND('',#5562,.F.);
#5565=CARTESIAN_POINT('',(-1.21E0,5.E-2,2.6625E-1));
#5566=DIRECTION('',(0.E0,8.516583167045E-1,5.240974256643E-1));
#5567=DIRECTION('',(0.E0,-5.240974256643E-1,8.516583167045E-1));
#5568=AXIS2_PLACEMENT_3D('',#5565,#5566,#5567);
#5569=PLANE('',#5568);
#5571=ORIENTED_EDGE('',*,*,#5570,.T.);
#5572=ORIENTED_EDGE('',*,*,#5531,.F.);
#5573=ORIENTED_EDGE('',*,*,#5559,.T.);
#5574=ORIENTED_EDGE('',*,*,#5440,.T.);
#5575=EDGE_LOOP('',(#5571,#5572,#5573,#5574));
#5576=FACE_OUTER_BOUND('',#5575,.F.);
#5578=CARTESIAN_POINT('',(-1.15E0,6.E-2,3.5E-1));
#5579=DIRECTION('',(1.E0,0.E0,0.E0));
#5580=DIRECTION('',(0.E0,0.E0,-1.E0));
#5581=AXIS2_PLACEMENT_3D('',#5578,#5579,#5580);
#5582=PLANE('',#5581);
#5583=ORIENTED_EDGE('',*,*,#5546,.F.);
#5584=ORIENTED_EDGE('',*,*,#5533,.T.);
#5585=ORIENTED_EDGE('',*,*,#5570,.F.);
#5586=ORIENTED_EDGE('',*,*,#5438,.F.);
#5587=EDGE_LOOP('',(#5583,#5584,#5585,#5586));
#5588=FACE_OUTER_BOUND('',#5587,.F.);
#5590=CLOSED_SHELL('',(#5298,#5313,#5327,#5341,#5355,#5369,#5383,#5397,#5410,
#5446,#5468,#5482,#5496,#5509,#5521,#5537,#5551,#5564,#5577,#5589));
#5591=MANIFOLD_SOLID_BREP('',#5590);
#5592=PRESENTATION_LAYER_ASSIGNMENT('9_ALL_SOLID_GEOM_3','',(#5298,#5313,#5327,
#5341,#5355,#5369,#5383,#5397,#5410,#5446,#5468,#5482,#5496,#5509,#5521,#5537,
#5551,#5564,#5577,#5589,#5591));
#5595=PLANE_ANGLE_MEASURE_WITH_UNIT(PLANE_ANGLE_MEASURE(1.745329251994E-2),
#5594);
#5596=(CONVERSION_BASED_UNIT('DEGREE',#5595)NAMED_UNIT(*)PLANE_ANGLE_UNIT());
#5598=UNCERTAINTY_MEASURE_WITH_UNIT(LENGTH_MEASURE(1.E-3),#5593,
'distance_accuracy_value',
'Maximum model space distance between geometric entities at asserted connectivities');
#5600=CARTESIAN_POINT('',(0.E0,0.E0,0.E0));
#5601=DIRECTION('',(0.E0,0.E0,1.E0));
#5602=DIRECTION('',(1.E0,0.E0,0.E0));
#5605=PRODUCT_CONTEXT('',#1203,'mechanical');
#5606=PRODUCT('LID001','LID001','NOT SPECIFIED',(#5605));
#5607=PRODUCT_DEFINITION_FORMATION('3','LAST_VERSION',#5606);
#5615=DERIVED_UNIT_ELEMENT(#5614,2.E0);
#5616=DERIVED_UNIT((#5615));
#5617=MEASURE_REPRESENTATION_ITEM('surface area measure',AREA_MEASURE(
8.037464061762E0),#5616);
#5622=DERIVED_UNIT_ELEMENT(#5621,3.E0);
#5623=DERIVED_UNIT((#5622));
#5624=MEASURE_REPRESENTATION_ITEM('volume measure',VOLUME_MEASURE(
2.261369724079E-1),#5623);
#5628=CARTESIAN_POINT('centre point',(1.733639554053E-3,2.996904530946E-2,
0.E0));
#5633=DERIVED_UNIT_ELEMENT(#5632,2.E0);
#5634=DERIVED_UNIT((#5633));
#5635=MEASURE_REPRESENTATION_ITEM('surface area measure',AREA_MEASURE(
8.037464061762E0),#5634);
#5640=DERIVED_UNIT_ELEMENT(#5639,3.E0);
#5641=DERIVED_UNIT((#5640));
#5642=MEASURE_REPRESENTATION_ITEM('volume measure',VOLUME_MEASURE(
2.261369724079E-1),#5641);
#5646=CARTESIAN_POINT('centre point',(1.733639554053E-3,2.996904530946E-2,
0.E0));
#5653=CARTESIAN_POINT('centre point',(1.733749070297E-3,7.399690453095E-1,
-2.150857082200E-7));
#5657=CARTESIAN_POINT('',(1.095162445175E-7,7.1E-1,-2.150857084108E-7));
#5658=DIRECTION('',(0.E0,-1.035197933661E-14,1.E0));
#5659=DIRECTION('',(1.E0,0.E0,0.E0));
#5660=AXIS2_PLACEMENT_3D('',#5657,#5658,#5659);
#5661=ITEM_DEFINED_TRANSFORMATION('','',#5603,#5660);
#5662=(REPRESENTATION_RELATIONSHIP('','',#5604,#4997)REPRESENTATION_RELATIONSHIP_WITH_TRANSFORMATION(#5661)SHAPE_REPRESENTATION_RELATIONSHIP());
#5663=CONTEXT_DEPENDENT_SHAPE_REPRESENTATION(#5662,#5652);
#5666=PLANE_ANGLE_MEASURE_WITH_UNIT(PLANE_ANGLE_MEASURE(1.745329251994E-2),
#5665);
#5667=(CONVERSION_BASED_UNIT('DEGREE',#5666)NAMED_UNIT(*)PLANE_ANGLE_UNIT());
#5669=UNCERTAINTY_MEASURE_WITH_UNIT(LENGTH_MEASURE(3.619026563792E-4),#5664,
'distance_accuracy_value',
'Maximum model space distance between geometric entities at asserted connectivities');
#5671=CARTESIAN_POINT('',(0.E0,0.E0,0.E0));
#5672=DIRECTION('',(0.E0,0.E0,1.E0));
#5673=DIRECTION('',(1.E0,0.E0,0.E0));
#5675=MECHANICAL_DESIGN_GEOMETRIC_PRESENTATION_REPRESENTATION('',(#137,#144,
#152,#159,#167,#174,#182,#189,#197,#204,#212,#219,#227,#234,#242,#249,#257,#264,
#272,#279,#287,#294,#302,#309,#317,#324,#331,#338,#345,#352,#359,#366,#373,#380,
#387,#394,#401,#408,#415,#422,#429,#436,#443,#450,#457,#464,#471,#478,#485,#492,
#499,#506,#513,#520,#527,#534,#541,#548,#555,#563,#571,#579,#587,#595,#603,#611,
#619,#627,#635,#643,#651,#658,#129,#1279,#1286,#1294,#1301,#1308,#1315,#1322,
#1329,#1336,#1343,#1351,#1358,#1365,#1372,#1379,#1386,#1393,#1400,#1408,#1415,
#1423,#1430,#1437,#1444,#1451,#1458,#1465,#1472,#1479,#1486,#1493,#1500,#1507,
#1514,#1521,#1528,#1535,#1542,#1549,#1272,#1936,#1943,#1951,#1958,#1965,#1972,
#1979,#1987,#1994,#2001,#2008,#2015,#2022,#2029,#2036,#2043,#2050,#2057,#2064,
#2071,#2078,#2085,#2092,#2099,#2106,#2113,#2120,#2127,#2134,#2141,#2148,#2155,
#2162,#2169,#2176,#2184,#2191,#2199,#2206,#1929,#2591,#2599,#2606,#2613,#2620,
#2627,#2635,#2642,#2649,#2656,#2663,#2670,#2677,#2684,#2691,#2698,#2705,#2712,
#2719,#2727,#2734,#2742,#2749,#2756,#2763,#2770,#2777,#2784,#2791,#2798,#2805,
#2812,#2819,#2826,#2833,#2840,#2847,#2854,#2861,#2584,#3245,#3253,#3260,#3267,
#3274,#3281,#3288,#3295,#3302,#3309,#3317,#3324,#3331,#3338,#3345,#3352,#3359,
#3366,#3373,#3380,#3387,#3394,#3401,#3408,#3415,#3422,#3429,#3436,#3443,#3450,
#3457,#3464,#3471,#3479,#3486,#3494,#3501,#3508,#3515,#3522,#3529,#3536,#3238,
#3992,#3999,#4007,#4014,#4022,#4029,#4037,#4044,#4052,#4059,#4067,#4075,#4083,
#4091,#4098,#4105,#4112,#4119,#4126,#4133,#4140,#4147,#4154,#4161,#4168,#4175,
#4183,#4191,#4199,#4207,#4214,#4222,#4229,#4237,#4244,#4252,#4259,#4267,#4274,
#4281,#4288,#4295,#4302,#4309,#4316,#4323,#4330,#4337,#4424,#4472,#4494,#4515,
#4536,#4557,#4578,#4599,#4620,#4640,#4680,#4701,#4721,#4740,#4760,#4780,#4800,
#4819,#3985,#5453),#5670);
#5676=PRODUCT_DEFINITION_CONTEXT('part definition',#1203,'design');
#5677=PRODUCT_CONTEXT('',#1203,'mechanical');
#5678=PRODUCT('ASM0005_ASM','ASM0005_ASM','NOT SPECIFIED',(#5677));
#5679=PRODUCT_DEFINITION_FORMATION('3','LAST_VERSION',#5678);
#5682=DERIVED_UNIT_ELEMENT(#5681,2.E0);
#5683=DERIVED_UNIT((#5682));
#5684=MEASURE_REPRESENTATION_ITEM('surface area measure',AREA_MEASURE(
3.013408447556E1),#5683);
#5689=DERIVED_UNIT_ELEMENT(#5688,3.E0);
#5690=DERIVED_UNIT((#5689));
#5691=MEASURE_REPRESENTATION_ITEM('volume measure',VOLUME_MEASURE(
3.040714297119E0),#5690);
#5695=CARTESIAN_POINT('centre point',(1.893977674966E-4,3.355758991017E-1,
-2.105610983946E-5));
#5699=PRODUCT_RELATED_PRODUCT_CATEGORY('part','',(#3947,#4920,#4974,#5678,#1207,
#1864,#2522,#3176,#3873,#4846,#5606));
#1=DRAUGHTING_PRE_DEFINED_COLOUR('black');
#2=COLOUR_RGB('',0.E0,0.E0,2.5E-1);
#3=COLOUR_RGB('',0.E0,0.E0,5.E-1);
#4=COLOUR_RGB('',0.E0,0.E0,7.5E-1);
#5=DRAUGHTING_PRE_DEFINED_COLOUR('blue');
#6=COLOUR_RGB('',0.E0,2.5E-1,0.E0);
#7=COLOUR_RGB('',0.E0,2.5E-1,2.5E-1);
#8=COLOUR_RGB('',0.E0,2.5E-1,5.E-1);
#9=COLOUR_RGB('',0.E0,2.5E-1,7.5E-1);
#10=COLOUR_RGB('',0.E0,2.5E-1,1.E0);
#11=COLOUR_RGB('',0.E0,5.E-1,0.E0);
#12=COLOUR_RGB('',0.E0,5.E-1,2.5E-1);
#13=COLOUR_RGB('',0.E0,5.E-1,5.E-1);
#14=COLOUR_RGB('',0.E0,5.E-1,7.5E-1);
#15=COLOUR_RGB('',0.E0,5.E-1,1.E0);
#16=COLOUR_RGB('',0.E0,7.5E-1,0.E0);
#17=COLOUR_RGB('',0.E0,7.5E-1,2.5E-1);
#18=COLOUR_RGB('',0.E0,7.5E-1,5.E-1);
#19=COLOUR_RGB('',0.E0,7.5E-1,7.5E-1);
#20=COLOUR_RGB('',0.E0,7.5E-1,1.E0);
#21=DRAUGHTING_PRE_DEFINED_COLOUR('green');
#22=COLOUR_RGB('',0.E0,1.E0,2.5E-1);
#23=COLOUR_RGB('',0.E0,1.E0,5.E-1);
#24=COLOUR_RGB('',0.E0,1.E0,7.5E-1);
#25=DRAUGHTING_PRE_DEFINED_COLOUR('cyan');
#26=COLOUR_RGB('',2.5E-1,0.E0,0.E0);
#27=COLOUR_RGB('',2.5E-1,0.E0,2.5E-1);
#28=COLOUR_RGB('',2.5E-1,0.E0,5.E-1);
#29=COLOUR_RGB('',2.5E-1,0.E0,7.5E-1);
#30=COLOUR_RGB('',2.5E-1,0.E0,1.E0);
#31=COLOUR_RGB('',2.5E-1,2.5E-1,0.E0);
#32=COLOUR_RGB('',2.5E-1,2.5E-1,2.5E-1);
#33=COLOUR_RGB('',2.5E-1,2.5E-1,5.E-1);
#34=COLOUR_RGB('',2.5E-1,2.5E-1,7.5E-1);
#35=COLOUR_RGB('',2.5E-1,2.5E-1,1.E0);
#36=COLOUR_RGB('',2.5E-1,5.E-1,0.E0);
#37=COLOUR_RGB('',2.5E-1,5.E-1,2.5E-1);
#38=COLOUR_RGB('',2.5E-1,5.E-1,5.E-1);
#39=COLOUR_RGB('',2.5E-1,5.E-1,7.5E-1);
#40=COLOUR_RGB('',2.5E-1,5.E-1,1.E0);
#41=COLOUR_RGB('',2.5E-1,7.5E-1,0.E0);
#42=COLOUR_RGB('',2.5E-1,7.5E-1,2.5E-1);
#43=COLOUR_RGB('',2.5E-1,7.5E-1,5.E-1);
#44=COLOUR_RGB('',2.5E-1,7.5E-1,7.5E-1);
#45=COLOUR_RGB('',2.5E-1,7.5E-1,1.E0);
#46=COLOUR_RGB('',2.5E-1,1.E0,0.E0);
#47=COLOUR_RGB('',2.5E-1,1.E0,2.5E-1);
#48=COLOUR_RGB('',2.5E-1,1.E0,5.E-1);
#49=COLOUR_RGB('',2.5E-1,1.E0,7.5E-1);
#50=COLOUR_RGB('',2.5E-1,1.E0,1.E0);
#51=COLOUR_RGB('',3.33E-1,3.33E-1,3.33E-1);
#52=COLOUR_RGB('',4.117647058824E-1,4.117647058824E-1,4.117647058824E-1);
#53=COLOUR_RGB('',5.E-1,0.E0,0.E0);
#54=COLOUR_RGB('',5.E-1,0.E0,2.5E-1);
#55=COLOUR_RGB('',5.E-1,0.E0,5.E-1);
#56=COLOUR_RGB('',5.E-1,0.E0,7.5E-1);
#57=COLOUR_RGB('',5.E-1,0.E0,1.E0);
#58=COLOUR_RGB('',5.E-1,2.5E-1,0.E0);
#59=COLOUR_RGB('',5.E-1,2.5E-1,2.5E-1);
#60=COLOUR_RGB('',5.E-1,2.5E-1,5.E-1);
#61=COLOUR_RGB('',5.E-1,2.5E-1,7.5E-1);
#62=COLOUR_RGB('',5.E-1,2.5E-1,1.E0);
#63=COLOUR_RGB('',5.E-1,5.E-1,0.E0);
#64=COLOUR_RGB('',5.E-1,5.E-1,2.5E-1);
#65=COLOUR_RGB('',5.E-1,5.E-1,5.E-1);
#66=COLOUR_RGB('',5.E-1,5.E-1,7.5E-1);
#67=COLOUR_RGB('',5.E-1,5.E-1,1.E0);
#68=COLOUR_RGB('',5.E-1,7.5E-1,0.E0);
#69=COLOUR_RGB('',5.E-1,7.5E-1,2.5E-1);
#70=COLOUR_RGB('',5.E-1,7.5E-1,5.E-1);
#71=COLOUR_RGB('',5.E-1,7.5E-1,7.5E-1);
#72=COLOUR_RGB('',5.E-1,7.5E-1,1.E0);
#73=COLOUR_RGB('',5.E-1,1.E0,0.E0);
#74=COLOUR_RGB('',5.E-1,1.E0,2.5E-1);
#75=COLOUR_RGB('',5.E-1,1.E0,5.E-1);
#76=COLOUR_RGB('',5.E-1,1.E0,7.5E-1);
#77=COLOUR_RGB('',5.E-1,1.E0,1.E0);
#78=COLOUR_RGB('',6.952E-1,7.426E-1,7.9E-1);
#79=COLOUR_RGB('',7.5E-1,0.E0,0.E0);
#80=COLOUR_RGB('',7.5E-1,0.E0,2.5E-1);
#81=COLOUR_RGB('',7.5E-1,0.E0,5.E-1);
#82=COLOUR_RGB('',7.5E-1,0.E0,7.5E-1);
#83=COLOUR_RGB('',7.5E-1,0.E0,1.E0);
#84=COLOUR_RGB('',7.5E-1,2.5E-1,0.E0);
#85=COLOUR_RGB('',7.5E-1,2.5E-1,2.5E-1);
#86=COLOUR_RGB('',7.5E-1,2.5E-1,5.E-1);
#87=COLOUR_RGB('',7.5E-1,2.5E-1,7.5E-1);
#88=COLOUR_RGB('',7.5E-1,2.5E-1,1.E0);
#89=COLOUR_RGB('',7.5E-1,5.E-1,0.E0);
#90=COLOUR_RGB('',7.5E-1,5.E-1,2.5E-1);
#91=COLOUR_RGB('',7.5E-1,5.E-1,5.E-1);
#92=COLOUR_RGB('',7.5E-1,5.E-1,7.5E-1);
#93=COLOUR_RGB('',7.5E-1,5.E-1,1.E0);
#94=COLOUR_RGB('',7.5E-1,7.5E-1,0.E0);
#95=COLOUR_RGB('',7.5E-1,7.5E-1,2.5E-1);
#96=COLOUR_RGB('',7.5E-1,7.5E-1,5.E-1);
#97=COLOUR_RGB('',7.5E-1,7.5E-1,7.5E-1);
#98=COLOUR_RGB('',7.5E-1,7.5E-1,1.E0);
#99=COLOUR_RGB('',7.5E-1,1.E0,0.E0);
#100=COLOUR_RGB('',7.5E-1,1.E0,2.5E-1);
#101=COLOUR_RGB('',7.5E-1,1.E0,5.E-1);
#102=COLOUR_RGB('',7.5E-1,1.E0,7.5E-1);
#103=COLOUR_RGB('',7.5E-1,1.E0,1.E0);
#104=COLOUR_RGB('',8.784E-1,9.49E-1,1.E0);
#105=DRAUGHTING_PRE_DEFINED_COLOUR('red');
#106=COLOUR_RGB('',1.E0,0.E0,2.5E-1);
#107=COLOUR_RGB('',1.E0,0.E0,5.E-1);
#108=COLOUR_RGB('',1.E0,0.E0,7.5E-1);
#109=DRAUGHTING_PRE_DEFINED_COLOUR('magenta');
#110=COLOUR_RGB('',1.E0,2.5E-1,0.E0);
#111=COLOUR_RGB('',1.E0,2.5E-1,2.5E-1);
#112=COLOUR_RGB('',1.E0,2.5E-1,5.E-1);
#113=COLOUR_RGB('',1.E0,2.5E-1,7.5E-1);
#114=COLOUR_RGB('',1.E0,5.E-1,0.E0);
#115=COLOUR_RGB('',1.E0,5.E-1,2.5E-1);
#116=COLOUR_RGB('',1.E0,5.E-1,5.E-1);
#117=COLOUR_RGB('',1.E0,5.E-1,7.5E-1);
#118=COLOUR_RGB('',1.E0,5.E-1,1.E0);
#119=COLOUR_RGB('',1.E0,7.5E-1,0.E0);
#120=COLOUR_RGB('',1.E0,7.5E-1,2.5E-1);
#121=COLOUR_RGB('',1.E0,7.5E-1,5.E-1);
#122=COLOUR_RGB('',1.E0,7.5E-1,7.5E-1);
#123=COLOUR_RGB('',1.E0,7.5E-1,1.E0);
#124=DRAUGHTING_PRE_DEFINED_COLOUR('yellow');
#125=COLOUR_RGB('',1.E0,1.E0,2.5E-1);
#126=COLOUR_RGB('',1.E0,1.E0,5.E-1);
#127=COLOUR_RGB('',1.E0,1.E0,7.5E-1);
#128=DRAUGHTING_PRE_DEFINED_COLOUR('white');
#149=CIRCLE('',#148,1.200000298024E-1);
#164=CIRCLE('',#163,7.000000000133E-2);
#179=CIRCLE('',#178,7.000000000001E-2);
#194=CIRCLE('',#193,7.000000000001E-2);
#209=CIRCLE('',#208,7.000000000001E-2);
#224=CIRCLE('',#223,1.200000596047E-1);
#239=CIRCLE('',#238,1.200000298024E-1);
#254=CIRCLE('',#253,7.000000000001E-2);
#269=CIRCLE('',#268,7.000000000001E-2);
#284=CIRCLE('',#283,7.000000000001E-2);
#299=CIRCLE('',#298,7.000000000133E-2);
#314=CIRCLE('',#313,1.200000596047E-1);
#560=CIRCLE('',#559,1.200000298024E-1);
#568=CIRCLE('',#567,1.200000596047E-1);
#576=CIRCLE('',#575,7.000000000133E-2);
#584=CIRCLE('',#583,7.000000000001E-2);
#592=CIRCLE('',#591,7.000000000001E-2);
#600=CIRCLE('',#599,7.000000000001E-2);
#608=CIRCLE('',#607,1.200000298024E-1);
#616=CIRCLE('',#615,1.200000596047E-1);
#624=CIRCLE('',#623,7.000000000001E-2);
#632=CIRCLE('',#631,7.000000000001E-2);
#640=CIRCLE('',#639,7.000000000001E-2);
#648=CIRCLE('',#647,7.000000000133E-2);
#760=EDGE_CURVE('',#699,#700,#164,.T.);
#762=EDGE_CURVE('',#724,#700,#133,.T.);
#764=EDGE_CURVE('',#724,#752,#648,.T.);
#766=EDGE_CURVE('',#699,#752,#141,.T.);
#770=ADVANCED_FACE('',(#769),#759,.F.);
#776=EDGE_CURVE('',#671,#716,#149,.T.);
#778=EDGE_CURVE('',#700,#671,#156,.T.);
#781=EDGE_CURVE('',#692,#699,#171,.T.);
#783=EDGE_CURVE('',#691,#692,#179,.T.);
#785=EDGE_CURVE('',#694,#691,#186,.T.);
#787=EDGE_CURVE('',#738,#694,#194,.T.);
#789=EDGE_CURVE('',#754,#738,#201,.T.);
#791=EDGE_CURVE('',#742,#754,#209,.T.);
#793=EDGE_CURVE('',#750,#742,#216,.T.);
#795=EDGE_CURVE('',#703,#750,#224,.T.);
#797=EDGE_CURVE('',#736,#703,#231,.T.);
#799=EDGE_CURVE('',#748,#736,#239,.T.);
#801=EDGE_CURVE('',#728,#748,#246,.T.);
#803=EDGE_CURVE('',#713,#728,#254,.T.);
#805=EDGE_CURVE('',#684,#713,#261,.T.);
#807=EDGE_CURVE('',#683,#684,#269,.T.);
#809=EDGE_CURVE('',#686,#683,#276,.T.);
#811=EDGE_CURVE('',#744,#686,#284,.T.);
#813=EDGE_CURVE('',#720,#744,#291,.T.);
#815=EDGE_CURVE('',#719,#720,#299,.T.);
#817=EDGE_CURVE('',#688,#719,#306,.T.);
#819=EDGE_CURVE('',#661,#688,#314,.T.);
#821=EDGE_CURVE('',#716,#661,#321,.T.);
#825=ADVANCED_FACE('',(#824),#775,.F.);
#832=EDGE_CURVE('',#664,#716,#328,.T.);
#834=EDGE_CURVE('',#664,#672,#560,.T.);
#836=EDGE_CURVE('',#671,#672,#335,.T.);
#840=ADVANCED_FACE('',(#839),#830,.F.);
#847=EDGE_CURVE('',#661,#662,#356,.T.);
#849=EDGE_CURVE('',#664,#662,#342,.T.);
#854=ADVANCED_FACE('',(#853),#845,.F.);
#861=EDGE_CURVE('',#675,#688,#349,.T.);
#863=EDGE_CURVE('',#675,#662,#568,.T.);
#868=ADVANCED_FACE('',(#867),#859,.F.);
#875=EDGE_CURVE('',#719,#676,#377,.T.);
#877=EDGE_CURVE('',#675,#676,#363,.T.);
#882=ADVANCED_FACE('',(#881),#873,.F.);
#889=EDGE_CURVE('',#740,#720,#370,.T.);
#891=EDGE_CURVE('',#740,#676,#576,.T.);
#896=ADVANCED_FACE('',(#895),#887,.F.);
#903=EDGE_CURVE('',#744,#710,#398,.T.);
#905=EDGE_CURVE('',#740,#710,#384,.T.);
#910=ADVANCED_FACE('',(#909),#901,.F.);
#917=EDGE_CURVE('',#667,#686,#391,.T.);
#919=EDGE_CURVE('',#667,#710,#584,.T.);
#924=ADVANCED_FACE('',(#923),#915,.F.);
#931=EDGE_CURVE('',#683,#668,#419,.T.);
#933=EDGE_CURVE('',#667,#668,#405,.T.);
#938=ADVANCED_FACE('',(#937),#929,.F.);
#945=EDGE_CURVE('',#726,#684,#412,.T.);
#947=EDGE_CURVE('',#726,#668,#592,.T.);
#952=ADVANCED_FACE('',(#951),#943,.F.);
#959=EDGE_CURVE('',#713,#714,#440,.T.);
#961=EDGE_CURVE('',#726,#714,#426,.T.);
#966=ADVANCED_FACE('',(#965),#957,.F.);
#973=EDGE_CURVE('',#731,#728,#433,.T.);
#975=EDGE_CURVE('',#731,#714,#600,.T.);
#980=ADVANCED_FACE('',(#979),#971,.F.);
#987=EDGE_CURVE('',#748,#732,#461,.T.);
#989=EDGE_CURVE('',#731,#732,#447,.T.);
#994=ADVANCED_FACE('',(#993),#985,.F.);
#1001=EDGE_CURVE('',#735,#736,#454,.T.);
#1003=EDGE_CURVE('',#735,#732,#608,.T.);
#1008=ADVANCED_FACE('',(#1007),#999,.F.);
#1015=EDGE_CURVE('',#703,#704,#482,.T.);
#1017=EDGE_CURVE('',#735,#704,#468,.T.);
#1022=ADVANCED_FACE('',(#1021),#1013,.F.);
#1029=EDGE_CURVE('',#707,#750,#475,.T.);
#1031=EDGE_CURVE('',#707,#704,#616,.T.);
#1036=ADVANCED_FACE('',(#1035),#1027,.F.);
#1043=EDGE_CURVE('',#742,#708,#503,.T.);
#1045=EDGE_CURVE('',#707,#708,#489,.T.);
#1050=ADVANCED_FACE('',(#1049),#1041,.F.);
#1057=EDGE_CURVE('',#722,#754,#496,.T.);
#1059=EDGE_CURVE('',#722,#708,#624,.T.);
#1064=ADVANCED_FACE('',(#1063),#1055,.F.);
#1071=EDGE_CURVE('',#738,#696,#524,.T.);
#1073=EDGE_CURVE('',#722,#696,#510,.T.);
#1078=ADVANCED_FACE('',(#1077),#1069,.F.);
#1085=EDGE_CURVE('',#679,#694,#517,.T.);
#1087=EDGE_CURVE('',#679,#696,#632,.T.);
#1092=ADVANCED_FACE('',(#1091),#1083,.F.);
#1099=EDGE_CURVE('',#691,#680,#545,.T.);
#1101=EDGE_CURVE('',#679,#680,#531,.T.);
#1106=ADVANCED_FACE('',(#1105),#1097,.F.);
#1113=EDGE_CURVE('',#746,#692,#538,.T.);
#1115=EDGE_CURVE('',#746,#680,#640,.T.);
#1120=ADVANCED_FACE('',(#1119),#1111,.F.);
#1128=EDGE_CURVE('',#746,#752,#552,.T.);
#1133=ADVANCED_FACE('',(#1132),#1125,.F.);
#1162=EDGE_CURVE('',#724,#672,#655,.T.);
#1166=ADVANCED_FACE('',(#1165),#1138,.T.);
#1178=ADVANCED_FACE('',(#1177),#1171,.F.);
#1191=(LENGTH_UNIT()NAMED_UNIT(*)SI_UNIT(.MILLI.,.METRE.));
#1192=(NAMED_UNIT(*)PLANE_ANGLE_UNIT()SI_UNIT($,.RADIAN.));
#1195=(NAMED_UNIT(*)SI_UNIT($,.STERADIAN.)SOLID_ANGLE_UNIT());
#1197=(GEOMETRIC_REPRESENTATION_CONTEXT(3)GLOBAL_UNCERTAINTY_ASSIGNED_CONTEXT((
#1196))GLOBAL_UNIT_ASSIGNED_CONTEXT((#1191,#1194,#1195))REPRESENTATION_CONTEXT(
'ID1','3'));
#1201=AXIS2_PLACEMENT_3D('',#1198,#1199,#1200);
#1202=ADVANCED_BREP_SHAPE_REPRESENTATION('',(#1201,#1180),#1197);
#1209=PRODUCT_DEFINITION('part definition','',#1208,#1205);
#1210=PRODUCT_DEFINITION_SHAPE('','SHAPE FOR CERAMIC_1_2_3_4.',#1209);
#1211=SHAPE_ASPECT('','solid data associated with CERAMIC_1_2_3_4',#1210,.F.);
#1212=PROPERTY_DEFINITION('',
'shape for solid data with which properties are associated',#1211);
#1213=SHAPE_REPRESENTATION('',(#1180),#1197);
#1214=SHAPE_DEFINITION_REPRESENTATION(#1212,#1213);
#1215=(LENGTH_UNIT()NAMED_UNIT(*)SI_UNIT(.MILLI.,.METRE.));
#1219=PROPERTY_DEFINITION('geometric validation property',
'area of CERAMIC_1_2_3_4',#1211);
#1220=REPRESENTATION('surface area',(#1218),#1197);
#1221=PROPERTY_DEFINITION_REPRESENTATION(#1219,#1220);
#1222=(LENGTH_UNIT()NAMED_UNIT(*)SI_UNIT(.MILLI.,.METRE.));
#1226=PROPERTY_DEFINITION('geometric validation property',
'volume of CERAMIC_1_2_3_4',#1211);
#1227=REPRESENTATION('volume',(#1225),#1197);
#1228=PROPERTY_DEFINITION_REPRESENTATION(#1226,#1227);
#1230=PROPERTY_DEFINITION('geometric validation property',
'centroid of CERAMIC_1_2_3_4',#1211);
#1231=REPRESENTATION('centroid',(#1229),#1197);
#1232=PROPERTY_DEFINITION_REPRESENTATION(#1230,#1231);
#1233=(LENGTH_UNIT()NAMED_UNIT(*)SI_UNIT(.MILLI.,.METRE.));
#1237=PROPERTY_DEFINITION('geometric validation property',
'area of CERAMIC_1_2_3_4',#1210);
#1238=REPRESENTATION('surface area',(#1236),#1197);
#1239=PROPERTY_DEFINITION_REPRESENTATION(#1237,#1238);
#1240=(LENGTH_UNIT()NAMED_UNIT(*)SI_UNIT(.MILLI.,.METRE.));
#1244=PROPERTY_DEFINITION('geometric validation property',
'volume of CERAMIC_1_2_3_4',#1210);
#1245=REPRESENTATION('volume',(#1243),#1197);
#1246=PROPERTY_DEFINITION_REPRESENTATION(#1244,#1245);
#1248=PROPERTY_DEFINITION('geometric validation property',
'centroid of CERAMIC_1_2_3_4',#1210);
#1249=REPRESENTATION('centroid',(#1247),#1197);
#1250=PROPERTY_DEFINITION_REPRESENTATION(#1248,#1249);
#1251=SHAPE_DEFINITION_REPRESENTATION(#1210,#1202);
#1252=SHAPE_DEFINITION_REPRESENTATION(#1253,#1254);
#1253=PRODUCT_DEFINITION_SHAPE('',
'SHAPE FOR 13HG-S1_215284_190604_1_2_3_4_5_ASM.',#4922);
#1254=SHAPE_REPRESENTATION('',(#1269,#1264,#3982,#3977,#4905,#4900,#4918),
#4914);
#1255=NEXT_ASSEMBLY_USAGE_OCCURRENCE('0','Next assembly relationship',
'CERAMIC_1_2_3_4',#4922,#1209,$);
#1256=PRODUCT_DEFINITION_SHAPE('Placement #0',
'Placement of CERAMIC_1_2_3_4 with respect to 13HG-S1_215284_190604_1_2_3_4_5_ASM',#1255);
#1258=PROPERTY_DEFINITION('geometric validation property',
'centroid of CERAMIC_1_2_3_4',#1256);
#1259=REPRESENTATION('centroid',(#1257),#1197);
#1260=PROPERTY_DEFINITION_REPRESENTATION(#1258,#1259);
#1269=AXIS2_PLACEMENT_3D('',#1266,#1267,#1268);
#1291=CIRCLE('',#1290,1.200000596047E-1);
#1348=CIRCLE('',#1347,1.699998904838E-1);
#1405=CIRCLE('',#1404,1.200000596047E-1);
#1420=CIRCLE('',#1419,1.699998904838E-1);
#1607=EDGE_CURVE('',#1556,#1557,#1369,.T.);
#1609=EDGE_CURVE('',#1557,#1589,#1434,.T.);
#1611=EDGE_CURVE('',#1559,#1589,#1276,.T.);
#1613=EDGE_CURVE('',#1556,#1559,#1283,.T.);
#1617=ADVANCED_FACE('',(#1616),#1606,.F.);
#1623=EDGE_CURVE('',#1598,#1593,#1291,.T.);
#1625=EDGE_CURVE('',#1580,#1598,#1298,.T.);
#1627=EDGE_CURVE('',#1583,#1580,#1305,.T.);
#1629=EDGE_CURVE('',#1591,#1583,#1312,.T.);
#1631=EDGE_CURVE('',#1571,#1591,#1319,.T.);
#1633=EDGE_CURVE('',#1566,#1571,#1326,.T.);
#1635=EDGE_CURVE('',#1577,#1566,#1333,.T.);
#1637=EDGE_CURVE('',#1576,#1577,#1340,.T.);
#1639=EDGE_CURVE('',#1587,#1576,#1348,.T.);
#1641=EDGE_CURVE('',#1601,#1587,#1355,.T.);
#1643=EDGE_CURVE('',#1557,#1601,#1362,.T.);
#1646=EDGE_CURVE('',#1593,#1556,#1376,.T.);
#1650=ADVANCED_FACE('',(#1649),#1622,.F.);
#1657=EDGE_CURVE('',#1573,#1593,#1383,.T.);
#1659=EDGE_CURVE('',#1573,#1599,#1405,.T.);
#1661=EDGE_CURVE('',#1598,#1599,#1390,.T.);
#1665=ADVANCED_FACE('',(#1664),#1655,.F.);
#1673=EDGE_CURVE('',#1573,#1559,#1397,.T.);
#1678=ADVANCED_FACE('',(#1677),#1670,.F.);
#1687=EDGE_CURVE('',#1595,#1589,#1412,.T.);
#1689=EDGE_CURVE('',#1595,#1563,#1441,.T.);
#1691=EDGE_CURVE('',#1562,#1563,#1420,.T.);
#1693=EDGE_CURVE('',#1562,#1585,#1469,.T.);
#1695=EDGE_CURVE('',#1585,#1567,#1476,.T.);
#1697=EDGE_CURVE('',#1567,#1569,#1490,.T.);
#1699=EDGE_CURVE('',#1569,#1553,#1504,.T.);
#1701=EDGE_CURVE('',#1552,#1553,#1427,.T.);
#1703=EDGE_CURVE('',#1552,#1581,#1525,.T.);
#1705=EDGE_CURVE('',#1581,#1599,#1539,.T.);
#1709=ADVANCED_FACE('',(#1708),#1683,.T.);
#1716=EDGE_CURVE('',#1601,#1595,#1448,.T.);
#1722=ADVANCED_FACE('',(#1721),#1714,.F.);
#1729=EDGE_CURVE('',#1587,#1563,#1462,.T.);
#1735=ADVANCED_FACE('',(#1734),#1727,.F.);
#1742=EDGE_CURVE('',#1562,#1576,#1455,.T.);
#1748=ADVANCED_FACE('',(#1747),#1740,.F.);
#1755=EDGE_CURVE('',#1577,#1585,#1483,.T.);
#1761=ADVANCED_FACE('',(#1760),#1753,.F.);
#1768=EDGE_CURVE('',#1566,#1567,#1497,.T.);
#1774=ADVANCED_FACE('',(#1773),#1766,.F.);
#1781=EDGE_CURVE('',#1571,#1569,#1511,.T.);
#1787=ADVANCED_FACE('',(#1786),#1779,.F.);
#1794=EDGE_CURVE('',#1591,#1553,#1518,.T.);
#1800=ADVANCED_FACE('',(#1799),#1792,.F.);
#1807=EDGE_CURVE('',#1583,#1552,#1532,.T.);
#1813=ADVANCED_FACE('',(#1812),#1805,.F.);
#1820=EDGE_CURVE('',#1580,#1581,#1546,.T.);
#1826=ADVANCED_FACE('',(#1825),#1818,.F.);
#1838=ADVANCED_FACE('',(#1837),#1831,.F.);
#1851=(LENGTH_UNIT()NAMED_UNIT(*)SI_UNIT(.MILLI.,.METRE.));
#1852=(NAMED_UNIT(*)PLANE_ANGLE_UNIT()SI_UNIT($,.RADIAN.));
#1855=(NAMED_UNIT(*)SI_UNIT($,.STERADIAN.)SOLID_ANGLE_UNIT());
#1857=(GEOMETRIC_REPRESENTATION_CONTEXT(3)GLOBAL_UNCERTAINTY_ASSIGNED_CONTEXT((
#1856))GLOBAL_UNIT_ASSIGNED_CONTEXT((#1851,#1854,#1855))REPRESENTATION_CONTEXT(
'ID2','3'));
#1861=AXIS2_PLACEMENT_3D('',#1858,#1859,#1860);
#1862=ADVANCED_BREP_SHAPE_REPRESENTATION('',(#1861,#1840),#1857);
#1866=PRODUCT_DEFINITION('part definition','',#1865,#1205);
#1867=PRODUCT_DEFINITION_SHAPE('','SHAPE FOR ____-______O__1_3__1_2_3_4.',
#1866);
#1868=SHAPE_ASPECT('','solid data associated with ____-______O__1_3__1_2_3_4',
#1867,.F.);
#1869=PROPERTY_DEFINITION('',
'shape for solid data with which properties are associated',#1868);
#1870=SHAPE_REPRESENTATION('',(#1840),#1857);
#1871=SHAPE_DEFINITION_REPRESENTATION(#1869,#1870);
#1872=(LENGTH_UNIT()NAMED_UNIT(*)SI_UNIT(.MILLI.,.METRE.));
#1876=PROPERTY_DEFINITION('geometric validation property',
'area of ____-______O__1_3__1_2_3_4',#1868);
#1877=REPRESENTATION('surface area',(#1875),#1857);
#1878=PROPERTY_DEFINITION_REPRESENTATION(#1876,#1877);
#1879=(LENGTH_UNIT()NAMED_UNIT(*)SI_UNIT(.MILLI.,.METRE.));
#1883=PROPERTY_DEFINITION('geometric validation property',
'volume of ____-______O__1_3__1_2_3_4',#1868);
#1884=REPRESENTATION('volume',(#1882),#1857);
#1885=PROPERTY_DEFINITION_REPRESENTATION(#1883,#1884);
#1887=PROPERTY_DEFINITION('geometric validation property',
'centroid of ____-______O__1_3__1_2_3_4',#1868);
#1888=REPRESENTATION('centroid',(#1886),#1857);
#1889=PROPERTY_DEFINITION_REPRESENTATION(#1887,#1888);
#1890=(LENGTH_UNIT()NAMED_UNIT(*)SI_UNIT(.MILLI.,.METRE.));
#1894=PROPERTY_DEFINITION('geometric validation property',
'area of ____-______O__1_3__1_2_3_4',#1867);
#1895=REPRESENTATION('surface area',(#1893),#1857);
#1896=PROPERTY_DEFINITION_REPRESENTATION(#1894,#1895);
#1897=(LENGTH_UNIT()NAMED_UNIT(*)SI_UNIT(.MILLI.,.METRE.));
#1901=PROPERTY_DEFINITION('geometric validation property',
'volume of ____-______O__1_3__1_2_3_4',#1867);
#1902=REPRESENTATION('volume',(#1900),#1857);
#1903=PROPERTY_DEFINITION_REPRESENTATION(#1901,#1902);
#1905=PROPERTY_DEFINITION('geometric validation property',
'centroid of ____-______O__1_3__1_2_3_4',#1867);
#1906=REPRESENTATION('centroid',(#1904),#1857);
#1907=PROPERTY_DEFINITION_REPRESENTATION(#1905,#1906);
#1908=SHAPE_DEFINITION_REPRESENTATION(#1867,#1862);
#1909=SHAPE_DEFINITION_REPRESENTATION(#1910,#1911);
#1910=PRODUCT_DEFINITION_SHAPE('','SHAPE FOR MP-101_1_2_3_4_ASM.',#3949);
#1911=SHAPE_REPRESENTATION('',(#1926,#1921,#2581,#2576,#3235,#3230,#3932,#3927,
#3945),#3941);
#1912=NEXT_ASSEMBLY_USAGE_OCCURRENCE('1','Next assembly relationship',
'____-______O__1_3__1_2_3_4',#3949,#1866,$);
#1913=PRODUCT_DEFINITION_SHAPE('Placement #1',
'Placement of ____-______O__1_3__1_2_3_4 with respect to MP-101_1_2_3_4_ASM',
#1912);
#1915=PROPERTY_DEFINITION('geometric validation property',
'centroid of ____-______O__1_3__1_2_3_4',#1913);
#1916=REPRESENTATION('centroid',(#1914),#1857);
#1917=PROPERTY_DEFINITION_REPRESENTATION(#1915,#1916);
#1926=AXIS2_PLACEMENT_3D('',#1923,#1924,#1925);
#1948=CIRCLE('',#1947,1.200000298024E-1);
#1984=CIRCLE('',#1983,1.699998904838E-1);
#2181=CIRCLE('',#2180,1.200000298024E-1);
#2196=CIRCLE('',#2195,1.699998904838E-1);
#2264=EDGE_CURVE('',#2214,#2209,#1955,.T.);
#2266=EDGE_CURVE('',#2209,#2210,#2047,.T.);
#2268=EDGE_CURVE('',#2252,#2210,#1933,.T.);
#2270=EDGE_CURVE('',#2214,#2252,#1940,.T.);
#2274=ADVANCED_FACE('',(#2273),#2263,.F.);
#2280=EDGE_CURVE('',#2209,#2233,#1948,.T.);
#2283=EDGE_CURVE('',#2213,#2214,#1962,.T.);
#2285=EDGE_CURVE('',#2224,#2213,#1969,.T.);
#2287=EDGE_CURVE('',#2218,#2224,#1976,.T.);
#2289=EDGE_CURVE('',#2217,#2218,#1984,.T.);
#2291=EDGE_CURVE('',#2250,#2217,#1991,.T.);
#2293=EDGE_CURVE('',#2242,#2250,#1998,.T.);
#2295=EDGE_CURVE('',#2256,#2242,#2005,.T.);
#2297=EDGE_CURVE('',#2255,#2256,#2012,.T.);
#2299=EDGE_CURVE('',#2237,#2255,#2019,.T.);
#2301=EDGE_CURVE('',#2234,#2237,#2026,.T.);
#2303=EDGE_CURVE('',#2233,#2234,#2033,.T.);
#2307=ADVANCED_FACE('',(#2306),#2279,.F.);
#2314=EDGE_CURVE('',#2246,#2233,#2040,.T.);
#2316=EDGE_CURVE('',#2246,#2210,#2181,.T.);
#2321=ADVANCED_FACE('',(#2320),#2312,.F.);
#2328=EDGE_CURVE('',#2234,#2248,#2068,.T.);
#2330=EDGE_CURVE('',#2246,#2248,#2054,.T.);
#2335=ADVANCED_FACE('',(#2334),#2326,.F.);
#2342=EDGE_CURVE('',#2237,#2238,#2075,.T.);
#2344=EDGE_CURVE('',#2248,#2238,#2061,.T.);
#2349=ADVANCED_FACE('',(#2348),#2340,.F.);
#2356=EDGE_CURVE('',#2255,#2240,#2089,.T.);
#2358=EDGE_CURVE('',#2240,#2238,#2188,.T.);
#2363=ADVANCED_FACE('',(#2362),#2354,.F.);
#2370=EDGE_CURVE('',#2256,#2227,#2103,.T.);
#2372=EDGE_CURVE('',#2240,#2227,#2082,.T.);
#2377=ADVANCED_FACE('',(#2376),#2368,.F.);
#2384=EDGE_CURVE('',#2242,#2228,#2117,.T.);
#2386=EDGE_CURVE('',#2227,#2228,#2096,.T.);
#2391=ADVANCED_FACE('',(#2390),#2382,.F.);
#2398=EDGE_CURVE('',#2250,#2244,#2131,.T.);
#2400=EDGE_CURVE('',#2228,#2244,#2110,.T.);
#2405=ADVANCED_FACE('',(#2404),#2396,.F.);
#2412=EDGE_CURVE('',#2217,#2258,#2145,.T.);
#2414=EDGE_CURVE('',#2244,#2258,#2124,.T.);
#2419=ADVANCED_FACE('',(#2418),#2410,.F.);
#2426=EDGE_CURVE('',#2221,#2218,#2138,.T.);
#2428=EDGE_CURVE('',#2221,#2258,#2196,.T.);
#2433=ADVANCED_FACE('',(#2432),#2424,.F.);
#2440=EDGE_CURVE('',#2224,#2222,#2159,.T.);
#2442=EDGE_CURVE('',#2221,#2222,#2152,.T.);
#2447=ADVANCED_FACE('',(#2446),#2438,.F.);
#2454=EDGE_CURVE('',#2213,#2230,#2173,.T.);
#2456=EDGE_CURVE('',#2230,#2222,#2203,.T.);
#2461=ADVANCED_FACE('',(#2460),#2452,.F.);
#2469=EDGE_CURVE('',#2230,#2252,#2166,.T.);
#2474=ADVANCED_FACE('',(#2473),#2466,.F.);
#2495=ADVANCED_FACE('',(#2494),#2479,.T.);
#2508=(LENGTH_UNIT()NAMED_UNIT(*)SI_UNIT(.MILLI.,.METRE.));
#2509=(NAMED_UNIT(*)PLANE_ANGLE_UNIT()SI_UNIT($,.RADIAN.));
#2512=(NAMED_UNIT(*)SI_UNIT($,.STERADIAN.)SOLID_ANGLE_UNIT());
#2514=(GEOMETRIC_REPRESENTATION_CONTEXT(3)GLOBAL_UNCERTAINTY_ASSIGNED_CONTEXT((
#2513))GLOBAL_UNIT_ASSIGNED_CONTEXT((#2508,#2511,#2512))REPRESENTATION_CONTEXT(
'ID3','3'));
#2518=AXIS2_PLACEMENT_3D('',#2515,#2516,#2517);
#2519=ADVANCED_BREP_SHAPE_REPRESENTATION('',(#2518,#2497),#2514);
#2524=PRODUCT_DEFINITION('part definition','',#2523,#2520);
#2525=PRODUCT_DEFINITION_SHAPE('','SHAPE FOR ____-______O__1_2__1_2_3_4.',
#2524);
#2526=SHAPE_ASPECT('','solid data associated with ____-______O__1_2__1_2_3_4',
#2525,.F.);
#2527=PROPERTY_DEFINITION('',
'shape for solid data with which properties are associated',#2526);
#2528=SHAPE_REPRESENTATION('',(#2497),#2514);
#2529=SHAPE_DEFINITION_REPRESENTATION(#2527,#2528);
#2530=(LENGTH_UNIT()NAMED_UNIT(*)SI_UNIT(.MILLI.,.METRE.));
#2534=PROPERTY_DEFINITION('geometric validation property',
'area of ____-______O__1_2__1_2_3_4',#2526);
#2535=REPRESENTATION('surface area',(#2533),#2514);
#2536=PROPERTY_DEFINITION_REPRESENTATION(#2534,#2535);
#2537=(LENGTH_UNIT()NAMED_UNIT(*)SI_UNIT(.MILLI.,.METRE.));
#2541=PROPERTY_DEFINITION('geometric validation property',
'volume of ____-______O__1_2__1_2_3_4',#2526);
#2542=REPRESENTATION('volume',(#2540),#2514);
#2543=PROPERTY_DEFINITION_REPRESENTATION(#2541,#2542);
#2545=PROPERTY_DEFINITION('geometric validation property',
'centroid of ____-______O__1_2__1_2_3_4',#2526);
#2546=REPRESENTATION('centroid',(#2544),#2514);
#2547=PROPERTY_DEFINITION_REPRESENTATION(#2545,#2546);
#2548=(LENGTH_UNIT()NAMED_UNIT(*)SI_UNIT(.MILLI.,.METRE.));
#2552=PROPERTY_DEFINITION('geometric validation property',
'area of ____-______O__1_2__1_2_3_4',#2525);
#2553=REPRESENTATION('surface area',(#2551),#2514);
#2554=PROPERTY_DEFINITION_REPRESENTATION(#2552,#2553);
#2555=(LENGTH_UNIT()NAMED_UNIT(*)SI_UNIT(.MILLI.,.METRE.));
#2559=PROPERTY_DEFINITION('geometric validation property',
'volume of ____-______O__1_2__1_2_3_4',#2525);
#2560=REPRESENTATION('volume',(#2558),#2514);
#2561=PROPERTY_DEFINITION_REPRESENTATION(#2559,#2560);
#2563=PROPERTY_DEFINITION('geometric validation property',
'centroid of ____-______O__1_2__1_2_3_4',#2525);
#2564=REPRESENTATION('centroid',(#2562),#2514);
#2565=PROPERTY_DEFINITION_REPRESENTATION(#2563,#2564);
#2566=SHAPE_DEFINITION_REPRESENTATION(#2525,#2519);
#2567=NEXT_ASSEMBLY_USAGE_OCCURRENCE('2','Next assembly relationship',
'____-______O__1_2__1_2_3_4',#3949,#2524,$);
#2568=PRODUCT_DEFINITION_SHAPE('Placement #2',
'Placement of ____-______O__1_2__1_2_3_4 with respect to MP-101_1_2_3_4_ASM',
#2567);
#2570=PROPERTY_DEFINITION('geometric validation property',
'centroid of ____-______O__1_2__1_2_3_4',#2568);
#2571=REPRESENTATION('centroid',(#2569),#2514);
#2572=PROPERTY_DEFINITION_REPRESENTATION(#2570,#2571);
#2581=AXIS2_PLACEMENT_3D('',#2578,#2579,#2580);
#2596=CIRCLE('',#2595,1.200000298024E-1);
#2632=CIRCLE('',#2631,1.699998904838E-1);
#2724=CIRCLE('',#2723,1.200000298024E-1);
#2739=CIRCLE('',#2738,1.699998904838E-1);
#2919=EDGE_CURVE('',#2907,#2900,#2667,.T.);
#2921=EDGE_CURVE('',#2900,#2904,#2760,.T.);
#2923=EDGE_CURVE('',#2904,#2905,#2731,.T.);
#2925=EDGE_CURVE('',#2907,#2905,#2588,.T.);
#2929=ADVANCED_FACE('',(#2928),#2918,.F.);
#2935=EDGE_CURVE('',#2870,#2871,#2596,.T.);
#2937=EDGE_CURVE('',#2909,#2870,#2603,.T.);
#2939=EDGE_CURVE('',#2889,#2909,#2610,.T.);
#2941=EDGE_CURVE('',#2883,#2889,#2617,.T.);
#2943=EDGE_CURVE('',#2882,#2883,#2624,.T.);
#2945=EDGE_CURVE('',#2875,#2882,#2632,.T.);
#2947=EDGE_CURVE('',#2874,#2875,#2639,.T.);
#2949=EDGE_CURVE('',#2885,#2874,#2646,.T.);
#2951=EDGE_CURVE('',#2901,#2885,#2653,.T.);
#2953=EDGE_CURVE('',#2900,#2901,#2660,.T.);
#2956=EDGE_CURVE('',#2887,#2907,#2674,.T.);
#2958=EDGE_CURVE('',#2871,#2887,#2681,.T.);
#2962=ADVANCED_FACE('',(#2961),#2934,.F.);
#2969=EDGE_CURVE('',#2864,#2871,#2688,.T.);
#2971=EDGE_CURVE('',#2864,#2867,#2724,.T.);
#2973=EDGE_CURVE('',#2870,#2867,#2695,.T.);
#2977=ADVANCED_FACE('',(#2976),#2967,.F.);
#2984=EDGE_CURVE('',#2887,#2865,#2716,.T.);
#2986=EDGE_CURVE('',#2864,#2865,#2702,.T.);
#2991=ADVANCED_FACE('',(#2990),#2982,.F.);
#2999=EDGE_CURVE('',#2865,#2905,#2709,.T.);
#3004=ADVANCED_FACE('',(#3003),#2996,.F.);
#3014=EDGE_CURVE('',#2904,#2911,#2753,.T.);
#3016=EDGE_CURVE('',#2911,#2878,#2767,.T.);
#3018=EDGE_CURVE('',#2878,#2879,#2781,.T.);
#3020=EDGE_CURVE('',#2879,#2913,#2795,.T.);
#3022=EDGE_CURVE('',#2895,#2913,#2739,.T.);
#3024=EDGE_CURVE('',#2895,#2897,#2823,.T.);
#3026=EDGE_CURVE('',#2892,#2897,#2746,.T.);
#3028=EDGE_CURVE('',#2892,#2893,#2837,.T.);
#3030=EDGE_CURVE('',#2893,#2867,#2851,.T.);
#3034=ADVANCED_FACE('',(#3033),#3009,.T.);
#3041=EDGE_CURVE('',#2901,#2911,#2774,.T.);
#3047=ADVANCED_FACE('',(#3046),#3039,.F.);
#3054=EDGE_CURVE('',#2885,#2878,#2788,.T.);
#3060=ADVANCED_FACE('',(#3059),#3052,.F.);
#3067=EDGE_CURVE('',#2874,#2879,#2802,.T.);
#3073=ADVANCED_FACE('',(#3072),#3065,.F.);
#3080=EDGE_CURVE('',#2875,#2913,#2816,.T.);
#3086=ADVANCED_FACE('',(#3085),#3078,.F.);
#3093=EDGE_CURVE('',#2895,#2882,#2809,.T.);
#3099=ADVANCED_FACE('',(#3098),#3091,.F.);
#3106=EDGE_CURVE('',#2883,#2897,#2830,.T.);
#3112=ADVANCED_FACE('',(#3111),#3104,.F.);
#3119=EDGE_CURVE('',#2889,#2892,#2844,.T.);
#3125=ADVANCED_FACE('',(#3124),#3117,.F.);
#3132=EDGE_CURVE('',#2909,#2893,#2858,.T.);
#3138=ADVANCED_FACE('',(#3137),#3130,.F.);
#3150=ADVANCED_FACE('',(#3149),#3143,.F.);
#3163=(LENGTH_UNIT()NAMED_UNIT(*)SI_UNIT(.MILLI.,.METRE.));
#3164=(NAMED_UNIT(*)PLANE_ANGLE_UNIT()SI_UNIT($,.RADIAN.));
#3167=(NAMED_UNIT(*)SI_UNIT($,.STERADIAN.)SOLID_ANGLE_UNIT());
#3169=(GEOMETRIC_REPRESENTATION_CONTEXT(3)GLOBAL_UNCERTAINTY_ASSIGNED_CONTEXT((
#3168))GLOBAL_UNIT_ASSIGNED_CONTEXT((#3163,#3166,#3167))REPRESENTATION_CONTEXT(
'ID4','3'));
#3173=AXIS2_PLACEMENT_3D('',#3170,#3171,#3172);
#3174=ADVANCED_BREP_SHAPE_REPRESENTATION('',(#3173,#3152),#3169);
#3178=PRODUCT_DEFINITION('part definition','',#3177,#2520);
#3179=PRODUCT_DEFINITION_SHAPE('','SHAPE FOR ____-______O__1_4__1_2_3_4.',
#3178);
#3180=SHAPE_ASPECT('','solid data associated with ____-______O__1_4__1_2_3_4',
#3179,.F.);
#3181=PROPERTY_DEFINITION('',
'shape for solid data with which properties are associated',#3180);
#3182=SHAPE_REPRESENTATION('',(#3152),#3169);
#3183=SHAPE_DEFINITION_REPRESENTATION(#3181,#3182);
#3184=(LENGTH_UNIT()NAMED_UNIT(*)SI_UNIT(.MILLI.,.METRE.));
#3188=PROPERTY_DEFINITION('geometric validation property',
'area of ____-______O__1_4__1_2_3_4',#3180);
#3189=REPRESENTATION('surface area',(#3187),#3169);
#3190=PROPERTY_DEFINITION_REPRESENTATION(#3188,#3189);
#3191=(LENGTH_UNIT()NAMED_UNIT(*)SI_UNIT(.MILLI.,.METRE.));
#3195=PROPERTY_DEFINITION('geometric validation property',
'volume of ____-______O__1_4__1_2_3_4',#3180);
#3196=REPRESENTATION('volume',(#3194),#3169);
#3197=PROPERTY_DEFINITION_REPRESENTATION(#3195,#3196);
#3199=PROPERTY_DEFINITION('geometric validation property',
'centroid of ____-______O__1_4__1_2_3_4',#3180);
#3200=REPRESENTATION('centroid',(#3198),#3169);
#3201=PROPERTY_DEFINITION_REPRESENTATION(#3199,#3200);
#3202=(LENGTH_UNIT()NAMED_UNIT(*)SI_UNIT(.MILLI.,.METRE.));
#3206=PROPERTY_DEFINITION('geometric validation property',
'area of ____-______O__1_4__1_2_3_4',#3179);
#3207=REPRESENTATION('surface area',(#3205),#3169);
#3208=PROPERTY_DEFINITION_REPRESENTATION(#3206,#3207);
#3209=(LENGTH_UNIT()NAMED_UNIT(*)SI_UNIT(.MILLI.,.METRE.));
#3213=PROPERTY_DEFINITION('geometric validation property',
'volume of ____-______O__1_4__1_2_3_4',#3179);
#3214=REPRESENTATION('volume',(#3212),#3169);
#3215=PROPERTY_DEFINITION_REPRESENTATION(#3213,#3214);
#3217=PROPERTY_DEFINITION('geometric validation property',
'centroid of ____-______O__1_4__1_2_3_4',#3179);
#3218=REPRESENTATION('centroid',(#3216),#3169);
#3219=PROPERTY_DEFINITION_REPRESENTATION(#3217,#3218);
#3220=SHAPE_DEFINITION_REPRESENTATION(#3179,#3174);
#3221=NEXT_ASSEMBLY_USAGE_OCCURRENCE('3','Next assembly relationship',
'____-______O__1_4__1_2_3_4',#3949,#3178,$);
#3222=PRODUCT_DEFINITION_SHAPE('Placement #3',
'Placement of ____-______O__1_4__1_2_3_4 with respect to MP-101_1_2_3_4_ASM',
#3221);
#3224=PROPERTY_DEFINITION('geometric validation property',
'centroid of ____-______O__1_4__1_2_3_4',#3222);
#3225=REPRESENTATION('centroid',(#3223),#3169);
#3226=PROPERTY_DEFINITION_REPRESENTATION(#3224,#3225);
#3235=AXIS2_PLACEMENT_3D('',#3232,#3233,#3234);
#3250=CIRCLE('',#3249,1.200000596047E-1);
#3314=CIRCLE('',#3313,1.699998904838E-1);
#3476=CIRCLE('',#3475,1.200000596047E-1);
#3491=CIRCLE('',#3490,1.699998904838E-1);
#3598=EDGE_CURVE('',#3539,#3540,#3271,.T.);
#3600=EDGE_CURVE('',#3540,#3565,#3519,.T.);
#3602=EDGE_CURVE('',#3565,#3548,#3505,.T.);
#3604=EDGE_CURVE('',#3539,#3548,#3242,.T.);
#3608=ADVANCED_FACE('',(#3607),#3597,.F.);
#3614=EDGE_CURVE('',#3553,#3554,#3250,.T.);
#3616=EDGE_CURVE('',#3570,#3553,#3257,.T.);
#3618=EDGE_CURVE('',#3540,#3570,#3264,.T.);
#3621=EDGE_CURVE('',#3568,#3539,#3278,.T.);
#3623=EDGE_CURVE('',#3576,#3568,#3285,.T.);
#3625=EDGE_CURVE('',#3543,#3576,#3292,.T.);
#3627=EDGE_CURVE('',#3573,#3543,#3299,.T.);
#3629=EDGE_CURVE('',#3588,#3573,#3306,.T.);
#3631=EDGE_CURVE('',#3586,#3588,#3314,.T.);
#3633=EDGE_CURVE('',#3558,#3586,#3321,.T.);
#3635=EDGE_CURVE('',#3557,#3558,#3328,.T.);
#3637=EDGE_CURVE('',#3582,#3557,#3335,.T.);
#3639=EDGE_CURVE('',#3554,#3582,#3342,.T.);
#3643=ADVANCED_FACE('',(#3642),#3613,.F.);
#3650=EDGE_CURVE('',#3590,#3554,#3349,.T.);
#3652=EDGE_CURVE('',#3590,#3580,#3476,.T.);
#3654=EDGE_CURVE('',#3553,#3580,#3356,.T.);
#3658=ADVANCED_FACE('',(#3657),#3648,.F.);
#3665=EDGE_CURVE('',#3582,#3592,#3377,.T.);
#3667=EDGE_CURVE('',#3590,#3592,#3363,.T.);
#3672=ADVANCED_FACE('',(#3671),#3663,.F.);
#3679=EDGE_CURVE('',#3557,#3584,#3384,.T.);
#3681=EDGE_CURVE('',#3592,#3584,#3370,.T.);
#3686=ADVANCED_FACE('',(#3685),#3677,.F.);
#3693=EDGE_CURVE('',#3558,#3578,#3398,.T.);
#3695=EDGE_CURVE('',#3578,#3584,#3483,.T.);
#3700=ADVANCED_FACE('',(#3699),#3691,.F.);
#3707=EDGE_CURVE('',#3586,#3562,#3412,.T.);
#3709=EDGE_CURVE('',#3578,#3562,#3391,.T.);
#3714=ADVANCED_FACE('',(#3713),#3705,.F.);
#3721=EDGE_CURVE('',#3561,#3588,#3405,.T.);
#3723=EDGE_CURVE('',#3561,#3562,#3491,.T.);
#3728=ADVANCED_FACE('',(#3727),#3719,.F.);
#3735=EDGE_CURVE('',#3573,#3574,#3433,.T.);
#3737=EDGE_CURVE('',#3561,#3574,#3419,.T.);
#3742=ADVANCED_FACE('',(#3741),#3733,.F.);
#3749=EDGE_CURVE('',#3543,#3544,#3440,.T.);
#3751=EDGE_CURVE('',#3574,#3544,#3426,.T.);
#3756=ADVANCED_FACE('',(#3755),#3747,.F.);
#3763=EDGE_CURVE('',#3576,#3550,#3454,.T.);
#3765=EDGE_CURVE('',#3550,#3544,#3498,.T.);
#3770=ADVANCED_FACE('',(#3769),#3761,.F.);
#3777=EDGE_CURVE('',#3568,#3547,#3468,.T.);
#3779=EDGE_CURVE('',#3550,#3547,#3447,.T.);
#3784=ADVANCED_FACE('',(#3783),#3775,.F.);
#3792=EDGE_CURVE('',#3547,#3548,#3461,.T.);
#3797=ADVANCED_FACE('',(#3796),#3789,.F.);
#3815=EDGE_CURVE('',#3565,#3566,#3512,.T.);
#3817=EDGE_CURVE('',#3566,#3580,#3526,.T.);
#3821=ADVANCED_FACE('',(#3820),#3802,.T.);
#3828=EDGE_CURVE('',#3570,#3566,#3533,.T.);
#3834=ADVANCED_FACE('',(#3833),#3826,.F.);
#3846=ADVANCED_FACE('',(#3845),#3839,.F.);
#3859=(LENGTH_UNIT()NAMED_UNIT(*)SI_UNIT(.MILLI.,.METRE.));
#3860=(NAMED_UNIT(*)PLANE_ANGLE_UNIT()SI_UNIT($,.RADIAN.));
#3863=(NAMED_UNIT(*)SI_UNIT($,.STERADIAN.)SOLID_ANGLE_UNIT());
#3865=(GEOMETRIC_REPRESENTATION_CONTEXT(3)GLOBAL_UNCERTAINTY_ASSIGNED_CONTEXT((
#3864))GLOBAL_UNIT_ASSIGNED_CONTEXT((#3859,#3862,#3863))REPRESENTATION_CONTEXT(
'ID5','3'));
#3869=AXIS2_PLACEMENT_3D('',#3866,#3867,#3868);
#3870=ADVANCED_BREP_SHAPE_REPRESENTATION('',(#3869,#3848),#3865);
#3875=PRODUCT_DEFINITION('part definition','',#3874,#3871);
#3876=PRODUCT_DEFINITION_SHAPE('','SHAPE FOR ____-______O__1_1__1_2_3_4.',
#3875);
#3877=SHAPE_ASPECT('','solid data associated with ____-______O__1_1__1_2_3_4',
#3876,.F.);
#3878=PROPERTY_DEFINITION('',
'shape for solid data with which properties are associated',#3877);
#3879=SHAPE_REPRESENTATION('',(#3848),#3865);
#3880=SHAPE_DEFINITION_REPRESENTATION(#3878,#3879);
#3881=(LENGTH_UNIT()NAMED_UNIT(*)SI_UNIT(.MILLI.,.METRE.));
#3885=PROPERTY_DEFINITION('geometric validation property',
'area of ____-______O__1_1__1_2_3_4',#3877);
#3886=REPRESENTATION('surface area',(#3884),#3865);
#3887=PROPERTY_DEFINITION_REPRESENTATION(#3885,#3886);
#3888=(LENGTH_UNIT()NAMED_UNIT(*)SI_UNIT(.MILLI.,.METRE.));
#3892=PROPERTY_DEFINITION('geometric validation property',
'volume of ____-______O__1_1__1_2_3_4',#3877);
#3893=REPRESENTATION('volume',(#3891),#3865);
#3894=PROPERTY_DEFINITION_REPRESENTATION(#3892,#3893);
#3896=PROPERTY_DEFINITION('geometric validation property',
'centroid of ____-______O__1_1__1_2_3_4',#3877);
#3897=REPRESENTATION('centroid',(#3895),#3865);
#3898=PROPERTY_DEFINITION_REPRESENTATION(#3896,#3897);
#3899=(LENGTH_UNIT()NAMED_UNIT(*)SI_UNIT(.MILLI.,.METRE.));
#3903=PROPERTY_DEFINITION('geometric validation property',
'area of ____-______O__1_1__1_2_3_4',#3876);
#3904=REPRESENTATION('surface area',(#3902),#3865);
#3905=PROPERTY_DEFINITION_REPRESENTATION(#3903,#3904);
#3906=(LENGTH_UNIT()NAMED_UNIT(*)SI_UNIT(.MILLI.,.METRE.));
#3910=PROPERTY_DEFINITION('geometric validation property',
'volume of ____-______O__1_1__1_2_3_4',#3876);
#3911=REPRESENTATION('volume',(#3909),#3865);
#3912=PROPERTY_DEFINITION_REPRESENTATION(#3910,#3911);
#3914=PROPERTY_DEFINITION('geometric validation property',
'centroid of ____-______O__1_1__1_2_3_4',#3876);
#3915=REPRESENTATION('centroid',(#3913),#3865);
#3916=PROPERTY_DEFINITION_REPRESENTATION(#3914,#3915);
#3917=SHAPE_DEFINITION_REPRESENTATION(#3876,#3870);
#3918=NEXT_ASSEMBLY_USAGE_OCCURRENCE('4','Next assembly relationship',
'____-______O__1_1__1_2_3_4',#3949,#3875,$);
#3919=PRODUCT_DEFINITION_SHAPE('Placement #4',
'Placement of ____-______O__1_1__1_2_3_4 with respect to MP-101_1_2_3_4_ASM',
#3918);
#3921=PROPERTY_DEFINITION('geometric validation property',
'centroid of ____-______O__1_1__1_2_3_4',#3919);
#3922=REPRESENTATION('centroid',(#3920),#3865);
#3923=PROPERTY_DEFINITION_REPRESENTATION(#3921,#3922);
#3932=AXIS2_PLACEMENT_3D('',#3929,#3930,#3931);
#3935=(LENGTH_UNIT()NAMED_UNIT(*)SI_UNIT(.MILLI.,.METRE.));
#3936=(NAMED_UNIT(*)PLANE_ANGLE_UNIT()SI_UNIT($,.RADIAN.));
#3939=(NAMED_UNIT(*)SI_UNIT($,.STERADIAN.)SOLID_ANGLE_UNIT());
#3941=(GEOMETRIC_REPRESENTATION_CONTEXT(3)GLOBAL_UNCERTAINTY_ASSIGNED_CONTEXT((
#3940))GLOBAL_UNIT_ASSIGNED_CONTEXT((#3935,#3938,#3939))REPRESENTATION_CONTEXT(
'ID6','3'));
#3945=AXIS2_PLACEMENT_3D('',#3942,#3943,#3944);
#3949=PRODUCT_DEFINITION('part definition','',#3948,#3871);
#3950=(LENGTH_UNIT()NAMED_UNIT(*)SI_UNIT(.MILLI.,.METRE.));
#3954=PROPERTY_DEFINITION('geometric validation property',
'area of MP-101_1_2_3_4_ASM',#1910);
#3955=REPRESENTATION('surface area',(#3953),#3941);
#3956=PROPERTY_DEFINITION_REPRESENTATION(#3954,#3955);
#3957=(LENGTH_UNIT()NAMED_UNIT(*)SI_UNIT(.MILLI.,.METRE.));
#3961=PROPERTY_DEFINITION('geometric validation property',
'volume of MP-101_1_2_3_4_ASM',#1910);
#3962=REPRESENTATION('volume',(#3960),#3941);
#3963=PROPERTY_DEFINITION_REPRESENTATION(#3961,#3962);
#3965=PROPERTY_DEFINITION('geometric validation property',
'centroid of MP-101_1_2_3_4_ASM',#1910);
#3966=REPRESENTATION('centroid',(#3964),#3941);
#3967=PROPERTY_DEFINITION_REPRESENTATION(#3965,#3966);
#3968=NEXT_ASSEMBLY_USAGE_OCCURRENCE('5','Next assembly relationship',
'MP-101_1_2_3_4',#4922,#3949,$);
#3969=PRODUCT_DEFINITION_SHAPE('Placement #5',
'Placement of MP-101_1_2_3_4_ASM with respect to 13HG-S1_215284_190604_1_2_3_4_5_ASM',#3968);
#3971=PROPERTY_DEFINITION('geometric validation property',
'centroid of MP-101_1_2_3_4',#3969);
#3972=REPRESENTATION('centroid',(#3970),#3941);
#3973=PROPERTY_DEFINITION_REPRESENTATION(#3971,#3972);
#3982=AXIS2_PLACEMENT_3D('',#3979,#3980,#3981);
#4004=CIRCLE('',#4003,2.5E-1);
#4019=CIRCLE('',#4018,2.5E-1);
#4034=CIRCLE('',#4033,2.5E-1);
#4049=CIRCLE('',#4048,2.5E-1);
#4064=CIRCLE('',#4063,1.999999850987E-1);
#4072=CIRCLE('',#4071,2.E-1);
#4080=CIRCLE('',#4079,2.E-1);
#4088=CIRCLE('',#4087,1.999999850987E-1);
#4180=CIRCLE('',#4179,2.5E-1);
#4188=CIRCLE('',#4187,2.5E-1);
#4196=CIRCLE('',#4195,2.5E-1);
#4204=CIRCLE('',#4203,2.5E-1);
#4219=CIRCLE('',#4218,1.999999850987E-1);
#4234=CIRCLE('',#4233,2.E-1);
#4249=CIRCLE('',#4248,2.E-1);
#4264=CIRCLE('',#4263,1.999999850987E-1);
#4407=EDGE_CURVE('',#4382,#4353,#4080,.T.);
#4409=EDGE_CURVE('',#4352,#4353,#3989,.T.);
#4411=EDGE_CURVE('',#4352,#4398,#4234,.T.);
#4413=EDGE_CURVE('',#4382,#4398,#3996,.T.);
#4417=ADVANCED_FACE('',(#4416),#4406,.F.);
#4430=EDGE_CURVE('',#4348,#4372,#4004,.T.);
#4432=EDGE_CURVE('',#4379,#4348,#4011,.T.);
#4434=EDGE_CURVE('',#4385,#4379,#4019,.T.);
#4436=EDGE_CURVE('',#4341,#4385,#4026,.T.);
#4438=EDGE_CURVE('',#4390,#4341,#4034,.T.);
#4440=EDGE_CURVE('',#4345,#4390,#4041,.T.);
#4442=EDGE_CURVE('',#4373,#4345,#4049,.T.);
#4444=EDGE_CURVE('',#4372,#4373,#4056,.T.);
#4448=EDGE_CURVE('',#4401,#4365,#4064,.T.);
#4450=EDGE_CURVE('',#4401,#4357,#4313,.T.);
#4452=EDGE_CURVE('',#4369,#4357,#4072,.T.);
#4454=EDGE_CURVE('',#4369,#4353,#4334,.T.);
#4457=EDGE_CURVE('',#4382,#4383,#4292,.T.);
#4459=EDGE_CURVE('',#4395,#4383,#4088,.T.);
#4461=EDGE_CURVE('',#4395,#4365,#4271,.T.);
#4465=ADVANCED_FACE('',(#4447,#4464),#4429,.F.);
#4479=EDGE_CURVE('',#4367,#4372,#4095,.T.);
#4481=EDGE_CURVE('',#4367,#4349,#4180,.T.);
#4483=EDGE_CURVE('',#4348,#4349,#4102,.T.);
#4487=ADVANCED_FACE('',(#4486),#4477,.T.);
#4501=EDGE_CURVE('',#4373,#4387,#4123,.T.);
#4503=EDGE_CURVE('',#4367,#4387,#4109,.T.);
#4508=ADVANCED_FACE('',(#4507),#4499,.F.);
#4522=EDGE_CURVE('',#4344,#4345,#4116,.T.);
#4524=EDGE_CURVE('',#4344,#4387,#4188,.T.);
#4529=ADVANCED_FACE('',(#4528),#4520,.T.);
#4543=EDGE_CURVE('',#4390,#4391,#4144,.T.);
#4545=EDGE_CURVE('',#4344,#4391,#4130,.T.);
#4550=ADVANCED_FACE('',(#4549),#4541,.F.);
#4564=EDGE_CURVE('',#4340,#4341,#4137,.T.);
#4566=EDGE_CURVE('',#4340,#4391,#4196,.T.);
#4571=ADVANCED_FACE('',(#4570),#4562,.T.);
#4585=EDGE_CURVE('',#4385,#4361,#4165,.T.);
#4587=EDGE_CURVE('',#4340,#4361,#4151,.T.);
#4592=ADVANCED_FACE('',(#4591),#4583,.F.);
#4606=EDGE_CURVE('',#4377,#4379,#4158,.T.);
#4608=EDGE_CURVE('',#4377,#4361,#4204,.T.);
#4613=ADVANCED_FACE('',(#4612),#4604,.T.);
#4628=EDGE_CURVE('',#4377,#4349,#4172,.T.);
#4633=ADVANCED_FACE('',(#4632),#4625,.F.);
#4656=EDGE_CURVE('',#4393,#4364,#4211,.T.);
#4658=EDGE_CURVE('',#4399,#4393,#4219,.T.);
#4660=EDGE_CURVE('',#4398,#4399,#4226,.T.);
#4663=EDGE_CURVE('',#4359,#4352,#4241,.T.);
#4665=EDGE_CURVE('',#4356,#4359,#4249,.T.);
#4667=EDGE_CURVE('',#4375,#4356,#4256,.T.);
#4669=EDGE_CURVE('',#4364,#4375,#4264,.T.);
#4673=ADVANCED_FACE('',(#4655,#4672),#4645,.T.);
#4687=EDGE_CURVE('',#4395,#4393,#4285,.T.);
#4690=EDGE_CURVE('',#4364,#4365,#4299,.T.);
#4694=ADVANCED_FACE('',(#4693),#4685,.T.);
#4708=EDGE_CURVE('',#4399,#4383,#4278,.T.);
#4714=ADVANCED_FACE('',(#4713),#4706,.F.);
#4733=ADVANCED_FACE('',(#4732),#4726,.T.);
#4749=EDGE_CURVE('',#4401,#4375,#4306,.T.);
#4753=ADVANCED_FACE('',(#4752),#4745,.F.);
#4769=EDGE_CURVE('',#4356,#4357,#4320,.T.);
#4773=ADVANCED_FACE('',(#4772),#4765,.T.);
#4789=EDGE_CURVE('',#4369,#4359,#4327,.T.);
#4793=ADVANCED_FACE('',(#4792),#4785,.F.);
#4812=ADVANCED_FACE('',(#4811),#4805,.T.);
#4832=(LENGTH_UNIT()NAMED_UNIT(*)SI_UNIT(.MILLI.,.METRE.));
#4833=(NAMED_UNIT(*)PLANE_ANGLE_UNIT()SI_UNIT($,.RADIAN.));
#4836=(NAMED_UNIT(*)SI_UNIT($,.STERADIAN.)SOLID_ANGLE_UNIT());
#4838=(GEOMETRIC_REPRESENTATION_CONTEXT(3)GLOBAL_UNCERTAINTY_ASSIGNED_CONTEXT((
#4837))GLOBAL_UNIT_ASSIGNED_CONTEXT((#4832,#4835,#4836))REPRESENTATION_CONTEXT(
'ID7','3'));
#4842=AXIS2_PLACEMENT_3D('',#4839,#4840,#4841);
#4843=ADVANCED_BREP_SHAPE_REPRESENTATION('',(#4842,#4821),#4838);
#4848=PRODUCT_DEFINITION('part definition','',#4847,#4844);
#4849=PRODUCT_DEFINITION_SHAPE('','SHAPE FOR SRING_1_2_3_4.',#4848);
#4850=SHAPE_ASPECT('','solid data associated with SRING_1_2_3_4',#4849,.F.);
#4851=PROPERTY_DEFINITION('',
'shape for solid data with which properties are associated',#4850);
#4852=SHAPE_REPRESENTATION('',(#4821),#4838);
#4853=SHAPE_DEFINITION_REPRESENTATION(#4851,#4852);
#4854=(LENGTH_UNIT()NAMED_UNIT(*)SI_UNIT(.MILLI.,.METRE.));
#4858=PROPERTY_DEFINITION('geometric validation property',
'area of SRING_1_2_3_4',#4850);
#4859=REPRESENTATION('surface area',(#4857),#4838);
#4860=PROPERTY_DEFINITION_REPRESENTATION(#4858,#4859);
#4861=(LENGTH_UNIT()NAMED_UNIT(*)SI_UNIT(.MILLI.,.METRE.));
#4865=PROPERTY_DEFINITION('geometric validation property',
'volume of SRING_1_2_3_4',#4850);
#4866=REPRESENTATION('volume',(#4864),#4838);
#4867=PROPERTY_DEFINITION_REPRESENTATION(#4865,#4866);
#4869=PROPERTY_DEFINITION('geometric validation property',
'centroid of SRING_1_2_3_4',#4850);
#4870=REPRESENTATION('centroid',(#4868),#4838);
#4871=PROPERTY_DEFINITION_REPRESENTATION(#4869,#4870);
#4872=(LENGTH_UNIT()NAMED_UNIT(*)SI_UNIT(.MILLI.,.METRE.));
#4876=PROPERTY_DEFINITION('geometric validation property',
'area of SRING_1_2_3_4',#4849);
#4877=REPRESENTATION('surface area',(#4875),#4838);
#4878=PROPERTY_DEFINITION_REPRESENTATION(#4876,#4877);
#4879=(LENGTH_UNIT()NAMED_UNIT(*)SI_UNIT(.MILLI.,.METRE.));
#4883=PROPERTY_DEFINITION('geometric validation property',
'volume of SRING_1_2_3_4',#4849);
#4884=REPRESENTATION('volume',(#4882),#4838);
#4885=PROPERTY_DEFINITION_REPRESENTATION(#4883,#4884);
#4887=PROPERTY_DEFINITION('geometric validation property',
'centroid of SRING_1_2_3_4',#4849);
#4888=REPRESENTATION('centroid',(#4886),#4838);
#4889=PROPERTY_DEFINITION_REPRESENTATION(#4887,#4888);
#4890=SHAPE_DEFINITION_REPRESENTATION(#4849,#4843);
#4891=NEXT_ASSEMBLY_USAGE_OCCURRENCE('6','Next assembly relationship',
'SRING_1_2_3_4',#4922,#4848,$);
#4892=PRODUCT_DEFINITION_SHAPE('Placement #6',
'Placement of SRING_1_2_3_4 with respect to 13HG-S1_215284_190604_1_2_3_4_5_ASM'
,#4891);
#4894=PROPERTY_DEFINITION('geometric validation property',
'centroid of SRING_1_2_3_4',#4892);
#4895=REPRESENTATION('centroid',(#4893),#4838);
#4896=PROPERTY_DEFINITION_REPRESENTATION(#4894,#4895);
#4905=AXIS2_PLACEMENT_3D('',#4902,#4903,#4904);
#4908=(LENGTH_UNIT()NAMED_UNIT(*)SI_UNIT(.MILLI.,.METRE.));
#4909=(NAMED_UNIT(*)PLANE_ANGLE_UNIT()SI_UNIT($,.RADIAN.));
#4912=(NAMED_UNIT(*)SI_UNIT($,.STERADIAN.)SOLID_ANGLE_UNIT());
#4914=(GEOMETRIC_REPRESENTATION_CONTEXT(3)GLOBAL_UNCERTAINTY_ASSIGNED_CONTEXT((
#4913))GLOBAL_UNIT_ASSIGNED_CONTEXT((#4908,#4911,#4912))REPRESENTATION_CONTEXT(
'ID8','3'));
#4918=AXIS2_PLACEMENT_3D('',#4915,#4916,#4917);
#4922=PRODUCT_DEFINITION('part definition','',#4921,#4844);
#4923=(LENGTH_UNIT()NAMED_UNIT(*)SI_UNIT(.MILLI.,.METRE.));
#4927=PROPERTY_DEFINITION('geometric validation property',
'area of 13HG-S1_215284_190604_1_2_3_4_5_ASM',#1253);
#4928=REPRESENTATION('surface area',(#4926),#4914);
#4929=PROPERTY_DEFINITION_REPRESENTATION(#4927,#4928);
#4930=(LENGTH_UNIT()NAMED_UNIT(*)SI_UNIT(.MILLI.,.METRE.));
#4934=PROPERTY_DEFINITION('geometric validation property',
'volume of 13HG-S1_215284_190604_1_2_3_4_5_ASM',#1253);
#4935=REPRESENTATION('volume',(#4933),#4914);
#4936=PROPERTY_DEFINITION_REPRESENTATION(#4934,#4935);
#4938=PROPERTY_DEFINITION('geometric validation property',
'centroid of 13HG-S1_215284_190604_1_2_3_4_5_ASM',#1253);
#4939=REPRESENTATION('centroid',(#4937),#4914);
#4940=PROPERTY_DEFINITION_REPRESENTATION(#4938,#4939);
#4941=SHAPE_DEFINITION_REPRESENTATION(#4942,#4943);
#4942=PRODUCT_DEFINITION_SHAPE('','SHAPE FOR ASM0007_ASM.',#4976);
#4943=SHAPE_REPRESENTATION('',(#4958,#4953,#4971),#4967);
#4944=NEXT_ASSEMBLY_USAGE_OCCURRENCE('7','Next assembly relationship',
'13HG-S1_215284_190604_1_2_3_4_5',#4976,#4922,$);
#4945=PRODUCT_DEFINITION_SHAPE('Placement #7',
'Placement of 13HG-S1_215284_190604_1_2_3_4_5_ASM with respect to ASM0007_ASM',
#4944);
#4947=PROPERTY_DEFINITION('geometric validation property',
'centroid of 13HG-S1_215284_190604_1_2_3_4_5',#4945);
#4948=REPRESENTATION('centroid',(#4946),#4914);
#4949=PROPERTY_DEFINITION_REPRESENTATION(#4947,#4948);
#4958=AXIS2_PLACEMENT_3D('',#4955,#4956,#4957);
#4961=(LENGTH_UNIT()NAMED_UNIT(*)SI_UNIT(.MILLI.,.METRE.));
#4962=(NAMED_UNIT(*)PLANE_ANGLE_UNIT()SI_UNIT($,.RADIAN.));
#4965=(NAMED_UNIT(*)SI_UNIT($,.STERADIAN.)SOLID_ANGLE_UNIT());
#4967=(GEOMETRIC_REPRESENTATION_CONTEXT(3)GLOBAL_UNCERTAINTY_ASSIGNED_CONTEXT((
#4966))GLOBAL_UNIT_ASSIGNED_CONTEXT((#4961,#4964,#4965))REPRESENTATION_CONTEXT(
'ID9','3'));
#4971=AXIS2_PLACEMENT_3D('',#4968,#4969,#4970);
#4976=PRODUCT_DEFINITION('part definition','',#4975,#4972);
#4977=(LENGTH_UNIT()NAMED_UNIT(*)SI_UNIT(.MILLI.,.METRE.));
#4981=PROPERTY_DEFINITION('geometric validation property','area of ASM0007_ASM',
#4942);
#4982=REPRESENTATION('surface area',(#4980),#4967);
#4983=PROPERTY_DEFINITION_REPRESENTATION(#4981,#4982);
#4984=(LENGTH_UNIT()NAMED_UNIT(*)SI_UNIT(.MILLI.,.METRE.));
#4988=PROPERTY_DEFINITION('geometric validation property',
'volume of ASM0007_ASM',#4942);
#4989=REPRESENTATION('volume',(#4987),#4967);
#4990=PROPERTY_DEFINITION_REPRESENTATION(#4988,#4989);
#4992=PROPERTY_DEFINITION('geometric validation property',
'centroid of ASM0007_ASM',#4942);
#4993=REPRESENTATION('centroid',(#4991),#4967);
#4994=PROPERTY_DEFINITION_REPRESENTATION(#4992,#4993);
#4995=SHAPE_DEFINITION_REPRESENTATION(#4996,#4997);
#4996=PRODUCT_DEFINITION_SHAPE('','SHAPE FOR ASM0005_ASM.',#5680);
#4997=SHAPE_REPRESENTATION('',(#5007,#5660,#5674),#5670);
#4998=NEXT_ASSEMBLY_USAGE_OCCURRENCE('8','Next assembly relationship','ASM0007',
#5680,#4976,$);
#4999=PRODUCT_DEFINITION_SHAPE('Placement #8',
'Placement of ASM0007_ASM with respect to ASM0005_ASM',#4998);
#5001=PROPERTY_DEFINITION('geometric validation property','centroid of ASM0007',
#4999);
#5002=REPRESENTATION('centroid',(#5000),#4967);
#5003=PROPERTY_DEFINITION_REPRESENTATION(#5001,#5002);
#5019=CIRCLE('',#5018,2.5E-1);
#5028=CIRCLE('',#5027,2.5E-1);
#5037=CIRCLE('',#5036,2.5E-1);
#5046=CIRCLE('',#5045,2.5E-1);
#5087=CIRCLE('',#5086,2.5E-1);
#5096=CIRCLE('',#5095,2.5E-1);
#5105=CIRCLE('',#5104,2.5E-1);
#5114=CIRCLE('',#5113,2.5E-1);
#5280=EDGE_CURVE('',#5213,#5214,#5014,.T.);
#5282=EDGE_CURVE('',#5214,#5216,#5019,.T.);
#5284=EDGE_CURVE('',#5216,#5218,#5023,.T.);
#5286=EDGE_CURVE('',#5218,#5220,#5028,.T.);
#5288=EDGE_CURVE('',#5220,#5222,#5032,.T.);
#5290=EDGE_CURVE('',#5222,#5224,#5037,.T.);
#5292=EDGE_CURVE('',#5224,#5226,#5041,.T.);
#5294=EDGE_CURVE('',#5226,#5213,#5046,.T.);
#5298=ADVANCED_FACE('',(#5297),#5279,.F.);
#5305=EDGE_CURVE('',#5213,#5229,#5050,.T.);
#5307=EDGE_CURVE('',#5229,#5230,#5082,.T.);
#5309=EDGE_CURVE('',#5214,#5230,#5078,.T.);
#5313=ADVANCED_FACE('',(#5312),#5303,.T.);
#5320=EDGE_CURVE('',#5226,#5242,#5054,.T.);
#5322=EDGE_CURVE('',#5242,#5229,#5087,.T.);
#5327=ADVANCED_FACE('',(#5326),#5318,.T.);
#5334=EDGE_CURVE('',#5224,#5240,#5058,.T.);
#5336=EDGE_CURVE('',#5240,#5242,#5091,.T.);
#5341=ADVANCED_FACE('',(#5340),#5332,.T.);
#5348=EDGE_CURVE('',#5222,#5238,#5062,.T.);
#5350=EDGE_CURVE('',#5238,#5240,#5096,.T.);
#5355=ADVANCED_FACE('',(#5354),#5346,.T.);
#5362=EDGE_CURVE('',#5220,#5236,#5066,.T.);
#5364=EDGE_CURVE('',#5236,#5238,#5100,.T.);
#5369=ADVANCED_FACE('',(#5368),#5360,.T.);
#5376=EDGE_CURVE('',#5218,#5234,#5070,.T.);
#5378=EDGE_CURVE('',#5234,#5236,#5105,.T.);
#5383=ADVANCED_FACE('',(#5382),#5374,.T.);
#5390=EDGE_CURVE('',#5216,#5232,#5074,.T.);
#5392=EDGE_CURVE('',#5232,#5234,#5109,.T.);
#5397=ADVANCED_FACE('',(#5396),#5388,.T.);
#5405=EDGE_CURVE('',#5230,#5232,#5114,.T.);
#5410=ADVANCED_FACE('',(#5409),#5402,.T.);
#5426=EDGE_CURVE('',#5258,#5253,#5118,.T.);
#5428=EDGE_CURVE('',#5258,#5245,#5122,.T.);
#5430=EDGE_CURVE('',#5250,#5245,#5126,.T.);
#5432=EDGE_CURVE('',#5250,#5253,#5130,.T.);
#5436=EDGE_CURVE('',#5274,#5269,#5134,.T.);
#5438=EDGE_CURVE('',#5274,#5261,#5138,.T.);
#5440=EDGE_CURVE('',#5266,#5261,#5142,.T.);
#5442=EDGE_CURVE('',#5266,#5269,#5146,.T.);
#5446=ADVANCED_FACE('',(#5425,#5435,#5445),#5415,.T.);
#5459=EDGE_CURVE('',#5253,#5254,#5150,.T.);
#5461=EDGE_CURVE('',#5256,#5254,#5166,.T.);
#5463=EDGE_CURVE('',#5256,#5258,#5158,.T.);
#5468=ADVANCED_FACE('',(#5467),#5458,.T.);
#5476=EDGE_CURVE('',#5248,#5250,#5154,.T.);
#5478=EDGE_CURVE('',#5248,#5254,#5170,.T.);
#5482=ADVANCED_FACE('',(#5481),#5473,.F.);
#5488=EDGE_CURVE('',#5245,#5246,#5162,.T.);
#5490=EDGE_CURVE('',#5248,#5246,#5174,.T.);
#5496=ADVANCED_FACE('',(#5495),#5487,.T.);
#5503=EDGE_CURVE('',#5256,#5246,#5178,.T.);
#5509=ADVANCED_FACE('',(#5508),#5501,.F.);
#5521=ADVANCED_FACE('',(#5520),#5514,.T.);
#5527=EDGE_CURVE('',#5272,#5270,#5182,.T.);
#5529=EDGE_CURVE('',#5264,#5270,#5186,.T.);
#5531=EDGE_CURVE('',#5264,#5262,#5190,.T.);
#5533=EDGE_CURVE('',#5272,#5262,#5194,.T.);
#5537=ADVANCED_FACE('',(#5536),#5526,.T.);
#5543=EDGE_CURVE('',#5269,#5270,#5198,.T.);
#5546=EDGE_CURVE('',#5272,#5274,#5206,.T.);
#5551=ADVANCED_FACE('',(#5550),#5542,.T.);
#5559=EDGE_CURVE('',#5264,#5266,#5202,.T.);
#5564=ADVANCED_FACE('',(#5563),#5556,.F.);
#5570=EDGE_CURVE('',#5261,#5262,#5210,.T.);
#5577=ADVANCED_FACE('',(#5576),#5569,.T.);
#5589=ADVANCED_FACE('',(#5588),#5582,.F.);
#5593=(LENGTH_UNIT()NAMED_UNIT(*)SI_UNIT(.MILLI.,.METRE.));
#5594=(NAMED_UNIT(*)PLANE_ANGLE_UNIT()SI_UNIT($,.RADIAN.));
#5597=(NAMED_UNIT(*)SI_UNIT($,.STERADIAN.)SOLID_ANGLE_UNIT());
#5599=(GEOMETRIC_REPRESENTATION_CONTEXT(3)GLOBAL_UNCERTAINTY_ASSIGNED_CONTEXT((
#5598))GLOBAL_UNIT_ASSIGNED_CONTEXT((#5593,#5596,#5597))REPRESENTATION_CONTEXT(
'ID10','3'));
#5603=AXIS2_PLACEMENT_3D('',#5600,#5601,#5602);
#5604=ADVANCED_BREP_SHAPE_REPRESENTATION('',(#5603,#5591),#5599);
#5608=PRODUCT_DEFINITION('part definition','',#5607,#4972);
#5609=PRODUCT_DEFINITION_SHAPE('','SHAPE FOR LID001.',#5608);
#5610=SHAPE_ASPECT('','solid data associated with LID001',#5609,.F.);
#5611=PROPERTY_DEFINITION('',
'shape for solid data with which properties are associated',#5610);
#5612=SHAPE_REPRESENTATION('',(#5591),#5599);
#5613=SHAPE_DEFINITION_REPRESENTATION(#5611,#5612);
#5614=(LENGTH_UNIT()NAMED_UNIT(*)SI_UNIT(.MILLI.,.METRE.));
#5618=PROPERTY_DEFINITION('geometric validation property','area of LID001',
#5610);
#5619=REPRESENTATION('surface area',(#5617),#5599);
#5620=PROPERTY_DEFINITION_REPRESENTATION(#5618,#5619);
#5621=(LENGTH_UNIT()NAMED_UNIT(*)SI_UNIT(.MILLI.,.METRE.));
#5625=PROPERTY_DEFINITION('geometric validation property','volume of LID001',
#5610);
#5626=REPRESENTATION('volume',(#5624),#5599);
#5627=PROPERTY_DEFINITION_REPRESENTATION(#5625,#5626);
#5629=PROPERTY_DEFINITION('geometric validation property','centroid of LID001',
#5610);
#5630=REPRESENTATION('centroid',(#5628),#5599);
#5631=PROPERTY_DEFINITION_REPRESENTATION(#5629,#5630);
#5632=(LENGTH_UNIT()NAMED_UNIT(*)SI_UNIT(.MILLI.,.METRE.));
#5636=PROPERTY_DEFINITION('geometric validation property','area of LID001',
#5609);
#5637=REPRESENTATION('surface area',(#5635),#5599);
#5638=PROPERTY_DEFINITION_REPRESENTATION(#5636,#5637);
#5639=(LENGTH_UNIT()NAMED_UNIT(*)SI_UNIT(.MILLI.,.METRE.));
#5643=PROPERTY_DEFINITION('geometric validation property','volume of LID001',
#5609);
#5644=REPRESENTATION('volume',(#5642),#5599);
#5645=PROPERTY_DEFINITION_REPRESENTATION(#5643,#5644);
#5647=PROPERTY_DEFINITION('geometric validation property','centroid of LID001',
#5609);
#5648=REPRESENTATION('centroid',(#5646),#5599);
#5649=PROPERTY_DEFINITION_REPRESENTATION(#5647,#5648);
#5650=SHAPE_DEFINITION_REPRESENTATION(#5609,#5604);
#5651=NEXT_ASSEMBLY_USAGE_OCCURRENCE('9','Next assembly relationship','LID001',
#5680,#5608,$);
#5652=PRODUCT_DEFINITION_SHAPE('Placement #9',
'Placement of LID001 with respect to ASM0005_ASM',#5651);
#5654=PROPERTY_DEFINITION('geometric validation property','centroid of LID001',
#5652);
#5655=REPRESENTATION('centroid',(#5653),#5599);
#5656=PROPERTY_DEFINITION_REPRESENTATION(#5654,#5655);
#5664=(LENGTH_UNIT()NAMED_UNIT(*)SI_UNIT(.MILLI.,.METRE.));
#5665=(NAMED_UNIT(*)PLANE_ANGLE_UNIT()SI_UNIT($,.RADIAN.));
#5668=(NAMED_UNIT(*)SI_UNIT($,.STERADIAN.)SOLID_ANGLE_UNIT());
#5670=(GEOMETRIC_REPRESENTATION_CONTEXT(3)GLOBAL_UNCERTAINTY_ASSIGNED_CONTEXT((
#5669))GLOBAL_UNIT_ASSIGNED_CONTEXT((#5664,#5667,#5668))REPRESENTATION_CONTEXT(
'ID11','3'));
#5674=AXIS2_PLACEMENT_3D('',#5671,#5672,#5673);
#5680=PRODUCT_DEFINITION('part definition','',#5679,#5676);
#5681=(LENGTH_UNIT()NAMED_UNIT(*)SI_UNIT(.MILLI.,.METRE.));
#5685=PROPERTY_DEFINITION('geometric validation property','area of ASM0005_ASM',
#4996);
#5686=REPRESENTATION('surface area',(#5684),#5670);
#5687=PROPERTY_DEFINITION_REPRESENTATION(#5685,#5686);
#5688=(LENGTH_UNIT()NAMED_UNIT(*)SI_UNIT(.MILLI.,.METRE.));
#5692=PROPERTY_DEFINITION('geometric validation property',
'volume of ASM0005_ASM',#4996);
#5693=REPRESENTATION('volume',(#5691),#5670);
#5694=PROPERTY_DEFINITION_REPRESENTATION(#5692,#5693);
#5696=PROPERTY_DEFINITION('geometric validation property',
'centroid of ASM0005_ASM',#4996);
#5697=REPRESENTATION('centroid',(#5695),#5670);
#5698=PROPERTY_DEFINITION_REPRESENTATION(#5696,#5697);
ENDSEC;
END-ISO-10303-21;
