ISO-10303-21;
HEADER;
FILE_DESCRIPTION(('STEP AP242'),'1');
FILE_NAME('480372200.stp','2026-04-12T11:45:44',('TraceParts'),('TraceParts S.A.S.'),'Spatial InterOp 3D',' ',' ');
FILE_SCHEMA(('AP242_MANAGED_MODEL_BASED_3D_ENGINEERING_MIM_LF  {1 0 10303 442 1 1 4}'));
ENDSEC;
DATA;
#1=MECHANICAL_DESIGN_GEOMETRIC_PRESENTATION_REPRESENTATION(' ',(#10,#11,#12,#13,#14,#15,#16,#17,#18,#19,#20,#21,#22,#23,#24,#25,#26,#27,#28,#29,#30,#31,#32,#33,#34,#35,#36,#37,#38,#39,#40,#41,#42,#43,#44,#45,#46,#47,#48,#49,#50,#51,#52,#53,#54,#55,#56,#57,#58,#59,#60,#61,#62,#63,#64,#65,#66,#67,#68,#69,#70,#71,#72,#73,#74,#75,#76,#77,#78,#79,#80,#81,#82,#83,#84,#85,#86,#87,#88,#89,#90,#91,#92,#93,#94,#95,#96,#97,#98,#99,#100,#101,#102,#103,#104,#105,#106,#107,#108,#109,#110,#111,#112,#113,#114,#115,#116,#117,#118,#119,#120,#121,#122,#123,#124,#125,#126,#127,#128,#129,#130,#131,#132,#133,#134,#135,#136,#137,#138,#139,#140,#141,#142,#143,#144,#145,#146,#147,#148,#149,#150,#151,#152,#153,#154,#155,#156,#157,#158,#159,#160,#161,#162,#163,#164,#165,#166,#167,#168,#169,#170,#171,#172,#173,#174,#175,#176,#177,#178,#179,#180,#181,#182,#183,#184,#185,#186,#187,#188,#189,#190,#191,#192,#193,#194,#195,#196,#197,#198,#199,#200,#201,#202,#203,#204,#205,#206,#207,#208,#209,#210,#211,#212,#213,#214,#215,#216,#217,#218,#219,#220,#221,#222,#223,#224,#225,#226,#227,#228,#229,#230,#231,#232,#233,#234,#235,#236,#237,#238,#239,#240,#241,#242,#243,#244,#245,#246,#247,#248,#249,#250,#251,#252,#253,#254,#255,#256,#257,#258,#259,#260,#261,#262,#263,#264,#265,#266,#267,#268,#269,#270,#271,#272,#273,#274,#275,#276,#277,#278,#279,#280,#281,#282,#283,#284,#285,#286,#287,#288,#289,#290,#291,#292,#293,#294,#295,#296,#297,#298,#299,#300,#301,#302,#303,#304,#305,#306,#307,#308,#309,#310,#311,#312,#313,#314,#315,#316,#317,#318,#319,#320,#321,#322,#323,#324,#325,#326,#327,#328,#329,#330,#331,#332),#6);
#2=PRODUCT_DEFINITION_CONTEXT('',#333,'design');
#3=APPLICATION_PROTOCOL_DEFINITION('INTERNATIONAL STANDARD','ap242_managed_model_based_3d_engineering',2014,#333);
#4=PRODUCT_CATEGORY_RELATIONSHIP('NONE','NONE',#334,#335);
#5=SHAPE_DEFINITION_REPRESENTATION(#336,#337);
#6= (GEOMETRIC_REPRESENTATION_CONTEXT(3)GLOBAL_UNCERTAINTY_ASSIGNED_CONTEXT((#340))GLOBAL_UNIT_ASSIGNED_CONTEXT((#342,#343,#344))REPRESENTATION_CONTEXT('NONE','WORKSPACE'));
#10=STYLED_ITEM('',(#346),#347);
#11=STYLED_ITEM('',(#348),#349);
#12=STYLED_ITEM('',(#350),#351);
#13=STYLED_ITEM('',(#352),#353);
#14=STYLED_ITEM('',(#354),#355);
#15=STYLED_ITEM('',(#356),#357);
#16=STYLED_ITEM('',(#358),#359);
#17=STYLED_ITEM('',(#360),#361);
#18=STYLED_ITEM('',(#362),#363);
#19=STYLED_ITEM('',(#364),#365);
#20=STYLED_ITEM('',(#366),#367);
#21=STYLED_ITEM('',(#368),#369);
#22=STYLED_ITEM('',(#370),#371);
#23=STYLED_ITEM('',(#372),#373);
#24=STYLED_ITEM('',(#374),#375);
#25=STYLED_ITEM('',(#376),#377);
#26=STYLED_ITEM('',(#378),#379);
#27=STYLED_ITEM('',(#380),#381);
#28=STYLED_ITEM('',(#382),#383);
#29=STYLED_ITEM('',(#384),#385);
#30=STYLED_ITEM('',(#386),#387);
#31=STYLED_ITEM('',(#388),#389);
#32=STYLED_ITEM('',(#390),#391);
#33=STYLED_ITEM('',(#392),#393);
#34=STYLED_ITEM('',(#394),#395);
#35=STYLED_ITEM('',(#396),#397);
#36=STYLED_ITEM('',(#398),#399);
#37=STYLED_ITEM('',(#400),#401);
#38=STYLED_ITEM('',(#402),#403);
#39=STYLED_ITEM('',(#404),#405);
#40=STYLED_ITEM('',(#406),#407);
#41=STYLED_ITEM('',(#408),#409);
#42=STYLED_ITEM('',(#410),#411);
#43=STYLED_ITEM('',(#412),#413);
#44=STYLED_ITEM('',(#414),#415);
#45=STYLED_ITEM('',(#416),#417);
#46=STYLED_ITEM('',(#418),#419);
#47=STYLED_ITEM('',(#420),#421);
#48=STYLED_ITEM('',(#422),#423);
#49=STYLED_ITEM('',(#424),#425);
#50=STYLED_ITEM('',(#426),#427);
#51=STYLED_ITEM('',(#428),#429);
#52=STYLED_ITEM('',(#430),#431);
#53=STYLED_ITEM('',(#432),#433);
#54=STYLED_ITEM('',(#434),#435);
#55=STYLED_ITEM('',(#436),#437);
#56=STYLED_ITEM('',(#438),#439);
#57=STYLED_ITEM('',(#440),#441);
#58=STYLED_ITEM('',(#442),#443);
#59=STYLED_ITEM('',(#444),#445);
#60=STYLED_ITEM('',(#446),#447);
#61=STYLED_ITEM('',(#448),#449);
#62=STYLED_ITEM('',(#450),#451);
#63=STYLED_ITEM('',(#452),#453);
#64=STYLED_ITEM('',(#454),#455);
#65=STYLED_ITEM('',(#456),#457);
#66=STYLED_ITEM('',(#458),#459);
#67=STYLED_ITEM('',(#460),#461);
#68=STYLED_ITEM('',(#462),#463);
#69=STYLED_ITEM('',(#464),#465);
#70=STYLED_ITEM('',(#466),#467);
#71=STYLED_ITEM('',(#468),#469);
#72=STYLED_ITEM('',(#470),#471);
#73=STYLED_ITEM('',(#472),#473);
#74=STYLED_ITEM('',(#474),#475);
#75=STYLED_ITEM('',(#476),#477);
#76=STYLED_ITEM('',(#478),#479);
#77=STYLED_ITEM('',(#480),#481);
#78=STYLED_ITEM('',(#482),#483);
#79=STYLED_ITEM('',(#484),#485);
#80=STYLED_ITEM('',(#486),#487);
#81=STYLED_ITEM('',(#488),#489);
#82=STYLED_ITEM('',(#490),#491);
#83=STYLED_ITEM('',(#492),#493);
#84=STYLED_ITEM('',(#494),#495);
#85=STYLED_ITEM('',(#496),#497);
#86=STYLED_ITEM('',(#498),#499);
#87=STYLED_ITEM('',(#500),#501);
#88=STYLED_ITEM('',(#502),#503);
#89=STYLED_ITEM('',(#504),#505);
#90=STYLED_ITEM('',(#506),#507);
#91=STYLED_ITEM('',(#508),#509);
#92=STYLED_ITEM('',(#510),#511);
#93=STYLED_ITEM('',(#512),#513);
#94=STYLED_ITEM('',(#514),#515);
#95=STYLED_ITEM('',(#516),#517);
#96=STYLED_ITEM('',(#518),#519);
#97=STYLED_ITEM('',(#520),#521);
#98=STYLED_ITEM('',(#522),#523);
#99=STYLED_ITEM('',(#524),#525);
#100=STYLED_ITEM('',(#526),#527);
#101=STYLED_ITEM('',(#528),#529);
#102=STYLED_ITEM('',(#530),#531);
#103=STYLED_ITEM('',(#532),#533);
#104=STYLED_ITEM('',(#534),#535);
#105=STYLED_ITEM('',(#536),#537);
#106=STYLED_ITEM('',(#538),#539);
#107=STYLED_ITEM('',(#540),#541);
#108=STYLED_ITEM('',(#542),#543);
#109=STYLED_ITEM('',(#544),#545);
#110=STYLED_ITEM('',(#546),#547);
#111=STYLED_ITEM('',(#548),#549);
#112=STYLED_ITEM('',(#550),#551);
#113=STYLED_ITEM('',(#552),#553);
#114=STYLED_ITEM('',(#554),#555);
#115=STYLED_ITEM('',(#556),#557);
#116=STYLED_ITEM('',(#558),#559);
#117=STYLED_ITEM('',(#560),#561);
#118=STYLED_ITEM('',(#562),#563);
#119=STYLED_ITEM('',(#564),#565);
#120=STYLED_ITEM('',(#566),#567);
#121=STYLED_ITEM('',(#568),#569);
#122=STYLED_ITEM('',(#570),#571);
#123=STYLED_ITEM('',(#572),#573);
#124=STYLED_ITEM('',(#574),#575);
#125=STYLED_ITEM('',(#576),#577);
#126=STYLED_ITEM('',(#578),#579);
#127=STYLED_ITEM('',(#580),#581);
#128=STYLED_ITEM('',(#582),#583);
#129=STYLED_ITEM('',(#584),#585);
#130=STYLED_ITEM('',(#586),#587);
#131=STYLED_ITEM('',(#588),#589);
#132=STYLED_ITEM('',(#590),#591);
#133=STYLED_ITEM('',(#592),#593);
#134=STYLED_ITEM('',(#594),#595);
#135=STYLED_ITEM('',(#596),#597);
#136=STYLED_ITEM('',(#598),#599);
#137=STYLED_ITEM('',(#600),#601);
#138=STYLED_ITEM('',(#602),#603);
#139=STYLED_ITEM('',(#604),#605);
#140=STYLED_ITEM('',(#606),#607);
#141=STYLED_ITEM('',(#608),#609);
#142=STYLED_ITEM('',(#610),#611);
#143=STYLED_ITEM('',(#612),#613);
#144=STYLED_ITEM('',(#614),#615);
#145=STYLED_ITEM('',(#616),#617);
#146=STYLED_ITEM('',(#618),#619);
#147=STYLED_ITEM('',(#620),#621);
#148=STYLED_ITEM('',(#622),#623);
#149=STYLED_ITEM('',(#624),#625);
#150=STYLED_ITEM('',(#626),#627);
#151=STYLED_ITEM('',(#628),#629);
#152=STYLED_ITEM('',(#630),#631);
#153=STYLED_ITEM('',(#632),#633);
#154=STYLED_ITEM('',(#634),#635);
#155=STYLED_ITEM('',(#636),#637);
#156=STYLED_ITEM('',(#638),#639);
#157=STYLED_ITEM('',(#640),#641);
#158=STYLED_ITEM('',(#642),#643);
#159=STYLED_ITEM('',(#644),#645);
#160=STYLED_ITEM('',(#646),#647);
#161=STYLED_ITEM('',(#648),#649);
#162=STYLED_ITEM('',(#650),#651);
#163=STYLED_ITEM('',(#652),#653);
#164=STYLED_ITEM('',(#654),#655);
#165=STYLED_ITEM('',(#656),#657);
#166=STYLED_ITEM('',(#658),#659);
#167=STYLED_ITEM('',(#660),#661);
#168=STYLED_ITEM('',(#662),#663);
#169=STYLED_ITEM('',(#664),#665);
#170=STYLED_ITEM('',(#666),#667);
#171=STYLED_ITEM('',(#668),#669);
#172=STYLED_ITEM('',(#670),#671);
#173=STYLED_ITEM('',(#672),#673);
#174=STYLED_ITEM('',(#674),#675);
#175=STYLED_ITEM('',(#676),#677);
#176=STYLED_ITEM('',(#678),#679);
#177=STYLED_ITEM('',(#680),#681);
#178=STYLED_ITEM('',(#682),#683);
#179=STYLED_ITEM('',(#684),#685);
#180=STYLED_ITEM('',(#686),#687);
#181=STYLED_ITEM('',(#688),#689);
#182=STYLED_ITEM('',(#690),#691);
#183=STYLED_ITEM('',(#692),#693);
#184=STYLED_ITEM('',(#694),#695);
#185=STYLED_ITEM('',(#696),#697);
#186=STYLED_ITEM('',(#698),#699);
#187=STYLED_ITEM('',(#700),#701);
#188=STYLED_ITEM('',(#702),#703);
#189=STYLED_ITEM('',(#704),#705);
#190=STYLED_ITEM('',(#706),#707);
#191=STYLED_ITEM('',(#708),#709);
#192=STYLED_ITEM('',(#710),#711);
#193=STYLED_ITEM('',(#712),#713);
#194=STYLED_ITEM('',(#714),#715);
#195=STYLED_ITEM('',(#716),#717);
#196=STYLED_ITEM('',(#718),#719);
#197=STYLED_ITEM('',(#720),#721);
#198=STYLED_ITEM('',(#722),#723);
#199=STYLED_ITEM('',(#724),#725);
#200=STYLED_ITEM('',(#726),#727);
#201=STYLED_ITEM('',(#728),#729);
#202=STYLED_ITEM('',(#730),#731);
#203=STYLED_ITEM('',(#732),#733);
#204=STYLED_ITEM('',(#734),#735);
#205=STYLED_ITEM('',(#736),#737);
#206=STYLED_ITEM('',(#738),#739);
#207=STYLED_ITEM('',(#740),#741);
#208=STYLED_ITEM('',(#742),#743);
#209=STYLED_ITEM('',(#744),#745);
#210=STYLED_ITEM('',(#746),#747);
#211=STYLED_ITEM('',(#748),#749);
#212=STYLED_ITEM('',(#750),#751);
#213=STYLED_ITEM('',(#752),#753);
#214=STYLED_ITEM('',(#754),#755);
#215=STYLED_ITEM('',(#756),#757);
#216=STYLED_ITEM('',(#758),#759);
#217=STYLED_ITEM('',(#760),#761);
#218=STYLED_ITEM('',(#762),#763);
#219=STYLED_ITEM('',(#764),#765);
#220=STYLED_ITEM('',(#766),#767);
#221=STYLED_ITEM('',(#768),#769);
#222=STYLED_ITEM('',(#770),#771);
#223=STYLED_ITEM('',(#772),#773);
#224=STYLED_ITEM('',(#774),#775);
#225=STYLED_ITEM('',(#776),#777);
#226=STYLED_ITEM('',(#778),#779);
#227=STYLED_ITEM('',(#780),#781);
#228=STYLED_ITEM('',(#782),#783);
#229=STYLED_ITEM('',(#784),#785);
#230=STYLED_ITEM('',(#786),#787);
#231=STYLED_ITEM('',(#788),#789);
#232=STYLED_ITEM('',(#790),#791);
#233=STYLED_ITEM('',(#792),#793);
#234=STYLED_ITEM('',(#794),#795);
#235=STYLED_ITEM('',(#796),#797);
#236=STYLED_ITEM('',(#798),#799);
#237=STYLED_ITEM('',(#800),#801);
#238=STYLED_ITEM('',(#802),#803);
#239=STYLED_ITEM('',(#804),#805);
#240=STYLED_ITEM('',(#806),#807);
#241=STYLED_ITEM('',(#808),#809);
#242=STYLED_ITEM('',(#810),#811);
#243=STYLED_ITEM('',(#812),#813);
#244=STYLED_ITEM('',(#814),#815);
#245=STYLED_ITEM('',(#816),#817);
#246=STYLED_ITEM('',(#818),#819);
#247=STYLED_ITEM('',(#820),#821);
#248=STYLED_ITEM('',(#822),#823);
#249=STYLED_ITEM('',(#824),#825);
#250=STYLED_ITEM('',(#826),#827);
#251=STYLED_ITEM('',(#828),#829);
#252=STYLED_ITEM('',(#830),#831);
#253=STYLED_ITEM('',(#832),#833);
#254=STYLED_ITEM('',(#834),#835);
#255=STYLED_ITEM('',(#836),#837);
#256=STYLED_ITEM('',(#838),#839);
#257=STYLED_ITEM('',(#840),#841);
#258=STYLED_ITEM('',(#842),#843);
#259=STYLED_ITEM('',(#844),#845);
#260=STYLED_ITEM('',(#846),#847);
#261=STYLED_ITEM('',(#848),#849);
#262=STYLED_ITEM('',(#850),#851);
#263=STYLED_ITEM('',(#852),#853);
#264=STYLED_ITEM('',(#854),#855);
#265=STYLED_ITEM('',(#856),#857);
#266=STYLED_ITEM('',(#858),#859);
#267=STYLED_ITEM('',(#860),#861);
#268=STYLED_ITEM('',(#862),#863);
#269=STYLED_ITEM('',(#864),#865);
#270=STYLED_ITEM('',(#866),#867);
#271=STYLED_ITEM('',(#868),#869);
#272=STYLED_ITEM('',(#870),#871);
#273=STYLED_ITEM('',(#872),#873);
#274=STYLED_ITEM('',(#874),#875);
#275=STYLED_ITEM('',(#876),#877);
#276=STYLED_ITEM('',(#878),#879);
#277=STYLED_ITEM('',(#880),#881);
#278=STYLED_ITEM('',(#882),#883);
#279=STYLED_ITEM('',(#884),#885);
#280=STYLED_ITEM('',(#886),#887);
#281=STYLED_ITEM('',(#888),#889);
#282=STYLED_ITEM('',(#890),#891);
#283=STYLED_ITEM('',(#892),#893);
#284=STYLED_ITEM('',(#894),#895);
#285=STYLED_ITEM('',(#896),#897);
#286=STYLED_ITEM('',(#898),#899);
#287=STYLED_ITEM('',(#900),#901);
#288=STYLED_ITEM('',(#902),#903);
#289=STYLED_ITEM('',(#904),#905);
#290=STYLED_ITEM('',(#906),#907);
#291=STYLED_ITEM('',(#908),#909);
#292=STYLED_ITEM('',(#910),#911);
#293=STYLED_ITEM('',(#912),#913);
#294=STYLED_ITEM('',(#914),#915);
#295=STYLED_ITEM('',(#916),#917);
#296=STYLED_ITEM('',(#918),#919);
#297=STYLED_ITEM('',(#920),#921);
#298=STYLED_ITEM('',(#922),#923);
#299=STYLED_ITEM('',(#924),#925);
#300=STYLED_ITEM('',(#926),#927);
#301=STYLED_ITEM('',(#928),#929);
#302=STYLED_ITEM('',(#930),#931);
#303=STYLED_ITEM('',(#932),#933);
#304=STYLED_ITEM('',(#934),#935);
#305=STYLED_ITEM('',(#936),#937);
#306=STYLED_ITEM('',(#938),#939);
#307=STYLED_ITEM('',(#940),#941);
#308=STYLED_ITEM('',(#942),#943);
#309=STYLED_ITEM('',(#944),#945);
#310=STYLED_ITEM('',(#946),#947);
#311=STYLED_ITEM('',(#948),#949);
#312=STYLED_ITEM('',(#950),#951);
#313=STYLED_ITEM('',(#952),#953);
#314=STYLED_ITEM('',(#954),#955);
#315=STYLED_ITEM('',(#956),#957);
#316=STYLED_ITEM('',(#958),#959);
#317=STYLED_ITEM('',(#960),#961);
#318=STYLED_ITEM('',(#962),#963);
#319=STYLED_ITEM('',(#964),#965);
#320=STYLED_ITEM('',(#966),#967);
#321=STYLED_ITEM('',(#968),#969);
#322=STYLED_ITEM('',(#970),#971);
#323=STYLED_ITEM('',(#972),#973);
#324=STYLED_ITEM('',(#974),#975);
#325=STYLED_ITEM('',(#976),#977);
#326=STYLED_ITEM('',(#978),#979);
#327=STYLED_ITEM('',(#980),#981);
#328=STYLED_ITEM('',(#982),#983);
#329=STYLED_ITEM('',(#984),#985);
#330=STYLED_ITEM('',(#986),#987);
#331=STYLED_ITEM('',(#988),#989);
#332=STYLED_ITEM('',(#990),#991);
#333=APPLICATION_CONTEXT('managed model based 3d engineering');
#334=PRODUCT_CATEGORY('part','NONE');
#335=PRODUCT_RELATED_PRODUCT_CATEGORY('detail',' ',(#992));
#336=PRODUCT_DEFINITION_SHAPE('NONE','NONE',#993);
#337=ADVANCED_BREP_SHAPE_REPRESENTATION('1',(#991,#994),#6);
#340=UNCERTAINTY_MEASURE_WITH_UNIT(LENGTH_MEASURE(1.0E-06),#342,'','');
#342= (CONVERSION_BASED_UNIT('MILLIMETRE',#997)LENGTH_UNIT()NAMED_UNIT(#1000));
#343= (NAMED_UNIT(#1002)PLANE_ANGLE_UNIT()SI_UNIT($,.RADIAN.));
#344= (NAMED_UNIT(#1002)SOLID_ANGLE_UNIT()SI_UNIT($,.STERADIAN.));
#346=PRESENTATION_STYLE_ASSIGNMENT((#1008));
#347=ADVANCED_FACE('Face appearance 2',(#1009),#1010,.T.);
#348=PRESENTATION_STYLE_ASSIGNMENT((#1011));
#349=ADVANCED_FACE('Face appearance 2',(#1012),#1013,.T.);
#350=PRESENTATION_STYLE_ASSIGNMENT((#1014));
#351=ADVANCED_FACE('Face appearance 1',(#1015),#1016,.T.);
#352=PRESENTATION_STYLE_ASSIGNMENT((#1017));
#353=ADVANCED_FACE('Face appearance 1',(#1018),#1019,.T.);
#354=PRESENTATION_STYLE_ASSIGNMENT((#1020));
#355=ADVANCED_FACE('Face appearance 1',(#1021),#1022,.T.);
#356=PRESENTATION_STYLE_ASSIGNMENT((#1023));
#357=ADVANCED_FACE('Face appearance 1',(#1024),#1025,.T.);
#358=PRESENTATION_STYLE_ASSIGNMENT((#1026));
#359=ADVANCED_FACE('Face appearance 1',(#1027),#1028,.T.);
#360=PRESENTATION_STYLE_ASSIGNMENT((#1029));
#361=ADVANCED_FACE('Face appearance 1',(#1030),#1031,.T.);
#362=PRESENTATION_STYLE_ASSIGNMENT((#1032));
#363=ADVANCED_FACE('Face appearance 1',(#1033),#1034,.T.);
#364=PRESENTATION_STYLE_ASSIGNMENT((#1035));
#365=ADVANCED_FACE('Face appearance 1',(#1036),#1037,.T.);
#366=PRESENTATION_STYLE_ASSIGNMENT((#1038));
#367=ADVANCED_FACE('Face appearance 1',(#1039),#1040,.T.);
#368=PRESENTATION_STYLE_ASSIGNMENT((#1041));
#369=ADVANCED_FACE('Face appearance 1',(#1042),#1043,.T.);
#370=PRESENTATION_STYLE_ASSIGNMENT((#1044));
#371=ADVANCED_FACE('Face appearance 1',(#1045),#1046,.T.);
#372=PRESENTATION_STYLE_ASSIGNMENT((#1047));
#373=ADVANCED_FACE('Face appearance 1',(#1048),#1049,.T.);
#374=PRESENTATION_STYLE_ASSIGNMENT((#1050));
#375=ADVANCED_FACE('Face appearance 2',(#1051),#1052,.T.);
#376=PRESENTATION_STYLE_ASSIGNMENT((#1053));
#377=ADVANCED_FACE('Face appearance 2',(#1054),#1055,.T.);
#378=PRESENTATION_STYLE_ASSIGNMENT((#1056));
#379=ADVANCED_FACE('Face appearance 2',(#1057),#1058,.T.);
#380=PRESENTATION_STYLE_ASSIGNMENT((#1059));
#381=ADVANCED_FACE('Face appearance 2',(#1060),#1061,.T.);
#382=PRESENTATION_STYLE_ASSIGNMENT((#1062));
#383=ADVANCED_FACE('Face appearance 2',(#1063),#1064,.T.);
#384=PRESENTATION_STYLE_ASSIGNMENT((#1065));
#385=ADVANCED_FACE('Face appearance 2',(#1066),#1067,.F.);
#386=PRESENTATION_STYLE_ASSIGNMENT((#1068));
#387=ADVANCED_FACE('Face appearance 2',(#1069),#1070,.T.);
#388=PRESENTATION_STYLE_ASSIGNMENT((#1071));
#389=ADVANCED_FACE('Face appearance 2',(#1072),#1073,.F.);
#390=PRESENTATION_STYLE_ASSIGNMENT((#1074));
#391=ADVANCED_FACE('Face appearance 2',(#1075),#1076,.F.);
#392=PRESENTATION_STYLE_ASSIGNMENT((#1077));
#393=ADVANCED_FACE('Face appearance 1',(#1078),#1079,.T.);
#394=PRESENTATION_STYLE_ASSIGNMENT((#1080));
#395=ADVANCED_FACE('Face appearance 1',(#1081),#1082,.T.);
#396=PRESENTATION_STYLE_ASSIGNMENT((#1083));
#397=ADVANCED_FACE('Face appearance 1',(#1084),#1085,.F.);
#398=PRESENTATION_STYLE_ASSIGNMENT((#1086));
#399=ADVANCED_FACE('Face appearance 1',(#1087),#1088,.F.);
#400=PRESENTATION_STYLE_ASSIGNMENT((#1089));
#401=ADVANCED_FACE('Face appearance 1',(#1090),#1091,.F.);
#402=PRESENTATION_STYLE_ASSIGNMENT((#1092));
#403=ADVANCED_FACE('Face appearance 1',(#1093),#1094,.F.);
#404=PRESENTATION_STYLE_ASSIGNMENT((#1095));
#405=ADVANCED_FACE('Face appearance 1',(#1096),#1097,.T.);
#406=PRESENTATION_STYLE_ASSIGNMENT((#1098));
#407=ADVANCED_FACE('Face appearance 1',(#1099),#1100,.F.);
#408=PRESENTATION_STYLE_ASSIGNMENT((#1101));
#409=ADVANCED_FACE('Face appearance 1',(#1102),#1103,.F.);
#410=PRESENTATION_STYLE_ASSIGNMENT((#1104));
#411=ADVANCED_FACE('Face appearance 1',(#1105),#1106,.T.);
#412=PRESENTATION_STYLE_ASSIGNMENT((#1107));
#413=ADVANCED_FACE('Face appearance 1',(#1108),#1109,.F.);
#414=PRESENTATION_STYLE_ASSIGNMENT((#1110));
#415=ADVANCED_FACE('Face appearance 1',(#1111),#1112,.T.);
#416=PRESENTATION_STYLE_ASSIGNMENT((#1113));
#417=ADVANCED_FACE('Face appearance 1',(#1114),#1115,.T.);
#418=PRESENTATION_STYLE_ASSIGNMENT((#1116));
#419=ADVANCED_FACE('Face appearance 1',(#1117),#1118,.T.);
#420=PRESENTATION_STYLE_ASSIGNMENT((#1119));
#421=ADVANCED_FACE('Face appearance 1',(#1120),#1121,.F.);
#422=PRESENTATION_STYLE_ASSIGNMENT((#1122));
#423=ADVANCED_FACE('Face appearance 1',(#1123),#1124,.T.);
#424=PRESENTATION_STYLE_ASSIGNMENT((#1125));
#425=ADVANCED_FACE('Face appearance 1',(#1126),#1127,.T.);
#426=PRESENTATION_STYLE_ASSIGNMENT((#1128));
#427=ADVANCED_FACE('Face appearance 1',(#1129),#1130,.T.);
#428=PRESENTATION_STYLE_ASSIGNMENT((#1131));
#429=ADVANCED_FACE('Face appearance 1',(#1132),#1133,.F.);
#430=PRESENTATION_STYLE_ASSIGNMENT((#1134));
#431=ADVANCED_FACE('Face appearance 1',(#1135),#1136,.T.);
#432=PRESENTATION_STYLE_ASSIGNMENT((#1137));
#433=ADVANCED_FACE('Face appearance 1',(#1138),#1139,.F.);
#434=PRESENTATION_STYLE_ASSIGNMENT((#1140));
#435=ADVANCED_FACE('Face appearance 1',(#1141),#1142,.T.);
#436=PRESENTATION_STYLE_ASSIGNMENT((#1143));
#437=ADVANCED_FACE('Face appearance 1',(#1144),#1145,.T.);
#438=PRESENTATION_STYLE_ASSIGNMENT((#1146));
#439=ADVANCED_FACE('Face appearance 1',(#1147),#1148,.T.);
#440=PRESENTATION_STYLE_ASSIGNMENT((#1149));
#441=ADVANCED_FACE('Face appearance 1',(#1150),#1151,.T.);
#442=PRESENTATION_STYLE_ASSIGNMENT((#1152));
#443=ADVANCED_FACE('Face appearance 1',(#1153),#1154,.T.);
#444=PRESENTATION_STYLE_ASSIGNMENT((#1155));
#445=ADVANCED_FACE('Face appearance 1',(#1156),#1157,.T.);
#446=PRESENTATION_STYLE_ASSIGNMENT((#1158));
#447=ADVANCED_FACE('Face appearance 1',(#1159),#1160,.T.);
#448=PRESENTATION_STYLE_ASSIGNMENT((#1161));
#449=ADVANCED_FACE('Face appearance 1',(#1162),#1163,.T.);
#450=PRESENTATION_STYLE_ASSIGNMENT((#1164));
#451=ADVANCED_FACE('Face appearance 1',(#1165),#1166,.T.);
#452=PRESENTATION_STYLE_ASSIGNMENT((#1167));
#453=ADVANCED_FACE('Face appearance 1',(#1168),#1169,.T.);
#454=PRESENTATION_STYLE_ASSIGNMENT((#1170));
#455=ADVANCED_FACE('Face appearance 1',(#1171),#1172,.F.);
#456=PRESENTATION_STYLE_ASSIGNMENT((#1173));
#457=ADVANCED_FACE('Face appearance 1',(#1174),#1175,.F.);
#458=PRESENTATION_STYLE_ASSIGNMENT((#1176));
#459=ADVANCED_FACE('Face appearance 1',(#1177),#1178,.F.);
#460=PRESENTATION_STYLE_ASSIGNMENT((#1179));
#461=ADVANCED_FACE('Face appearance 1',(#1180),#1181,.F.);
#462=PRESENTATION_STYLE_ASSIGNMENT((#1182));
#463=ADVANCED_FACE('Face appearance 1',(#1183),#1184,.T.);
#464=PRESENTATION_STYLE_ASSIGNMENT((#1185));
#465=ADVANCED_FACE('Face appearance 1',(#1186),#1187,.T.);
#466=PRESENTATION_STYLE_ASSIGNMENT((#1188));
#467=ADVANCED_FACE('Face appearance 1',(#1189),#1190,.F.);
#468=PRESENTATION_STYLE_ASSIGNMENT((#1191));
#469=ADVANCED_FACE('Face appearance 1',(#1192),#1193,.T.);
#470=PRESENTATION_STYLE_ASSIGNMENT((#1194));
#471=ADVANCED_FACE('Face appearance 1',(#1195),#1196,.F.);
#472=PRESENTATION_STYLE_ASSIGNMENT((#1197));
#473=ADVANCED_FACE('Face appearance 1',(#1198),#1199,.F.);
#474=PRESENTATION_STYLE_ASSIGNMENT((#1200));
#475=ADVANCED_FACE('Face appearance 1',(#1201),#1202,.T.);
#476=PRESENTATION_STYLE_ASSIGNMENT((#1203));
#477=ADVANCED_FACE('Face appearance 1',(#1204),#1205,.F.);
#478=PRESENTATION_STYLE_ASSIGNMENT((#1206));
#479=ADVANCED_FACE('Face appearance 1',(#1207),#1208,.T.);
#480=PRESENTATION_STYLE_ASSIGNMENT((#1209));
#481=ADVANCED_FACE('Face appearance 1',(#1210),#1211,.T.);
#482=PRESENTATION_STYLE_ASSIGNMENT((#1212));
#483=ADVANCED_FACE('Face appearance 1',(#1213),#1214,.T.);
#484=PRESENTATION_STYLE_ASSIGNMENT((#1215));
#485=ADVANCED_FACE('Face appearance 1',(#1216),#1217,.F.);
#486=PRESENTATION_STYLE_ASSIGNMENT((#1218));
#487=ADVANCED_FACE('Face appearance 1',(#1219),#1220,.T.);
#488=PRESENTATION_STYLE_ASSIGNMENT((#1221));
#489=ADVANCED_FACE('Face appearance 1',(#1222),#1223,.T.);
#490=PRESENTATION_STYLE_ASSIGNMENT((#1224));
#491=ADVANCED_FACE('Face appearance 1',(#1225),#1226,.T.);
#492=PRESENTATION_STYLE_ASSIGNMENT((#1227));
#493=ADVANCED_FACE('Face appearance 1',(#1228),#1229,.T.);
#494=PRESENTATION_STYLE_ASSIGNMENT((#1230));
#495=ADVANCED_FACE('Face appearance 1',(#1231),#1232,.T.);
#496=PRESENTATION_STYLE_ASSIGNMENT((#1233));
#497=ADVANCED_FACE('Face appearance 1',(#1234),#1235,.T.);
#498=PRESENTATION_STYLE_ASSIGNMENT((#1236));
#499=ADVANCED_FACE('Face appearance 1',(#1237),#1238,.T.);
#500=PRESENTATION_STYLE_ASSIGNMENT((#1239));
#501=ADVANCED_FACE('Face appearance 1',(#1240),#1241,.T.);
#502=PRESENTATION_STYLE_ASSIGNMENT((#1242));
#503=ADVANCED_FACE('Face appearance 1',(#1243),#1244,.T.);
#504=PRESENTATION_STYLE_ASSIGNMENT((#1245));
#505=ADVANCED_FACE('Face appearance 1',(#1246),#1247,.T.);
#506=PRESENTATION_STYLE_ASSIGNMENT((#1248));
#507=ADVANCED_FACE('Face appearance 1',(#1249),#1250,.F.);
#508=PRESENTATION_STYLE_ASSIGNMENT((#1251));
#509=ADVANCED_FACE('Face appearance 1',(#1252),#1253,.T.);
#510=PRESENTATION_STYLE_ASSIGNMENT((#1254));
#511=ADVANCED_FACE('Face appearance 1',(#1255),#1256,.F.);
#512=PRESENTATION_STYLE_ASSIGNMENT((#1257));
#513=ADVANCED_FACE('Face appearance 1',(#1258),#1259,.T.);
#514=PRESENTATION_STYLE_ASSIGNMENT((#1260));
#515=ADVANCED_FACE('Face appearance 1',(#1261),#1262,.T.);
#516=PRESENTATION_STYLE_ASSIGNMENT((#1263));
#517=ADVANCED_FACE('Face appearance 1',(#1264),#1265,.T.);
#518=PRESENTATION_STYLE_ASSIGNMENT((#1266));
#519=ADVANCED_FACE('Face appearance 1',(#1267),#1268,.F.);
#520=PRESENTATION_STYLE_ASSIGNMENT((#1269));
#521=ADVANCED_FACE('Face appearance 1',(#1270),#1271,.F.);
#522=PRESENTATION_STYLE_ASSIGNMENT((#1272));
#523=ADVANCED_FACE('Face appearance 1',(#1273),#1274,.F.);
#524=PRESENTATION_STYLE_ASSIGNMENT((#1275));
#525=ADVANCED_FACE('Face appearance 1',(#1276),#1277,.F.);
#526=PRESENTATION_STYLE_ASSIGNMENT((#1278));
#527=ADVANCED_FACE('Face appearance 1',(#1279),#1280,.T.);
#528=PRESENTATION_STYLE_ASSIGNMENT((#1281));
#529=ADVANCED_FACE('Face appearance 1',(#1282),#1283,.T.);
#530=PRESENTATION_STYLE_ASSIGNMENT((#1284));
#531=ADVANCED_FACE('Face appearance 1',(#1285),#1286,.F.);
#532=PRESENTATION_STYLE_ASSIGNMENT((#1287));
#533=ADVANCED_FACE('Face appearance 1',(#1288),#1289,.T.);
#534=PRESENTATION_STYLE_ASSIGNMENT((#1290));
#535=ADVANCED_FACE('Face appearance 1',(#1291),#1292,.F.);
#536=PRESENTATION_STYLE_ASSIGNMENT((#1293));
#537=ADVANCED_FACE('Face appearance 1',(#1294),#1295,.F.);
#538=PRESENTATION_STYLE_ASSIGNMENT((#1296));
#539=ADVANCED_FACE('Face appearance 1',(#1297),#1298,.T.);
#540=PRESENTATION_STYLE_ASSIGNMENT((#1299));
#541=ADVANCED_FACE('Face appearance 1',(#1300),#1301,.F.);
#542=PRESENTATION_STYLE_ASSIGNMENT((#1302));
#543=ADVANCED_FACE('Face appearance 1',(#1303),#1304,.T.);
#544=PRESENTATION_STYLE_ASSIGNMENT((#1305));
#545=ADVANCED_FACE('Face appearance 1',(#1306),#1307,.T.);
#546=PRESENTATION_STYLE_ASSIGNMENT((#1308));
#547=ADVANCED_FACE('Face appearance 1',(#1309),#1310,.T.);
#548=PRESENTATION_STYLE_ASSIGNMENT((#1311));
#549=ADVANCED_FACE('Face appearance 1',(#1312),#1313,.F.);
#550=PRESENTATION_STYLE_ASSIGNMENT((#1314));
#551=ADVANCED_FACE('Face appearance 1',(#1315),#1316,.T.);
#552=PRESENTATION_STYLE_ASSIGNMENT((#1317));
#553=ADVANCED_FACE('Face appearance 1',(#1318),#1319,.T.);
#554=PRESENTATION_STYLE_ASSIGNMENT((#1320));
#555=ADVANCED_FACE('Face appearance 1',(#1321),#1322,.T.);
#556=PRESENTATION_STYLE_ASSIGNMENT((#1323));
#557=ADVANCED_FACE('Face appearance 1',(#1324),#1325,.F.);
#558=PRESENTATION_STYLE_ASSIGNMENT((#1326));
#559=ADVANCED_FACE('Face appearance 1',(#1327),#1328,.T.);
#560=PRESENTATION_STYLE_ASSIGNMENT((#1329));
#561=ADVANCED_FACE('Face appearance 1',(#1330),#1331,.F.);
#562=PRESENTATION_STYLE_ASSIGNMENT((#1332));
#563=ADVANCED_FACE('Face appearance 1',(#1333),#1334,.T.);
#564=PRESENTATION_STYLE_ASSIGNMENT((#1335));
#565=ADVANCED_FACE('Face appearance 1',(#1336),#1337,.T.);
#566=PRESENTATION_STYLE_ASSIGNMENT((#1338));
#567=ADVANCED_FACE('Face appearance 1',(#1339),#1340,.T.);
#568=PRESENTATION_STYLE_ASSIGNMENT((#1341));
#569=ADVANCED_FACE('Face appearance 1',(#1342),#1343,.T.);
#570=PRESENTATION_STYLE_ASSIGNMENT((#1344));
#571=ADVANCED_FACE('Face appearance 1',(#1345),#1346,.T.);
#572=PRESENTATION_STYLE_ASSIGNMENT((#1347));
#573=ADVANCED_FACE('Face appearance 1',(#1348),#1349,.T.);
#574=PRESENTATION_STYLE_ASSIGNMENT((#1350));
#575=ADVANCED_FACE('Face appearance 1',(#1351),#1352,.T.);
#576=PRESENTATION_STYLE_ASSIGNMENT((#1353));
#577=ADVANCED_FACE('Face appearance 1',(#1354),#1355,.T.);
#578=PRESENTATION_STYLE_ASSIGNMENT((#1356));
#579=ADVANCED_FACE('Face appearance 1',(#1357),#1358,.T.);
#580=PRESENTATION_STYLE_ASSIGNMENT((#1359));
#581=ADVANCED_FACE('Face appearance 1',(#1360),#1361,.T.);
#582=PRESENTATION_STYLE_ASSIGNMENT((#1362));
#583=ADVANCED_FACE('Face appearance 1',(#1363),#1364,.F.);
#584=PRESENTATION_STYLE_ASSIGNMENT((#1365));
#585=ADVANCED_FACE('Face appearance 1',(#1366),#1367,.T.);
#586=PRESENTATION_STYLE_ASSIGNMENT((#1368));
#587=ADVANCED_FACE('Face appearance 1',(#1369),#1370,.F.);
#588=PRESENTATION_STYLE_ASSIGNMENT((#1371));
#589=ADVANCED_FACE('Face appearance 1',(#1372),#1373,.F.);
#590=PRESENTATION_STYLE_ASSIGNMENT((#1374));
#591=ADVANCED_FACE('Face appearance 1',(#1375),#1376,.F.);
#592=PRESENTATION_STYLE_ASSIGNMENT((#1377));
#593=ADVANCED_FACE('Face appearance 1',(#1378),#1379,.T.);
#594=PRESENTATION_STYLE_ASSIGNMENT((#1380));
#595=ADVANCED_FACE('Face appearance 1',(#1381),#1382,.F.);
#596=PRESENTATION_STYLE_ASSIGNMENT((#1383));
#597=ADVANCED_FACE('Face appearance 1',(#1384),#1385,.T.);
#598=PRESENTATION_STYLE_ASSIGNMENT((#1386));
#599=ADVANCED_FACE('Face appearance 1',(#1387),#1388,.F.);
#600=PRESENTATION_STYLE_ASSIGNMENT((#1389));
#601=ADVANCED_FACE('Face appearance 1',(#1390),#1391,.F.);
#602=PRESENTATION_STYLE_ASSIGNMENT((#1392));
#603=ADVANCED_FACE('Face appearance 1',(#1393),#1394,.T.);
#604=PRESENTATION_STYLE_ASSIGNMENT((#1395));
#605=ADVANCED_FACE('Face appearance 1',(#1396),#1397,.F.);
#606=PRESENTATION_STYLE_ASSIGNMENT((#1398));
#607=ADVANCED_FACE('Face appearance 1',(#1399),#1400,.T.);
#608=PRESENTATION_STYLE_ASSIGNMENT((#1401));
#609=ADVANCED_FACE('Face appearance 1',(#1402),#1403,.T.);
#610=PRESENTATION_STYLE_ASSIGNMENT((#1404));
#611=ADVANCED_FACE('Face appearance 1',(#1405),#1406,.T.);
#612=PRESENTATION_STYLE_ASSIGNMENT((#1407));
#613=ADVANCED_FACE('Face appearance 1',(#1408),#1409,.F.);
#614=PRESENTATION_STYLE_ASSIGNMENT((#1410));
#615=ADVANCED_FACE('Face appearance 1',(#1411),#1412,.T.);
#616=PRESENTATION_STYLE_ASSIGNMENT((#1413));
#617=ADVANCED_FACE('Face appearance 1',(#1414),#1415,.T.);
#618=PRESENTATION_STYLE_ASSIGNMENT((#1416));
#619=ADVANCED_FACE('Face appearance 1',(#1417),#1418,.T.);
#620=PRESENTATION_STYLE_ASSIGNMENT((#1419));
#621=ADVANCED_FACE('Face appearance 1',(#1420),#1421,.F.);
#622=PRESENTATION_STYLE_ASSIGNMENT((#1422));
#623=ADVANCED_FACE('Face appearance 1',(#1423),#1424,.T.);
#624=PRESENTATION_STYLE_ASSIGNMENT((#1425));
#625=ADVANCED_FACE('Face appearance 1',(#1426),#1427,.F.);
#626=PRESENTATION_STYLE_ASSIGNMENT((#1428));
#627=ADVANCED_FACE('Face appearance 1',(#1429),#1430,.T.);
#628=PRESENTATION_STYLE_ASSIGNMENT((#1431));
#629=ADVANCED_FACE('Face appearance 1',(#1432),#1433,.T.);
#630=PRESENTATION_STYLE_ASSIGNMENT((#1434));
#631=ADVANCED_FACE('Face appearance 1',(#1435),#1436,.T.);
#632=PRESENTATION_STYLE_ASSIGNMENT((#1437));
#633=ADVANCED_FACE('Face appearance 1',(#1438),#1439,.T.);
#634=PRESENTATION_STYLE_ASSIGNMENT((#1440));
#635=ADVANCED_FACE('Face appearance 1',(#1441),#1442,.T.);
#636=PRESENTATION_STYLE_ASSIGNMENT((#1443));
#637=ADVANCED_FACE('Face appearance 1',(#1444),#1445,.T.);
#638=PRESENTATION_STYLE_ASSIGNMENT((#1446));
#639=ADVANCED_FACE('Face appearance 1',(#1447),#1448,.T.);
#640=PRESENTATION_STYLE_ASSIGNMENT((#1449));
#641=ADVANCED_FACE('Face appearance 1',(#1450),#1451,.T.);
#642=PRESENTATION_STYLE_ASSIGNMENT((#1452));
#643=ADVANCED_FACE('Face appearance 1',(#1453),#1454,.T.);
#644=PRESENTATION_STYLE_ASSIGNMENT((#1455));
#645=ADVANCED_FACE('Face appearance 1',(#1456),#1457,.T.);
#646=PRESENTATION_STYLE_ASSIGNMENT((#1458));
#647=ADVANCED_FACE('Face appearance 1',(#1459),#1460,.F.);
#648=PRESENTATION_STYLE_ASSIGNMENT((#1461));
#649=ADVANCED_FACE('Face appearance 1',(#1462),#1463,.F.);
#650=PRESENTATION_STYLE_ASSIGNMENT((#1464));
#651=ADVANCED_FACE('Face appearance 1',(#1465),#1466,.F.);
#652=PRESENTATION_STYLE_ASSIGNMENT((#1467));
#653=ADVANCED_FACE('Face appearance 1',(#1468),#1469,.T.);
#654=PRESENTATION_STYLE_ASSIGNMENT((#1470));
#655=ADVANCED_FACE('Face appearance 1',(#1471),#1472,.T.);
#656=PRESENTATION_STYLE_ASSIGNMENT((#1473));
#657=ADVANCED_FACE('Face appearance 1',(#1474),#1475,.T.);
#658=PRESENTATION_STYLE_ASSIGNMENT((#1476));
#659=ADVANCED_FACE('Face appearance 1',(#1477),#1478,.T.);
#660=PRESENTATION_STYLE_ASSIGNMENT((#1479));
#661=ADVANCED_FACE('Face appearance 1',(#1480),#1481,.T.);
#662=PRESENTATION_STYLE_ASSIGNMENT((#1482));
#663=ADVANCED_FACE('Face appearance 1',(#1483,#1484),#1485,.T.);
#664=PRESENTATION_STYLE_ASSIGNMENT((#1486));
#665=ADVANCED_FACE('Face appearance 1',(#1487),#1488,.F.);
#666=PRESENTATION_STYLE_ASSIGNMENT((#1489));
#667=ADVANCED_FACE('Face appearance 1',(#1490),#1491,.F.);
#668=PRESENTATION_STYLE_ASSIGNMENT((#1492));
#669=ADVANCED_FACE('Face appearance 1',(#1493),#1494,.T.);
#670=PRESENTATION_STYLE_ASSIGNMENT((#1495));
#671=ADVANCED_FACE('Face appearance 1',(#1496),#1497,.T.);
#672=PRESENTATION_STYLE_ASSIGNMENT((#1498));
#673=ADVANCED_FACE('Face appearance 1',(#1499),#1500,.T.);
#674=PRESENTATION_STYLE_ASSIGNMENT((#1501));
#675=ADVANCED_FACE('Face appearance 1',(#1502),#1503,.T.);
#676=PRESENTATION_STYLE_ASSIGNMENT((#1504));
#677=ADVANCED_FACE('Face appearance 1',(#1505),#1506,.T.);
#678=PRESENTATION_STYLE_ASSIGNMENT((#1507));
#679=ADVANCED_FACE('Face appearance 1',(#1508,#1509),#1510,.T.);
#680=PRESENTATION_STYLE_ASSIGNMENT((#1511));
#681=ADVANCED_FACE('Face appearance 1',(#1512),#1513,.F.);
#682=PRESENTATION_STYLE_ASSIGNMENT((#1514));
#683=ADVANCED_FACE('Face appearance 1',(#1515),#1516,.F.);
#684=PRESENTATION_STYLE_ASSIGNMENT((#1517));
#685=ADVANCED_FACE('Face appearance 1',(#1518),#1519,.T.);
#686=PRESENTATION_STYLE_ASSIGNMENT((#1520));
#687=ADVANCED_FACE('Face appearance 1',(#1521),#1522,.T.);
#688=PRESENTATION_STYLE_ASSIGNMENT((#1523));
#689=ADVANCED_FACE('Face appearance 1',(#1524),#1525,.T.);
#690=PRESENTATION_STYLE_ASSIGNMENT((#1526));
#691=ADVANCED_FACE('Face appearance 1',(#1527),#1528,.T.);
#692=PRESENTATION_STYLE_ASSIGNMENT((#1529));
#693=ADVANCED_FACE('Face appearance 1',(#1530),#1531,.T.);
#694=PRESENTATION_STYLE_ASSIGNMENT((#1532));
#695=ADVANCED_FACE('Face appearance 1',(#1533,#1534),#1535,.T.);
#696=PRESENTATION_STYLE_ASSIGNMENT((#1536));
#697=ADVANCED_FACE('Face appearance 1',(#1537),#1538,.F.);
#698=PRESENTATION_STYLE_ASSIGNMENT((#1539));
#699=ADVANCED_FACE('Face appearance 1',(#1540),#1541,.F.);
#700=PRESENTATION_STYLE_ASSIGNMENT((#1542));
#701=ADVANCED_FACE('Face appearance 1',(#1543),#1544,.T.);
#702=PRESENTATION_STYLE_ASSIGNMENT((#1545));
#703=ADVANCED_FACE('Face appearance 1',(#1546),#1547,.T.);
#704=PRESENTATION_STYLE_ASSIGNMENT((#1548));
#705=ADVANCED_FACE('Face appearance 1',(#1549),#1550,.T.);
#706=PRESENTATION_STYLE_ASSIGNMENT((#1551));
#707=ADVANCED_FACE('Face appearance 1',(#1552),#1553,.T.);
#708=PRESENTATION_STYLE_ASSIGNMENT((#1554));
#709=ADVANCED_FACE('Face appearance 1',(#1555),#1556,.T.);
#710=PRESENTATION_STYLE_ASSIGNMENT((#1557));
#711=ADVANCED_FACE('Face appearance 1',(#1558,#1559),#1560,.T.);
#712=PRESENTATION_STYLE_ASSIGNMENT((#1561));
#713=ADVANCED_FACE('Face appearance 2',(#1562),#1563,.T.);
#714=PRESENTATION_STYLE_ASSIGNMENT((#1564));
#715=ADVANCED_FACE('Face appearance 2',(#1565),#1566,.F.);
#716=PRESENTATION_STYLE_ASSIGNMENT((#1567));
#717=ADVANCED_FACE('Face appearance 2',(#1568),#1569,.F.);
#718=PRESENTATION_STYLE_ASSIGNMENT((#1570));
#719=ADVANCED_FACE('Face appearance 2',(#1571),#1572,.T.);
#720=PRESENTATION_STYLE_ASSIGNMENT((#1573));
#721=ADVANCED_FACE('Face appearance 2',(#1574),#1575,.T.);
#722=PRESENTATION_STYLE_ASSIGNMENT((#1576));
#723=ADVANCED_FACE('Face appearance 2',(#1577),#1578,.F.);
#724=PRESENTATION_STYLE_ASSIGNMENT((#1579));
#725=ADVANCED_FACE('Face appearance 2',(#1580),#1581,.F.);
#726=PRESENTATION_STYLE_ASSIGNMENT((#1582));
#727=ADVANCED_FACE('Face appearance 2',(#1583),#1584,.T.);
#728=PRESENTATION_STYLE_ASSIGNMENT((#1585));
#729=ADVANCED_FACE('Face appearance 2',(#1586),#1587,.T.);
#730=PRESENTATION_STYLE_ASSIGNMENT((#1588));
#731=ADVANCED_FACE('Face appearance 2',(#1589),#1590,.T.);
#732=PRESENTATION_STYLE_ASSIGNMENT((#1591));
#733=ADVANCED_FACE('Face appearance 2',(#1592),#1593,.F.);
#734=PRESENTATION_STYLE_ASSIGNMENT((#1594));
#735=ADVANCED_FACE('Face appearance 2',(#1595),#1596,.F.);
#736=PRESENTATION_STYLE_ASSIGNMENT((#1597));
#737=ADVANCED_FACE('Face appearance 2',(#1598),#1599,.T.);
#738=PRESENTATION_STYLE_ASSIGNMENT((#1600));
#739=ADVANCED_FACE('Face appearance 2',(#1601),#1602,.T.);
#740=PRESENTATION_STYLE_ASSIGNMENT((#1603));
#741=ADVANCED_FACE('Face appearance 2',(#1604),#1605,.F.);
#742=PRESENTATION_STYLE_ASSIGNMENT((#1606));
#743=ADVANCED_FACE('Face appearance 2',(#1607),#1608,.F.);
#744=PRESENTATION_STYLE_ASSIGNMENT((#1609));
#745=ADVANCED_FACE('Face appearance 2',(#1610),#1611,.F.);
#746=PRESENTATION_STYLE_ASSIGNMENT((#1612));
#747=ADVANCED_FACE('Face appearance 2',(#1613),#1614,.T.);
#748=PRESENTATION_STYLE_ASSIGNMENT((#1615));
#749=ADVANCED_FACE('Face appearance 2',(#1616),#1617,.F.);
#750=PRESENTATION_STYLE_ASSIGNMENT((#1618));
#751=ADVANCED_FACE('Face appearance 2',(#1619),#1620,.F.);
#752=PRESENTATION_STYLE_ASSIGNMENT((#1621));
#753=ADVANCED_FACE('Face appearance 2',(#1622),#1623,.T.);
#754=PRESENTATION_STYLE_ASSIGNMENT((#1624));
#755=ADVANCED_FACE('Face appearance 2',(#1625),#1626,.T.);
#756=PRESENTATION_STYLE_ASSIGNMENT((#1627));
#757=ADVANCED_FACE('Face appearance 2',(#1628),#1629,.F.);
#758=PRESENTATION_STYLE_ASSIGNMENT((#1630));
#759=ADVANCED_FACE('Face appearance 2',(#1631),#1632,.F.);
#760=PRESENTATION_STYLE_ASSIGNMENT((#1633));
#761=ADVANCED_FACE('Face appearance 2',(#1634),#1635,.T.);
#762=PRESENTATION_STYLE_ASSIGNMENT((#1636));
#763=ADVANCED_FACE('Face appearance 2',(#1637),#1638,.T.);
#764=PRESENTATION_STYLE_ASSIGNMENT((#1639));
#765=ADVANCED_FACE('Face appearance 2',(#1640),#1641,.F.);
#766=PRESENTATION_STYLE_ASSIGNMENT((#1642));
#767=ADVANCED_FACE('Face appearance 2',(#1643),#1644,.T.);
#768=PRESENTATION_STYLE_ASSIGNMENT((#1645));
#769=ADVANCED_FACE('Face appearance 2',(#1646),#1647,.T.);
#770=PRESENTATION_STYLE_ASSIGNMENT((#1648));
#771=ADVANCED_FACE('Face appearance 2',(#1649),#1650,.F.);
#772=PRESENTATION_STYLE_ASSIGNMENT((#1651));
#773=ADVANCED_FACE('Face appearance 2',(#1652),#1653,.T.);
#774=PRESENTATION_STYLE_ASSIGNMENT((#1654));
#775=ADVANCED_FACE('Face appearance 2',(#1655),#1656,.F.);
#776=PRESENTATION_STYLE_ASSIGNMENT((#1657));
#777=ADVANCED_FACE('Face appearance 2',(#1658),#1659,.F.);
#778=PRESENTATION_STYLE_ASSIGNMENT((#1660));
#779=ADVANCED_FACE('Face appearance 2',(#1661),#1662,.F.);
#780=PRESENTATION_STYLE_ASSIGNMENT((#1663));
#781=ADVANCED_FACE('Face appearance 2',(#1664),#1665,.F.);
#782=PRESENTATION_STYLE_ASSIGNMENT((#1666));
#783=ADVANCED_FACE('Face appearance 2',(#1667),#1668,.F.);
#784=PRESENTATION_STYLE_ASSIGNMENT((#1669));
#785=ADVANCED_FACE('Face appearance 2',(#1670),#1671,.T.);
#786=PRESENTATION_STYLE_ASSIGNMENT((#1672));
#787=ADVANCED_FACE('Face appearance 2',(#1673),#1674,.F.);
#788=PRESENTATION_STYLE_ASSIGNMENT((#1675));
#789=ADVANCED_FACE('Face appearance 2',(#1676),#1677,.T.);
#790=PRESENTATION_STYLE_ASSIGNMENT((#1678));
#791=ADVANCED_FACE('Face appearance 2',(#1679),#1680,.F.);
#792=PRESENTATION_STYLE_ASSIGNMENT((#1681));
#793=ADVANCED_FACE('Face appearance 2',(#1682),#1683,.F.);
#794=PRESENTATION_STYLE_ASSIGNMENT((#1684));
#795=ADVANCED_FACE('Face appearance 2',(#1685),#1686,.F.);
#796=PRESENTATION_STYLE_ASSIGNMENT((#1687));
#797=ADVANCED_FACE('Face appearance 2',(#1688),#1689,.F.);
#798=PRESENTATION_STYLE_ASSIGNMENT((#1690));
#799=ADVANCED_FACE('Face appearance 2',(#1691),#1692,.F.);
#800=PRESENTATION_STYLE_ASSIGNMENT((#1693));
#801=ADVANCED_FACE('Face appearance 2',(#1694),#1695,.T.);
#802=PRESENTATION_STYLE_ASSIGNMENT((#1696));
#803=ADVANCED_FACE('Face appearance 2',(#1697),#1698,.F.);
#804=PRESENTATION_STYLE_ASSIGNMENT((#1699));
#805=ADVANCED_FACE('Face appearance 2',(#1700),#1701,.T.);
#806=PRESENTATION_STYLE_ASSIGNMENT((#1702));
#807=ADVANCED_FACE('Face appearance 2',(#1703),#1704,.T.);
#808=PRESENTATION_STYLE_ASSIGNMENT((#1705));
#809=ADVANCED_FACE('Face appearance 2',(#1706),#1707,.T.);
#810=PRESENTATION_STYLE_ASSIGNMENT((#1708));
#811=ADVANCED_FACE('Face appearance 2',(#1709),#1710,.F.);
#812=PRESENTATION_STYLE_ASSIGNMENT((#1711));
#813=ADVANCED_FACE('Face appearance 2',(#1712),#1713,.F.);
#814=PRESENTATION_STYLE_ASSIGNMENT((#1714));
#815=ADVANCED_FACE('Face appearance 2',(#1715),#1716,.F.);
#816=PRESENTATION_STYLE_ASSIGNMENT((#1717));
#817=ADVANCED_FACE('Face appearance 2',(#1718),#1719,.F.);
#818=PRESENTATION_STYLE_ASSIGNMENT((#1720));
#819=ADVANCED_FACE('Face appearance 2',(#1721),#1722,.F.);
#820=PRESENTATION_STYLE_ASSIGNMENT((#1723));
#821=ADVANCED_FACE('Face appearance 2',(#1724),#1725,.T.);
#822=PRESENTATION_STYLE_ASSIGNMENT((#1726));
#823=ADVANCED_FACE('Face appearance 2',(#1727),#1728,.T.);
#824=PRESENTATION_STYLE_ASSIGNMENT((#1729));
#825=ADVANCED_FACE('Face appearance 2',(#1730),#1731,.F.);
#826=PRESENTATION_STYLE_ASSIGNMENT((#1732));
#827=ADVANCED_FACE('Face appearance 2',(#1733),#1734,.T.);
#828=PRESENTATION_STYLE_ASSIGNMENT((#1735));
#829=ADVANCED_FACE('Face appearance 2',(#1736),#1737,.F.);
#830=PRESENTATION_STYLE_ASSIGNMENT((#1738));
#831=ADVANCED_FACE('Face appearance 2',(#1739),#1740,.T.);
#832=PRESENTATION_STYLE_ASSIGNMENT((#1741));
#833=ADVANCED_FACE('Face appearance 2',(#1742),#1743,.F.);
#834=PRESENTATION_STYLE_ASSIGNMENT((#1744));
#835=ADVANCED_FACE('Face appearance 2',(#1745),#1746,.F.);
#836=PRESENTATION_STYLE_ASSIGNMENT((#1747));
#837=ADVANCED_FACE('Face appearance 2',(#1748),#1749,.T.);
#838=PRESENTATION_STYLE_ASSIGNMENT((#1750));
#839=ADVANCED_FACE('Face appearance 2',(#1751),#1752,.T.);
#840=PRESENTATION_STYLE_ASSIGNMENT((#1753));
#841=ADVANCED_FACE('Face appearance 2',(#1754),#1755,.T.);
#842=PRESENTATION_STYLE_ASSIGNMENT((#1756));
#843=ADVANCED_FACE('Face appearance 2',(#1757),#1758,.F.);
#844=PRESENTATION_STYLE_ASSIGNMENT((#1759));
#845=ADVANCED_FACE('Face appearance 2',(#1760),#1761,.T.);
#846=PRESENTATION_STYLE_ASSIGNMENT((#1762));
#847=ADVANCED_FACE('Face appearance 2',(#1763),#1764,.T.);
#848=PRESENTATION_STYLE_ASSIGNMENT((#1765));
#849=ADVANCED_FACE('Face appearance 2',(#1766),#1767,.T.);
#850=PRESENTATION_STYLE_ASSIGNMENT((#1768));
#851=ADVANCED_FACE('Face appearance 2',(#1769),#1770,.T.);
#852=PRESENTATION_STYLE_ASSIGNMENT((#1771));
#853=ADVANCED_FACE('Face appearance 2',(#1772,#1773,#1774,#1775,#1776,#1777),#1778,.F.);
#854=PRESENTATION_STYLE_ASSIGNMENT((#1779));
#855=ADVANCED_FACE('Face appearance 2',(#1780),#1781,.F.);
#856=PRESENTATION_STYLE_ASSIGNMENT((#1782));
#857=ADVANCED_FACE('Face appearance 2',(#1783),#1784,.F.);
#858=PRESENTATION_STYLE_ASSIGNMENT((#1785));
#859=ADVANCED_FACE('Face appearance 2',(#1786),#1787,.T.);
#860=PRESENTATION_STYLE_ASSIGNMENT((#1788));
#861=ADVANCED_FACE('Face appearance 2',(#1789),#1790,.F.);
#862=PRESENTATION_STYLE_ASSIGNMENT((#1791));
#863=ADVANCED_FACE('Face appearance 2',(#1792),#1793,.F.);
#864=PRESENTATION_STYLE_ASSIGNMENT((#1794));
#865=ADVANCED_FACE('Face appearance 2',(#1795),#1796,.T.);
#866=PRESENTATION_STYLE_ASSIGNMENT((#1797));
#867=ADVANCED_FACE('Face appearance 2',(#1798),#1799,.T.);
#868=PRESENTATION_STYLE_ASSIGNMENT((#1800));
#869=ADVANCED_FACE('Face appearance 2',(#1801),#1802,.T.);
#870=PRESENTATION_STYLE_ASSIGNMENT((#1803));
#871=ADVANCED_FACE('Face appearance 2',(#1804,#1805,#1806,#1807,#1808,#1809),#1810,.T.);
#872=PRESENTATION_STYLE_ASSIGNMENT((#1811));
#873=ADVANCED_FACE('Face appearance 2',(#1812),#1813,.T.);
#874=PRESENTATION_STYLE_ASSIGNMENT((#1814));
#875=ADVANCED_FACE('Face appearance 2',(#1815),#1816,.T.);
#876=PRESENTATION_STYLE_ASSIGNMENT((#1817));
#877=ADVANCED_FACE('Face appearance 2',(#1818),#1819,.F.);
#878=PRESENTATION_STYLE_ASSIGNMENT((#1820));
#879=ADVANCED_FACE('Face appearance 2',(#1821),#1822,.T.);
#880=PRESENTATION_STYLE_ASSIGNMENT((#1823));
#881=ADVANCED_FACE('Face appearance 2',(#1824),#1825,.T.);
#882=PRESENTATION_STYLE_ASSIGNMENT((#1826));
#883=ADVANCED_FACE('Face appearance 2',(#1827),#1828,.T.);
#884=PRESENTATION_STYLE_ASSIGNMENT((#1829));
#885=ADVANCED_FACE('Face appearance 2',(#1830),#1831,.T.);
#886=PRESENTATION_STYLE_ASSIGNMENT((#1832));
#887=ADVANCED_FACE('Face appearance 2',(#1833),#1834,.T.);
#888=PRESENTATION_STYLE_ASSIGNMENT((#1835));
#889=ADVANCED_FACE('Face appearance 2',(#1836),#1837,.T.);
#890=PRESENTATION_STYLE_ASSIGNMENT((#1838));
#891=ADVANCED_FACE('Face appearance 2',(#1839),#1840,.F.);
#892=PRESENTATION_STYLE_ASSIGNMENT((#1841));
#893=ADVANCED_FACE('Face appearance 2',(#1842),#1843,.T.);
#894=PRESENTATION_STYLE_ASSIGNMENT((#1844));
#895=ADVANCED_FACE('Face appearance 2',(#1845),#1846,.F.);
#896=PRESENTATION_STYLE_ASSIGNMENT((#1847));
#897=ADVANCED_FACE('Face appearance 2',(#1848),#1849,.F.);
#898=PRESENTATION_STYLE_ASSIGNMENT((#1850));
#899=ADVANCED_FACE('Face appearance 2',(#1851),#1852,.F.);
#900=PRESENTATION_STYLE_ASSIGNMENT((#1853));
#901=ADVANCED_FACE('Face appearance 2',(#1854),#1855,.F.);
#902=PRESENTATION_STYLE_ASSIGNMENT((#1856));
#903=ADVANCED_FACE('Face appearance 2',(#1857),#1858,.F.);
#904=PRESENTATION_STYLE_ASSIGNMENT((#1859));
#905=ADVANCED_FACE('Face appearance 2',(#1860),#1861,.T.);
#906=PRESENTATION_STYLE_ASSIGNMENT((#1862));
#907=ADVANCED_FACE('Face appearance 2',(#1863),#1864,.F.);
#908=PRESENTATION_STYLE_ASSIGNMENT((#1865));
#909=ADVANCED_FACE('Face appearance 2',(#1866),#1867,.F.);
#910=PRESENTATION_STYLE_ASSIGNMENT((#1868));
#911=ADVANCED_FACE('Face appearance 2',(#1869),#1870,.T.);
#912=PRESENTATION_STYLE_ASSIGNMENT((#1871));
#913=ADVANCED_FACE('Face appearance 2',(#1872),#1873,.F.);
#914=PRESENTATION_STYLE_ASSIGNMENT((#1874));
#915=ADVANCED_FACE('Face appearance 2',(#1875),#1876,.T.);
#916=PRESENTATION_STYLE_ASSIGNMENT((#1877));
#917=ADVANCED_FACE('Face appearance 2',(#1878),#1879,.T.);
#918=PRESENTATION_STYLE_ASSIGNMENT((#1880));
#919=ADVANCED_FACE('Face appearance 2',(#1881),#1882,.T.);
#920=PRESENTATION_STYLE_ASSIGNMENT((#1883));
#921=ADVANCED_FACE('Face appearance 2',(#1884),#1885,.T.);
#922=PRESENTATION_STYLE_ASSIGNMENT((#1886));
#923=ADVANCED_FACE('Face appearance 2',(#1887),#1888,.F.);
#924=PRESENTATION_STYLE_ASSIGNMENT((#1889));
#925=ADVANCED_FACE('Face appearance 2',(#1890),#1891,.F.);
#926=PRESENTATION_STYLE_ASSIGNMENT((#1892));
#927=ADVANCED_FACE('Face appearance 2',(#1893),#1894,.F.);
#928=PRESENTATION_STYLE_ASSIGNMENT((#1895));
#929=ADVANCED_FACE('Face appearance 2',(#1896),#1897,.F.);
#930=PRESENTATION_STYLE_ASSIGNMENT((#1898));
#931=ADVANCED_FACE('Face appearance 2',(#1899),#1900,.F.);
#932=PRESENTATION_STYLE_ASSIGNMENT((#1901));
#933=ADVANCED_FACE('Face appearance 2',(#1902),#1903,.F.);
#934=PRESENTATION_STYLE_ASSIGNMENT((#1904));
#935=ADVANCED_FACE('Face appearance 2',(#1905),#1906,.T.);
#936=PRESENTATION_STYLE_ASSIGNMENT((#1907));
#937=ADVANCED_FACE('Face appearance 2',(#1908),#1909,.F.);
#938=PRESENTATION_STYLE_ASSIGNMENT((#1910));
#939=ADVANCED_FACE('Face appearance 2',(#1911),#1912,.T.);
#940=PRESENTATION_STYLE_ASSIGNMENT((#1913));
#941=ADVANCED_FACE('Face appearance 2',(#1914),#1915,.F.);
#942=PRESENTATION_STYLE_ASSIGNMENT((#1916));
#943=ADVANCED_FACE('Face appearance 2',(#1917),#1918,.F.);
#944=PRESENTATION_STYLE_ASSIGNMENT((#1919));
#945=ADVANCED_FACE('Face appearance 2',(#1920),#1921,.F.);
#946=PRESENTATION_STYLE_ASSIGNMENT((#1922));
#947=ADVANCED_FACE('Face appearance 2',(#1923),#1924,.T.);
#948=PRESENTATION_STYLE_ASSIGNMENT((#1925));
#949=ADVANCED_FACE('Face appearance 2',(#1926),#1927,.F.);
#950=PRESENTATION_STYLE_ASSIGNMENT((#1928));
#951=ADVANCED_FACE('Face appearance 2',(#1929),#1930,.F.);
#952=PRESENTATION_STYLE_ASSIGNMENT((#1931));
#953=ADVANCED_FACE('Face appearance 2',(#1932),#1933,.T.);
#954=PRESENTATION_STYLE_ASSIGNMENT((#1934));
#955=ADVANCED_FACE('Face appearance 2',(#1935),#1936,.T.);
#956=PRESENTATION_STYLE_ASSIGNMENT((#1937));
#957=ADVANCED_FACE('Face appearance 2',(#1938),#1939,.T.);
#958=PRESENTATION_STYLE_ASSIGNMENT((#1940));
#959=ADVANCED_FACE('Face appearance 2',(#1941),#1942,.F.);
#960=PRESENTATION_STYLE_ASSIGNMENT((#1943));
#961=ADVANCED_FACE('Face appearance 2',(#1944),#1945,.F.);
#962=PRESENTATION_STYLE_ASSIGNMENT((#1946));
#963=ADVANCED_FACE('Face appearance 2',(#1947),#1948,.T.);
#964=PRESENTATION_STYLE_ASSIGNMENT((#1949));
#965=ADVANCED_FACE('Face appearance 2',(#1950),#1951,.F.);
#966=PRESENTATION_STYLE_ASSIGNMENT((#1952));
#967=ADVANCED_FACE('Face appearance 2',(#1953),#1954,.T.);
#968=PRESENTATION_STYLE_ASSIGNMENT((#1955));
#969=ADVANCED_FACE('Face appearance 2',(#1956),#1957,.F.);
#970=PRESENTATION_STYLE_ASSIGNMENT((#1958));
#971=ADVANCED_FACE('Face appearance 2',(#1959),#1960,.F.);
#972=PRESENTATION_STYLE_ASSIGNMENT((#1961));
#973=ADVANCED_FACE('Face appearance 2',(#1962),#1963,.T.);
#974=PRESENTATION_STYLE_ASSIGNMENT((#1964));
#975=ADVANCED_FACE('Face appearance 2',(#1965,#1966),#1967,.T.);
#976=PRESENTATION_STYLE_ASSIGNMENT((#1968));
#977=ADVANCED_FACE('Face appearance 2',(#1969,#1970),#1971,.T.);
#978=PRESENTATION_STYLE_ASSIGNMENT((#1972));
#979=ADVANCED_FACE('Face appearance 2',(#1973),#1974,.T.);
#980=PRESENTATION_STYLE_ASSIGNMENT((#1975));
#981=ADVANCED_FACE('Face appearance 2',(#1976),#1977,.T.);
#982=PRESENTATION_STYLE_ASSIGNMENT((#1978));
#983=ADVANCED_FACE('Face appearance 2',(#1979),#1980,.F.);
#984=PRESENTATION_STYLE_ASSIGNMENT((#1981));
#985=ADVANCED_FACE('Face appearance 2',(#1982),#1983,.F.);
#986=PRESENTATION_STYLE_ASSIGNMENT((#1984));
#987=ADVANCED_FACE('Face appearance 2',(#1985),#1986,.F.);
#988=PRESENTATION_STYLE_ASSIGNMENT((#1987));
#989=ADVANCED_FACE('Face appearance 2',(#1988),#1989,.T.);
#990=PRESENTATION_STYLE_ASSIGNMENT((#1990));
#991=MANIFOLD_SOLID_BREP('1',#1991);
#992=PRODUCT('1','','PART--DESC',(#1992));
#993=PRODUCT_DEFINITION('','NONE',#1993,#2);
#994=AXIS2_PLACEMENT_3D('',#1994,#1995,#1996);
#997=LENGTH_MEASURE_WITH_UNIT(LENGTH_MEASURE(1.0),#1997);
#1000=DIMENSIONAL_EXPONENTS(1.0,0.0,0.0,0.0,0.0,0.0,0.0);
#1002=DIMENSIONAL_EXPONENTS(0.0,0.0,0.0,0.0,0.0,0.0,0.0);
#1008=SURFACE_STYLE_USAGE(.BOTH.,#1998);
#1009=FACE_OUTER_BOUND('',#1999,.T.);
#1010=CYLINDRICAL_SURFACE('',#2000,1.0);
#1011=SURFACE_STYLE_USAGE(.BOTH.,#2001);
#1012=FACE_OUTER_BOUND('',#2002,.T.);
#1013=CYLINDRICAL_SURFACE('',#2003,1.0);
#1014=SURFACE_STYLE_USAGE(.BOTH.,#2004);
#1015=FACE_OUTER_BOUND('',#2005,.T.);
#1016=TOROIDAL_SURFACE('',#2006,0.0800000000004521,0.369999999999995);
#1017=SURFACE_STYLE_USAGE(.BOTH.,#2007);
#1018=FACE_OUTER_BOUND('',#2008,.T.);
#1019=TOROIDAL_SURFACE('',#2009,0.0800000000004174,0.370000000000038);
#1020=SURFACE_STYLE_USAGE(.BOTH.,#2010);
#1021=FACE_OUTER_BOUND('',#2011,.T.);
#1022=TOROIDAL_SURFACE('',#2012,0.0800000000004508,0.370000000000038);
#1023=SURFACE_STYLE_USAGE(.BOTH.,#2013);
#1024=FACE_OUTER_BOUND('',#2014,.T.);
#1025=TOROIDAL_SURFACE('',#2015,0.0800000000000488,0.369999999999995);
#1026=SURFACE_STYLE_USAGE(.BOTH.,#2016);
#1027=FACE_OUTER_BOUND('',#2017,.T.);
#1028=TOROIDAL_SURFACE('',#2018,0.0800000000004512,0.369999999999981);
#1029=SURFACE_STYLE_USAGE(.BOTH.,#2019);
#1030=FACE_OUTER_BOUND('',#2020,.T.);
#1031=TOROIDAL_SURFACE('',#2021,0.0800000000004521,0.370000000000011);
#1032=SURFACE_STYLE_USAGE(.BOTH.,#2022);
#1033=FACE_OUTER_BOUND('',#2023,.T.);
#1034=TOROIDAL_SURFACE('',#2024,0.0800000000000156,0.370000000000052);
#1035=SURFACE_STYLE_USAGE(.BOTH.,#2025);
#1036=FACE_OUTER_BOUND('',#2026,.T.);
#1037=TOROIDAL_SURFACE('',#2027,0.0800000000004508,0.370000000000038);
#1038=SURFACE_STYLE_USAGE(.BOTH.,#2028);
#1039=FACE_OUTER_BOUND('',#2029,.T.);
#1040=CYLINDRICAL_SURFACE('',#2030,0.399999999999976);
#1041=SURFACE_STYLE_USAGE(.BOTH.,#2031);
#1042=FACE_OUTER_BOUND('',#2032,.T.);
#1043=CYLINDRICAL_SURFACE('',#2033,0.399999999999985);
#1044=SURFACE_STYLE_USAGE(.BOTH.,#2034);
#1045=FACE_OUTER_BOUND('',#2035,.T.);
#1046=CYLINDRICAL_SURFACE('',#2036,0.399999999999985);
#1047=SURFACE_STYLE_USAGE(.BOTH.,#2037);
#1048=FACE_OUTER_BOUND('',#2038,.T.);
#1049=CYLINDRICAL_SURFACE('',#2039,0.399999999999993);
#1050=SURFACE_STYLE_USAGE(.BOTH.,#2040);
#1051=FACE_OUTER_BOUND('',#2041,.T.);
#1052=PLANE('',#2042);
#1053=SURFACE_STYLE_USAGE(.BOTH.,#2043);
#1054=FACE_OUTER_BOUND('',#2044,.T.);
#1055=PLANE('',#2045);
#1056=SURFACE_STYLE_USAGE(.BOTH.,#2046);
#1057=FACE_OUTER_BOUND('',#2047,.T.);
#1058=PLANE('',#2048);
#1059=SURFACE_STYLE_USAGE(.BOTH.,#2049);
#1060=FACE_OUTER_BOUND('',#2050,.T.);
#1061=PLANE('',#2051);
#1062=SURFACE_STYLE_USAGE(.BOTH.,#2052);
#1063=FACE_OUTER_BOUND('',#2053,.T.);
#1064=PLANE('',#2054);
#1065=SURFACE_STYLE_USAGE(.BOTH.,#2055);
#1066=FACE_OUTER_BOUND('',#2056,.T.);
#1067=PLANE('',#2057);
#1068=SURFACE_STYLE_USAGE(.BOTH.,#2058);
#1069=FACE_OUTER_BOUND('',#2059,.T.);
#1070=PLANE('',#2060);
#1071=SURFACE_STYLE_USAGE(.BOTH.,#2061);
#1072=FACE_OUTER_BOUND('',#2062,.T.);
#1073=PLANE('',#2063);
#1074=SURFACE_STYLE_USAGE(.BOTH.,#2064);
#1075=FACE_OUTER_BOUND('',#2065,.T.);
#1076=PLANE('',#2066);
#1077=SURFACE_STYLE_USAGE(.BOTH.,#2067);
#1078=FACE_OUTER_BOUND('',#2068,.T.);
#1079=CYLINDRICAL_SURFACE('',#2069,0.400000000000011);
#1080=SURFACE_STYLE_USAGE(.BOTH.,#2070);
#1081=FACE_OUTER_BOUND('',#2071,.T.);
#1082=PLANE('',#2072);
#1083=SURFACE_STYLE_USAGE(.BOTH.,#2073);
#1084=FACE_OUTER_BOUND('',#2074,.T.);
#1085=PLANE('',#2075);
#1086=SURFACE_STYLE_USAGE(.BOTH.,#2076);
#1087=FACE_OUTER_BOUND('',#2077,.T.);
#1088=PLANE('',#2078);
#1089=SURFACE_STYLE_USAGE(.BOTH.,#2079);
#1090=FACE_OUTER_BOUND('',#2080,.T.);
#1091=CYLINDRICAL_SURFACE('',#2081,0.150000000000025);
#1092=SURFACE_STYLE_USAGE(.BOTH.,#2082);
#1093=FACE_OUTER_BOUND('',#2083,.T.);
#1094=PLANE('',#2084);
#1095=SURFACE_STYLE_USAGE(.BOTH.,#2085);
#1096=FACE_OUTER_BOUND('',#2086,.T.);
#1097=PLANE('',#2087);
#1098=SURFACE_STYLE_USAGE(.BOTH.,#2088);
#1099=FACE_OUTER_BOUND('',#2089,.T.);
#1100=PLANE('',#2090);
#1101=SURFACE_STYLE_USAGE(.BOTH.,#2091);
#1102=FACE_OUTER_BOUND('',#2092,.T.);
#1103=PLANE('',#2093);
#1104=SURFACE_STYLE_USAGE(.BOTH.,#2094);
#1105=FACE_OUTER_BOUND('',#2095,.T.);
#1106=CYLINDRICAL_SURFACE('',#2096,0.399999999999993);
#1107=SURFACE_STYLE_USAGE(.BOTH.,#2097);
#1108=FACE_OUTER_BOUND('',#2098,.T.);
#1109=CYLINDRICAL_SURFACE('',#2099,0.149999999999971);
#1110=SURFACE_STYLE_USAGE(.BOTH.,#2100);
#1111=FACE_OUTER_BOUND('',#2101,.T.);
#1112=PLANE('',#2102);
#1113=SURFACE_STYLE_USAGE(.BOTH.,#2103);
#1114=FACE_OUTER_BOUND('',#2104,.T.);
#1115=PLANE('',#2105);
#1116=SURFACE_STYLE_USAGE(.BOTH.,#2106);
#1117=FACE_OUTER_BOUND('',#2107,.T.);
#1118=PLANE('',#2108);
#1119=SURFACE_STYLE_USAGE(.BOTH.,#2109);
#1120=FACE_OUTER_BOUND('',#2110,.T.);
#1121=CYLINDRICAL_SURFACE('',#2111,0.149999999999993);
#1122=SURFACE_STYLE_USAGE(.BOTH.,#2112);
#1123=FACE_OUTER_BOUND('',#2113,.T.);
#1124=PLANE('',#2114);
#1125=SURFACE_STYLE_USAGE(.BOTH.,#2115);
#1126=FACE_OUTER_BOUND('',#2116,.T.);
#1127=PLANE('',#2117);
#1128=SURFACE_STYLE_USAGE(.BOTH.,#2118);
#1129=FACE_OUTER_BOUND('',#2119,.T.);
#1130=PLANE('',#2120);
#1131=SURFACE_STYLE_USAGE(.BOTH.,#2121);
#1132=FACE_OUTER_BOUND('',#2122,.T.);
#1133=PLANE('',#2123);
#1134=SURFACE_STYLE_USAGE(.BOTH.,#2124);
#1135=FACE_OUTER_BOUND('',#2125,.T.);
#1136=PLANE('',#2126);
#1137=SURFACE_STYLE_USAGE(.BOTH.,#2127);
#1138=FACE_OUTER_BOUND('',#2128,.T.);
#1139=PLANE('',#2129);
#1140=SURFACE_STYLE_USAGE(.BOTH.,#2130);
#1141=FACE_OUTER_BOUND('',#2131,.T.);
#1142=PLANE('',#2132);
#1143=SURFACE_STYLE_USAGE(.BOTH.,#2133);
#1144=FACE_OUTER_BOUND('',#2134,.T.);
#1145=CYLINDRICAL_SURFACE('',#2135,0.4);
#1146=SURFACE_STYLE_USAGE(.BOTH.,#2136);
#1147=FACE_OUTER_BOUND('',#2137,.T.);
#1148=PLANE('',#2138);
#1149=SURFACE_STYLE_USAGE(.BOTH.,#2139);
#1150=FACE_OUTER_BOUND('',#2140,.T.);
#1151=PLANE('',#2141);
#1152=SURFACE_STYLE_USAGE(.BOTH.,#2142);
#1153=FACE_OUTER_BOUND('',#2143,.T.);
#1154=PLANE('',#2144);
#1155=SURFACE_STYLE_USAGE(.BOTH.,#2145);
#1156=FACE_OUTER_BOUND('',#2146,.T.);
#1157=PLANE('',#2147);
#1158=SURFACE_STYLE_USAGE(.BOTH.,#2148);
#1159=FACE_OUTER_BOUND('',#2149,.T.);
#1160=PLANE('',#2150);
#1161=SURFACE_STYLE_USAGE(.BOTH.,#2151);
#1162=FACE_OUTER_BOUND('',#2152,.T.);
#1163=PLANE('',#2153);
#1164=SURFACE_STYLE_USAGE(.BOTH.,#2154);
#1165=FACE_OUTER_BOUND('',#2155,.T.);
#1166=PLANE('',#2156);
#1167=SURFACE_STYLE_USAGE(.BOTH.,#2157);
#1168=FACE_OUTER_BOUND('',#2158,.T.);
#1169=PLANE('',#2159);
#1170=SURFACE_STYLE_USAGE(.BOTH.,#2160);
#1171=FACE_OUTER_BOUND('',#2161,.T.);
#1172=PLANE('',#2162);
#1173=SURFACE_STYLE_USAGE(.BOTH.,#2163);
#1174=FACE_OUTER_BOUND('',#2164,.T.);
#1175=CYLINDRICAL_SURFACE('',#2165,0.150000000000005);
#1176=SURFACE_STYLE_USAGE(.BOTH.,#2166);
#1177=FACE_OUTER_BOUND('',#2167,.T.);
#1178=PLANE('',#2168);
#1179=SURFACE_STYLE_USAGE(.BOTH.,#2169);
#1180=FACE_OUTER_BOUND('',#2170,.T.);
#1181=PLANE('',#2171);
#1182=SURFACE_STYLE_USAGE(.BOTH.,#2172);
#1183=FACE_OUTER_BOUND('',#2173,.T.);
#1184=PLANE('',#2174);
#1185=SURFACE_STYLE_USAGE(.BOTH.,#2175);
#1186=FACE_OUTER_BOUND('',#2176,.T.);
#1187=CYLINDRICAL_SURFACE('',#2177,0.400000000000012);
#1188=SURFACE_STYLE_USAGE(.BOTH.,#2178);
#1189=FACE_OUTER_BOUND('',#2179,.T.);
#1190=PLANE('',#2180);
#1191=SURFACE_STYLE_USAGE(.BOTH.,#2181);
#1192=FACE_OUTER_BOUND('',#2182,.T.);
#1193=PLANE('',#2183);
#1194=SURFACE_STYLE_USAGE(.BOTH.,#2184);
#1195=FACE_OUTER_BOUND('',#2185,.T.);
#1196=PLANE('',#2186);
#1197=SURFACE_STYLE_USAGE(.BOTH.,#2187);
#1198=FACE_OUTER_BOUND('',#2188,.T.);
#1199=PLANE('',#2189);
#1200=SURFACE_STYLE_USAGE(.BOTH.,#2190);
#1201=FACE_OUTER_BOUND('',#2191,.T.);
#1202=CYLINDRICAL_SURFACE('',#2192,0.399999999999985);
#1203=SURFACE_STYLE_USAGE(.BOTH.,#2193);
#1204=FACE_OUTER_BOUND('',#2194,.T.);
#1205=CYLINDRICAL_SURFACE('',#2195,0.149999999999995);
#1206=SURFACE_STYLE_USAGE(.BOTH.,#2196);
#1207=FACE_OUTER_BOUND('',#2197,.T.);
#1208=PLANE('',#2198);
#1209=SURFACE_STYLE_USAGE(.BOTH.,#2199);
#1210=FACE_OUTER_BOUND('',#2200,.T.);
#1211=PLANE('',#2201);
#1212=SURFACE_STYLE_USAGE(.BOTH.,#2202);
#1213=FACE_OUTER_BOUND('',#2203,.T.);
#1214=PLANE('',#2204);
#1215=SURFACE_STYLE_USAGE(.BOTH.,#2205);
#1216=FACE_OUTER_BOUND('',#2206,.T.);
#1217=CYLINDRICAL_SURFACE('',#2207,0.149999999999996);
#1218=SURFACE_STYLE_USAGE(.BOTH.,#2208);
#1219=FACE_OUTER_BOUND('',#2209,.T.);
#1220=PLANE('',#2210);
#1221=SURFACE_STYLE_USAGE(.BOTH.,#2211);
#1222=FACE_OUTER_BOUND('',#2212,.T.);
#1223=PLANE('',#2213);
#1224=SURFACE_STYLE_USAGE(.BOTH.,#2214);
#1225=FACE_OUTER_BOUND('',#2215,.T.);
#1226=PLANE('',#2216);
#1227=SURFACE_STYLE_USAGE(.BOTH.,#2217);
#1228=FACE_OUTER_BOUND('',#2218,.T.);
#1229=PLANE('',#2219);
#1230=SURFACE_STYLE_USAGE(.BOTH.,#2220);
#1231=FACE_OUTER_BOUND('',#2221,.T.);
#1232=PLANE('',#2222);
#1233=SURFACE_STYLE_USAGE(.BOTH.,#2223);
#1234=FACE_OUTER_BOUND('',#2224,.T.);
#1235=PLANE('',#2225);
#1236=SURFACE_STYLE_USAGE(.BOTH.,#2226);
#1237=FACE_OUTER_BOUND('',#2227,.T.);
#1238=PLANE('',#2228);
#1239=SURFACE_STYLE_USAGE(.BOTH.,#2229);
#1240=FACE_OUTER_BOUND('',#2230,.T.);
#1241=PLANE('',#2231);
#1242=SURFACE_STYLE_USAGE(.BOTH.,#2232);
#1243=FACE_OUTER_BOUND('',#2233,.T.);
#1244=PLANE('',#2234);
#1245=SURFACE_STYLE_USAGE(.BOTH.,#2235);
#1246=FACE_OUTER_BOUND('',#2236,.T.);
#1247=PLANE('',#2237);
#1248=SURFACE_STYLE_USAGE(.BOTH.,#2238);
#1249=FACE_OUTER_BOUND('',#2239,.T.);
#1250=PLANE('',#2240);
#1251=SURFACE_STYLE_USAGE(.BOTH.,#2241);
#1252=FACE_OUTER_BOUND('',#2242,.T.);
#1253=PLANE('',#2243);
#1254=SURFACE_STYLE_USAGE(.BOTH.,#2244);
#1255=FACE_OUTER_BOUND('',#2245,.T.);
#1256=PLANE('',#2246);
#1257=SURFACE_STYLE_USAGE(.BOTH.,#2247);
#1258=FACE_OUTER_BOUND('',#2248,.T.);
#1259=PLANE('',#2249);
#1260=SURFACE_STYLE_USAGE(.BOTH.,#2250);
#1261=FACE_OUTER_BOUND('',#2251,.T.);
#1262=CYLINDRICAL_SURFACE('',#2252,0.4);
#1263=SURFACE_STYLE_USAGE(.BOTH.,#2253);
#1264=FACE_OUTER_BOUND('',#2254,.T.);
#1265=PLANE('',#2255);
#1266=SURFACE_STYLE_USAGE(.BOTH.,#2256);
#1267=FACE_OUTER_BOUND('',#2257,.T.);
#1268=PLANE('',#2258);
#1269=SURFACE_STYLE_USAGE(.BOTH.,#2259);
#1270=FACE_OUTER_BOUND('',#2260,.T.);
#1271=CYLINDRICAL_SURFACE('',#2261,0.149999999999991);
#1272=SURFACE_STYLE_USAGE(.BOTH.,#2262);
#1273=FACE_OUTER_BOUND('',#2263,.T.);
#1274=PLANE('',#2264);
#1275=SURFACE_STYLE_USAGE(.BOTH.,#2265);
#1276=FACE_OUTER_BOUND('',#2266,.T.);
#1277=PLANE('',#2267);
#1278=SURFACE_STYLE_USAGE(.BOTH.,#2268);
#1279=FACE_OUTER_BOUND('',#2269,.T.);
#1280=PLANE('',#2270);
#1281=SURFACE_STYLE_USAGE(.BOTH.,#2271);
#1282=FACE_OUTER_BOUND('',#2272,.T.);
#1283=CYLINDRICAL_SURFACE('',#2273,0.400000000000009);
#1284=SURFACE_STYLE_USAGE(.BOTH.,#2274);
#1285=FACE_OUTER_BOUND('',#2275,.T.);
#1286=PLANE('',#2276);
#1287=SURFACE_STYLE_USAGE(.BOTH.,#2277);
#1288=FACE_OUTER_BOUND('',#2278,.T.);
#1289=PLANE('',#2279);
#1290=SURFACE_STYLE_USAGE(.BOTH.,#2280);
#1291=FACE_OUTER_BOUND('',#2281,.T.);
#1292=PLANE('',#2282);
#1293=SURFACE_STYLE_USAGE(.BOTH.,#2283);
#1294=FACE_OUTER_BOUND('',#2284,.T.);
#1295=PLANE('',#2285);
#1296=SURFACE_STYLE_USAGE(.BOTH.,#2286);
#1297=FACE_OUTER_BOUND('',#2287,.T.);
#1298=CYLINDRICAL_SURFACE('',#2288,0.399999999999985);
#1299=SURFACE_STYLE_USAGE(.BOTH.,#2289);
#1300=FACE_OUTER_BOUND('',#2290,.T.);
#1301=CYLINDRICAL_SURFACE('',#2291,0.150000000000006);
#1302=SURFACE_STYLE_USAGE(.BOTH.,#2292);
#1303=FACE_OUTER_BOUND('',#2293,.T.);
#1304=PLANE('',#2294);
#1305=SURFACE_STYLE_USAGE(.BOTH.,#2295);
#1306=FACE_OUTER_BOUND('',#2296,.T.);
#1307=PLANE('',#2297);
#1308=SURFACE_STYLE_USAGE(.BOTH.,#2298);
#1309=FACE_OUTER_BOUND('',#2299,.T.);
#1310=PLANE('',#2300);
#1311=SURFACE_STYLE_USAGE(.BOTH.,#2301);
#1312=FACE_OUTER_BOUND('',#2302,.T.);
#1313=CYLINDRICAL_SURFACE('',#2303,0.149999999999998);
#1314=SURFACE_STYLE_USAGE(.BOTH.,#2304);
#1315=FACE_OUTER_BOUND('',#2305,.T.);
#1316=PLANE('',#2306);
#1317=SURFACE_STYLE_USAGE(.BOTH.,#2307);
#1318=FACE_OUTER_BOUND('',#2308,.T.);
#1319=PLANE('',#2309);
#1320=SURFACE_STYLE_USAGE(.BOTH.,#2310);
#1321=FACE_OUTER_BOUND('',#2311,.T.);
#1322=PLANE('',#2312);
#1323=SURFACE_STYLE_USAGE(.BOTH.,#2313);
#1324=FACE_OUTER_BOUND('',#2314,.T.);
#1325=PLANE('',#2315);
#1326=SURFACE_STYLE_USAGE(.BOTH.,#2316);
#1327=FACE_OUTER_BOUND('',#2317,.T.);
#1328=PLANE('',#2318);
#1329=SURFACE_STYLE_USAGE(.BOTH.,#2319);
#1330=FACE_OUTER_BOUND('',#2320,.T.);
#1331=PLANE('',#2321);
#1332=SURFACE_STYLE_USAGE(.BOTH.,#2322);
#1333=FACE_OUTER_BOUND('',#2323,.T.);
#1334=PLANE('',#2324);
#1335=SURFACE_STYLE_USAGE(.BOTH.,#2325);
#1336=FACE_OUTER_BOUND('',#2326,.T.);
#1337=CYLINDRICAL_SURFACE('',#2327,0.4);
#1338=SURFACE_STYLE_USAGE(.BOTH.,#2328);
#1339=FACE_OUTER_BOUND('',#2329,.T.);
#1340=PLANE('',#2330);
#1341=SURFACE_STYLE_USAGE(.BOTH.,#2331);
#1342=FACE_OUTER_BOUND('',#2332,.T.);
#1343=PLANE('',#2333);
#1344=SURFACE_STYLE_USAGE(.BOTH.,#2334);
#1345=FACE_OUTER_BOUND('',#2335,.T.);
#1346=PLANE('',#2336);
#1347=SURFACE_STYLE_USAGE(.BOTH.,#2337);
#1348=FACE_OUTER_BOUND('',#2338,.T.);
#1349=PLANE('',#2339);
#1350=SURFACE_STYLE_USAGE(.BOTH.,#2340);
#1351=FACE_OUTER_BOUND('',#2341,.T.);
#1352=PLANE('',#2342);
#1353=SURFACE_STYLE_USAGE(.BOTH.,#2343);
#1354=FACE_OUTER_BOUND('',#2344,.T.);
#1355=PLANE('',#2345);
#1356=SURFACE_STYLE_USAGE(.BOTH.,#2346);
#1357=FACE_OUTER_BOUND('',#2347,.T.);
#1358=PLANE('',#2348);
#1359=SURFACE_STYLE_USAGE(.BOTH.,#2349);
#1360=FACE_OUTER_BOUND('',#2350,.T.);
#1361=PLANE('',#2351);
#1362=SURFACE_STYLE_USAGE(.BOTH.,#2352);
#1363=FACE_OUTER_BOUND('',#2353,.T.);
#1364=PLANE('',#2354);
#1365=SURFACE_STYLE_USAGE(.BOTH.,#2355);
#1366=FACE_OUTER_BOUND('',#2356,.T.);
#1367=CYLINDRICAL_SURFACE('',#2357,0.40000000000001);
#1368=SURFACE_STYLE_USAGE(.BOTH.,#2358);
#1369=FACE_OUTER_BOUND('',#2359,.T.);
#1370=CYLINDRICAL_SURFACE('',#2360,0.150000000000053);
#1371=SURFACE_STYLE_USAGE(.BOTH.,#2361);
#1372=FACE_OUTER_BOUND('',#2362,.T.);
#1373=PLANE('',#2363);
#1374=SURFACE_STYLE_USAGE(.BOTH.,#2364);
#1375=FACE_OUTER_BOUND('',#2365,.T.);
#1376=PLANE('',#2366);
#1377=SURFACE_STYLE_USAGE(.BOTH.,#2367);
#1378=FACE_OUTER_BOUND('',#2368,.T.);
#1379=PLANE('',#2369);
#1380=SURFACE_STYLE_USAGE(.BOTH.,#2370);
#1381=FACE_OUTER_BOUND('',#2371,.T.);
#1382=PLANE('',#2372);
#1383=SURFACE_STYLE_USAGE(.BOTH.,#2373);
#1384=FACE_OUTER_BOUND('',#2374,.T.);
#1385=PLANE('',#2375);
#1386=SURFACE_STYLE_USAGE(.BOTH.,#2376);
#1387=FACE_OUTER_BOUND('',#2377,.T.);
#1388=PLANE('',#2378);
#1389=SURFACE_STYLE_USAGE(.BOTH.,#2379);
#1390=FACE_OUTER_BOUND('',#2380,.T.);
#1391=PLANE('',#2381);
#1392=SURFACE_STYLE_USAGE(.BOTH.,#2382);
#1393=FACE_OUTER_BOUND('',#2383,.T.);
#1394=CYLINDRICAL_SURFACE('',#2384,0.399999999999976);
#1395=SURFACE_STYLE_USAGE(.BOTH.,#2385);
#1396=FACE_OUTER_BOUND('',#2386,.T.);
#1397=CYLINDRICAL_SURFACE('',#2387,0.149999999999971);
#1398=SURFACE_STYLE_USAGE(.BOTH.,#2388);
#1399=FACE_OUTER_BOUND('',#2389,.T.);
#1400=PLANE('',#2390);
#1401=SURFACE_STYLE_USAGE(.BOTH.,#2391);
#1402=FACE_OUTER_BOUND('',#2392,.T.);
#1403=PLANE('',#2393);
#1404=SURFACE_STYLE_USAGE(.BOTH.,#2394);
#1405=FACE_OUTER_BOUND('',#2395,.T.);
#1406=PLANE('',#2396);
#1407=SURFACE_STYLE_USAGE(.BOTH.,#2397);
#1408=FACE_OUTER_BOUND('',#2398,.T.);
#1409=CYLINDRICAL_SURFACE('',#2399,0.15);
#1410=SURFACE_STYLE_USAGE(.BOTH.,#2400);
#1411=FACE_OUTER_BOUND('',#2401,.T.);
#1412=PLANE('',#2402);
#1413=SURFACE_STYLE_USAGE(.BOTH.,#2403);
#1414=FACE_OUTER_BOUND('',#2404,.T.);
#1415=PLANE('',#2405);
#1416=SURFACE_STYLE_USAGE(.BOTH.,#2406);
#1417=FACE_OUTER_BOUND('',#2407,.T.);
#1418=PLANE('',#2408);
#1419=SURFACE_STYLE_USAGE(.BOTH.,#2409);
#1420=FACE_OUTER_BOUND('',#2410,.T.);
#1421=PLANE('',#2411);
#1422=SURFACE_STYLE_USAGE(.BOTH.,#2412);
#1423=FACE_OUTER_BOUND('',#2413,.T.);
#1424=PLANE('',#2414);
#1425=SURFACE_STYLE_USAGE(.BOTH.,#2415);
#1426=FACE_OUTER_BOUND('',#2416,.T.);
#1427=PLANE('',#2417);
#1428=SURFACE_STYLE_USAGE(.BOTH.,#2418);
#1429=FACE_OUTER_BOUND('',#2419,.T.);
#1430=PLANE('',#2420);
#1431=SURFACE_STYLE_USAGE(.BOTH.,#2421);
#1432=FACE_OUTER_BOUND('',#2422,.T.);
#1433=CYLINDRICAL_SURFACE('',#2423,0.4);
#1434=SURFACE_STYLE_USAGE(.BOTH.,#2424);
#1435=FACE_OUTER_BOUND('',#2425,.T.);
#1436=PLANE('',#2426);
#1437=SURFACE_STYLE_USAGE(.BOTH.,#2427);
#1438=FACE_OUTER_BOUND('',#2428,.T.);
#1439=PLANE('',#2429);
#1440=SURFACE_STYLE_USAGE(.BOTH.,#2430);
#1441=FACE_OUTER_BOUND('',#2431,.T.);
#1442=PLANE('',#2432);
#1443=SURFACE_STYLE_USAGE(.BOTH.,#2433);
#1444=FACE_OUTER_BOUND('',#2434,.T.);
#1445=PLANE('',#2435);
#1446=SURFACE_STYLE_USAGE(.BOTH.,#2436);
#1447=FACE_OUTER_BOUND('',#2437,.T.);
#1448=PLANE('',#2438);
#1449=SURFACE_STYLE_USAGE(.BOTH.,#2439);
#1450=FACE_OUTER_BOUND('',#2440,.T.);
#1451=PLANE('',#2441);
#1452=SURFACE_STYLE_USAGE(.BOTH.,#2442);
#1453=FACE_OUTER_BOUND('',#2443,.T.);
#1454=PLANE('',#2444);
#1455=SURFACE_STYLE_USAGE(.BOTH.,#2445);
#1456=FACE_OUTER_BOUND('',#2446,.T.);
#1457=PLANE('',#2447);
#1458=SURFACE_STYLE_USAGE(.BOTH.,#2448);
#1459=FACE_OUTER_BOUND('',#2449,.T.);
#1460=PLANE('',#2450);
#1461=SURFACE_STYLE_USAGE(.BOTH.,#2451);
#1462=FACE_OUTER_BOUND('',#2452,.T.);
#1463=PLANE('',#2453);
#1464=SURFACE_STYLE_USAGE(.BOTH.,#2454);
#1465=FACE_OUTER_BOUND('',#2455,.T.);
#1466=PLANE('',#2456);
#1467=SURFACE_STYLE_USAGE(.BOTH.,#2457);
#1468=FACE_OUTER_BOUND('',#2458,.T.);
#1469=PLANE('',#2459);
#1470=SURFACE_STYLE_USAGE(.BOTH.,#2460);
#1471=FACE_OUTER_BOUND('',#2461,.T.);
#1472=CYLINDRICAL_SURFACE('',#2462,0.370000000000016);
#1473=SURFACE_STYLE_USAGE(.BOTH.,#2463);
#1474=FACE_OUTER_BOUND('',#2464,.T.);
#1475=TOROIDAL_SURFACE('',#2465,0.0800000000004508,0.370000000000038);
#1476=SURFACE_STYLE_USAGE(.BOTH.,#2466);
#1477=FACE_OUTER_BOUND('',#2467,.T.);
#1478=CYLINDRICAL_SURFACE('',#2468,0.369999999999984);
#1479=SURFACE_STYLE_USAGE(.BOTH.,#2469);
#1480=FACE_OUTER_BOUND('',#2470,.T.);
#1481=TOROIDAL_SURFACE('',#2471,0.0800000000000156,0.370000000000052);
#1482=SURFACE_STYLE_USAGE(.BOTH.,#2472);
#1483=FACE_BOUND('',#2473,.T.);
#1484=FACE_OUTER_BOUND('',#2474,.T.);
#1485=PLANE('',#2475);
#1486=SURFACE_STYLE_USAGE(.BOTH.,#2476);
#1487=FACE_OUTER_BOUND('',#2477,.T.);
#1488=PLANE('',#2478);
#1489=SURFACE_STYLE_USAGE(.BOTH.,#2479);
#1490=FACE_OUTER_BOUND('',#2480,.T.);
#1491=PLANE('',#2481);
#1492=SURFACE_STYLE_USAGE(.BOTH.,#2482);
#1493=FACE_OUTER_BOUND('',#2483,.T.);
#1494=PLANE('',#2484);
#1495=SURFACE_STYLE_USAGE(.BOTH.,#2485);
#1496=FACE_OUTER_BOUND('',#2486,.T.);
#1497=CYLINDRICAL_SURFACE('',#2487,0.370000000000008);
#1498=SURFACE_STYLE_USAGE(.BOTH.,#2488);
#1499=FACE_OUTER_BOUND('',#2489,.T.);
#1500=TOROIDAL_SURFACE('',#2490,0.0800000000004521,0.370000000000011);
#1501=SURFACE_STYLE_USAGE(.BOTH.,#2491);
#1502=FACE_OUTER_BOUND('',#2492,.T.);
#1503=CYLINDRICAL_SURFACE('',#2493,0.37);
#1504=SURFACE_STYLE_USAGE(.BOTH.,#2494);
#1505=FACE_OUTER_BOUND('',#2495,.T.);
#1506=TOROIDAL_SURFACE('',#2496,0.0800000000004512,0.369999999999981);
#1507=SURFACE_STYLE_USAGE(.BOTH.,#2497);
#1508=FACE_BOUND('',#2498,.T.);
#1509=FACE_OUTER_BOUND('',#2499,.T.);
#1510=PLANE('',#2500);
#1511=SURFACE_STYLE_USAGE(.BOTH.,#2501);
#1512=FACE_OUTER_BOUND('',#2502,.T.);
#1513=PLANE('',#2503);
#1514=SURFACE_STYLE_USAGE(.BOTH.,#2504);
#1515=FACE_OUTER_BOUND('',#2505,.T.);
#1516=PLANE('',#2506);
#1517=SURFACE_STYLE_USAGE(.BOTH.,#2507);
#1518=FACE_OUTER_BOUND('',#2508,.T.);
#1519=PLANE('',#2509);
#1520=SURFACE_STYLE_USAGE(.BOTH.,#2510);
#1521=FACE_OUTER_BOUND('',#2511,.T.);
#1522=CYLINDRICAL_SURFACE('',#2512,0.370000000000007);
#1523=SURFACE_STYLE_USAGE(.BOTH.,#2513);
#1524=FACE_OUTER_BOUND('',#2514,.T.);
#1525=TOROIDAL_SURFACE('',#2515,0.0800000000000488,0.369999999999995);
#1526=SURFACE_STYLE_USAGE(.BOTH.,#2516);
#1527=FACE_OUTER_BOUND('',#2517,.T.);
#1528=CYLINDRICAL_SURFACE('',#2518,0.369999999999989);
#1529=SURFACE_STYLE_USAGE(.BOTH.,#2519);
#1530=FACE_OUTER_BOUND('',#2520,.T.);
#1531=TOROIDAL_SURFACE('',#2521,0.0800000000004508,0.370000000000038);
#1532=SURFACE_STYLE_USAGE(.BOTH.,#2522);
#1533=FACE_BOUND('',#2523,.T.);
#1534=FACE_OUTER_BOUND('',#2524,.T.);
#1535=PLANE('',#2525);
#1536=SURFACE_STYLE_USAGE(.BOTH.,#2526);
#1537=FACE_OUTER_BOUND('',#2527,.T.);
#1538=PLANE('',#2528);
#1539=SURFACE_STYLE_USAGE(.BOTH.,#2529);
#1540=FACE_OUTER_BOUND('',#2530,.T.);
#1541=PLANE('',#2531);
#1542=SURFACE_STYLE_USAGE(.BOTH.,#2532);
#1543=FACE_OUTER_BOUND('',#2533,.T.);
#1544=PLANE('',#2534);
#1545=SURFACE_STYLE_USAGE(.BOTH.,#2535);
#1546=FACE_OUTER_BOUND('',#2536,.T.);
#1547=CYLINDRICAL_SURFACE('',#2537,0.370000000000011);
#1548=SURFACE_STYLE_USAGE(.BOTH.,#2538);
#1549=FACE_OUTER_BOUND('',#2539,.T.);
#1550=TOROIDAL_SURFACE('',#2540,0.0800000000004174,0.370000000000038);
#1551=SURFACE_STYLE_USAGE(.BOTH.,#2541);
#1552=FACE_OUTER_BOUND('',#2542,.T.);
#1553=CYLINDRICAL_SURFACE('',#2543,0.369999999999981);
#1554=SURFACE_STYLE_USAGE(.BOTH.,#2544);
#1555=FACE_OUTER_BOUND('',#2545,.T.);
#1556=TOROIDAL_SURFACE('',#2546,0.0800000000004521,0.369999999999995);
#1557=SURFACE_STYLE_USAGE(.BOTH.,#2547);
#1558=FACE_BOUND('',#2548,.T.);
#1559=FACE_OUTER_BOUND('',#2549,.T.);
#1560=PLANE('',#2550);
#1561=SURFACE_STYLE_USAGE(.BOTH.,#2551);
#1562=FACE_OUTER_BOUND('',#2552,.T.);
#1563=PLANE('',#2553);
#1564=SURFACE_STYLE_USAGE(.BOTH.,#2554);
#1565=FACE_OUTER_BOUND('',#2555,.T.);
#1566=PLANE('',#2556);
#1567=SURFACE_STYLE_USAGE(.BOTH.,#2557);
#1568=FACE_OUTER_BOUND('',#2558,.T.);
#1569=PLANE('',#2559);
#1570=SURFACE_STYLE_USAGE(.BOTH.,#2560);
#1571=FACE_OUTER_BOUND('',#2561,.T.);
#1572=PLANE('',#2562);
#1573=SURFACE_STYLE_USAGE(.BOTH.,#2563);
#1574=FACE_OUTER_BOUND('',#2564,.T.);
#1575=PLANE('',#2565);
#1576=SURFACE_STYLE_USAGE(.BOTH.,#2566);
#1577=FACE_OUTER_BOUND('',#2567,.T.);
#1578=PLANE('',#2568);
#1579=SURFACE_STYLE_USAGE(.BOTH.,#2569);
#1580=FACE_OUTER_BOUND('',#2570,.T.);
#1581=PLANE('',#2571);
#1582=SURFACE_STYLE_USAGE(.BOTH.,#2572);
#1583=FACE_OUTER_BOUND('',#2573,.T.);
#1584=PLANE('',#2574);
#1585=SURFACE_STYLE_USAGE(.BOTH.,#2575);
#1586=FACE_OUTER_BOUND('',#2576,.T.);
#1587=PLANE('',#2577);
#1588=SURFACE_STYLE_USAGE(.BOTH.,#2578);
#1589=FACE_OUTER_BOUND('',#2579,.T.);
#1590=PLANE('',#2580);
#1591=SURFACE_STYLE_USAGE(.BOTH.,#2581);
#1592=FACE_OUTER_BOUND('',#2582,.T.);
#1593=PLANE('',#2583);
#1594=SURFACE_STYLE_USAGE(.BOTH.,#2584);
#1595=FACE_OUTER_BOUND('',#2585,.T.);
#1596=PLANE('',#2586);
#1597=SURFACE_STYLE_USAGE(.BOTH.,#2587);
#1598=FACE_OUTER_BOUND('',#2588,.T.);
#1599=PLANE('',#2589);
#1600=SURFACE_STYLE_USAGE(.BOTH.,#2590);
#1601=FACE_OUTER_BOUND('',#2591,.T.);
#1602=PLANE('',#2592);
#1603=SURFACE_STYLE_USAGE(.BOTH.,#2593);
#1604=FACE_OUTER_BOUND('',#2594,.T.);
#1605=PLANE('',#2595);
#1606=SURFACE_STYLE_USAGE(.BOTH.,#2596);
#1607=FACE_OUTER_BOUND('',#2597,.T.);
#1608=PLANE('',#2598);
#1609=SURFACE_STYLE_USAGE(.BOTH.,#2599);
#1610=FACE_OUTER_BOUND('',#2600,.T.);
#1611=PLANE('',#2601);
#1612=SURFACE_STYLE_USAGE(.BOTH.,#2602);
#1613=FACE_OUTER_BOUND('',#2603,.T.);
#1614=CYLINDRICAL_SURFACE('',#2604,0.45000000000001);
#1615=SURFACE_STYLE_USAGE(.BOTH.,#2605);
#1616=FACE_OUTER_BOUND('',#2606,.T.);
#1617=CYLINDRICAL_SURFACE('',#2607,0.149999999999989);
#1618=SURFACE_STYLE_USAGE(.BOTH.,#2608);
#1619=FACE_OUTER_BOUND('',#2609,.T.);
#1620=PLANE('',#2610);
#1621=SURFACE_STYLE_USAGE(.BOTH.,#2611);
#1622=FACE_OUTER_BOUND('',#2612,.T.);
#1623=PLANE('',#2613);
#1624=SURFACE_STYLE_USAGE(.BOTH.,#2614);
#1625=FACE_OUTER_BOUND('',#2615,.T.);
#1626=PLANE('',#2616);
#1627=SURFACE_STYLE_USAGE(.BOTH.,#2617);
#1628=FACE_OUTER_BOUND('',#2618,.T.);
#1629=PLANE('',#2619);
#1630=SURFACE_STYLE_USAGE(.BOTH.,#2620);
#1631=FACE_OUTER_BOUND('',#2621,.T.);
#1632=PLANE('',#2622);
#1633=SURFACE_STYLE_USAGE(.BOTH.,#2623);
#1634=FACE_OUTER_BOUND('',#2624,.T.);
#1635=PLANE('',#2625);
#1636=SURFACE_STYLE_USAGE(.BOTH.,#2626);
#1637=FACE_OUTER_BOUND('',#2627,.T.);
#1638=PLANE('',#2628);
#1639=SURFACE_STYLE_USAGE(.BOTH.,#2629);
#1640=FACE_OUTER_BOUND('',#2630,.T.);
#1641=PLANE('',#2631);
#1642=SURFACE_STYLE_USAGE(.BOTH.,#2632);
#1643=FACE_OUTER_BOUND('',#2633,.T.);
#1644=CYLINDRICAL_SURFACE('',#2634,0.500000000000027);
#1645=SURFACE_STYLE_USAGE(.BOTH.,#2635);
#1646=FACE_OUTER_BOUND('',#2636,.T.);
#1647=PLANE('',#2637);
#1648=SURFACE_STYLE_USAGE(.BOTH.,#2638);
#1649=FACE_OUTER_BOUND('',#2639,.T.);
#1650=PLANE('',#2640);
#1651=SURFACE_STYLE_USAGE(.BOTH.,#2641);
#1652=FACE_OUTER_BOUND('',#2642,.T.);
#1653=B_SPLINE_SURFACE_WITH_KNOTS('',3,1,((#2643,#2644),(#2645,#2646),(#2647,#2648),(#2649,#2650)),.UNSPECIFIED.,.F.,.F.,.F.,(4,4),(2,2),(0.131651823491776,0.829221985805465),(0.0,1.0),.UNSPECIFIED.);
#1654=SURFACE_STYLE_USAGE(.BOTH.,#2651);
#1655=FACE_OUTER_BOUND('',#2652,.T.);
#1656=PLANE('',#2653);
#1657=SURFACE_STYLE_USAGE(.BOTH.,#2654);
#1658=FACE_OUTER_BOUND('',#2655,.T.);
#1659=B_SPLINE_SURFACE_WITH_KNOTS('',3,1,((#2656,#2657),(#2658,#2659),(#2660,#2661),(#2662,#2663)),.UNSPECIFIED.,.F.,.F.,.F.,(4,4),(2,2),(0.131651823491772,0.829221985802592),(0.0,1.0),.UNSPECIFIED.);
#1660=SURFACE_STYLE_USAGE(.BOTH.,#2664);
#1661=FACE_OUTER_BOUND('',#2665,.T.);
#1662=PLANE('',#2666);
#1663=SURFACE_STYLE_USAGE(.BOTH.,#2667);
#1664=FACE_OUTER_BOUND('',#2668,.T.);
#1665=B_SPLINE_SURFACE_WITH_KNOTS('',3,1,((#2669,#2670),(#2671,#2672),(#2673,#2674),(#2675,#2676)),.UNSPECIFIED.,.F.,.F.,.F.,(4,4),(2,2),(0.131651823491476,0.829221985803132),(0.0,1.0),.UNSPECIFIED.);
#1666=SURFACE_STYLE_USAGE(.BOTH.,#2677);
#1667=FACE_OUTER_BOUND('',#2678,.T.);
#1668=PLANE('',#2679);
#1669=SURFACE_STYLE_USAGE(.BOTH.,#2680);
#1670=FACE_OUTER_BOUND('',#2681,.T.);
#1671=B_SPLINE_SURFACE_WITH_KNOTS('',3,1,((#2682,#2683),(#2684,#2685),(#2686,#2687),(#2688,#2689)),.UNSPECIFIED.,.F.,.F.,.F.,(4,4),(2,2),(0.131651823491527,0.829221985802058),(0.0,1.0),.UNSPECIFIED.);
#1672=SURFACE_STYLE_USAGE(.BOTH.,#2690);
#1673=FACE_OUTER_BOUND('',#2691,.T.);
#1674=PLANE('',#2692);
#1675=SURFACE_STYLE_USAGE(.BOTH.,#2693);
#1676=FACE_OUTER_BOUND('',#2694,.T.);
#1677=B_SPLINE_SURFACE_WITH_KNOTS('',3,1,((#2695,#2696),(#2697,#2698),(#2699,#2700),(#2701,#2702)),.UNSPECIFIED.,.F.,.F.,.F.,(4,4),(2,2),(0.131651823490828,0.829221985803156),(0.0,1.0),.UNSPECIFIED.);
#1678=SURFACE_STYLE_USAGE(.BOTH.,#2703);
#1679=FACE_OUTER_BOUND('',#2704,.T.);
#1680=PLANE('',#2705);
#1681=SURFACE_STYLE_USAGE(.BOTH.,#2706);
#1682=FACE_OUTER_BOUND('',#2707,.T.);
#1683=B_SPLINE_SURFACE_WITH_KNOTS('',3,1,((#2708,#2709),(#2710,#2711),(#2712,#2713),(#2714,#2715)),.UNSPECIFIED.,.F.,.F.,.F.,(4,4),(2,2),(0.131651823491773,0.829221985803158),(0.0,1.0),.UNSPECIFIED.);
#1684=SURFACE_STYLE_USAGE(.BOTH.,#2716);
#1685=FACE_OUTER_BOUND('',#2717,.T.);
#1686=PLANE('',#2718);
#1687=SURFACE_STYLE_USAGE(.BOTH.,#2719);
#1688=FACE_OUTER_BOUND('',#2720,.T.);
#1689=B_SPLINE_SURFACE_WITH_KNOTS('',3,1,((#2721,#2722),(#2723,#2724),(#2725,#2726),(#2727,#2728)),.UNSPECIFIED.,.F.,.F.,.F.,(4,4),(2,2),(0.13165182349193,0.829221985803792),(0.0,1.0),.UNSPECIFIED.);
#1690=SURFACE_STYLE_USAGE(.BOTH.,#2729);
#1691=FACE_OUTER_BOUND('',#2730,.T.);
#1692=PLANE('',#2731);
#1693=SURFACE_STYLE_USAGE(.BOTH.,#2732);
#1694=FACE_OUTER_BOUND('',#2733,.T.);
#1695=B_SPLINE_SURFACE_WITH_KNOTS('',3,1,((#2734,#2735),(#2736,#2737),(#2738,#2739),(#2740,#2741)),.UNSPECIFIED.,.F.,.F.,.F.,(4,4),(2,2),(0.13165182349236,0.829221985803145),(0.0,1.0),.UNSPECIFIED.);
#1696=SURFACE_STYLE_USAGE(.BOTH.,#2742);
#1697=FACE_OUTER_BOUND('',#2743,.T.);
#1698=PLANE('',#2744);
#1699=SURFACE_STYLE_USAGE(.BOTH.,#2745);
#1700=FACE_OUTER_BOUND('',#2746,.T.);
#1701=PLANE('',#2747);
#1702=SURFACE_STYLE_USAGE(.BOTH.,#2748);
#1703=FACE_OUTER_BOUND('',#2749,.T.);
#1704=CONICAL_SURFACE('',#2750,0.224996640229002,0.523598775597411);
#1705=SURFACE_STYLE_USAGE(.BOTH.,#2751);
#1706=FACE_OUTER_BOUND('',#2752,.T.);
#1707=PLANE('',#2753);
#1708=SURFACE_STYLE_USAGE(.BOTH.,#2754);
#1709=FACE_OUTER_BOUND('',#2755,.T.);
#1710=CYLINDRICAL_SURFACE('',#2756,0.199999999999831);
#1711=SURFACE_STYLE_USAGE(.BOTH.,#2757);
#1712=FACE_OUTER_BOUND('',#2758,.T.);
#1713=CONICAL_SURFACE('',#2759,0.195999123375002,0.785398163419084);
#1714=SURFACE_STYLE_USAGE(.BOTH.,#2760);
#1715=FACE_OUTER_BOUND('',#2761,.T.);
#1716=PLANE('',#2762);
#1717=SURFACE_STYLE_USAGE(.BOTH.,#2763);
#1718=FACE_OUTER_BOUND('',#2764,.T.);
#1719=PLANE('',#2765);
#1720=SURFACE_STYLE_USAGE(.BOTH.,#2766);
#1721=FACE_OUTER_BOUND('',#2767,.T.);
#1722=PLANE('',#2768);
#1723=SURFACE_STYLE_USAGE(.BOTH.,#2769);
#1724=FACE_OUTER_BOUND('',#2770,.T.);
#1725=PLANE('',#2771);
#1726=SURFACE_STYLE_USAGE(.BOTH.,#2772);
#1727=FACE_OUTER_BOUND('',#2773,.T.);
#1728=CYLINDRICAL_SURFACE('',#2774,1.0);
#1729=SURFACE_STYLE_USAGE(.BOTH.,#2775);
#1730=FACE_OUTER_BOUND('',#2776,.T.);
#1731=PLANE('',#2777);
#1732=SURFACE_STYLE_USAGE(.BOTH.,#2778);
#1733=FACE_OUTER_BOUND('',#2779,.T.);
#1734=PLANE('',#2780);
#1735=SURFACE_STYLE_USAGE(.BOTH.,#2781);
#1736=FACE_OUTER_BOUND('',#2782,.T.);
#1737=PLANE('',#2783);
#1738=SURFACE_STYLE_USAGE(.BOTH.,#2784);
#1739=FACE_OUTER_BOUND('',#2785,.T.);
#1740=PLANE('',#2786);
#1741=SURFACE_STYLE_USAGE(.BOTH.,#2787);
#1742=FACE_OUTER_BOUND('',#2788,.T.);
#1743=PLANE('',#2789);
#1744=SURFACE_STYLE_USAGE(.BOTH.,#2790);
#1745=FACE_OUTER_BOUND('',#2791,.T.);
#1746=PLANE('',#2792);
#1747=SURFACE_STYLE_USAGE(.BOTH.,#2793);
#1748=FACE_OUTER_BOUND('',#2794,.T.);
#1749=PLANE('',#2795);
#1750=SURFACE_STYLE_USAGE(.BOTH.,#2796);
#1751=FACE_OUTER_BOUND('',#2797,.T.);
#1752=PLANE('',#2798);
#1753=SURFACE_STYLE_USAGE(.BOTH.,#2799);
#1754=FACE_OUTER_BOUND('',#2800,.T.);
#1755=CYLINDRICAL_SURFACE('',#2801,0.499999999999965);
#1756=SURFACE_STYLE_USAGE(.BOTH.,#2802);
#1757=FACE_OUTER_BOUND('',#2803,.T.);
#1758=CYLINDRICAL_SURFACE('',#2804,0.200000000000086);
#1759=SURFACE_STYLE_USAGE(.BOTH.,#2805);
#1760=FACE_OUTER_BOUND('',#2806,.T.);
#1761=CYLINDRICAL_SURFACE('',#2807,1.0);
#1762=SURFACE_STYLE_USAGE(.BOTH.,#2808);
#1763=FACE_OUTER_BOUND('',#2809,.T.);
#1764=CONICAL_SURFACE('',#2810,0.224996640228701,0.52359877559778);
#1765=SURFACE_STYLE_USAGE(.BOTH.,#2811);
#1766=FACE_OUTER_BOUND('',#2812,.T.);
#1767=PLANE('',#2813);
#1768=SURFACE_STYLE_USAGE(.BOTH.,#2814);
#1769=FACE_OUTER_BOUND('',#2815,.T.);
#1770=PLANE('',#2816);
#1771=SURFACE_STYLE_USAGE(.BOTH.,#2817);
#1772=FACE_BOUND('',#2818,.T.);
#1773=FACE_BOUND('',#2819,.T.);
#1774=FACE_BOUND('',#2820,.T.);
#1775=FACE_BOUND('',#2821,.T.);
#1776=FACE_BOUND('',#2822,.T.);
#1777=FACE_OUTER_BOUND('',#2823,.T.);
#1778=PLANE('',#2824);
#1779=SURFACE_STYLE_USAGE(.BOTH.,#2825);
#1780=FACE_OUTER_BOUND('',#2826,.T.);
#1781=PLANE('',#2827);
#1782=SURFACE_STYLE_USAGE(.BOTH.,#2828);
#1783=FACE_OUTER_BOUND('',#2829,.T.);
#1784=PLANE('',#2830);
#1785=SURFACE_STYLE_USAGE(.BOTH.,#2831);
#1786=FACE_OUTER_BOUND('',#2832,.T.);
#1787=PLANE('',#2833);
#1788=SURFACE_STYLE_USAGE(.BOTH.,#2834);
#1789=FACE_OUTER_BOUND('',#2835,.T.);
#1790=PLANE('',#2836);
#1791=SURFACE_STYLE_USAGE(.BOTH.,#2837);
#1792=FACE_OUTER_BOUND('',#2838,.T.);
#1793=PLANE('',#2839);
#1794=SURFACE_STYLE_USAGE(.BOTH.,#2840);
#1795=FACE_OUTER_BOUND('',#2841,.T.);
#1796=PLANE('',#2842);
#1797=SURFACE_STYLE_USAGE(.BOTH.,#2843);
#1798=FACE_OUTER_BOUND('',#2844,.T.);
#1799=PLANE('',#2845);
#1800=SURFACE_STYLE_USAGE(.BOTH.,#2846);
#1801=FACE_OUTER_BOUND('',#2847,.T.);
#1802=PLANE('',#2848);
#1803=SURFACE_STYLE_USAGE(.BOTH.,#2849);
#1804=FACE_BOUND('',#2850,.T.);
#1805=FACE_BOUND('',#2851,.T.);
#1806=FACE_BOUND('',#2852,.T.);
#1807=FACE_BOUND('',#2853,.T.);
#1808=FACE_BOUND('',#2854,.T.);
#1809=FACE_OUTER_BOUND('',#2855,.T.);
#1810=PLANE('',#2856);
#1811=SURFACE_STYLE_USAGE(.BOTH.,#2857);
#1812=FACE_OUTER_BOUND('',#2858,.T.);
#1813=PLANE('',#2859);
#1814=SURFACE_STYLE_USAGE(.BOTH.,#2860);
#1815=FACE_OUTER_BOUND('',#2861,.T.);
#1816=PLANE('',#2862);
#1817=SURFACE_STYLE_USAGE(.BOTH.,#2863);
#1818=FACE_OUTER_BOUND('',#2864,.T.);
#1819=CYLINDRICAL_SURFACE('',#2865,0.2);
#1820=SURFACE_STYLE_USAGE(.BOTH.,#2866);
#1821=FACE_OUTER_BOUND('',#2867,.T.);
#1822=PLANE('',#2868);
#1823=SURFACE_STYLE_USAGE(.BOTH.,#2869);
#1824=FACE_OUTER_BOUND('',#2870,.T.);
#1825=CONICAL_SURFACE('',#2871,0.224996640228698,0.52359877559778);
#1826=SURFACE_STYLE_USAGE(.BOTH.,#2872);
#1827=FACE_OUTER_BOUND('',#2873,.T.);
#1828=CYLINDRICAL_SURFACE('',#2874,0.500000000000068);
#1829=SURFACE_STYLE_USAGE(.BOTH.,#2875);
#1830=FACE_OUTER_BOUND('',#2876,.T.);
#1831=PLANE('',#2877);
#1832=SURFACE_STYLE_USAGE(.BOTH.,#2878);
#1833=FACE_OUTER_BOUND('',#2879,.T.);
#1834=CYLINDRICAL_SURFACE('',#2880,0.50000000000004);
#1835=SURFACE_STYLE_USAGE(.BOTH.,#2881);
#1836=FACE_OUTER_BOUND('',#2882,.T.);
#1837=PLANE('',#2883);
#1838=SURFACE_STYLE_USAGE(.BOTH.,#2884);
#1839=FACE_OUTER_BOUND('',#2885,.T.);
#1840=PLANE('',#2886);
#1841=SURFACE_STYLE_USAGE(.BOTH.,#2887);
#1842=FACE_OUTER_BOUND('',#2888,.T.);
#1843=B_SPLINE_SURFACE_WITH_KNOTS('',3,1,((#2889,#2890),(#2891,#2892),(#2893,#2894),(#2895,#2896)),.UNSPECIFIED.,.F.,.F.,.F.,(4,4),(2,2),(0.122031014432493,0.846941032806399),(0.0,1.0),.UNSPECIFIED.);
#1844=SURFACE_STYLE_USAGE(.BOTH.,#2897);
#1845=FACE_OUTER_BOUND('',#2898,.T.);
#1846=PLANE('',#2899);
#1847=SURFACE_STYLE_USAGE(.BOTH.,#2900);
#1848=FACE_OUTER_BOUND('',#2901,.T.);
#1849=B_SPLINE_SURFACE_WITH_KNOTS('',3,1,((#2902,#2903),(#2904,#2905),(#2906,#2907),(#2908,#2909)),.UNSPECIFIED.,.F.,.F.,.F.,(4,4),(2,2),(0.142565356104361,0.806263401808833),(0.0,1.0),.UNSPECIFIED.);
#1850=SURFACE_STYLE_USAGE(.BOTH.,#2910);
#1851=FACE_OUTER_BOUND('',#2911,.T.);
#1852=PLANE('',#2912);
#1853=SURFACE_STYLE_USAGE(.BOTH.,#2913);
#1854=FACE_OUTER_BOUND('',#2914,.T.);
#1855=PLANE('',#2915);
#1856=SURFACE_STYLE_USAGE(.BOTH.,#2916);
#1857=FACE_OUTER_BOUND('',#2917,.T.);
#1858=PLANE('',#2918);
#1859=SURFACE_STYLE_USAGE(.BOTH.,#2919);
#1860=FACE_OUTER_BOUND('',#2920,.T.);
#1861=PLANE('',#2921);
#1862=SURFACE_STYLE_USAGE(.BOTH.,#2922);
#1863=FACE_OUTER_BOUND('',#2923,.T.);
#1864=CYLINDRICAL_SURFACE('',#2924,0.2);
#1865=SURFACE_STYLE_USAGE(.BOTH.,#2925);
#1866=FACE_OUTER_BOUND('',#2926,.T.);
#1867=CONICAL_SURFACE('',#2927,0.195999123375001,0.785398163419085);
#1868=SURFACE_STYLE_USAGE(.BOTH.,#2928);
#1869=FACE_OUTER_BOUND('',#2929,.T.);
#1870=PLANE('',#2930);
#1871=SURFACE_STYLE_USAGE(.BOTH.,#2931);
#1872=FACE_OUTER_BOUND('',#2932,.T.);
#1873=PLANE('',#2933);
#1874=SURFACE_STYLE_USAGE(.BOTH.,#2934);
#1875=FACE_OUTER_BOUND('',#2935,.T.);
#1876=PLANE('',#2936);
#1877=SURFACE_STYLE_USAGE(.BOTH.,#2937);
#1878=FACE_OUTER_BOUND('',#2938,.T.);
#1879=PLANE('',#2939);
#1880=SURFACE_STYLE_USAGE(.BOTH.,#2940);
#1881=FACE_OUTER_BOUND('',#2941,.T.);
#1882=CONICAL_SURFACE('',#2942,0.224996640228997,0.523598775597411);
#1883=SURFACE_STYLE_USAGE(.BOTH.,#2943);
#1884=FACE_OUTER_BOUND('',#2944,.T.);
#1885=PLANE('',#2945);
#1886=SURFACE_STYLE_USAGE(.BOTH.,#2946);
#1887=FACE_OUTER_BOUND('',#2947,.T.);
#1888=PLANE('',#2948);
#1889=SURFACE_STYLE_USAGE(.BOTH.,#2949);
#1890=FACE_OUTER_BOUND('',#2950,.T.);
#1891=PLANE('',#2951);
#1892=SURFACE_STYLE_USAGE(.BOTH.,#2952);
#1893=FACE_OUTER_BOUND('',#2953,.T.);
#1894=B_SPLINE_SURFACE_WITH_KNOTS('',3,1,((#2954,#2955),(#2956,#2957),(#2958,#2959),(#2960,#2961)),.UNSPECIFIED.,.F.,.F.,.F.,(4,4),(2,2),(0.142565356111447,0.806263401805138),(0.0,1.0),.UNSPECIFIED.);
#1895=SURFACE_STYLE_USAGE(.BOTH.,#2962);
#1896=FACE_OUTER_BOUND('',#2963,.T.);
#1897=PLANE('',#2964);
#1898=SURFACE_STYLE_USAGE(.BOTH.,#2965);
#1899=FACE_OUTER_BOUND('',#2966,.T.);
#1900=B_SPLINE_SURFACE_WITH_KNOTS('',3,1,((#2967,#2968),(#2969,#2970),(#2971,#2972),(#2973,#2974)),.UNSPECIFIED.,.F.,.F.,.F.,(4,4),(2,2),(0.142565356110442,0.806263401806955),(0.0,1.0),.UNSPECIFIED.);
#1901=SURFACE_STYLE_USAGE(.BOTH.,#2975);
#1902=FACE_OUTER_BOUND('',#2976,.T.);
#1903=PLANE('',#2977);
#1904=SURFACE_STYLE_USAGE(.BOTH.,#2978);
#1905=FACE_OUTER_BOUND('',#2979,.T.);
#1906=B_SPLINE_SURFACE_WITH_KNOTS('',3,1,((#2980,#2981),(#2982,#2983),(#2984,#2985),(#2986,#2987)),.UNSPECIFIED.,.F.,.F.,.F.,(4,4),(2,2),(0.122031014432319,0.846941032811225),(0.0,1.0),.UNSPECIFIED.);
#1907=SURFACE_STYLE_USAGE(.BOTH.,#2988);
#1908=FACE_OUTER_BOUND('',#2989,.T.);
#1909=PLANE('',#2990);
#1910=SURFACE_STYLE_USAGE(.BOTH.,#2991);
#1911=FACE_OUTER_BOUND('',#2992,.T.);
#1912=B_SPLINE_SURFACE_WITH_KNOTS('',3,1,((#2993,#2994),(#2995,#2996),(#2997,#2998),(#2999,#3000)),.UNSPECIFIED.,.F.,.F.,.F.,(4,4),(2,2),(0.122031014431934,0.846941032810965),(0.0,1.0),.UNSPECIFIED.);
#1913=SURFACE_STYLE_USAGE(.BOTH.,#3001);
#1914=FACE_OUTER_BOUND('',#3002,.T.);
#1915=PLANE('',#3003);
#1916=SURFACE_STYLE_USAGE(.BOTH.,#3004);
#1917=FACE_OUTER_BOUND('',#3005,.T.);
#1918=B_SPLINE_SURFACE_WITH_KNOTS('',3,1,((#3006,#3007),(#3008,#3009),(#3010,#3011),(#3012,#3013)),.UNSPECIFIED.,.F.,.F.,.F.,(4,4),(2,2),(0.142565356111449,0.806263401807374),(0.0,1.0),.UNSPECIFIED.);
#1919=SURFACE_STYLE_USAGE(.BOTH.,#3014);
#1920=FACE_OUTER_BOUND('',#3015,.T.);
#1921=PLANE('',#3016);
#1922=SURFACE_STYLE_USAGE(.BOTH.,#3017);
#1923=FACE_OUTER_BOUND('',#3018,.T.);
#1924=PLANE('',#3019);
#1925=SURFACE_STYLE_USAGE(.BOTH.,#3020);
#1926=FACE_OUTER_BOUND('',#3021,.T.);
#1927=PLANE('',#3022);
#1928=SURFACE_STYLE_USAGE(.BOTH.,#3023);
#1929=FACE_OUTER_BOUND('',#3024,.T.);
#1930=PLANE('',#3025);
#1931=SURFACE_STYLE_USAGE(.BOTH.,#3026);
#1932=FACE_OUTER_BOUND('',#3027,.T.);
#1933=PLANE('',#3028);
#1934=SURFACE_STYLE_USAGE(.BOTH.,#3029);
#1935=FACE_OUTER_BOUND('',#3030,.T.);
#1936=PLANE('',#3031);
#1937=SURFACE_STYLE_USAGE(.BOTH.,#3032);
#1938=FACE_OUTER_BOUND('',#3033,.T.);
#1939=PLANE('',#3034);
#1940=SURFACE_STYLE_USAGE(.BOTH.,#3035);
#1941=FACE_OUTER_BOUND('',#3036,.T.);
#1942=PLANE('',#3037);
#1943=SURFACE_STYLE_USAGE(.BOTH.,#3038);
#1944=FACE_OUTER_BOUND('',#3039,.T.);
#1945=PLANE('',#3040);
#1946=SURFACE_STYLE_USAGE(.BOTH.,#3041);
#1947=FACE_OUTER_BOUND('',#3042,.T.);
#1948=PLANE('',#3043);
#1949=SURFACE_STYLE_USAGE(.BOTH.,#3044);
#1950=FACE_OUTER_BOUND('',#3045,.T.);
#1951=PLANE('',#3046);
#1952=SURFACE_STYLE_USAGE(.BOTH.,#3047);
#1953=FACE_OUTER_BOUND('',#3048,.T.);
#1954=PLANE('',#3049);
#1955=SURFACE_STYLE_USAGE(.BOTH.,#3050);
#1956=FACE_OUTER_BOUND('',#3051,.T.);
#1957=PLANE('',#3052);
#1958=SURFACE_STYLE_USAGE(.BOTH.,#3053);
#1959=FACE_OUTER_BOUND('',#3054,.T.);
#1960=PLANE('',#3055);
#1961=SURFACE_STYLE_USAGE(.BOTH.,#3056);
#1962=FACE_OUTER_BOUND('',#3057,.T.);
#1963=PLANE('',#3058);
#1964=SURFACE_STYLE_USAGE(.BOTH.,#3059);
#1965=FACE_BOUND('',#3060,.T.);
#1966=FACE_OUTER_BOUND('',#3061,.T.);
#1967=PLANE('',#3062);
#1968=SURFACE_STYLE_USAGE(.BOTH.,#3063);
#1969=FACE_BOUND('',#3064,.T.);
#1970=FACE_OUTER_BOUND('',#3065,.T.);
#1971=PLANE('',#3066);
#1972=SURFACE_STYLE_USAGE(.BOTH.,#3067);
#1973=FACE_OUTER_BOUND('',#3068,.T.);
#1974=PLANE('',#3069);
#1975=SURFACE_STYLE_USAGE(.BOTH.,#3070);
#1976=FACE_OUTER_BOUND('',#3071,.T.);
#1977=PLANE('',#3072);
#1978=SURFACE_STYLE_USAGE(.BOTH.,#3073);
#1979=FACE_OUTER_BOUND('',#3074,.T.);
#1980=PLANE('',#3075);
#1981=SURFACE_STYLE_USAGE(.BOTH.,#3076);
#1982=FACE_OUTER_BOUND('',#3077,.T.);
#1983=PLANE('',#3078);
#1984=SURFACE_STYLE_USAGE(.BOTH.,#3079);
#1985=FACE_OUTER_BOUND('',#3080,.T.);
#1986=PLANE('',#3081);
#1987=SURFACE_STYLE_USAGE(.BOTH.,#3082);
#1988=FACE_OUTER_BOUND('',#3083,.T.);
#1989=B_SPLINE_SURFACE_WITH_KNOTS('',3,1,((#3084,#3085),(#3086,#3087),(#3088,#3089),(#3090,#3091)),.UNSPECIFIED.,.F.,.F.,.F.,(4,4),(2,2),(0.122031014432326,0.846941032810294),(0.0,1.0),.UNSPECIFIED.);
#1990=SURFACE_STYLE_USAGE(.BOTH.,#3092);
#1991=CLOSED_SHELL('',(#347,#349,#351,#353,#355,#357,#359,#361,#363,#365,#367,#369,#371,#373,#3093,#3094,#3095,#3096,#3097,#375,#377,#379,#381,#383,#385,#387,#389,#391,#3098,#3099,#3100,#3101,#3102,#3103,#3104,#3105,#3106,#3107,#3108,#3109,#3110,#3111,#3112,#3113,#3114,#3115,#3116,#3117,#3118,#3119,#3120,#3121,#3122,#3123,#3124,#3125,#3126,#3127,#3128,#3129,#3130,#3131,#3132,#3133,#3134,#3135,#3136,#3137,#3138,#3139,#3140,#3141,#3142,#3143,#3144,#3145,#3146,#3147,#3148,#3149,#3150,#3151,#3152,#3153,#3154,#3155,#3156,#3157,#3158,#3159,#3160,#3161,#3162,#3163,#3164,#3165,#3166,#3167,#3168,#3169,#3170,#3171,#3172,#3173,#3174,#3175,#3176,#3177,#3178,#3179,#3180,#3181,#3182,#3183,#3184,#3185,#3186,#3187,#3188,#3189,#3190,#3191,#3192,#3193,#3194,#3195,#3196,#3197,#3198,#3199,#3200,#3201,#3202,#3203,#3204,#3205,#3206,#3207,#3208,#3209,#3210,#3211,#3212,#3213,#3214,#3215,#3216,#3217,#3218,#3219,#3220,#3221,#3222,#3223,#3224,#3225,#3226,#3227,#3228,#3229,#3230,#3231,#3232,#3233,#3234,#3235,#3236,#3237,#3238,#3239,#3240,#3241,#3242,#3243,#3244,#3245,#3246,#3247,#3248,#3249,#3250,#3251,#3252,#3253,#3254,#3255,#3256,#3257,#3258,#3259,#3260,#3261,#3262,#3263,#3264,#3265,#3266,#3267,#3268,#3269,#3270,#3271,#3272,#3273,#3274,#3275,#3276,#3277,#3278,#3279,#3280,#3281,#3282,#3283,#3284,#3285,#3286,#3287,#3288,#393,#395,#397,#399,#401,#403,#405,#407,#409,#411,#413,#415,#417,#419,#421,#423,#425,#427,#429,#431,#433,#435,#437,#439,#441,#443,#445,#447,#449,#451,#453,#455,#457,#459,#461,#463,#465,#467,#469,#471,#473,#475,#477,#479,#481,#483,#485,#487,#489,#491,#493,#495,#497,#499,#501,#503,#505,#507,#509,#511,#513,#515,#517,#519,#521,#523,#525,#527,#529,#531,#533,#535,#537,#539,#541,#543,#545,#547,#549,#551,#553,#555,#557,#559,#561,#563,#565,#567,#569,#571,#573,#575,#577,#579,#581,#583,#585,#587,#589,#591,#593,#595,#597,#599,#601,#603,#605,#607,#609,#611,#613,#615,#617,#619,#621,#623,#625,#627,#629,#631,#633,#635,#637,#639,#641,#643,#645,#647,#649,#651,#653,#655,#657,#659,#661,#663,#665,#667,#669,#671,#673,#675,#677,#679,#681,#683,#685,#687,#689,#691,#693,#695,#697,#699,#701,#703,#705,#707,#709,#711,#713,#715,#717,#719,#721,#723,#725,#727,#729,#731,#733,#735,#737,#739,#741,#743,#745,#747,#749,#751,#753,#755,#757,#759,#761,#763,#765,#767,#769,#771,#773,#775,#777,#779,#781,#783,#785,#787,#789,#791,#793,#795,#797,#799,#801,#803,#805,#807,#809,#811,#813,#815,#817,#819,#821,#823,#825,#827,#829,#831,#833,#835,#837,#839,#841,#843,#845,#847,#849,#851,#853,#855,#857,#859,#861,#863,#865,#867,#869,#871,#873,#875,#877,#879,#881,#883,#885,#887,#889,#891,#893,#895,#897,#899,#901,#903,#905,#907,#909,#911,#913,#915,#917,#919,#921,#923,#925,#927,#929,#931,#933,#935,#937,#939,#941,#943,#945,#947,#949,#951,#953,#955,#957,#959,#961,#963,#965,#967,#969,#971,#973,#975,#977,#979,#981,#983,#985,#987,#989,#3289,#3290));
#1992=PRODUCT_CONTEXT('',#333,'mechanical');
#1993=PRODUCT_DEFINITION_FORMATION_WITH_SPECIFIED_SOURCE(' ','NONE',#992,.NOT_KNOWN.);
#1994=CARTESIAN_POINT('',(0.0,0.0,0.0));
#1995=DIRECTION('',(0.0,0.0,1.0));
#1996=DIRECTION('',(1.0,0.0,0.0));
#1997= (NAMED_UNIT(#1000)LENGTH_UNIT()SI_UNIT(.MILLI.,.METRE.));
#1998=SURFACE_SIDE_STYLE('',(#3292));
#1999=EDGE_LOOP('',(#3293,#3294,#3295,#3296));
#2000=AXIS2_PLACEMENT_3D('',#3297,#3298,#3299);
#2001=SURFACE_SIDE_STYLE('',(#3300));
#2002=EDGE_LOOP('',(#3301,#3302,#3303,#3304));
#2003=AXIS2_PLACEMENT_3D('',#3305,#3306,#3307);
#2004=SURFACE_SIDE_STYLE('',(#3308));
#2005=EDGE_LOOP('',(#3309,#3310,#3311,#3312));
#2006=AXIS2_PLACEMENT_3D('',#3313,#3314,#3315);
#2007=SURFACE_SIDE_STYLE('',(#3316));
#2008=EDGE_LOOP('',(#3317,#3318,#3319,#3320));
#2009=AXIS2_PLACEMENT_3D('',#3321,#3322,#3323);
#2010=SURFACE_SIDE_STYLE('',(#3324));
#2011=EDGE_LOOP('',(#3325,#3326,#3327,#3328));
#2012=AXIS2_PLACEMENT_3D('',#3329,#3330,#3331);
#2013=SURFACE_SIDE_STYLE('',(#3332));
#2014=EDGE_LOOP('',(#3333,#3334,#3335,#3336));
#2015=AXIS2_PLACEMENT_3D('',#3337,#3338,#3339);
#2016=SURFACE_SIDE_STYLE('',(#3340));
#2017=EDGE_LOOP('',(#3341,#3342,#3343,#3344));
#2018=AXIS2_PLACEMENT_3D('',#3345,#3346,#3347);
#2019=SURFACE_SIDE_STYLE('',(#3348));
#2020=EDGE_LOOP('',(#3349,#3350,#3351,#3352));
#2021=AXIS2_PLACEMENT_3D('',#3353,#3354,#3355);
#2022=SURFACE_SIDE_STYLE('',(#3356));
#2023=EDGE_LOOP('',(#3357,#3358,#3359,#3360));
#2024=AXIS2_PLACEMENT_3D('',#3361,#3362,#3363);
#2025=SURFACE_SIDE_STYLE('',(#3364));
#2026=EDGE_LOOP('',(#3365,#3366,#3367,#3368));
#2027=AXIS2_PLACEMENT_3D('',#3369,#3370,#3371);
#2028=SURFACE_SIDE_STYLE('',(#3372));
#2029=EDGE_LOOP('',(#3373,#3374,#3375,#3376));
#2030=AXIS2_PLACEMENT_3D('',#3377,#3378,#3379);
#2031=SURFACE_SIDE_STYLE('',(#3380));
#2032=EDGE_LOOP('',(#3381,#3382,#3383,#3384));
#2033=AXIS2_PLACEMENT_3D('',#3385,#3386,#3387);
#2034=SURFACE_SIDE_STYLE('',(#3388));
#2035=EDGE_LOOP('',(#3389,#3390,#3391,#3392));
#2036=AXIS2_PLACEMENT_3D('',#3393,#3394,#3395);
#2037=SURFACE_SIDE_STYLE('',(#3396));
#2038=EDGE_LOOP('',(#3397,#3398,#3399,#3400));
#2039=AXIS2_PLACEMENT_3D('',#3401,#3402,#3403);
#2040=SURFACE_SIDE_STYLE('',(#3404));
#2041=EDGE_LOOP('',(#3405,#3406,#3407,#3408));
#2042=AXIS2_PLACEMENT_3D('',#3409,#3410,#3411);
#2043=SURFACE_SIDE_STYLE('',(#3412));
#2044=EDGE_LOOP('',(#3413,#3414,#3415,#3416));
#2045=AXIS2_PLACEMENT_3D('',#3417,#3418,#3419);
#2046=SURFACE_SIDE_STYLE('',(#3420));
#2047=EDGE_LOOP('',(#3421,#3422,#3423,#3424));
#2048=AXIS2_PLACEMENT_3D('',#3425,#3426,#3427);
#2049=SURFACE_SIDE_STYLE('',(#3428));
#2050=EDGE_LOOP('',(#3429,#3430,#3431,#3432));
#2051=AXIS2_PLACEMENT_3D('',#3433,#3434,#3435);
#2052=SURFACE_SIDE_STYLE('',(#3436));
#2053=EDGE_LOOP('',(#3437,#3438,#3439,#3440));
#2054=AXIS2_PLACEMENT_3D('',#3441,#3442,#3443);
#2055=SURFACE_SIDE_STYLE('',(#3444));
#2056=EDGE_LOOP('',(#3445,#3446,#3447,#3448,#3449,#3450));
#2057=AXIS2_PLACEMENT_3D('',#3451,#3452,#3453);
#2058=SURFACE_SIDE_STYLE('',(#3454));
#2059=EDGE_LOOP('',(#3455,#3456,#3457,#3458));
#2060=AXIS2_PLACEMENT_3D('',#3459,#3460,#3461);
#2061=SURFACE_SIDE_STYLE('',(#3462));
#2062=EDGE_LOOP('',(#3463,#3464,#3465,#3466));
#2063=AXIS2_PLACEMENT_3D('',#3467,#3468,#3469);
#2064=SURFACE_SIDE_STYLE('',(#3470));
#2065=EDGE_LOOP('',(#3471,#3472,#3473,#3474,#3475,#3476));
#2066=AXIS2_PLACEMENT_3D('',#3477,#3478,#3479);
#2067=SURFACE_SIDE_STYLE('',(#3480));
#2068=EDGE_LOOP('',(#3481,#3482,#3483,#3484));
#2069=AXIS2_PLACEMENT_3D('',#3485,#3486,#3487);
#2070=SURFACE_SIDE_STYLE('',(#3488));
#2071=EDGE_LOOP('',(#3489,#3490,#3491,#3492));
#2072=AXIS2_PLACEMENT_3D('',#3493,#3494,#3495);
#2073=SURFACE_SIDE_STYLE('',(#3496));
#2074=EDGE_LOOP('',(#3497,#3498,#3499,#3500));
#2075=AXIS2_PLACEMENT_3D('',#3501,#3502,#3503);
#2076=SURFACE_SIDE_STYLE('',(#3504));
#2077=EDGE_LOOP('',(#3505,#3506,#3507,#3508));
#2078=AXIS2_PLACEMENT_3D('',#3509,#3510,#3511);
#2079=SURFACE_SIDE_STYLE('',(#3512));
#2080=EDGE_LOOP('',(#3513,#3514,#3515,#3516));
#2081=AXIS2_PLACEMENT_3D('',#3517,#3518,#3519);
#2082=SURFACE_SIDE_STYLE('',(#3520));
#2083=EDGE_LOOP('',(#3521,#3522,#3523,#3524));
#2084=AXIS2_PLACEMENT_3D('',#3525,#3526,#3527);
#2085=SURFACE_SIDE_STYLE('',(#3528));
#2086=EDGE_LOOP('',(#3529,#3530,#3531,#3532));
#2087=AXIS2_PLACEMENT_3D('',#3533,#3534,#3535);
#2088=SURFACE_SIDE_STYLE('',(#3536));
#2089=EDGE_LOOP('',(#3537,#3538,#3539,#3540,#3541,#3542,#3543,#3544,#3545,#3546,#3547));
#2090=AXIS2_PLACEMENT_3D('',#3548,#3549,#3550);
#2091=SURFACE_SIDE_STYLE('',(#3551));
#2092=EDGE_LOOP('',(#3552,#3553,#3554,#3555,#3556,#3557,#3558,#3559,#3560,#3561,#3562));
#2093=AXIS2_PLACEMENT_3D('',#3563,#3564,#3565);
#2094=SURFACE_SIDE_STYLE('',(#3566));
#2095=EDGE_LOOP('',(#3567,#3568,#3569,#3570));
#2096=AXIS2_PLACEMENT_3D('',#3571,#3572,#3573);
#2097=SURFACE_SIDE_STYLE('',(#3574));
#2098=EDGE_LOOP('',(#3575,#3576,#3577,#3578));
#2099=AXIS2_PLACEMENT_3D('',#3579,#3580,#3581);
#2100=SURFACE_SIDE_STYLE('',(#3582));
#2101=EDGE_LOOP('',(#3583,#3584,#3585,#3586));
#2102=AXIS2_PLACEMENT_3D('',#3587,#3588,#3589);
#2103=SURFACE_SIDE_STYLE('',(#3590));
#2104=EDGE_LOOP('',(#3591,#3592,#3593,#3594));
#2105=AXIS2_PLACEMENT_3D('',#3595,#3596,#3597);
#2106=SURFACE_SIDE_STYLE('',(#3598));
#2107=EDGE_LOOP('',(#3599,#3600,#3601,#3602));
#2108=AXIS2_PLACEMENT_3D('',#3603,#3604,#3605);
#2109=SURFACE_SIDE_STYLE('',(#3606));
#2110=EDGE_LOOP('',(#3607,#3608,#3609,#3610));
#2111=AXIS2_PLACEMENT_3D('',#3611,#3612,#3613);
#2112=SURFACE_SIDE_STYLE('',(#3614));
#2113=EDGE_LOOP('',(#3615,#3616,#3617,#3618));
#2114=AXIS2_PLACEMENT_3D('',#3619,#3620,#3621);
#2115=SURFACE_SIDE_STYLE('',(#3622));
#2116=EDGE_LOOP('',(#3623,#3624,#3625,#3626));
#2117=AXIS2_PLACEMENT_3D('',#3627,#3628,#3629);
#2118=SURFACE_SIDE_STYLE('',(#3630));
#2119=EDGE_LOOP('',(#3631,#3632,#3633,#3634));
#2120=AXIS2_PLACEMENT_3D('',#3635,#3636,#3637);
#2121=SURFACE_SIDE_STYLE('',(#3638));
#2122=EDGE_LOOP('',(#3639,#3640,#3641,#3642,#3643,#3644,#3645,#3646,#3647,#3648));
#2123=AXIS2_PLACEMENT_3D('',#3649,#3650,#3651);
#2124=SURFACE_SIDE_STYLE('',(#3652));
#2125=EDGE_LOOP('',(#3653,#3654,#3655,#3656));
#2126=AXIS2_PLACEMENT_3D('',#3657,#3658,#3659);
#2127=SURFACE_SIDE_STYLE('',(#3660));
#2128=EDGE_LOOP('',(#3661,#3662,#3663,#3664,#3665,#3666,#3667,#3668,#3669,#3670));
#2129=AXIS2_PLACEMENT_3D('',#3671,#3672,#3673);
#2130=SURFACE_SIDE_STYLE('',(#3674));
#2131=EDGE_LOOP('',(#3675,#3676,#3677,#3678));
#2132=AXIS2_PLACEMENT_3D('',#3679,#3680,#3681);
#2133=SURFACE_SIDE_STYLE('',(#3682));
#2134=EDGE_LOOP('',(#3683,#3684,#3685,#3686));
#2135=AXIS2_PLACEMENT_3D('',#3687,#3688,#3689);
#2136=SURFACE_SIDE_STYLE('',(#3690));
#2137=EDGE_LOOP('',(#3691,#3692,#3693,#3694));
#2138=AXIS2_PLACEMENT_3D('',#3695,#3696,#3697);
#2139=SURFACE_SIDE_STYLE('',(#3698));
#2140=EDGE_LOOP('',(#3699,#3700,#3701,#3702));
#2141=AXIS2_PLACEMENT_3D('',#3703,#3704,#3705);
#2142=SURFACE_SIDE_STYLE('',(#3706));
#2143=EDGE_LOOP('',(#3707,#3708,#3709,#3710));
#2144=AXIS2_PLACEMENT_3D('',#3711,#3712,#3713);
#2145=SURFACE_SIDE_STYLE('',(#3714));
#2146=EDGE_LOOP('',(#3715,#3716,#3717,#3718));
#2147=AXIS2_PLACEMENT_3D('',#3719,#3720,#3721);
#2148=SURFACE_SIDE_STYLE('',(#3722));
#2149=EDGE_LOOP('',(#3723,#3724,#3725,#3726,#3727,#3728,#3729));
#2150=AXIS2_PLACEMENT_3D('',#3730,#3731,#3732);
#2151=SURFACE_SIDE_STYLE('',(#3733));
#2152=EDGE_LOOP('',(#3734,#3735,#3736,#3737,#3738,#3739,#3740));
#2153=AXIS2_PLACEMENT_3D('',#3741,#3742,#3743);
#2154=SURFACE_SIDE_STYLE('',(#3744));
#2155=EDGE_LOOP('',(#3745,#3746,#3747,#3748));
#2156=AXIS2_PLACEMENT_3D('',#3749,#3750,#3751);
#2157=SURFACE_SIDE_STYLE('',(#3752));
#2158=EDGE_LOOP('',(#3753,#3754,#3755,#3756,#3757,#3758,#3759,#3760,#3761,#3762,#3763,#3764,#3765,#3766,#3767,#3768,#3769,#3770,#3771,#3772,#3773,#3774));
#2159=AXIS2_PLACEMENT_3D('',#3775,#3776,#3777);
#2160=SURFACE_SIDE_STYLE('',(#3778));
#2161=EDGE_LOOP('',(#3779,#3780,#3781,#3782,#3783,#3784));
#2162=AXIS2_PLACEMENT_3D('',#3785,#3786,#3787);
#2163=SURFACE_SIDE_STYLE('',(#3788));
#2164=EDGE_LOOP('',(#3789,#3790,#3791,#3792));
#2165=AXIS2_PLACEMENT_3D('',#3793,#3794,#3795);
#2166=SURFACE_SIDE_STYLE('',(#3796));
#2167=EDGE_LOOP('',(#3797,#3798,#3799,#3800));
#2168=AXIS2_PLACEMENT_3D('',#3801,#3802,#3803);
#2169=SURFACE_SIDE_STYLE('',(#3804));
#2170=EDGE_LOOP('',(#3805,#3806,#3807,#3808));
#2171=AXIS2_PLACEMENT_3D('',#3809,#3810,#3811);
#2172=SURFACE_SIDE_STYLE('',(#3812));
#2173=EDGE_LOOP('',(#3813,#3814,#3815,#3816));
#2174=AXIS2_PLACEMENT_3D('',#3817,#3818,#3819);
#2175=SURFACE_SIDE_STYLE('',(#3820));
#2176=EDGE_LOOP('',(#3821,#3822,#3823,#3824));
#2177=AXIS2_PLACEMENT_3D('',#3825,#3826,#3827);
#2178=SURFACE_SIDE_STYLE('',(#3828));
#2179=EDGE_LOOP('',(#3829,#3830,#3831,#3832));
#2180=AXIS2_PLACEMENT_3D('',#3833,#3834,#3835);
#2181=SURFACE_SIDE_STYLE('',(#3836));
#2182=EDGE_LOOP('',(#3837,#3838,#3839,#3840));
#2183=AXIS2_PLACEMENT_3D('',#3841,#3842,#3843);
#2184=SURFACE_SIDE_STYLE('',(#3844));
#2185=EDGE_LOOP('',(#3845,#3846,#3847,#3848,#3849,#3850,#3851,#3852,#3853,#3854,#3855));
#2186=AXIS2_PLACEMENT_3D('',#3856,#3857,#3858);
#2187=SURFACE_SIDE_STYLE('',(#3859));
#2188=EDGE_LOOP('',(#3860,#3861,#3862,#3863,#3864,#3865,#3866,#3867,#3868,#3869,#3870));
#2189=AXIS2_PLACEMENT_3D('',#3871,#3872,#3873);
#2190=SURFACE_SIDE_STYLE('',(#3874));
#2191=EDGE_LOOP('',(#3875,#3876,#3877,#3878));
#2192=AXIS2_PLACEMENT_3D('',#3879,#3880,#3881);
#2193=SURFACE_SIDE_STYLE('',(#3882));
#2194=EDGE_LOOP('',(#3883,#3884,#3885,#3886));
#2195=AXIS2_PLACEMENT_3D('',#3887,#3888,#3889);
#2196=SURFACE_SIDE_STYLE('',(#3890));
#2197=EDGE_LOOP('',(#3891,#3892,#3893,#3894));
#2198=AXIS2_PLACEMENT_3D('',#3895,#3896,#3897);
#2199=SURFACE_SIDE_STYLE('',(#3898));
#2200=EDGE_LOOP('',(#3899,#3900,#3901,#3902));
#2201=AXIS2_PLACEMENT_3D('',#3903,#3904,#3905);
#2202=SURFACE_SIDE_STYLE('',(#3906));
#2203=EDGE_LOOP('',(#3907,#3908,#3909,#3910));
#2204=AXIS2_PLACEMENT_3D('',#3911,#3912,#3913);
#2205=SURFACE_SIDE_STYLE('',(#3914));
#2206=EDGE_LOOP('',(#3915,#3916,#3917,#3918));
#2207=AXIS2_PLACEMENT_3D('',#3919,#3920,#3921);
#2208=SURFACE_SIDE_STYLE('',(#3922));
#2209=EDGE_LOOP('',(#3923,#3924,#3925,#3926));
#2210=AXIS2_PLACEMENT_3D('',#3927,#3928,#3929);
#2211=SURFACE_SIDE_STYLE('',(#3930));
#2212=EDGE_LOOP('',(#3931,#3932,#3933,#3934));
#2213=AXIS2_PLACEMENT_3D('',#3935,#3936,#3937);
#2214=SURFACE_SIDE_STYLE('',(#3938));
#2215=EDGE_LOOP('',(#3939,#3940,#3941,#3942));
#2216=AXIS2_PLACEMENT_3D('',#3943,#3944,#3945);
#2217=SURFACE_SIDE_STYLE('',(#3946));
#2218=EDGE_LOOP('',(#3947,#3948,#3949,#3950,#3951,#3952,#3953));
#2219=AXIS2_PLACEMENT_3D('',#3954,#3955,#3956);
#2220=SURFACE_SIDE_STYLE('',(#3957));
#2221=EDGE_LOOP('',(#3958,#3959,#3960,#3961));
#2222=AXIS2_PLACEMENT_3D('',#3962,#3963,#3964);
#2223=SURFACE_SIDE_STYLE('',(#3965));
#2224=EDGE_LOOP('',(#3966,#3967,#3968,#3969,#3970,#3971,#3972));
#2225=AXIS2_PLACEMENT_3D('',#3973,#3974,#3975);
#2226=SURFACE_SIDE_STYLE('',(#3976));
#2227=EDGE_LOOP('',(#3977,#3978,#3979,#3980));
#2228=AXIS2_PLACEMENT_3D('',#3981,#3982,#3983);
#2229=SURFACE_SIDE_STYLE('',(#3984));
#2230=EDGE_LOOP('',(#3985,#3986,#3987,#3988));
#2231=AXIS2_PLACEMENT_3D('',#3989,#3990,#3991);
#2232=SURFACE_SIDE_STYLE('',(#3992));
#2233=EDGE_LOOP('',(#3993,#3994,#3995,#3996));
#2234=AXIS2_PLACEMENT_3D('',#3997,#3998,#3999);
#2235=SURFACE_SIDE_STYLE('',(#4000));
#2236=EDGE_LOOP('',(#4001,#4002,#4003,#4004));
#2237=AXIS2_PLACEMENT_3D('',#4005,#4006,#4007);
#2238=SURFACE_SIDE_STYLE('',(#4008));
#2239=EDGE_LOOP('',(#4009,#4010,#4011,#4012,#4013,#4014,#4015,#4016,#4017,#4018));
#2240=AXIS2_PLACEMENT_3D('',#4019,#4020,#4021);
#2241=SURFACE_SIDE_STYLE('',(#4022));
#2242=EDGE_LOOP('',(#4023,#4024,#4025,#4026));
#2243=AXIS2_PLACEMENT_3D('',#4027,#4028,#4029);
#2244=SURFACE_SIDE_STYLE('',(#4030));
#2245=EDGE_LOOP('',(#4031,#4032,#4033,#4034,#4035,#4036,#4037,#4038,#4039,#4040));
#2246=AXIS2_PLACEMENT_3D('',#4041,#4042,#4043);
#2247=SURFACE_SIDE_STYLE('',(#4044));
#2248=EDGE_LOOP('',(#4045,#4046,#4047,#4048));
#2249=AXIS2_PLACEMENT_3D('',#4049,#4050,#4051);
#2250=SURFACE_SIDE_STYLE('',(#4052));
#2251=EDGE_LOOP('',(#4053,#4054,#4055,#4056));
#2252=AXIS2_PLACEMENT_3D('',#4057,#4058,#4059);
#2253=SURFACE_SIDE_STYLE('',(#4060));
#2254=EDGE_LOOP('',(#4061,#4062,#4063,#4064,#4065,#4066,#4067,#4068,#4069,#4070,#4071,#4072,#4073,#4074,#4075,#4076,#4077,#4078,#4079,#4080,#4081,#4082));
#2255=AXIS2_PLACEMENT_3D('',#4083,#4084,#4085);
#2256=SURFACE_SIDE_STYLE('',(#4086));
#2257=EDGE_LOOP('',(#4087,#4088,#4089,#4090,#4091,#4092));
#2258=AXIS2_PLACEMENT_3D('',#4093,#4094,#4095);
#2259=SURFACE_SIDE_STYLE('',(#4096));
#2260=EDGE_LOOP('',(#4097,#4098,#4099,#4100));
#2261=AXIS2_PLACEMENT_3D('',#4101,#4102,#4103);
#2262=SURFACE_SIDE_STYLE('',(#4104));
#2263=EDGE_LOOP('',(#4105,#4106,#4107,#4108));
#2264=AXIS2_PLACEMENT_3D('',#4109,#4110,#4111);
#2265=SURFACE_SIDE_STYLE('',(#4112));
#2266=EDGE_LOOP('',(#4113,#4114,#4115,#4116));
#2267=AXIS2_PLACEMENT_3D('',#4117,#4118,#4119);
#2268=SURFACE_SIDE_STYLE('',(#4120));
#2269=EDGE_LOOP('',(#4121,#4122,#4123,#4124));
#2270=AXIS2_PLACEMENT_3D('',#4125,#4126,#4127);
#2271=SURFACE_SIDE_STYLE('',(#4128));
#2272=EDGE_LOOP('',(#4129,#4130,#4131,#4132));
#2273=AXIS2_PLACEMENT_3D('',#4133,#4134,#4135);
#2274=SURFACE_SIDE_STYLE('',(#4136));
#2275=EDGE_LOOP('',(#4137,#4138,#4139,#4140));
#2276=AXIS2_PLACEMENT_3D('',#4141,#4142,#4143);
#2277=SURFACE_SIDE_STYLE('',(#4144));
#2278=EDGE_LOOP('',(#4145,#4146,#4147,#4148));
#2279=AXIS2_PLACEMENT_3D('',#4149,#4150,#4151);
#2280=SURFACE_SIDE_STYLE('',(#4152));
#2281=EDGE_LOOP('',(#4153,#4154,#4155,#4156,#4157,#4158,#4159,#4160,#4161,#4162,#4163));
#2282=AXIS2_PLACEMENT_3D('',#4164,#4165,#4166);
#2283=SURFACE_SIDE_STYLE('',(#4167));
#2284=EDGE_LOOP('',(#4168,#4169,#4170,#4171,#4172,#4173,#4174,#4175,#4176,#4177,#4178));
#2285=AXIS2_PLACEMENT_3D('',#4179,#4180,#4181);
#2286=SURFACE_SIDE_STYLE('',(#4182));
#2287=EDGE_LOOP('',(#4183,#4184,#4185,#4186));
#2288=AXIS2_PLACEMENT_3D('',#4187,#4188,#4189);
#2289=SURFACE_SIDE_STYLE('',(#4190));
#2290=EDGE_LOOP('',(#4191,#4192,#4193,#4194));
#2291=AXIS2_PLACEMENT_3D('',#4195,#4196,#4197);
#2292=SURFACE_SIDE_STYLE('',(#4198));
#2293=EDGE_LOOP('',(#4199,#4200,#4201,#4202));
#2294=AXIS2_PLACEMENT_3D('',#4203,#4204,#4205);
#2295=SURFACE_SIDE_STYLE('',(#4206));
#2296=EDGE_LOOP('',(#4207,#4208,#4209,#4210));
#2297=AXIS2_PLACEMENT_3D('',#4211,#4212,#4213);
#2298=SURFACE_SIDE_STYLE('',(#4214));
#2299=EDGE_LOOP('',(#4215,#4216,#4217,#4218));
#2300=AXIS2_PLACEMENT_3D('',#4219,#4220,#4221);
#2301=SURFACE_SIDE_STYLE('',(#4222));
#2302=EDGE_LOOP('',(#4223,#4224,#4225,#4226));
#2303=AXIS2_PLACEMENT_3D('',#4227,#4228,#4229);
#2304=SURFACE_SIDE_STYLE('',(#4230));
#2305=EDGE_LOOP('',(#4231,#4232,#4233,#4234));
#2306=AXIS2_PLACEMENT_3D('',#4235,#4236,#4237);
#2307=SURFACE_SIDE_STYLE('',(#4238));
#2308=EDGE_LOOP('',(#4239,#4240,#4241,#4242));
#2309=AXIS2_PLACEMENT_3D('',#4243,#4244,#4245);
#2310=SURFACE_SIDE_STYLE('',(#4246));
#2311=EDGE_LOOP('',(#4247,#4248,#4249,#4250));
#2312=AXIS2_PLACEMENT_3D('',#4251,#4252,#4253);
#2313=SURFACE_SIDE_STYLE('',(#4254));
#2314=EDGE_LOOP('',(#4255,#4256,#4257,#4258,#4259,#4260,#4261,#4262,#4263,#4264));
#2315=AXIS2_PLACEMENT_3D('',#4265,#4266,#4267);
#2316=SURFACE_SIDE_STYLE('',(#4268));
#2317=EDGE_LOOP('',(#4269,#4270,#4271,#4272));
#2318=AXIS2_PLACEMENT_3D('',#4273,#4274,#4275);
#2319=SURFACE_SIDE_STYLE('',(#4276));
#2320=EDGE_LOOP('',(#4277,#4278,#4279,#4280,#4281,#4282,#4283,#4284,#4285,#4286));
#2321=AXIS2_PLACEMENT_3D('',#4287,#4288,#4289);
#2322=SURFACE_SIDE_STYLE('',(#4290));
#2323=EDGE_LOOP('',(#4291,#4292,#4293,#4294));
#2324=AXIS2_PLACEMENT_3D('',#4295,#4296,#4297);
#2325=SURFACE_SIDE_STYLE('',(#4298));
#2326=EDGE_LOOP('',(#4299,#4300,#4301,#4302));
#2327=AXIS2_PLACEMENT_3D('',#4303,#4304,#4305);
#2328=SURFACE_SIDE_STYLE('',(#4306));
#2329=EDGE_LOOP('',(#4307,#4308,#4309,#4310));
#2330=AXIS2_PLACEMENT_3D('',#4311,#4312,#4313);
#2331=SURFACE_SIDE_STYLE('',(#4314));
#2332=EDGE_LOOP('',(#4315,#4316,#4317,#4318));
#2333=AXIS2_PLACEMENT_3D('',#4319,#4320,#4321);
#2334=SURFACE_SIDE_STYLE('',(#4322));
#2335=EDGE_LOOP('',(#4323,#4324,#4325,#4326));
#2336=AXIS2_PLACEMENT_3D('',#4327,#4328,#4329);
#2337=SURFACE_SIDE_STYLE('',(#4330));
#2338=EDGE_LOOP('',(#4331,#4332,#4333,#4334,#4335,#4336,#4337));
#2339=AXIS2_PLACEMENT_3D('',#4338,#4339,#4340);
#2340=SURFACE_SIDE_STYLE('',(#4341));
#2341=EDGE_LOOP('',(#4342,#4343,#4344,#4345));
#2342=AXIS2_PLACEMENT_3D('',#4346,#4347,#4348);
#2343=SURFACE_SIDE_STYLE('',(#4349));
#2344=EDGE_LOOP('',(#4350,#4351,#4352,#4353,#4354,#4355,#4356));
#2345=AXIS2_PLACEMENT_3D('',#4357,#4358,#4359);
#2346=SURFACE_SIDE_STYLE('',(#4360));
#2347=EDGE_LOOP('',(#4361,#4362,#4363,#4364));
#2348=AXIS2_PLACEMENT_3D('',#4365,#4366,#4367);
#2349=SURFACE_SIDE_STYLE('',(#4368));
#2350=EDGE_LOOP('',(#4369,#4370,#4371,#4372,#4373,#4374,#4375,#4376,#4377,#4378,#4379,#4380,#4381,#4382,#4383,#4384,#4385,#4386,#4387,#4388,#4389,#4390));
#2351=AXIS2_PLACEMENT_3D('',#4391,#4392,#4393);
#2352=SURFACE_SIDE_STYLE('',(#4394));
#2353=EDGE_LOOP('',(#4395,#4396,#4397,#4398,#4399,#4400));
#2354=AXIS2_PLACEMENT_3D('',#4401,#4402,#4403);
#2355=SURFACE_SIDE_STYLE('',(#4404));
#2356=EDGE_LOOP('',(#4405,#4406,#4407,#4408));
#2357=AXIS2_PLACEMENT_3D('',#4409,#4410,#4411);
#2358=SURFACE_SIDE_STYLE('',(#4412));
#2359=EDGE_LOOP('',(#4413,#4414,#4415,#4416));
#2360=AXIS2_PLACEMENT_3D('',#4417,#4418,#4419);
#2361=SURFACE_SIDE_STYLE('',(#4420));
#2362=EDGE_LOOP('',(#4421,#4422,#4423,#4424));
#2363=AXIS2_PLACEMENT_3D('',#4425,#4426,#4427);
#2364=SURFACE_SIDE_STYLE('',(#4428));
#2365=EDGE_LOOP('',(#4429,#4430,#4431,#4432));
#2366=AXIS2_PLACEMENT_3D('',#4433,#4434,#4435);
#2367=SURFACE_SIDE_STYLE('',(#4436));
#2368=EDGE_LOOP('',(#4437,#4438,#4439,#4440));
#2369=AXIS2_PLACEMENT_3D('',#4441,#4442,#4443);
#2370=SURFACE_SIDE_STYLE('',(#4444));
#2371=EDGE_LOOP('',(#4445,#4446,#4447,#4448));
#2372=AXIS2_PLACEMENT_3D('',#4449,#4450,#4451);
#2373=SURFACE_SIDE_STYLE('',(#4452));
#2374=EDGE_LOOP('',(#4453,#4454,#4455,#4456));
#2375=AXIS2_PLACEMENT_3D('',#4457,#4458,#4459);
#2376=SURFACE_SIDE_STYLE('',(#4460));
#2377=EDGE_LOOP('',(#4461,#4462,#4463,#4464,#4465,#4466,#4467,#4468,#4469,#4470,#4471));
#2378=AXIS2_PLACEMENT_3D('',#4472,#4473,#4474);
#2379=SURFACE_SIDE_STYLE('',(#4475));
#2380=EDGE_LOOP('',(#4476,#4477,#4478,#4479,#4480,#4481,#4482,#4483,#4484,#4485,#4486));
#2381=AXIS2_PLACEMENT_3D('',#4487,#4488,#4489);
#2382=SURFACE_SIDE_STYLE('',(#4490));
#2383=EDGE_LOOP('',(#4491,#4492,#4493,#4494));
#2384=AXIS2_PLACEMENT_3D('',#4495,#4496,#4497);
#2385=SURFACE_SIDE_STYLE('',(#4498));
#2386=EDGE_LOOP('',(#4499,#4500,#4501,#4502));
#2387=AXIS2_PLACEMENT_3D('',#4503,#4504,#4505);
#2388=SURFACE_SIDE_STYLE('',(#4506));
#2389=EDGE_LOOP('',(#4507,#4508,#4509,#4510));
#2390=AXIS2_PLACEMENT_3D('',#4511,#4512,#4513);
#2391=SURFACE_SIDE_STYLE('',(#4514));
#2392=EDGE_LOOP('',(#4515,#4516,#4517,#4518));
#2393=AXIS2_PLACEMENT_3D('',#4519,#4520,#4521);
#2394=SURFACE_SIDE_STYLE('',(#4522));
#2395=EDGE_LOOP('',(#4523,#4524,#4525,#4526));
#2396=AXIS2_PLACEMENT_3D('',#4527,#4528,#4529);
#2397=SURFACE_SIDE_STYLE('',(#4530));
#2398=EDGE_LOOP('',(#4531,#4532,#4533,#4534));
#2399=AXIS2_PLACEMENT_3D('',#4535,#4536,#4537);
#2400=SURFACE_SIDE_STYLE('',(#4538));
#2401=EDGE_LOOP('',(#4539,#4540,#4541,#4542));
#2402=AXIS2_PLACEMENT_3D('',#4543,#4544,#4545);
#2403=SURFACE_SIDE_STYLE('',(#4546));
#2404=EDGE_LOOP('',(#4547,#4548,#4549,#4550));
#2405=AXIS2_PLACEMENT_3D('',#4551,#4552,#4553);
#2406=SURFACE_SIDE_STYLE('',(#4554));
#2407=EDGE_LOOP('',(#4555,#4556,#4557,#4558));
#2408=AXIS2_PLACEMENT_3D('',#4559,#4560,#4561);
#2409=SURFACE_SIDE_STYLE('',(#4562));
#2410=EDGE_LOOP('',(#4563,#4564,#4565,#4566,#4567,#4568,#4569,#4570,#4571,#4572));
#2411=AXIS2_PLACEMENT_3D('',#4573,#4574,#4575);
#2412=SURFACE_SIDE_STYLE('',(#4576));
#2413=EDGE_LOOP('',(#4577,#4578,#4579,#4580));
#2414=AXIS2_PLACEMENT_3D('',#4581,#4582,#4583);
#2415=SURFACE_SIDE_STYLE('',(#4584));
#2416=EDGE_LOOP('',(#4585,#4586,#4587,#4588,#4589,#4590,#4591,#4592,#4593,#4594));
#2417=AXIS2_PLACEMENT_3D('',#4595,#4596,#4597);
#2418=SURFACE_SIDE_STYLE('',(#4598));
#2419=EDGE_LOOP('',(#4599,#4600,#4601,#4602));
#2420=AXIS2_PLACEMENT_3D('',#4603,#4604,#4605);
#2421=SURFACE_SIDE_STYLE('',(#4606));
#2422=EDGE_LOOP('',(#4607,#4608,#4609,#4610));
#2423=AXIS2_PLACEMENT_3D('',#4611,#4612,#4613);
#2424=SURFACE_SIDE_STYLE('',(#4614));
#2425=EDGE_LOOP('',(#4615,#4616,#4617,#4618));
#2426=AXIS2_PLACEMENT_3D('',#4619,#4620,#4621);
#2427=SURFACE_SIDE_STYLE('',(#4622));
#2428=EDGE_LOOP('',(#4623,#4624,#4625,#4626));
#2429=AXIS2_PLACEMENT_3D('',#4627,#4628,#4629);
#2430=SURFACE_SIDE_STYLE('',(#4630));
#2431=EDGE_LOOP('',(#4631,#4632,#4633,#4634));
#2432=AXIS2_PLACEMENT_3D('',#4635,#4636,#4637);
#2433=SURFACE_SIDE_STYLE('',(#4638));
#2434=EDGE_LOOP('',(#4639,#4640,#4641,#4642,#4643,#4644,#4645));
#2435=AXIS2_PLACEMENT_3D('',#4646,#4647,#4648);
#2436=SURFACE_SIDE_STYLE('',(#4649));
#2437=EDGE_LOOP('',(#4650,#4651,#4652,#4653));
#2438=AXIS2_PLACEMENT_3D('',#4654,#4655,#4656);
#2439=SURFACE_SIDE_STYLE('',(#4657));
#2440=EDGE_LOOP('',(#4658,#4659,#4660,#4661,#4662,#4663,#4664));
#2441=AXIS2_PLACEMENT_3D('',#4665,#4666,#4667);
#2442=SURFACE_SIDE_STYLE('',(#4668));
#2443=EDGE_LOOP('',(#4669,#4670,#4671,#4672));
#2444=AXIS2_PLACEMENT_3D('',#4673,#4674,#4675);
#2445=SURFACE_SIDE_STYLE('',(#4676));
#2446=EDGE_LOOP('',(#4677,#4678,#4679,#4680,#4681,#4682,#4683,#4684,#4685,#4686,#4687,#4688,#4689,#4690,#4691,#4692,#4693,#4694,#4695,#4696,#4697,#4698));
#2447=AXIS2_PLACEMENT_3D('',#4699,#4700,#4701);
#2448=SURFACE_SIDE_STYLE('',(#4702));
#2449=EDGE_LOOP('',(#4703,#4704,#4705,#4706,#4707,#4708));
#2450=AXIS2_PLACEMENT_3D('',#4709,#4710,#4711);
#2451=SURFACE_SIDE_STYLE('',(#4712));
#2452=EDGE_LOOP('',(#4713,#4714,#4715,#4716));
#2453=AXIS2_PLACEMENT_3D('',#4717,#4718,#4719);
#2454=SURFACE_SIDE_STYLE('',(#4720));
#2455=EDGE_LOOP('',(#4721,#4722,#4723,#4724));
#2456=AXIS2_PLACEMENT_3D('',#4725,#4726,#4727);
#2457=SURFACE_SIDE_STYLE('',(#4728));
#2458=EDGE_LOOP('',(#4729,#4730,#4731,#4732,#4733,#4734));
#2459=AXIS2_PLACEMENT_3D('',#4735,#4736,#4737);
#2460=SURFACE_SIDE_STYLE('',(#4738));
#2461=EDGE_LOOP('',(#4739,#4740,#4741,#4742));
#2462=AXIS2_PLACEMENT_3D('',#4743,#4744,#4745);
#2463=SURFACE_SIDE_STYLE('',(#4746));
#2464=EDGE_LOOP('',(#4747,#4748,#4749,#4750));
#2465=AXIS2_PLACEMENT_3D('',#4751,#4752,#4753);
#2466=SURFACE_SIDE_STYLE('',(#4754));
#2467=EDGE_LOOP('',(#4755,#4756,#4757,#4758));
#2468=AXIS2_PLACEMENT_3D('',#4759,#4760,#4761);
#2469=SURFACE_SIDE_STYLE('',(#4762));
#2470=EDGE_LOOP('',(#4763,#4764,#4765,#4766));
#2471=AXIS2_PLACEMENT_3D('',#4767,#4768,#4769);
#2472=SURFACE_SIDE_STYLE('',(#4770));
#2473=EDGE_LOOP('',(#4771,#4772,#4773,#4774,#4775,#4776));
#2474=EDGE_LOOP('',(#4777,#4778,#4779,#4780));
#2475=AXIS2_PLACEMENT_3D('',#4781,#4782,#4783);
#2476=SURFACE_SIDE_STYLE('',(#4784));
#2477=EDGE_LOOP('',(#4785,#4786,#4787,#4788));
#2478=AXIS2_PLACEMENT_3D('',#4789,#4790,#4791);
#2479=SURFACE_SIDE_STYLE('',(#4792));
#2480=EDGE_LOOP('',(#4793,#4794,#4795,#4796));
#2481=AXIS2_PLACEMENT_3D('',#4797,#4798,#4799);
#2482=SURFACE_SIDE_STYLE('',(#4800));
#2483=EDGE_LOOP('',(#4801,#4802,#4803,#4804,#4805,#4806));
#2484=AXIS2_PLACEMENT_3D('',#4807,#4808,#4809);
#2485=SURFACE_SIDE_STYLE('',(#4810));
#2486=EDGE_LOOP('',(#4811,#4812,#4813,#4814));
#2487=AXIS2_PLACEMENT_3D('',#4815,#4816,#4817);
#2488=SURFACE_SIDE_STYLE('',(#4818));
#2489=EDGE_LOOP('',(#4819,#4820,#4821,#4822));
#2490=AXIS2_PLACEMENT_3D('',#4823,#4824,#4825);
#2491=SURFACE_SIDE_STYLE('',(#4826));
#2492=EDGE_LOOP('',(#4827,#4828,#4829,#4830));
#2493=AXIS2_PLACEMENT_3D('',#4831,#4832,#4833);
#2494=SURFACE_SIDE_STYLE('',(#4834));
#2495=EDGE_LOOP('',(#4835,#4836,#4837,#4838));
#2496=AXIS2_PLACEMENT_3D('',#4839,#4840,#4841);
#2497=SURFACE_SIDE_STYLE('',(#4842));
#2498=EDGE_LOOP('',(#4843,#4844,#4845,#4846,#4847,#4848));
#2499=EDGE_LOOP('',(#4849,#4850,#4851,#4852));
#2500=AXIS2_PLACEMENT_3D('',#4853,#4854,#4855);
#2501=SURFACE_SIDE_STYLE('',(#4856));
#2502=EDGE_LOOP('',(#4857,#4858,#4859,#4860));
#2503=AXIS2_PLACEMENT_3D('',#4861,#4862,#4863);
#2504=SURFACE_SIDE_STYLE('',(#4864));
#2505=EDGE_LOOP('',(#4865,#4866,#4867,#4868));
#2506=AXIS2_PLACEMENT_3D('',#4869,#4870,#4871);
#2507=SURFACE_SIDE_STYLE('',(#4872));
#2508=EDGE_LOOP('',(#4873,#4874,#4875,#4876,#4877,#4878));
#2509=AXIS2_PLACEMENT_3D('',#4879,#4880,#4881);
#2510=SURFACE_SIDE_STYLE('',(#4882));
#2511=EDGE_LOOP('',(#4883,#4884,#4885,#4886));
#2512=AXIS2_PLACEMENT_3D('',#4887,#4888,#4889);
#2513=SURFACE_SIDE_STYLE('',(#4890));
#2514=EDGE_LOOP('',(#4891,#4892,#4893,#4894));
#2515=AXIS2_PLACEMENT_3D('',#4895,#4896,#4897);
#2516=SURFACE_SIDE_STYLE('',(#4898));
#2517=EDGE_LOOP('',(#4899,#4900,#4901,#4902));
#2518=AXIS2_PLACEMENT_3D('',#4903,#4904,#4905);
#2519=SURFACE_SIDE_STYLE('',(#4906));
#2520=EDGE_LOOP('',(#4907,#4908,#4909,#4910));
#2521=AXIS2_PLACEMENT_3D('',#4911,#4912,#4913);
#2522=SURFACE_SIDE_STYLE('',(#4914));
#2523=EDGE_LOOP('',(#4915,#4916,#4917,#4918,#4919,#4920));
#2524=EDGE_LOOP('',(#4921,#4922,#4923,#4924));
#2525=AXIS2_PLACEMENT_3D('',#4925,#4926,#4927);
#2526=SURFACE_SIDE_STYLE('',(#4928));
#2527=EDGE_LOOP('',(#4929,#4930,#4931,#4932));
#2528=AXIS2_PLACEMENT_3D('',#4933,#4934,#4935);
#2529=SURFACE_SIDE_STYLE('',(#4936));
#2530=EDGE_LOOP('',(#4937,#4938,#4939,#4940));
#2531=AXIS2_PLACEMENT_3D('',#4941,#4942,#4943);
#2532=SURFACE_SIDE_STYLE('',(#4944));
#2533=EDGE_LOOP('',(#4945,#4946,#4947,#4948,#4949,#4950));
#2534=AXIS2_PLACEMENT_3D('',#4951,#4952,#4953);
#2535=SURFACE_SIDE_STYLE('',(#4954));
#2536=EDGE_LOOP('',(#4955,#4956,#4957,#4958));
#2537=AXIS2_PLACEMENT_3D('',#4959,#4960,#4961);
#2538=SURFACE_SIDE_STYLE('',(#4962));
#2539=EDGE_LOOP('',(#4963,#4964,#4965,#4966));
#2540=AXIS2_PLACEMENT_3D('',#4967,#4968,#4969);
#2541=SURFACE_SIDE_STYLE('',(#4970));
#2542=EDGE_LOOP('',(#4971,#4972,#4973,#4974));
#2543=AXIS2_PLACEMENT_3D('',#4975,#4976,#4977);
#2544=SURFACE_SIDE_STYLE('',(#4978));
#2545=EDGE_LOOP('',(#4979,#4980,#4981,#4982));
#2546=AXIS2_PLACEMENT_3D('',#4983,#4984,#4985);
#2547=SURFACE_SIDE_STYLE('',(#4986));
#2548=EDGE_LOOP('',(#4987,#4988,#4989,#4990,#4991,#4992));
#2549=EDGE_LOOP('',(#4993,#4994,#4995,#4996));
#2550=AXIS2_PLACEMENT_3D('',#4997,#4998,#4999);
#2551=SURFACE_SIDE_STYLE('',(#5000));
#2552=EDGE_LOOP('',(#5001,#5002,#5003,#5004));
#2553=AXIS2_PLACEMENT_3D('',#5005,#5006,#5007);
#2554=SURFACE_SIDE_STYLE('',(#5008));
#2555=EDGE_LOOP('',(#5009,#5010,#5011,#5012));
#2556=AXIS2_PLACEMENT_3D('',#5013,#5014,#5015);
#2557=SURFACE_SIDE_STYLE('',(#5016));
#2558=EDGE_LOOP('',(#5017,#5018,#5019,#5020));
#2559=AXIS2_PLACEMENT_3D('',#5021,#5022,#5023);
#2560=SURFACE_SIDE_STYLE('',(#5024));
#2561=EDGE_LOOP('',(#5025,#5026,#5027,#5028));
#2562=AXIS2_PLACEMENT_3D('',#5029,#5030,#5031);
#2563=SURFACE_SIDE_STYLE('',(#5032));
#2564=EDGE_LOOP('',(#5033,#5034,#5035,#5036));
#2565=AXIS2_PLACEMENT_3D('',#5037,#5038,#5039);
#2566=SURFACE_SIDE_STYLE('',(#5040));
#2567=EDGE_LOOP('',(#5041,#5042,#5043,#5044));
#2568=AXIS2_PLACEMENT_3D('',#5045,#5046,#5047);
#2569=SURFACE_SIDE_STYLE('',(#5048));
#2570=EDGE_LOOP('',(#5049,#5050,#5051,#5052));
#2571=AXIS2_PLACEMENT_3D('',#5053,#5054,#5055);
#2572=SURFACE_SIDE_STYLE('',(#5056));
#2573=EDGE_LOOP('',(#5057,#5058,#5059,#5060));
#2574=AXIS2_PLACEMENT_3D('',#5061,#5062,#5063);
#2575=SURFACE_SIDE_STYLE('',(#5064));
#2576=EDGE_LOOP('',(#5065,#5066,#5067,#5068));
#2577=AXIS2_PLACEMENT_3D('',#5069,#5070,#5071);
#2578=SURFACE_SIDE_STYLE('',(#5072));
#2579=EDGE_LOOP('',(#5073,#5074,#5075,#5076));
#2580=AXIS2_PLACEMENT_3D('',#5077,#5078,#5079);
#2581=SURFACE_SIDE_STYLE('',(#5080));
#2582=EDGE_LOOP('',(#5081,#5082,#5083,#5084));
#2583=AXIS2_PLACEMENT_3D('',#5085,#5086,#5087);
#2584=SURFACE_SIDE_STYLE('',(#5088));
#2585=EDGE_LOOP('',(#5089,#5090,#5091,#5092));
#2586=AXIS2_PLACEMENT_3D('',#5093,#5094,#5095);
#2587=SURFACE_SIDE_STYLE('',(#5096));
#2588=EDGE_LOOP('',(#5097,#5098,#5099,#5100));
#2589=AXIS2_PLACEMENT_3D('',#5101,#5102,#5103);
#2590=SURFACE_SIDE_STYLE('',(#5104));
#2591=EDGE_LOOP('',(#5105,#5106,#5107,#5108));
#2592=AXIS2_PLACEMENT_3D('',#5109,#5110,#5111);
#2593=SURFACE_SIDE_STYLE('',(#5112));
#2594=EDGE_LOOP('',(#5113,#5114,#5115,#5116));
#2595=AXIS2_PLACEMENT_3D('',#5117,#5118,#5119);
#2596=SURFACE_SIDE_STYLE('',(#5120));
#2597=EDGE_LOOP('',(#5121,#5122,#5123,#5124));
#2598=AXIS2_PLACEMENT_3D('',#5125,#5126,#5127);
#2599=SURFACE_SIDE_STYLE('',(#5128));
#2600=EDGE_LOOP('',(#5129,#5130,#5131,#5132));
#2601=AXIS2_PLACEMENT_3D('',#5133,#5134,#5135);
#2602=SURFACE_SIDE_STYLE('',(#5136));
#2603=EDGE_LOOP('',(#5137,#5138,#5139,#5140));
#2604=AXIS2_PLACEMENT_3D('',#5141,#5142,#5143);
#2605=SURFACE_SIDE_STYLE('',(#5144));
#2606=EDGE_LOOP('',(#5145,#5146,#5147,#5148));
#2607=AXIS2_PLACEMENT_3D('',#5149,#5150,#5151);
#2608=SURFACE_SIDE_STYLE('',(#5152));
#2609=EDGE_LOOP('',(#5153,#5154,#5155,#5156));
#2610=AXIS2_PLACEMENT_3D('',#5157,#5158,#5159);
#2611=SURFACE_SIDE_STYLE('',(#5160));
#2612=EDGE_LOOP('',(#5161,#5162,#5163,#5164));
#2613=AXIS2_PLACEMENT_3D('',#5165,#5166,#5167);
#2614=SURFACE_SIDE_STYLE('',(#5168));
#2615=EDGE_LOOP('',(#5169,#5170,#5171,#5172));
#2616=AXIS2_PLACEMENT_3D('',#5173,#5174,#5175);
#2617=SURFACE_SIDE_STYLE('',(#5176));
#2618=EDGE_LOOP('',(#5177,#5178,#5179,#5180));
#2619=AXIS2_PLACEMENT_3D('',#5181,#5182,#5183);
#2620=SURFACE_SIDE_STYLE('',(#5184));
#2621=EDGE_LOOP('',(#5185,#5186,#5187,#5188));
#2622=AXIS2_PLACEMENT_3D('',#5189,#5190,#5191);
#2623=SURFACE_SIDE_STYLE('',(#5192));
#2624=EDGE_LOOP('',(#5193,#5194,#5195,#5196));
#2625=AXIS2_PLACEMENT_3D('',#5197,#5198,#5199);
#2626=SURFACE_SIDE_STYLE('',(#5200));
#2627=EDGE_LOOP('',(#5201,#5202,#5203,#5204));
#2628=AXIS2_PLACEMENT_3D('',#5205,#5206,#5207);
#2629=SURFACE_SIDE_STYLE('',(#5208));
#2630=EDGE_LOOP('',(#5209,#5210,#5211,#5212));
#2631=AXIS2_PLACEMENT_3D('',#5213,#5214,#5215);
#2632=SURFACE_SIDE_STYLE('',(#5216));
#2633=EDGE_LOOP('',(#5217,#5218,#5219,#5220));
#2634=AXIS2_PLACEMENT_3D('',#5221,#5222,#5223);
#2635=SURFACE_SIDE_STYLE('',(#5224));
#2636=EDGE_LOOP('',(#5225,#5226,#5227,#5228,#5229));
#2637=AXIS2_PLACEMENT_3D('',#5230,#5231,#5232);
#2638=SURFACE_SIDE_STYLE('',(#5233));
#2639=EDGE_LOOP('',(#5234,#5235,#5236,#5237,#5238));
#2640=AXIS2_PLACEMENT_3D('',#5239,#5240,#5241);
#2641=SURFACE_SIDE_STYLE('',(#5242));
#2642=EDGE_LOOP('',(#5243,#5244,#5245,#5246));
#2643=CARTESIAN_POINT('',(-0.00999999968505221,-2.0,-11.5890598877561));
#2644=CARTESIAN_POINT('',(-0.00999999968505221,-2.25,-11.5890598877561));
#2645=CARTESIAN_POINT('',(-0.00178971790253652,-2.0,-11.4700841933168));
#2646=CARTESIAN_POINT('',(-0.00178971790253652,-2.25,-11.4700841933168));
#2647=CARTESIAN_POINT('',(0.107858876739225,-2.0,-11.4067785457445));
#2648=CARTESIAN_POINT('',(0.107858876739225,-2.25,-11.4067785457445));
#2649=CARTESIAN_POINT('',(0.214999990396399,-2.0,-11.4591560770623));
#2650=CARTESIAN_POINT('',(0.214999990396399,-2.25,-11.4591560770623));
#2651=SURFACE_SIDE_STYLE('',(#5247));
#2652=EDGE_LOOP('',(#5248,#5249,#5250,#5251));
#2653=AXIS2_PLACEMENT_3D('',#5252,#5253,#5254);
#2654=SURFACE_SIDE_STYLE('',(#5255));
#2655=EDGE_LOOP('',(#5256,#5257,#5258,#5259));
#2656=CARTESIAN_POINT('',(0.989999999685037,-2.0,-11.6467949238039));
#2657=CARTESIAN_POINT('',(0.989999999685037,-2.25,-11.6467949238039));
#2658=CARTESIAN_POINT('',(0.981789717902504,-2.0,-11.7657706182427));
#2659=CARTESIAN_POINT('',(0.981789717902504,-2.25,-11.7657706182427));
#2660=CARTESIAN_POINT('',(0.872141123261405,-2.0,-11.8290762658318));
#2661=CARTESIAN_POINT('',(0.872141123261405,-2.25,-11.8290762658318));
#2662=CARTESIAN_POINT('',(0.765000009604924,-2.0,-11.776698734505));
#2663=CARTESIAN_POINT('',(0.765000009604924,-2.25,-11.776698734505));
#2664=SURFACE_SIDE_STYLE('',(#5260));
#2665=EDGE_LOOP('',(#5261,#5262,#5263,#5264));
#2666=AXIS2_PLACEMENT_3D('',#5265,#5266,#5267);
#2667=SURFACE_SIDE_STYLE('',(#5268));
#2668=EDGE_LOOP('',(#5269,#5270,#5271,#5272));
#2669=CARTESIAN_POINT('',(0.76500000410971,-2.0,-9.55689110666558));
#2670=CARTESIAN_POINT('',(0.76500000410971,-2.25,-9.55689110666558));
#2671=CARTESIAN_POINT('',(0.87214111881785,-2.0,-9.50451357204224));
#2672=CARTESIAN_POINT('',(0.87214111881785,-2.25,-9.50451357204224));
#2673=CARTESIAN_POINT('',(0.981789715150491,-2.0,-9.56781921669694));
#2674=CARTESIAN_POINT('',(0.981789715150491,-2.25,-9.56781921669694));
#2675=CARTESIAN_POINT('',(0.989999999263984,-2.0,-9.68679490857628));
#2676=CARTESIAN_POINT('',(0.989999999263984,-2.25,-9.68679490857628));
#2677=SURFACE_SIDE_STYLE('',(#5273));
#2678=EDGE_LOOP('',(#5274,#5275,#5276,#5277));
#2679=AXIS2_PLACEMENT_3D('',#5278,#5279,#5280);
#2680=SURFACE_SIDE_STYLE('',(#5281));
#2681=EDGE_LOOP('',(#5282,#5283,#5284,#5285));
#2682=CARTESIAN_POINT('',(0.214999995890267,-2.0,-9.87443375873843));
#2683=CARTESIAN_POINT('',(0.214999995890267,-2.25,-9.87443375873843));
#2684=CARTESIAN_POINT('',(0.107858881182303,-2.0,-9.92681129336167));
#2685=CARTESIAN_POINT('',(0.107858881182303,-2.25,-9.92681129336167));
#2686=CARTESIAN_POINT('',(-0.00178971515026545,-2.0,-9.8635056487061));
#2687=CARTESIAN_POINT('',(-0.00178971515026545,-2.25,-9.8635056487061));
#2688=CARTESIAN_POINT('',(-0.0099999992639401,-2.0,-9.74452995682771));
#2689=CARTESIAN_POINT('',(-0.0099999992639401,-2.25,-9.74452995682771));
#2690=SURFACE_SIDE_STYLE('',(#5286));
#2691=EDGE_LOOP('',(#5287,#5288,#5289,#5290));
#2692=AXIS2_PLACEMENT_3D('',#5291,#5292,#5293);
#2693=SURFACE_SIDE_STYLE('',(#5294));
#2694=EDGE_LOOP('',(#5295,#5296,#5297,#5298));
#2695=CARTESIAN_POINT('',(-0.00999999968508569,-2.0,-3.80452994159808));
#2696=CARTESIAN_POINT('',(-0.00999999968508569,-2.25,-3.80452994159808));
#2697=CARTESIAN_POINT('',(-0.00178971790277133,-2.0,-3.68555424715964));
#2698=CARTESIAN_POINT('',(-0.00178971790277133,-2.25,-3.68555424715964));
#2699=CARTESIAN_POINT('',(0.107858876738573,-2.0,-3.62224859957343));
#2700=CARTESIAN_POINT('',(0.107858876738573,-2.25,-3.62224859957343));
#2701=CARTESIAN_POINT('',(0.214999990395336,-2.0,-3.67462613089849));
#2702=CARTESIAN_POINT('',(0.214999990395336,-2.25,-3.67462613089849));
#2703=SURFACE_SIDE_STYLE('',(#5299));
#2704=EDGE_LOOP('',(#5300,#5301,#5302,#5303));
#2705=AXIS2_PLACEMENT_3D('',#5304,#5305,#5306);
#2706=SURFACE_SIDE_STYLE('',(#5307));
#2707=EDGE_LOOP('',(#5308,#5309,#5310,#5311));
#2708=CARTESIAN_POINT('',(0.989999999685037,-2.0,-3.86226497764492));
#2709=CARTESIAN_POINT('',(0.989999999685037,-2.25,-3.86226497764492));
#2710=CARTESIAN_POINT('',(0.981789717902497,-2.0,-3.9812406720838));
#2711=CARTESIAN_POINT('',(0.981789717902497,-2.25,-3.9812406720838));
#2712=CARTESIAN_POINT('',(0.87214112326128,-2.0,-4.0445463196685));
#2713=CARTESIAN_POINT('',(0.87214112326128,-2.25,-4.0445463196685));
#2714=CARTESIAN_POINT('',(0.765000009604663,-2.0,-3.99216878834351));
#2715=CARTESIAN_POINT('',(0.765000009604663,-2.25,-3.99216878834351));
#2716=SURFACE_SIDE_STYLE('',(#5312));
#2717=EDGE_LOOP('',(#5313,#5314,#5315,#5316));
#2718=AXIS2_PLACEMENT_3D('',#5317,#5318,#5319);
#2719=SURFACE_SIDE_STYLE('',(#5320));
#2720=EDGE_LOOP('',(#5321,#5322,#5323,#5324));
#2721=CARTESIAN_POINT('',(0.765000004109997,-2.0,-1.7723611605039));
#2722=CARTESIAN_POINT('',(0.765000004109997,-2.25,-1.7723611605039));
#2723=CARTESIAN_POINT('',(0.87214111881808,-2.0,-1.71998362587943));
#2724=CARTESIAN_POINT('',(0.87214111881808,-2.25,-1.71998362587943));
#2725=CARTESIAN_POINT('',(0.981789715150638,-2.0,-1.78328927053675));
#2726=CARTESIAN_POINT('',(0.981789715150638,-2.25,-1.78328927053675));
#2727=CARTESIAN_POINT('',(0.989999999264006,-2.0,-1.90226496241528));
#2728=CARTESIAN_POINT('',(0.989999999264006,-2.25,-1.90226496241528));
#2729=SURFACE_SIDE_STYLE('',(#5325));
#2730=EDGE_LOOP('',(#5326,#5327,#5328,#5329));
#2731=AXIS2_PLACEMENT_3D('',#5330,#5331,#5332);
#2732=SURFACE_SIDE_STYLE('',(#5333));
#2733=EDGE_LOOP('',(#5334,#5335,#5336,#5337));
#2734=CARTESIAN_POINT('',(0.214999995889805,-2.0,-2.08990381257669));
#2735=CARTESIAN_POINT('',(0.214999995889805,-2.25,-2.08990381257669));
#2736=CARTESIAN_POINT('',(0.107858881181925,-2.0,-2.14228134720015));
#2737=CARTESIAN_POINT('',(0.107858881181925,-2.25,-2.14228134720015));
#2738=CARTESIAN_POINT('',(-0.00178971515052806,-2.0,-2.07897570254492));
#2739=CARTESIAN_POINT('',(-0.00178971515052806,-2.25,-2.07897570254492));
#2740=CARTESIAN_POINT('',(-0.00999999926398409,-2.0,-1.96000001066572));
#2741=CARTESIAN_POINT('',(-0.00999999926398409,-2.25,-1.96000001066572));
#2742=SURFACE_SIDE_STYLE('',(#5338));
#2743=EDGE_LOOP('',(#5339,#5340,#5341,#5342,#5343,#5344,#5345));
#2744=AXIS2_PLACEMENT_3D('',#5346,#5347,#5348);
#2745=SURFACE_SIDE_STYLE('',(#5349));
#2746=EDGE_LOOP('',(#5350,#5351,#5352,#5353));
#2747=AXIS2_PLACEMENT_3D('',#5354,#5355,#5356);
#2748=SURFACE_SIDE_STYLE('',(#5357));
#2749=EDGE_LOOP('',(#5358,#5359,#5360,#5361));
#2750=AXIS2_PLACEMENT_3D('',#5362,#5363,#5364);
#2751=SURFACE_SIDE_STYLE('',(#5365));
#2752=EDGE_LOOP('',(#5366,#5367,#5368,#5369));
#2753=AXIS2_PLACEMENT_3D('',#5370,#5371,#5372);
#2754=SURFACE_SIDE_STYLE('',(#5373));
#2755=EDGE_LOOP('',(#5374,#5375,#5376,#5377,#5378,#5379));
#2756=AXIS2_PLACEMENT_3D('',#5380,#5381,#5382);
#2757=SURFACE_SIDE_STYLE('',(#5383));
#2758=EDGE_LOOP('',(#5384,#5385,#5386,#5387,#5388));
#2759=AXIS2_PLACEMENT_3D('',#5389,#5390,#5391);
#2760=SURFACE_SIDE_STYLE('',(#5392));
#2761=EDGE_LOOP('',(#5393,#5394,#5395,#5396));
#2762=AXIS2_PLACEMENT_3D('',#5397,#5398,#5399);
#2763=SURFACE_SIDE_STYLE('',(#5400));
#2764=EDGE_LOOP('',(#5401,#5402,#5403,#5404));
#2765=AXIS2_PLACEMENT_3D('',#5405,#5406,#5407);
#2766=SURFACE_SIDE_STYLE('',(#5408));
#2767=EDGE_LOOP('',(#5409,#5410,#5411,#5412));
#2768=AXIS2_PLACEMENT_3D('',#5413,#5414,#5415);
#2769=SURFACE_SIDE_STYLE('',(#5416));
#2770=EDGE_LOOP('',(#5417,#5418,#5419,#5420));
#2771=AXIS2_PLACEMENT_3D('',#5421,#5422,#5423);
#2772=SURFACE_SIDE_STYLE('',(#5424));
#2773=EDGE_LOOP('',(#5425,#5426,#5427,#5428));
#2774=AXIS2_PLACEMENT_3D('',#5429,#5430,#5431);
#2775=SURFACE_SIDE_STYLE('',(#5432));
#2776=EDGE_LOOP('',(#5433,#5434,#5435,#5436));
#2777=AXIS2_PLACEMENT_3D('',#5437,#5438,#5439);
#2778=SURFACE_SIDE_STYLE('',(#5440));
#2779=EDGE_LOOP('',(#5441,#5442,#5443,#5444,#5445));
#2780=AXIS2_PLACEMENT_3D('',#5446,#5447,#5448);
#2781=SURFACE_SIDE_STYLE('',(#5449));
#2782=EDGE_LOOP('',(#5450,#5451,#5452,#5453,#5454,#5455,#5456,#5457));
#2783=AXIS2_PLACEMENT_3D('',#5458,#5459,#5460);
#2784=SURFACE_SIDE_STYLE('',(#5461));
#2785=EDGE_LOOP('',(#5462,#5463,#5464,#5465));
#2786=AXIS2_PLACEMENT_3D('',#5466,#5467,#5468);
#2787=SURFACE_SIDE_STYLE('',(#5469));
#2788=EDGE_LOOP('',(#5470,#5471,#5472,#5473,#5474,#5475,#5476,#5477,#5478));
#2789=AXIS2_PLACEMENT_3D('',#5479,#5480,#5481);
#2790=SURFACE_SIDE_STYLE('',(#5482));
#2791=EDGE_LOOP('',(#5483,#5484,#5485,#5486));
#2792=AXIS2_PLACEMENT_3D('',#5487,#5488,#5489);
#2793=SURFACE_SIDE_STYLE('',(#5490));
#2794=EDGE_LOOP('',(#5491,#5492,#5493,#5494));
#2795=AXIS2_PLACEMENT_3D('',#5495,#5496,#5497);
#2796=SURFACE_SIDE_STYLE('',(#5498));
#2797=EDGE_LOOP('',(#5499,#5500,#5501,#5502,#5503,#5504,#5505,#5506,#5507));
#2798=AXIS2_PLACEMENT_3D('',#5508,#5509,#5510);
#2799=SURFACE_SIDE_STYLE('',(#5511));
#2800=EDGE_LOOP('',(#5512,#5513,#5514,#5515));
#2801=AXIS2_PLACEMENT_3D('',#5516,#5517,#5518);
#2802=SURFACE_SIDE_STYLE('',(#5519));
#2803=EDGE_LOOP('',(#5520,#5521,#5522,#5523));
#2804=AXIS2_PLACEMENT_3D('',#5524,#5525,#5526);
#2805=SURFACE_SIDE_STYLE('',(#5527));
#2806=EDGE_LOOP('',(#5528,#5529,#5530,#5531));
#2807=AXIS2_PLACEMENT_3D('',#5532,#5533,#5534);
#2808=SURFACE_SIDE_STYLE('',(#5535));
#2809=EDGE_LOOP('',(#5536,#5537,#5538,#5539));
#2810=AXIS2_PLACEMENT_3D('',#5540,#5541,#5542);
#2811=SURFACE_SIDE_STYLE('',(#5543));
#2812=EDGE_LOOP('',(#5544,#5545,#5546,#5547));
#2813=AXIS2_PLACEMENT_3D('',#5548,#5549,#5550);
#2814=SURFACE_SIDE_STYLE('',(#5551));
#2815=EDGE_LOOP('',(#5552,#5553,#5554,#5555));
#2816=AXIS2_PLACEMENT_3D('',#5556,#5557,#5558);
#2817=SURFACE_SIDE_STYLE('',(#5559));
#2818=EDGE_LOOP('',(#5560,#5561,#5562,#5563,#5564,#5565,#5566,#5567));
#2819=EDGE_LOOP('',(#5568,#5569,#5570,#5571,#5572,#5573,#5574,#5575));
#2820=EDGE_LOOP('',(#5576,#5577,#5578,#5579,#5580,#5581));
#2821=EDGE_LOOP('',(#5582,#5583,#5584,#5585));
#2822=EDGE_LOOP('',(#5586,#5587,#5588,#5589));
#2823=EDGE_LOOP('',(#5590,#5591,#5592,#5593));
#2824=AXIS2_PLACEMENT_3D('',#5594,#5595,#5596);
#2825=SURFACE_SIDE_STYLE('',(#5597));
#2826=EDGE_LOOP('',(#5598,#5599,#5600,#5601));
#2827=AXIS2_PLACEMENT_3D('',#5602,#5603,#5604);
#2828=SURFACE_SIDE_STYLE('',(#5605));
#2829=EDGE_LOOP('',(#5606,#5607,#5608,#5609));
#2830=AXIS2_PLACEMENT_3D('',#5610,#5611,#5612);
#2831=SURFACE_SIDE_STYLE('',(#5613));
#2832=EDGE_LOOP('',(#5614,#5615,#5616,#5617));
#2833=AXIS2_PLACEMENT_3D('',#5618,#5619,#5620);
#2834=SURFACE_SIDE_STYLE('',(#5621));
#2835=EDGE_LOOP('',(#5622,#5623,#5624,#5625));
#2836=AXIS2_PLACEMENT_3D('',#5626,#5627,#5628);
#2837=SURFACE_SIDE_STYLE('',(#5629));
#2838=EDGE_LOOP('',(#5630,#5631,#5632,#5633));
#2839=AXIS2_PLACEMENT_3D('',#5634,#5635,#5636);
#2840=SURFACE_SIDE_STYLE('',(#5637));
#2841=EDGE_LOOP('',(#5638,#5639,#5640,#5641));
#2842=AXIS2_PLACEMENT_3D('',#5642,#5643,#5644);
#2843=SURFACE_SIDE_STYLE('',(#5645));
#2844=EDGE_LOOP('',(#5646,#5647,#5648,#5649));
#2845=AXIS2_PLACEMENT_3D('',#5650,#5651,#5652);
#2846=SURFACE_SIDE_STYLE('',(#5653));
#2847=EDGE_LOOP('',(#5654,#5655,#5656,#5657));
#2848=AXIS2_PLACEMENT_3D('',#5658,#5659,#5660);
#2849=SURFACE_SIDE_STYLE('',(#5661));
#2850=EDGE_LOOP('',(#5662,#5663,#5664,#5665));
#2851=EDGE_LOOP('',(#5666,#5667,#5668,#5669,#5670,#5671,#5672,#5673));
#2852=EDGE_LOOP('',(#5674,#5675,#5676,#5677,#5678,#5679,#5680,#5681));
#2853=EDGE_LOOP('',(#5682,#5683,#5684,#5685,#5686,#5687));
#2854=EDGE_LOOP('',(#5688,#5689,#5690,#5691));
#2855=EDGE_LOOP('',(#5692,#5693,#5694,#5695));
#2856=AXIS2_PLACEMENT_3D('',#5696,#5697,#5698);
#2857=SURFACE_SIDE_STYLE('',(#5699));
#2858=EDGE_LOOP('',(#5700,#5701,#5702,#5703,#5704));
#2859=AXIS2_PLACEMENT_3D('',#5705,#5706,#5707);
#2860=SURFACE_SIDE_STYLE('',(#5708));
#2861=EDGE_LOOP('',(#5709,#5710,#5711,#5712,#5713,#5714,#5715,#5716,#5717,#5718,#5719,#5720));
#2862=AXIS2_PLACEMENT_3D('',#5721,#5722,#5723);
#2863=SURFACE_SIDE_STYLE('',(#5724));
#2864=EDGE_LOOP('',(#5725,#5726,#5727,#5728));
#2865=AXIS2_PLACEMENT_3D('',#5729,#5730,#5731);
#2866=SURFACE_SIDE_STYLE('',(#5732));
#2867=EDGE_LOOP('',(#5733,#5734,#5735,#5736));
#2868=AXIS2_PLACEMENT_3D('',#5737,#5738,#5739);
#2869=SURFACE_SIDE_STYLE('',(#5740));
#2870=EDGE_LOOP('',(#5741,#5742,#5743,#5744));
#2871=AXIS2_PLACEMENT_3D('',#5745,#5746,#5747);
#2872=SURFACE_SIDE_STYLE('',(#5748));
#2873=EDGE_LOOP('',(#5749,#5750,#5751,#5752));
#2874=AXIS2_PLACEMENT_3D('',#5753,#5754,#5755);
#2875=SURFACE_SIDE_STYLE('',(#5756));
#2876=EDGE_LOOP('',(#5757,#5758,#5759,#5760,#5761,#5762,#5763,#5764,#5765));
#2877=AXIS2_PLACEMENT_3D('',#5766,#5767,#5768);
#2878=SURFACE_SIDE_STYLE('',(#5769));
#2879=EDGE_LOOP('',(#5770,#5771,#5772,#5773));
#2880=AXIS2_PLACEMENT_3D('',#5774,#5775,#5776);
#2881=SURFACE_SIDE_STYLE('',(#5777));
#2882=EDGE_LOOP('',(#5778,#5779,#5780,#5781));
#2883=AXIS2_PLACEMENT_3D('',#5782,#5783,#5784);
#2884=SURFACE_SIDE_STYLE('',(#5785));
#2885=EDGE_LOOP('',(#5786,#5787,#5788,#5789));
#2886=AXIS2_PLACEMENT_3D('',#5790,#5791,#5792);
#2887=SURFACE_SIDE_STYLE('',(#5793));
#2888=EDGE_LOOP('',(#5794,#5795,#5796,#5797));
#2889=CARTESIAN_POINT('',(1.00999999975091,-2.0,-11.6467949228546));
#2890=CARTESIAN_POINT('',(1.00999999975091,-2.25,-11.6467949228546));
#2891=CARTESIAN_POINT('',(1.00069501417334,-2.0,-11.7816340460719));
#2892=CARTESIAN_POINT('',(1.00069501417334,-2.25,-11.7816340460719));
#2893=CARTESIAN_POINT('',(0.876426604667001,-2.0,-11.8533804468566));
#2894=CARTESIAN_POINT('',(0.876426604667001,-2.25,-11.8533804468566));
#2895=CARTESIAN_POINT('',(0.755000006333867,-2.0,-11.7940192409807));
#2896=CARTESIAN_POINT('',(0.755000006333867,-2.25,-11.7940192409807));
#2897=SURFACE_SIDE_STYLE('',(#5798));
#2898=EDGE_LOOP('',(#5799,#5800,#5801,#5802));
#2899=AXIS2_PLACEMENT_3D('',#5803,#5804,#5805);
#2900=SURFACE_SIDE_STYLE('',(#5806));
#2901=EDGE_LOOP('',(#5807,#5808,#5809,#5810));
#2902=CARTESIAN_POINT('',(0.0100000004117823,-2.0,-11.5890598863529));
#2903=CARTESIAN_POINT('',(0.0100000004117823,-2.25,-11.5890598863529));
#2904=CARTESIAN_POINT('',(0.0171155784633512,-2.0,-11.4859476224733));
#2905=CARTESIAN_POINT('',(0.0171155784633512,-2.25,-11.4859476224733));
#2906=CARTESIAN_POINT('',(0.112144356434155,-2.0,-11.4310827278884));
#2907=CARTESIAN_POINT('',(0.112144356434155,-2.25,-11.4310827278884));
#2908=CARTESIAN_POINT('',(0.204999983239021,-2.0,-11.4764765816337));
#2909=CARTESIAN_POINT('',(0.204999983239021,-2.25,-11.4764765816337));
#2910=SURFACE_SIDE_STYLE('',(#5811));
#2911=EDGE_LOOP('',(#5812,#5813,#5814,#5815,#5816));
#2912=AXIS2_PLACEMENT_3D('',#5817,#5818,#5819);
#2913=SURFACE_SIDE_STYLE('',(#5820));
#2914=EDGE_LOOP('',(#5821,#5822,#5823,#5824));
#2915=AXIS2_PLACEMENT_3D('',#5825,#5826,#5827);
#2916=SURFACE_SIDE_STYLE('',(#5828));
#2917=EDGE_LOOP('',(#5829,#5830,#5831,#5832,#5833,#5834,#5835,#5836));
#2918=AXIS2_PLACEMENT_3D('',#5837,#5838,#5839);
#2919=SURFACE_SIDE_STYLE('',(#5840));
#2920=EDGE_LOOP('',(#5841,#5842,#5843,#5844,#5845));
#2921=AXIS2_PLACEMENT_3D('',#5846,#5847,#5848);
#2922=SURFACE_SIDE_STYLE('',(#5849));
#2923=EDGE_LOOP('',(#5850,#5851,#5852,#5853,#5854,#5855));
#2924=AXIS2_PLACEMENT_3D('',#5856,#5857,#5858);
#2925=SURFACE_SIDE_STYLE('',(#5859));
#2926=EDGE_LOOP('',(#5860,#5861,#5862,#5863,#5864));
#2927=AXIS2_PLACEMENT_3D('',#5865,#5866,#5867);
#2928=SURFACE_SIDE_STYLE('',(#5868));
#2929=EDGE_LOOP('',(#5869,#5870,#5871,#5872));
#2930=AXIS2_PLACEMENT_3D('',#5873,#5874,#5875);
#2931=SURFACE_SIDE_STYLE('',(#5876));
#2932=EDGE_LOOP('',(#5877,#5878,#5879,#5880,#5881,#5882,#5883,#5884,#5885));
#2933=AXIS2_PLACEMENT_3D('',#5886,#5887,#5888);
#2934=SURFACE_SIDE_STYLE('',(#5889));
#2935=EDGE_LOOP('',(#5890,#5891,#5892,#5893,#5894,#5895,#5896,#5897,#5898,#5899));
#2936=AXIS2_PLACEMENT_3D('',#5900,#5901,#5902);
#2937=SURFACE_SIDE_STYLE('',(#5903));
#2938=EDGE_LOOP('',(#5904,#5905,#5906,#5907));
#2939=AXIS2_PLACEMENT_3D('',#5908,#5909,#5910);
#2940=SURFACE_SIDE_STYLE('',(#5911));
#2941=EDGE_LOOP('',(#5912,#5913,#5914,#5915));
#2942=AXIS2_PLACEMENT_3D('',#5916,#5917,#5918);
#2943=SURFACE_SIDE_STYLE('',(#5919));
#2944=EDGE_LOOP('',(#5920,#5921,#5922,#5923,#5924,#5925,#5926,#5927,#5928,#5929));
#2945=AXIS2_PLACEMENT_3D('',#5930,#5931,#5932);
#2946=SURFACE_SIDE_STYLE('',(#5933));
#2947=EDGE_LOOP('',(#5934,#5935,#5936,#5937,#5938,#5939,#5940,#5941,#5942,#5943,#5944,#5945,#5946,#5947,#5948,#5949,#5950,#5951,#5952,#5953));
#2948=AXIS2_PLACEMENT_3D('',#5954,#5955,#5956);
#2949=SURFACE_SIDE_STYLE('',(#5957));
#2950=EDGE_LOOP('',(#5958,#5959,#5960,#5961));
#2951=AXIS2_PLACEMENT_3D('',#5962,#5963,#5964);
#2952=SURFACE_SIDE_STYLE('',(#5965));
#2953=EDGE_LOOP('',(#5966,#5967,#5968,#5969));
#2954=CARTESIAN_POINT('',(0.204999994623446,-2.0,-9.85711325128154));
#2955=CARTESIAN_POINT('',(0.204999994623446,-2.25,-9.85711325128154));
#2956=CARTESIAN_POINT('',(0.112144365641406,-2.0,-9.90250711186192));
#2957=CARTESIAN_POINT('',(0.112144365641406,-2.25,-9.90250711186192));
#2958=CARTESIAN_POINT('',(0.0171155841673171,-2.0,-9.84764222334382));
#2959=CARTESIAN_POINT('',(0.0171155841673171,-2.25,-9.84764222334382));
#2960=CARTESIAN_POINT('',(0.010000001284528,-2.0,-9.74452996477551));
#2961=CARTESIAN_POINT('',(0.010000001284528,-2.25,-9.74452996477551));
#2962=SURFACE_SIDE_STYLE('',(#5970));
#2963=EDGE_LOOP('',(#5971,#5972,#5973,#5974));
#2964=AXIS2_PLACEMENT_3D('',#5975,#5976,#5977);
#2965=SURFACE_SIDE_STYLE('',(#5978));
#2966=EDGE_LOOP('',(#5979,#5980,#5981,#5982));
#2967=CARTESIAN_POINT('',(0.0100000004119777,-2.0,-3.80452994019142));
#2968=CARTESIAN_POINT('',(0.0100000004119777,-2.25,-3.80452994019142));
#2969=CARTESIAN_POINT('',(0.0171155784645421,-2.0,-3.70141767631779));
#2970=CARTESIAN_POINT('',(0.0171155784645421,-2.25,-3.70141767631779));
#2971=CARTESIAN_POINT('',(0.112144356434631,-2.0,-3.64655278172949));
#2972=CARTESIAN_POINT('',(0.112144356434631,-2.25,-3.64655278172949));
#2973=CARTESIAN_POINT('',(0.204999983238233,-2.0,-3.69194663547533));
#2974=CARTESIAN_POINT('',(0.204999983238233,-2.25,-3.69194663547533));
#2975=SURFACE_SIDE_STYLE('',(#5983));
#2976=EDGE_LOOP('',(#5984,#5985,#5986,#5987));
#2977=AXIS2_PLACEMENT_3D('',#5988,#5989,#5990);
#2978=SURFACE_SIDE_STYLE('',(#5991));
#2979=EDGE_LOOP('',(#5992,#5993,#5994,#5995));
#2980=CARTESIAN_POINT('',(1.00999999975092,-2.0,-3.86226497669564));
#2981=CARTESIAN_POINT('',(1.00999999975092,-2.25,-3.86226497669564));
#2982=CARTESIAN_POINT('',(1.00069501417332,-2.0,-3.99710409991834));
#2983=CARTESIAN_POINT('',(1.00069501417332,-2.25,-3.99710409991834));
#2984=CARTESIAN_POINT('',(0.876426604665878,-2.0,-4.06885050069176));
#2985=CARTESIAN_POINT('',(0.876426604665878,-2.25,-4.06885050069176));
#2986=CARTESIAN_POINT('',(0.755000006331442,-2.0,-4.00948929481963));
#2987=CARTESIAN_POINT('',(0.755000006331442,-2.25,-4.00948929481963));
#2988=SURFACE_SIDE_STYLE('',(#5996));
#2989=EDGE_LOOP('',(#5997,#5998,#5999,#6000));
#2990=AXIS2_PLACEMENT_3D('',#6001,#6002,#6003);
#2991=SURFACE_SIDE_STYLE('',(#6004));
#2992=EDGE_LOOP('',(#6005,#6006,#6007,#6008));
#2993=CARTESIAN_POINT('',(0.755000003254821,-2.0,-1.75504065284647));
#2994=CARTESIAN_POINT('',(0.755000003254821,-2.25,-1.75504065284647));
#2995=CARTESIAN_POINT('',(0.876426602177999,-2.0,-1.69567944512765));
#2996=CARTESIAN_POINT('',(0.876426602177999,-2.25,-1.69567944512765));
#2997=CARTESIAN_POINT('',(1.00069501263313,-2.0,-1.76742584426162));
#2998=CARTESIAN_POINT('',(1.00069501263313,-2.25,-1.76742584426162));
#2999=CARTESIAN_POINT('',(1.00999999951485,-2.0,-1.90226496604993));
#3000=CARTESIAN_POINT('',(1.00999999951485,-2.25,-1.90226496604993));
#3001=SURFACE_SIDE_STYLE('',(#6009));
#3002=EDGE_LOOP('',(#6010,#6011,#6012,#6013));
#3003=AXIS2_PLACEMENT_3D('',#6014,#6015,#6016);
#3004=SURFACE_SIDE_STYLE('',(#6017));
#3005=EDGE_LOOP('',(#6018,#6019,#6020,#6021));
#3006=CARTESIAN_POINT('',(0.204999994623452,-2.0,-2.07258330512055));
#3007=CARTESIAN_POINT('',(0.204999994623452,-2.25,-2.07258330512055));
#3008=CARTESIAN_POINT('',(0.11214436564097,-2.0,-2.11797716570106));
#3009=CARTESIAN_POINT('',(0.11214436564097,-2.25,-2.11797716570106));
#3010=CARTESIAN_POINT('',(0.0171155841667568,-2.0,-2.06311227718202));
#3011=CARTESIAN_POINT('',(0.0171155841667568,-2.25,-2.06311227718202));
#3012=CARTESIAN_POINT('',(0.0100000012842896,-2.0,-1.96000001861343));
#3013=CARTESIAN_POINT('',(0.0100000012842896,-2.25,-1.96000001861343));
#3014=SURFACE_SIDE_STYLE('',(#6022));
#3015=EDGE_LOOP('',(#6023,#6024,#6025,#6026,#6027,#6028,#6029));
#3016=AXIS2_PLACEMENT_3D('',#6030,#6031,#6032);
#3017=SURFACE_SIDE_STYLE('',(#6033));
#3018=EDGE_LOOP('',(#6034,#6035,#6036,#6037));
#3019=AXIS2_PLACEMENT_3D('',#6038,#6039,#6040);
#3020=SURFACE_SIDE_STYLE('',(#6041));
#3021=EDGE_LOOP('',(#6042,#6043,#6044,#6045));
#3022=AXIS2_PLACEMENT_3D('',#6046,#6047,#6048);
#3023=SURFACE_SIDE_STYLE('',(#6049));
#3024=EDGE_LOOP('',(#6050,#6051,#6052,#6053));
#3025=AXIS2_PLACEMENT_3D('',#6054,#6055,#6056);
#3026=SURFACE_SIDE_STYLE('',(#6057));
#3027=EDGE_LOOP('',(#6058,#6059,#6060,#6061));
#3028=AXIS2_PLACEMENT_3D('',#6062,#6063,#6064);
#3029=SURFACE_SIDE_STYLE('',(#6065));
#3030=EDGE_LOOP('',(#6066,#6067,#6068,#6069));
#3031=AXIS2_PLACEMENT_3D('',#6070,#6071,#6072);
#3032=SURFACE_SIDE_STYLE('',(#6073));
#3033=EDGE_LOOP('',(#6074,#6075,#6076,#6077));
#3034=AXIS2_PLACEMENT_3D('',#6078,#6079,#6080);
#3035=SURFACE_SIDE_STYLE('',(#6081));
#3036=EDGE_LOOP('',(#6082,#6083,#6084,#6085));
#3037=AXIS2_PLACEMENT_3D('',#6086,#6087,#6088);
#3038=SURFACE_SIDE_STYLE('',(#6089));
#3039=EDGE_LOOP('',(#6090,#6091,#6092,#6093));
#3040=AXIS2_PLACEMENT_3D('',#6094,#6095,#6096);
#3041=SURFACE_SIDE_STYLE('',(#6097));
#3042=EDGE_LOOP('',(#6098,#6099,#6100,#6101));
#3043=AXIS2_PLACEMENT_3D('',#6102,#6103,#6104);
#3044=SURFACE_SIDE_STYLE('',(#6105));
#3045=EDGE_LOOP('',(#6106,#6107,#6108,#6109));
#3046=AXIS2_PLACEMENT_3D('',#6110,#6111,#6112);
#3047=SURFACE_SIDE_STYLE('',(#6113));
#3048=EDGE_LOOP('',(#6114,#6115,#6116,#6117));
#3049=AXIS2_PLACEMENT_3D('',#6118,#6119,#6120);
#3050=SURFACE_SIDE_STYLE('',(#6121));
#3051=EDGE_LOOP('',(#6122,#6123,#6124,#6125));
#3052=AXIS2_PLACEMENT_3D('',#6126,#6127,#6128);
#3053=SURFACE_SIDE_STYLE('',(#6129));
#3054=EDGE_LOOP('',(#6130,#6131,#6132,#6133));
#3055=AXIS2_PLACEMENT_3D('',#6134,#6135,#6136);
#3056=SURFACE_SIDE_STYLE('',(#6137));
#3057=EDGE_LOOP('',(#6138,#6139,#6140,#6141));
#3058=AXIS2_PLACEMENT_3D('',#6142,#6143,#6144);
#3059=SURFACE_SIDE_STYLE('',(#6145));
#3060=EDGE_LOOP('',(#6146,#6147,#6148,#6149));
#3061=EDGE_LOOP('',(#6150,#6151,#6152,#6153,#6154,#6155,#6156,#6157,#6158,#6159,#6160,#6161,#6162,#6163,#6164,#6165,#6166,#6167,#6168,#6169));
#3062=AXIS2_PLACEMENT_3D('',#6170,#6171,#6172);
#3063=SURFACE_SIDE_STYLE('',(#6173));
#3064=EDGE_LOOP('',(#6174,#6175,#6176,#6177));
#3065=EDGE_LOOP('',(#6178,#6179,#6180,#6181,#6182,#6183,#6184,#6185,#6186,#6187,#6188,#6189,#6190,#6191,#6192,#6193,#6194,#6195,#6196,#6197));
#3066=AXIS2_PLACEMENT_3D('',#6198,#6199,#6200);
#3067=SURFACE_SIDE_STYLE('',(#6201));
#3068=EDGE_LOOP('',(#6202,#6203,#6204,#6205));
#3069=AXIS2_PLACEMENT_3D('',#6206,#6207,#6208);
#3070=SURFACE_SIDE_STYLE('',(#6209));
#3071=EDGE_LOOP('',(#6210,#6211,#6212,#6213));
#3072=AXIS2_PLACEMENT_3D('',#6214,#6215,#6216);
#3073=SURFACE_SIDE_STYLE('',(#6217));
#3074=EDGE_LOOP('',(#6218,#6219,#6220,#6221));
#3075=AXIS2_PLACEMENT_3D('',#6222,#6223,#6224);
#3076=SURFACE_SIDE_STYLE('',(#6225));
#3077=EDGE_LOOP('',(#6226,#6227,#6228,#6229,#6230));
#3078=AXIS2_PLACEMENT_3D('',#6231,#6232,#6233);
#3079=SURFACE_SIDE_STYLE('',(#6234));
#3080=EDGE_LOOP('',(#6235,#6236,#6237,#6238,#6239));
#3081=AXIS2_PLACEMENT_3D('',#6240,#6241,#6242);
#3082=SURFACE_SIDE_STYLE('',(#6243));
#3083=EDGE_LOOP('',(#6244,#6245,#6246,#6247));
#3084=CARTESIAN_POINT('',(0.755000003255018,-2.0,-9.53957059900782));
#3085=CARTESIAN_POINT('',(0.755000003255018,-2.25,-9.53957059900782));
#3086=CARTESIAN_POINT('',(0.87642660217798,-2.0,-9.48020939128788));
#3087=CARTESIAN_POINT('',(0.87642660217798,-2.25,-9.48020939128788));
#3088=CARTESIAN_POINT('',(1.00069501263298,-2.0,-9.55195579042184));
#3089=CARTESIAN_POINT('',(1.00069501263298,-2.25,-9.55195579042184));
#3090=CARTESIAN_POINT('',(1.00999999951483,-2.0,-9.68679491221093));
#3091=CARTESIAN_POINT('',(1.00999999951483,-2.25,-9.68679491221093));
#3092=SURFACE_SIDE_STYLE('',(#6248));
#3093=ADVANCED_FACE('Face appearance 3',(#6249),#6250,.T.);
#3094=ADVANCED_FACE('Face appearance 3',(#6251),#6252,.T.);
#3095=ADVANCED_FACE('Face appearance 3',(#6253),#6254,.T.);
#3096=ADVANCED_FACE('Face appearance 3',(#6255),#6256,.T.);
#3097=ADVANCED_FACE('Face appearance 3',(#6257),#6258,.T.);
#3098=ADVANCED_FACE('Face appearance 3',(#6259),#6260,.T.);
#3099=ADVANCED_FACE('Face appearance 3',(#6261),#6262,.T.);
#3100=ADVANCED_FACE('Face appearance 3',(#6263),#6264,.T.);
#3101=ADVANCED_FACE('Face appearance 3',(#6265),#6266,.F.);
#3102=ADVANCED_FACE('Face appearance 3',(#6267),#6268,.F.);
#3103=ADVANCED_FACE('Face appearance 3',(#6269),#6270,.F.);
#3104=ADVANCED_FACE('Face appearance 3',(#6271),#6272,.F.);
#3105=ADVANCED_FACE('Face appearance 3',(#6273),#6274,.T.);
#3106=ADVANCED_FACE('Face appearance 3',(#6275),#6276,.T.);
#3107=ADVANCED_FACE('Face appearance 3',(#6277),#6278,.T.);
#3108=ADVANCED_FACE('Face appearance 3',(#6279),#6280,.T.);
#3109=ADVANCED_FACE('Face appearance 3',(#6281),#6282,.T.);
#3110=ADVANCED_FACE('Face appearance 3',(#6283),#6284,.T.);
#3111=ADVANCED_FACE('Face appearance 3',(#6285),#6286,.T.);
#3112=ADVANCED_FACE('Face appearance 3',(#6287),#6288,.T.);
#3113=ADVANCED_FACE('Face appearance 3',(#6289),#6290,.T.);
#3114=ADVANCED_FACE('Face appearance 3',(#6291),#6292,.T.);
#3115=ADVANCED_FACE('Face appearance 3',(#6293),#6294,.F.);
#3116=ADVANCED_FACE('Face appearance 3',(#6295),#6296,.F.);
#3117=ADVANCED_FACE('Face appearance 3',(#6297),#6298,.T.);
#3118=ADVANCED_FACE('Face appearance 3',(#6299),#6300,.T.);
#3119=ADVANCED_FACE('Face appearance 3',(#6301),#6302,.T.);
#3120=ADVANCED_FACE('Face appearance 3',(#6303),#6304,.T.);
#3121=ADVANCED_FACE('Face appearance 3',(#6305),#6306,.T.);
#3122=ADVANCED_FACE('Face appearance 3',(#6307),#6308,.T.);
#3123=ADVANCED_FACE('Face appearance 3',(#6309),#6310,.T.);
#3124=ADVANCED_FACE('Face appearance 3',(#6311),#6312,.T.);
#3125=ADVANCED_FACE('Face appearance 3',(#6313),#6314,.T.);
#3126=ADVANCED_FACE('Face appearance 3',(#6315),#6316,.T.);
#3127=ADVANCED_FACE('Face appearance 3',(#6317),#6318,.T.);
#3128=ADVANCED_FACE('Face appearance 3',(#6319),#6320,.T.);
#3129=ADVANCED_FACE('Face appearance 3',(#6321),#6322,.T.);
#3130=ADVANCED_FACE('Face appearance 3',(#6323),#6324,.T.);
#3131=ADVANCED_FACE('Face appearance 3',(#6325),#6326,.T.);
#3132=ADVANCED_FACE('Face appearance 3',(#6327),#6328,.F.);
#3133=ADVANCED_FACE('Face appearance 3',(#6329),#6330,.F.);
#3134=ADVANCED_FACE('Face appearance 3',(#6331),#6332,.T.);
#3135=ADVANCED_FACE('Face appearance 3',(#6333),#6334,.T.);
#3136=ADVANCED_FACE('Face appearance 3',(#6335),#6336,.T.);
#3137=ADVANCED_FACE('Face appearance 3',(#6337),#6338,.T.);
#3138=ADVANCED_FACE('Face appearance 3',(#6339),#6340,.T.);
#3139=ADVANCED_FACE('Face appearance 3',(#6341),#6342,.T.);
#3140=ADVANCED_FACE('Face appearance 3',(#6343),#6344,.T.);
#3141=ADVANCED_FACE('Face appearance 3',(#6345),#6346,.T.);
#3142=ADVANCED_FACE('Face appearance 3',(#6347),#6348,.T.);
#3143=ADVANCED_FACE('Face appearance 3',(#6349),#6350,.T.);
#3144=ADVANCED_FACE('Face appearance 3',(#6351),#6352,.T.);
#3145=ADVANCED_FACE('Face appearance 3',(#6353),#6354,.F.);
#3146=ADVANCED_FACE('Face appearance 3',(#6355),#6356,.F.);
#3147=ADVANCED_FACE('Face appearance 3',(#6357),#6358,.T.);
#3148=ADVANCED_FACE('Face appearance 3',(#6359),#6360,.T.);
#3149=ADVANCED_FACE('Face appearance 3',(#6361),#6362,.T.);
#3150=ADVANCED_FACE('Face appearance 3',(#6363),#6364,.T.);
#3151=ADVANCED_FACE('Face appearance 3',(#6365),#6366,.T.);
#3152=ADVANCED_FACE('Face appearance 3',(#6367),#6368,.T.);
#3153=ADVANCED_FACE('Face appearance 3',(#6369),#6370,.T.);
#3154=ADVANCED_FACE('Face appearance 3',(#6371),#6372,.T.);
#3155=ADVANCED_FACE('Face appearance 3',(#6373),#6374,.T.);
#3156=ADVANCED_FACE('Face appearance 3',(#6375),#6376,.T.);
#3157=ADVANCED_FACE('Face appearance 3',(#6377),#6378,.T.);
#3158=ADVANCED_FACE('Face appearance 3',(#6379),#6380,.T.);
#3159=ADVANCED_FACE('Face appearance 3',(#6381),#6382,.F.);
#3160=ADVANCED_FACE('Face appearance 3',(#6383),#6384,.F.);
#3161=ADVANCED_FACE('Face appearance 3',(#6385),#6386,.F.);
#3162=ADVANCED_FACE('Face appearance 3',(#6387),#6388,.F.);
#3163=ADVANCED_FACE('Face appearance 3',(#6389),#6390,.F.);
#3164=ADVANCED_FACE('Face appearance 3',(#6391),#6392,.F.);
#3165=ADVANCED_FACE('Face appearance 3',(#6393),#6394,.F.);
#3166=ADVANCED_FACE('Face appearance 3',(#6395),#6396,.F.);
#3167=ADVANCED_FACE('Face appearance 3',(#6397),#6398,.F.);
#3168=ADVANCED_FACE('Face appearance 3',(#6399),#6400,.F.);
#3169=ADVANCED_FACE('Face appearance 3',(#6401),#6402,.F.);
#3170=ADVANCED_FACE('Face appearance 3',(#6403),#6404,.F.);
#3171=ADVANCED_FACE('Face appearance 3',(#6405),#6406,.F.);
#3172=ADVANCED_FACE('Face appearance 3',(#6407),#6408,.F.);
#3173=ADVANCED_FACE('Face appearance 3',(#6409),#6410,.F.);
#3174=ADVANCED_FACE('Face appearance 3',(#6411),#6412,.F.);
#3175=ADVANCED_FACE('Face appearance 3',(#6413),#6414,.F.);
#3176=ADVANCED_FACE('Face appearance 3',(#6415),#6416,.F.);
#3177=ADVANCED_FACE('Face appearance 3',(#6417),#6418,.F.);
#3178=ADVANCED_FACE('Face appearance 3',(#6419),#6420,.F.);
#3179=ADVANCED_FACE('Face appearance 3',(#6421),#6422,.T.);
#3180=ADVANCED_FACE('Face appearance 3',(#6423),#6424,.T.);
#3181=ADVANCED_FACE('Face appearance 3',(#6425),#6426,.T.);
#3182=ADVANCED_FACE('Face appearance 3',(#6427),#6428,.F.);
#3183=ADVANCED_FACE('Face appearance 3',(#6429),#6430,.T.);
#3184=ADVANCED_FACE('Face appearance 3',(#6431),#6432,.T.);
#3185=ADVANCED_FACE('Face appearance 3',(#6433),#6434,.T.);
#3186=ADVANCED_FACE('Face appearance 3',(#6435),#6436,.F.);
#3187=ADVANCED_FACE('Face appearance 3',(#6437),#6438,.T.);
#3188=ADVANCED_FACE('Face appearance 3',(#6439),#6440,.T.);
#3189=ADVANCED_FACE('Face appearance 3',(#6441),#6442,.F.);
#3190=ADVANCED_FACE('Face appearance 3',(#6443),#6444,.F.);
#3191=ADVANCED_FACE('Face appearance 3',(#6445),#6446,.T.);
#3192=ADVANCED_FACE('Face appearance 3',(#6447),#6448,.T.);
#3193=ADVANCED_FACE('Face appearance 3',(#6449),#6450,.T.);
#3194=ADVANCED_FACE('Face appearance 3',(#6451),#6452,.F.);
#3195=ADVANCED_FACE('Face appearance 3',(#6453),#6454,.T.);
#3196=ADVANCED_FACE('Face appearance 3',(#6455),#6456,.F.);
#3197=ADVANCED_FACE('Face appearance 3',(#6457),#6458,.T.);
#3198=ADVANCED_FACE('Face appearance 3',(#6459),#6460,.T.);
#3199=ADVANCED_FACE('Face appearance 3',(#6461),#6462,.T.);
#3200=ADVANCED_FACE('Face appearance 3',(#6463),#6464,.F.);
#3201=ADVANCED_FACE('Face appearance 3',(#6465),#6466,.F.);
#3202=ADVANCED_FACE('Face appearance 3',(#6467),#6468,.T.);
#3203=ADVANCED_FACE('Face appearance 3',(#6469),#6470,.F.);
#3204=ADVANCED_FACE('Face appearance 3',(#6471),#6472,.T.);
#3205=ADVANCED_FACE('Face appearance 3',(#6473),#6474,.T.);
#3206=ADVANCED_FACE('Face appearance 3',(#6475),#6476,.F.);
#3207=ADVANCED_FACE('Face appearance 3',(#6477),#6478,.F.);
#3208=ADVANCED_FACE('Face appearance 3',(#6479),#6480,.T.);
#3209=ADVANCED_FACE('Face appearance 3',(#6481),#6482,.T.);
#3210=ADVANCED_FACE('Face appearance 3',(#6483),#6484,.T.);
#3211=ADVANCED_FACE('Face appearance 3',(#6485),#6486,.T.);
#3212=ADVANCED_FACE('Face appearance 3',(#6487),#6488,.T.);
#3213=ADVANCED_FACE('Face appearance 3',(#6489),#6490,.T.);
#3214=ADVANCED_FACE('Face appearance 3',(#6491),#6492,.T.);
#3215=ADVANCED_FACE('Face appearance 3',(#6493),#6494,.T.);
#3216=ADVANCED_FACE('Face appearance 3',(#6495),#6496,.F.);
#3217=ADVANCED_FACE('Face appearance 3',(#6497,#6498),#6499,.T.);
#3218=ADVANCED_FACE('Face appearance 3',(#6500),#6501,.T.);
#3219=ADVANCED_FACE('Face appearance 3',(#6502),#6503,.T.);
#3220=ADVANCED_FACE('Face appearance 3',(#6504),#6505,.T.);
#3221=ADVANCED_FACE('Face appearance 3',(#6506),#6507,.T.);
#3222=ADVANCED_FACE('Face appearance 3',(#6508),#6509,.T.);
#3223=ADVANCED_FACE('Face appearance 3',(#6510),#6511,.T.);
#3224=ADVANCED_FACE('Face appearance 3',(#6512),#6513,.T.);
#3225=ADVANCED_FACE('Face appearance 3',(#6514),#6515,.T.);
#3226=ADVANCED_FACE('Face appearance 3',(#6516),#6517,.T.);
#3227=ADVANCED_FACE('Face appearance 3',(#6518),#6519,.T.);
#3228=ADVANCED_FACE('Face appearance 3',(#6520),#6521,.T.);
#3229=ADVANCED_FACE('Face appearance 3',(#6522),#6523,.F.);
#3230=ADVANCED_FACE('Face appearance 3',(#6524),#6525,.T.);
#3231=ADVANCED_FACE('Face appearance 3',(#6526),#6527,.T.);
#3232=ADVANCED_FACE('Face appearance 3',(#6528),#6529,.T.);
#3233=ADVANCED_FACE('Face appearance 3',(#6530),#6531,.F.);
#3234=ADVANCED_FACE('Face appearance 3',(#6532),#6533,.F.);
#3235=ADVANCED_FACE('Face appearance 3',(#6534),#6535,.T.);
#3236=ADVANCED_FACE('Face appearance 3',(#6536),#6537,.T.);
#3237=ADVANCED_FACE('Face appearance 3',(#6538),#6539,.T.);
#3238=ADVANCED_FACE('Face appearance 3',(#6540),#6541,.T.);
#3239=ADVANCED_FACE('Face appearance 3',(#6542),#6543,.T.);
#3240=ADVANCED_FACE('Face appearance 3',(#6544),#6545,.T.);
#3241=ADVANCED_FACE('Face appearance 3',(#6546),#6547,.T.);
#3242=ADVANCED_FACE('Face appearance 3',(#6548),#6549,.F.);
#3243=ADVANCED_FACE('Face appearance 3',(#6550),#6551,.F.);
#3244=ADVANCED_FACE('Face appearance 3',(#6552),#6553,.T.);
#3245=ADVANCED_FACE('Face appearance 3',(#6554),#6555,.T.);
#3246=ADVANCED_FACE('Face appearance 3',(#6556),#6557,.T.);
#3247=ADVANCED_FACE('Face appearance 3',(#6558,#6559),#6560,.T.);
#3248=ADVANCED_FACE('Face appearance 3',(#6561),#6562,.T.);
#3249=ADVANCED_FACE('Face appearance 3',(#6563),#6564,.T.);
#3250=ADVANCED_FACE('Face appearance 3',(#6565,#6566),#6567,.T.);
#3251=ADVANCED_FACE('Face appearance 3',(#6568),#6569,.T.);
#3252=ADVANCED_FACE('Face appearance 3',(#6570),#6571,.T.);
#3253=ADVANCED_FACE('Face appearance 3',(#6572),#6573,.T.);
#3254=ADVANCED_FACE('Face appearance 3',(#6574),#6575,.T.);
#3255=ADVANCED_FACE('Face appearance 3',(#6576),#6577,.T.);
#3256=ADVANCED_FACE('Face appearance 3',(#6578),#6579,.T.);
#3257=ADVANCED_FACE('Face appearance 3',(#6580),#6581,.T.);
#3258=ADVANCED_FACE('Face appearance 3',(#6582),#6583,.T.);
#3259=ADVANCED_FACE('Face appearance 3',(#6584),#6585,.T.);
#3260=ADVANCED_FACE('Face appearance 3',(#6586),#6587,.T.);
#3261=ADVANCED_FACE('Face appearance 3',(#6588),#6589,.T.);
#3262=ADVANCED_FACE('Face appearance 3',(#6590),#6591,.T.);
#3263=ADVANCED_FACE('Face appearance 3',(#6592),#6593,.T.);
#3264=ADVANCED_FACE('Face appearance 3',(#6594),#6595,.T.);
#3265=ADVANCED_FACE('Face appearance 3',(#6596),#6597,.T.);
#3266=ADVANCED_FACE('Face appearance 3',(#6598),#6599,.T.);
#3267=ADVANCED_FACE('Face appearance 3',(#6600),#6601,.T.);
#3268=ADVANCED_FACE('Face appearance 3',(#6602),#6603,.T.);
#3269=ADVANCED_FACE('Face appearance 3',(#6604),#6605,.F.);
#3270=ADVANCED_FACE('Face appearance 3',(#6606),#6607,.T.);
#3271=ADVANCED_FACE('Face appearance 3',(#6608),#6609,.T.);
#3272=ADVANCED_FACE('Face appearance 3',(#6610),#6611,.T.);
#3273=ADVANCED_FACE('Face appearance 3',(#6612),#6613,.T.);
#3274=ADVANCED_FACE('Face appearance 3',(#6614),#6615,.T.);
#3275=ADVANCED_FACE('Face appearance 3',(#6616),#6617,.T.);
#3276=ADVANCED_FACE('Face appearance 3',(#6618),#6619,.T.);
#3277=ADVANCED_FACE('Face appearance 3',(#6620),#6621,.T.);
#3278=ADVANCED_FACE('Face appearance 3',(#6622),#6623,.T.);
#3279=ADVANCED_FACE('Face appearance 3',(#6624),#6625,.T.);
#3280=ADVANCED_FACE('Face appearance 3',(#6626),#6627,.F.);
#3281=ADVANCED_FACE('Face appearance 3',(#6628),#6629,.T.);
#3282=ADVANCED_FACE('Face appearance 3',(#6630),#6631,.T.);
#3283=ADVANCED_FACE('Face appearance 3',(#6632),#6633,.T.);
#3284=ADVANCED_FACE('Face appearance 3',(#6634),#6635,.T.);
#3285=ADVANCED_FACE('Face appearance 3',(#6636),#6637,.T.);
#3286=ADVANCED_FACE('Face appearance 3',(#6638),#6639,.T.);
#3287=ADVANCED_FACE('Face appearance 3',(#6640),#6641,.T.);
#3288=ADVANCED_FACE('Face appearance 3',(#6642),#6643,.T.);
#3289=ADVANCED_FACE('Face appearance 3',(#6644),#6645,.T.);
#3290=ADVANCED_FACE('Face appearance 3',(#6646),#6647,.T.);
#3292=SURFACE_STYLE_FILL_AREA(#6648);
#3293=ORIENTED_EDGE('',*,*,#6649,.F.);
#3294=ORIENTED_EDGE('',*,*,#6650,.T.);
#3295=ORIENTED_EDGE('',*,*,#6651,.F.);
#3296=ORIENTED_EDGE('',*,*,#6652,.T.);
#3297=CARTESIAN_POINT('',(-5.54999399976,-0.55,-17.8));
#3298=DIRECTION('',(1.0,0.0,0.0));
#3299=DIRECTION('',(0.0,-1.0,0.0));
#3300=SURFACE_STYLE_FILL_AREA(#6653);
#3301=ORIENTED_EDGE('',*,*,#6654,.F.);
#3302=ORIENTED_EDGE('',*,*,#6655,.T.);
#3303=ORIENTED_EDGE('',*,*,#6656,.T.);
#3304=ORIENTED_EDGE('',*,*,#6657,.T.);
#3305=CARTESIAN_POINT('',(-5.54999399976,-0.55,-17.8));
#3306=DIRECTION('',(1.0,0.0,0.0));
#3307=DIRECTION('',(0.0,-1.0,0.0));
#3308=SURFACE_STYLE_FILL_AREA(#6658);
#3309=ORIENTED_EDGE('',*,*,#6659,.F.);
#3310=ORIENTED_EDGE('',*,*,#6660,.T.);
#3311=ORIENTED_EDGE('',*,*,#6661,.F.);
#3312=ORIENTED_EDGE('',*,*,#6662,.F.);
#3313=CARTESIAN_POINT('',(3.5,-0.43,-2.9));
#3314=DIRECTION('',(0.0,1.0,2.71050543121241E-15));
#3315=DIRECTION('',(0.0,-2.71050543121241E-15,1.0));
#3316=SURFACE_STYLE_FILL_AREA(#6663);
#3317=ORIENTED_EDGE('',*,*,#6664,.F.);
#3318=ORIENTED_EDGE('',*,*,#6665,.F.);
#3319=ORIENTED_EDGE('',*,*,#6666,.T.);
#3320=ORIENTED_EDGE('',*,*,#6667,.T.);
#3321=CARTESIAN_POINT('',(3.5,-0.430000000000035,-5.0));
#3322=DIRECTION('',(0.0,1.0,-2.71050543121241E-15));
#3323=DIRECTION('',(0.0,2.71050543121241E-15,1.0));
#3324=SURFACE_STYLE_FILL_AREA(#6668);
#3325=ORIENTED_EDGE('',*,*,#6669,.F.);
#3326=ORIENTED_EDGE('',*,*,#6670,.T.);
#3327=ORIENTED_EDGE('',*,*,#6671,.F.);
#3328=ORIENTED_EDGE('',*,*,#6672,.F.);
#3329=CARTESIAN_POINT('',(-1.0,-0.430000000000049,-2.9));
#3330=DIRECTION('',(0.0,1.0,2.71050543121241E-15));
#3331=DIRECTION('',(0.0,-2.71050543121241E-15,1.0));
#3332=SURFACE_STYLE_FILL_AREA(#6673);
#3333=ORIENTED_EDGE('',*,*,#6674,.F.);
#3334=ORIENTED_EDGE('',*,*,#6675,.F.);
#3335=ORIENTED_EDGE('',*,*,#6676,.T.);
#3336=ORIENTED_EDGE('',*,*,#6677,.T.);
#3337=CARTESIAN_POINT('',(-1.0,-0.43,-5.0));
#3338=DIRECTION('',(0.0,1.0,-2.71050543121308E-15));
#3339=DIRECTION('',(0.0,2.71050543121308E-15,1.0));
#3340=SURFACE_STYLE_FILL_AREA(#6678);
#3341=ORIENTED_EDGE('',*,*,#6679,.F.);
#3342=ORIENTED_EDGE('',*,*,#6680,.T.);
#3343=ORIENTED_EDGE('',*,*,#6681,.F.);
#3344=ORIENTED_EDGE('',*,*,#6682,.F.);
#3345=CARTESIAN_POINT('',(-3.5,-0.43,-2.9));
#3346=DIRECTION('',(0.0,1.0,2.71050543121241E-15));
#3347=DIRECTION('',(0.0,-2.71050543121241E-15,1.0));
#3348=SURFACE_STYLE_FILL_AREA(#6683);
#3349=ORIENTED_EDGE('',*,*,#6684,.F.);
#3350=ORIENTED_EDGE('',*,*,#6685,.F.);
#3351=ORIENTED_EDGE('',*,*,#6686,.T.);
#3352=ORIENTED_EDGE('',*,*,#6687,.T.);
#3353=CARTESIAN_POINT('',(-3.5,-0.43,-5.0));
#3354=DIRECTION('',(0.0,1.0,-2.71050543121241E-15));
#3355=DIRECTION('',(0.0,2.71050543121241E-15,1.0));
#3356=SURFACE_STYLE_FILL_AREA(#6688);
#3357=ORIENTED_EDGE('',*,*,#6689,.F.);
#3358=ORIENTED_EDGE('',*,*,#6690,.T.);
#3359=ORIENTED_EDGE('',*,*,#6691,.F.);
#3360=ORIENTED_EDGE('',*,*,#6692,.F.);
#3361=CARTESIAN_POINT('',(1.0,-0.430000000000049,-2.9));
#3362=DIRECTION('',(0.0,1.0,0.0));
#3363=DIRECTION('',(0.0,0.0,1.0));
#3364=SURFACE_STYLE_FILL_AREA(#6693);
#3365=ORIENTED_EDGE('',*,*,#6694,.F.);
#3366=ORIENTED_EDGE('',*,*,#6695,.F.);
#3367=ORIENTED_EDGE('',*,*,#6696,.T.);
#3368=ORIENTED_EDGE('',*,*,#6697,.T.);
#3369=CARTESIAN_POINT('',(1.0,-0.430000000000049,-5.0));
#3370=DIRECTION('',(0.0,1.0,-2.7105054312124E-15));
#3371=DIRECTION('',(0.0,2.7105054312124E-15,1.0));
#3372=SURFACE_STYLE_FILL_AREA(#6698);
#3373=ORIENTED_EDGE('',*,*,#6699,.F.);
#3374=ORIENTED_EDGE('',*,*,#6700,.F.);
#3375=ORIENTED_EDGE('',*,*,#6701,.T.);
#3376=ORIENTED_EDGE('',*,*,#6702,.T.);
#3377=CARTESIAN_POINT('',(3.188,0.52,-18.80177243528));
#3378=DIRECTION('',(-1.0,0.0,0.0));
#3379=DIRECTION('',(0.0,1.0,0.0));
#3380=SURFACE_STYLE_FILL_AREA(#6703);
#3381=ORIENTED_EDGE('',*,*,#6704,.F.);
#3382=ORIENTED_EDGE('',*,*,#6705,.F.);
#3383=ORIENTED_EDGE('',*,*,#6706,.T.);
#3384=ORIENTED_EDGE('',*,*,#6707,.T.);
#3385=CARTESIAN_POINT('',(0.688,0.52,-18.80177243528));
#3386=DIRECTION('',(-1.0,0.0,0.0));
#3387=DIRECTION('',(0.0,1.0,0.0));
#3388=SURFACE_STYLE_FILL_AREA(#6708);
#3389=ORIENTED_EDGE('',*,*,#6709,.F.);
#3390=ORIENTED_EDGE('',*,*,#6710,.F.);
#3391=ORIENTED_EDGE('',*,*,#6711,.T.);
#3392=ORIENTED_EDGE('',*,*,#6712,.T.);
#3393=CARTESIAN_POINT('',(-1.312,0.52,-18.80177243528));
#3394=DIRECTION('',(-1.0,0.0,0.0));
#3395=DIRECTION('',(0.0,1.0,0.0));
#3396=SURFACE_STYLE_FILL_AREA(#6713);
#3397=ORIENTED_EDGE('',*,*,#6714,.F.);
#3398=ORIENTED_EDGE('',*,*,#6715,.F.);
#3399=ORIENTED_EDGE('',*,*,#6716,.T.);
#3400=ORIENTED_EDGE('',*,*,#6717,.T.);
#3401=CARTESIAN_POINT('',(-3.812,0.52,-18.80177243528));
#3402=DIRECTION('',(-1.0,0.0,0.0));
#3403=DIRECTION('',(0.0,1.0,0.0));
#3404=SURFACE_STYLE_FILL_AREA(#6718);
#3405=ORIENTED_EDGE('',*,*,#6719,.F.);
#3406=ORIENTED_EDGE('',*,*,#6720,.T.);
#3407=ORIENTED_EDGE('',*,*,#6721,.F.);
#3408=ORIENTED_EDGE('',*,*,#6722,.T.);
#3409=CARTESIAN_POINT('',(-2.983525953733,1.5456308860622,-9.60000600024));
#3410=DIRECTION('',(0.362446261154903,-0.932004671541314,0.0));
#3411=DIRECTION('',(0.0,0.0,-1.0));
#3412=SURFACE_STYLE_FILL_AREA(#6723);
#3413=ORIENTED_EDGE('',*,*,#6721,.T.);
#3414=ORIENTED_EDGE('',*,*,#6724,.T.);
#3415=ORIENTED_EDGE('',*,*,#6725,.F.);
#3416=ORIENTED_EDGE('',*,*,#6726,.F.);
#3417=CARTESIAN_POINT('',(-3.070843160205,1.4058245930793,-9.45));
#3418=DIRECTION('',(0.0,0.0,-1.0));
#3419=DIRECTION('',(0.0,-1.0,0.0));
#3420=SURFACE_STYLE_FILL_AREA(#6727);
#3421=ORIENTED_EDGE('',*,*,#6728,.F.);
#3422=ORIENTED_EDGE('',*,*,#6729,.T.);
#3423=ORIENTED_EDGE('',*,*,#6730,.T.);
#3424=ORIENTED_EDGE('',*,*,#6731,.T.);
#3425=CARTESIAN_POINT('',(-3.070843160205,1.4058245930793,-9.45));
#3426=DIRECTION('',(0.0,0.0,-1.0));
#3427=DIRECTION('',(0.0,-1.0,0.0));
#3428=SURFACE_STYLE_FILL_AREA(#6732);
#3429=ORIENTED_EDGE('',*,*,#6733,.F.);
#3430=ORIENTED_EDGE('',*,*,#6734,.T.);
#3431=ORIENTED_EDGE('',*,*,#6735,.T.);
#3432=ORIENTED_EDGE('',*,*,#6736,.F.);
#3433=CARTESIAN_POINT('',(-3.070843160205,1.4058245930793,-9.45));
#3434=DIRECTION('',(0.0,0.0,-1.0));
#3435=DIRECTION('',(0.0,-1.0,0.0));
#3436=SURFACE_STYLE_FILL_AREA(#6737);
#3437=ORIENTED_EDGE('',*,*,#6730,.F.);
#3438=ORIENTED_EDGE('',*,*,#6738,.T.);
#3439=ORIENTED_EDGE('',*,*,#6739,.F.);
#3440=ORIENTED_EDGE('',*,*,#6740,.T.);
#3441=CARTESIAN_POINT('',(-3.016474046267,1.5456308860622,-8.49999399976));
#3442=DIRECTION('',(-0.362446261154903,-0.932004671541314,0.0));
#3443=DIRECTION('',(-0.932004671541314,0.362446261154903,0.0));
#3444=SURFACE_STYLE_FILL_AREA(#6741);
#3445=ORIENTED_EDGE('',*,*,#6742,.F.);
#3446=ORIENTED_EDGE('',*,*,#6743,.F.);
#3447=ORIENTED_EDGE('',*,*,#6744,.F.);
#3448=ORIENTED_EDGE('',*,*,#6745,.T.);
#3449=ORIENTED_EDGE('',*,*,#6746,.T.);
#3450=ORIENTED_EDGE('',*,*,#6747,.T.);
#3451=CARTESIAN_POINT('',(-0.59,1.39567519583048,-12.6369690340889));
#3452=DIRECTION('',(1.0,0.0,0.0));
#3453=DIRECTION('',(0.0,1.0,0.0));
#3454=SURFACE_STYLE_FILL_AREA(#6748);
#3455=ORIENTED_EDGE('',*,*,#6749,.T.);
#3456=ORIENTED_EDGE('',*,*,#6750,.T.);
#3457=ORIENTED_EDGE('',*,*,#6747,.F.);
#3458=ORIENTED_EDGE('',*,*,#6751,.F.);
#3459=CARTESIAN_POINT('',(0.75000600024,2.0039173080819,-13.42485467392));
#3460=DIRECTION('',(0.0,-0.874619707140021,-0.48480962024521));
#3461=DIRECTION('',(0.0,0.48480962024521,-0.874619707140021));
#3462=SURFACE_STYLE_FILL_AREA(#6752);
#3463=ORIENTED_EDGE('',*,*,#6753,.F.);
#3464=ORIENTED_EDGE('',*,*,#6754,.F.);
#3465=ORIENTED_EDGE('',*,*,#6755,.T.);
#3466=ORIENTED_EDGE('',*,*,#6743,.T.);
#3467=CARTESIAN_POINT('',(0.75000600024,2.26630322022376,-13.27941178785));
#3468=DIRECTION('',(0.0,-0.874619707139994,-0.484809620245258));
#3469=DIRECTION('',(0.0,0.484809620245258,-0.874619707139994));
#3470=SURFACE_STYLE_FILL_AREA(#6756);
#3471=ORIENTED_EDGE('',*,*,#6757,.F.);
#3472=ORIENTED_EDGE('',*,*,#6749,.F.);
#3473=ORIENTED_EDGE('',*,*,#6758,.F.);
#3474=ORIENTED_EDGE('',*,*,#6759,.F.);
#3475=ORIENTED_EDGE('',*,*,#6760,.T.);
#3476=ORIENTED_EDGE('',*,*,#6754,.T.);
#3477=CARTESIAN_POINT('',(0.59,1.7811869558309,-13.5163839132));
#3478=DIRECTION('',(-1.0,0.0,0.0));
#3479=DIRECTION('',(0.0,0.0,1.0));
#3480=SURFACE_STYLE_FILL_AREA(#6761);
#3481=ORIENTED_EDGE('',*,*,#6762,.T.);
#3482=ORIENTED_EDGE('',*,*,#6763,.F.);
#3483=ORIENTED_EDGE('',*,*,#6764,.F.);
#3484=ORIENTED_EDGE('',*,*,#6765,.T.);
#3485=CARTESIAN_POINT('',(-3.812,0.5,-19.84434033677));
#3486=DIRECTION('',(-1.0,0.0,0.0));
#3487=DIRECTION('',(0.0,1.0,0.0));
#3488=SURFACE_STYLE_FILL_AREA(#6766);
#3489=ORIENTED_EDGE('',*,*,#6767,.T.);
#3490=ORIENTED_EDGE('',*,*,#6768,.F.);
#3491=ORIENTED_EDGE('',*,*,#6762,.F.);
#3492=ORIENTED_EDGE('',*,*,#6769,.T.);
#3493=CARTESIAN_POINT('',(-3.95000600024,0.1,-19.69433433653));
#3494=DIRECTION('',(0.0,-1.0,0.0));
#3495=DIRECTION('',(0.0,0.0,-1.0));
#3496=SURFACE_STYLE_FILL_AREA(#6770);
#3497=ORIENTED_EDGE('',*,*,#6771,.T.);
#3498=ORIENTED_EDGE('',*,*,#6767,.F.);
#3499=ORIENTED_EDGE('',*,*,#6772,.F.);
#3500=ORIENTED_EDGE('',*,*,#6773,.T.);
#3501=CARTESIAN_POINT('',(-3.95000600024,-0.0500060002399994,-21.000005));
#3502=DIRECTION('',(0.0,0.0,1.0));
#3503=DIRECTION('',(1.0,0.0,0.0));
#3504=SURFACE_STYLE_FILL_AREA(#6774);
#3505=ORIENTED_EDGE('',*,*,#6775,.T.);
#3506=ORIENTED_EDGE('',*,*,#6776,.T.);
#3507=ORIENTED_EDGE('',*,*,#6773,.F.);
#3508=ORIENTED_EDGE('',*,*,#6777,.F.);
#3509=CARTESIAN_POINT('',(-3.95000600024,0.35,-19.69433433653));
#3510=DIRECTION('',(0.0,-1.0,0.0));
#3511=DIRECTION('',(0.0,0.0,-1.0));
#3512=SURFACE_STYLE_FILL_AREA(#6778);
#3513=ORIENTED_EDGE('',*,*,#6779,.T.);
#3514=ORIENTED_EDGE('',*,*,#6780,.T.);
#3515=ORIENTED_EDGE('',*,*,#6775,.F.);
#3516=ORIENTED_EDGE('',*,*,#6781,.F.);
#3517=CARTESIAN_POINT('',(-3.95000600024,0.5,-19.84434033677));
#3518=DIRECTION('',(-1.0,0.0,0.0));
#3519=DIRECTION('',(0.0,1.0,0.0));
#3520=SURFACE_STYLE_FILL_AREA(#6782);
#3521=ORIENTED_EDGE('',*,*,#6783,.T.);
#3522=ORIENTED_EDGE('',*,*,#6784,.T.);
#3523=ORIENTED_EDGE('',*,*,#6779,.F.);
#3524=ORIENTED_EDGE('',*,*,#6785,.F.);
#3525=CARTESIAN_POINT('',(-3.95000600024,0.937276171875,-18.8933278638));
#3526=DIRECTION('',(0.0,-0.839315584974011,0.543644505922513));
#3527=DIRECTION('',(-1.0,0.0,0.0));
#3528=SURFACE_STYLE_FILL_AREA(#6786);
#3529=ORIENTED_EDGE('',*,*,#6764,.T.);
#3530=ORIENTED_EDGE('',*,*,#6787,.F.);
#3531=ORIENTED_EDGE('',*,*,#6788,.F.);
#3532=ORIENTED_EDGE('',*,*,#6789,.T.);
#3533=CARTESIAN_POINT('',(-3.95000600024,0.727447275632,-18.75741673732));
#3534=DIRECTION('',(0.0,-0.839315584974011,0.543644505922514));
#3535=DIRECTION('',(-1.0,0.0,0.0));
#3536=SURFACE_STYLE_FILL_AREA(#6790);
#3537=ORIENTED_EDGE('',*,*,#6791,.T.);
#3538=ORIENTED_EDGE('',*,*,#6792,.T.);
#3539=ORIENTED_EDGE('',*,*,#6787,.T.);
#3540=ORIENTED_EDGE('',*,*,#6763,.T.);
#3541=ORIENTED_EDGE('',*,*,#6768,.T.);
#3542=ORIENTED_EDGE('',*,*,#6771,.F.);
#3543=ORIENTED_EDGE('',*,*,#6776,.F.);
#3544=ORIENTED_EDGE('',*,*,#6780,.F.);
#3545=ORIENTED_EDGE('',*,*,#6784,.F.);
#3546=ORIENTED_EDGE('',*,*,#6793,.F.);
#3547=ORIENTED_EDGE('',*,*,#6717,.F.);
#3548=CARTESIAN_POINT('',(-3.2,0.417399223078001,-18.91403968403));
#3549=DIRECTION('',(-1.0,0.0,0.0));
#3550=DIRECTION('',(0.0,0.0,1.0));
#3551=SURFACE_STYLE_FILL_AREA(#6794);
#3552=ORIENTED_EDGE('',*,*,#6795,.F.);
#3553=ORIENTED_EDGE('',*,*,#6796,.F.);
#3554=ORIENTED_EDGE('',*,*,#6715,.T.);
#3555=ORIENTED_EDGE('',*,*,#6797,.T.);
#3556=ORIENTED_EDGE('',*,*,#6785,.T.);
#3557=ORIENTED_EDGE('',*,*,#6781,.T.);
#3558=ORIENTED_EDGE('',*,*,#6777,.T.);
#3559=ORIENTED_EDGE('',*,*,#6772,.T.);
#3560=ORIENTED_EDGE('',*,*,#6769,.F.);
#3561=ORIENTED_EDGE('',*,*,#6765,.F.);
#3562=ORIENTED_EDGE('',*,*,#6789,.F.);
#3563=CARTESIAN_POINT('',(-3.8,0.495891337506,-18.64999412348));
#3564=DIRECTION('',(1.0,0.0,0.0));
#3565=DIRECTION('',(0.0,1.0,0.0));
#3566=SURFACE_STYLE_FILL_AREA(#6798);
#3567=ORIENTED_EDGE('',*,*,#6714,.T.);
#3568=ORIENTED_EDGE('',*,*,#6793,.T.);
#3569=ORIENTED_EDGE('',*,*,#6783,.F.);
#3570=ORIENTED_EDGE('',*,*,#6797,.F.);
#3571=CARTESIAN_POINT('',(-3.812,0.52,-18.80177243528));
#3572=DIRECTION('',(-1.0,0.0,0.0));
#3573=DIRECTION('',(0.0,1.0,0.0));
#3574=SURFACE_STYLE_FILL_AREA(#6799);
#3575=ORIENTED_EDGE('',*,*,#6788,.T.);
#3576=ORIENTED_EDGE('',*,*,#6792,.F.);
#3577=ORIENTED_EDGE('',*,*,#6800,.F.);
#3578=ORIENTED_EDGE('',*,*,#6795,.T.);
#3579=CARTESIAN_POINT('',(-3.95000600024,0.52000000000003,-18.80177243528));
#3580=DIRECTION('',(-1.0,0.0,0.0));
#3581=DIRECTION('',(0.0,1.0,0.0));
#3582=SURFACE_STYLE_FILL_AREA(#6801);
#3583=ORIENTED_EDGE('',*,*,#6802,.F.);
#3584=ORIENTED_EDGE('',*,*,#6803,.T.);
#3585=ORIENTED_EDGE('',*,*,#6804,.T.);
#3586=ORIENTED_EDGE('',*,*,#6791,.F.);
#3587=CARTESIAN_POINT('',(-3.64999399976,0.51999399976,-18.8));
#3588=DIRECTION('',(0.0,0.0,-1.0));
#3589=DIRECTION('',(0.0,-1.0,0.0));
#3590=SURFACE_STYLE_FILL_AREA(#6805);
#3591=ORIENTED_EDGE('',*,*,#6806,.T.);
#3592=ORIENTED_EDGE('',*,*,#6807,.F.);
#3593=ORIENTED_EDGE('',*,*,#6808,.F.);
#3594=ORIENTED_EDGE('',*,*,#6796,.T.);
#3595=CARTESIAN_POINT('',(-3.64999399976,0.51999399976,-18.8));
#3596=DIRECTION('',(0.0,0.0,-1.0));
#3597=DIRECTION('',(0.0,-1.0,0.0));
#3598=SURFACE_STYLE_FILL_AREA(#6809);
#3599=ORIENTED_EDGE('',*,*,#6810,.T.);
#3600=ORIENTED_EDGE('',*,*,#6811,.F.);
#3601=ORIENTED_EDGE('',*,*,#6812,.F.);
#3602=ORIENTED_EDGE('',*,*,#6813,.T.);
#3603=CARTESIAN_POINT('',(-4.20000600024,-0.18000600024,-14.6));
#3604=DIRECTION('',(0.0,0.0,-1.0));
#3605=DIRECTION('',(0.0,-1.0,0.0));
#3606=SURFACE_STYLE_FILL_AREA(#6814);
#3607=ORIENTED_EDGE('',*,*,#6815,.T.);
#3608=ORIENTED_EDGE('',*,*,#6816,.F.);
#3609=ORIENTED_EDGE('',*,*,#6810,.F.);
#3610=ORIENTED_EDGE('',*,*,#6817,.T.);
#3611=CARTESIAN_POINT('',(-4.072,0.52,-14.75));
#3612=DIRECTION('',(-1.0,0.0,0.0));
#3613=DIRECTION('',(0.0,1.0,0.0));
#3614=SURFACE_STYLE_FILL_AREA(#6818);
#3615=ORIENTED_EDGE('',*,*,#6819,.F.);
#3616=ORIENTED_EDGE('',*,*,#6820,.T.);
#3617=ORIENTED_EDGE('',*,*,#6821,.F.);
#3618=ORIENTED_EDGE('',*,*,#6822,.T.);
#3619=CARTESIAN_POINT('',(-4.286381799027,0.51999399976,-17.64552719611));
#3620=DIRECTION('',(-0.97014250014562,0.0,0.242535625035179));
#3621=DIRECTION('',(0.0,1.0,0.0));
#3622=SURFACE_STYLE_FILL_AREA(#6823);
#3623=ORIENTED_EDGE('',*,*,#6824,.F.);
#3624=ORIENTED_EDGE('',*,*,#6825,.T.);
#3625=ORIENTED_EDGE('',*,*,#6821,.T.);
#3626=ORIENTED_EDGE('',*,*,#6826,.T.);
#3627=CARTESIAN_POINT('',(-4.125,0.51999399976,-17.15000600024));
#3628=DIRECTION('',(-1.0,0.0,0.0));
#3629=DIRECTION('',(0.0,0.0,1.0));
#3630=SURFACE_STYLE_FILL_AREA(#6827);
#3631=ORIENTED_EDGE('',*,*,#6828,.F.);
#3632=ORIENTED_EDGE('',*,*,#6829,.T.);
#3633=ORIENTED_EDGE('',*,*,#6824,.T.);
#3634=ORIENTED_EDGE('',*,*,#6830,.T.);
#3635=CARTESIAN_POINT('',(-4.123,0.51999399976,-16.45));
#3636=DIRECTION('',(0.0,0.0,-1.0));
#3637=DIRECTION('',(0.0,-1.0,0.0));
#3638=SURFACE_STYLE_FILL_AREA(#6831);
#3639=ORIENTED_EDGE('',*,*,#6832,.F.);
#3640=ORIENTED_EDGE('',*,*,#6833,.F.);
#3641=ORIENTED_EDGE('',*,*,#6834,.F.);
#3642=ORIENTED_EDGE('',*,*,#6835,.F.);
#3643=ORIENTED_EDGE('',*,*,#6836,.F.);
#3644=ORIENTED_EDGE('',*,*,#6837,.T.);
#3645=ORIENTED_EDGE('',*,*,#6838,.F.);
#3646=ORIENTED_EDGE('',*,*,#6817,.F.);
#3647=ORIENTED_EDGE('',*,*,#6813,.F.);
#3648=ORIENTED_EDGE('',*,*,#6839,.F.);
#3649=CARTESIAN_POINT('',(-4.05,-0.0299939997599999,-13.45000600024));
#3650=DIRECTION('',(1.0,0.0,0.0));
#3651=DIRECTION('',(0.0,1.0,0.0));
#3652=SURFACE_STYLE_FILL_AREA(#6840);
#3653=ORIENTED_EDGE('',*,*,#6841,.F.);
#3654=ORIENTED_EDGE('',*,*,#6842,.T.);
#3655=ORIENTED_EDGE('',*,*,#6837,.F.);
#3656=ORIENTED_EDGE('',*,*,#6843,.T.);
#3657=CARTESIAN_POINT('',(-4.274554545891,0.51999399976,-16.29158441683));
#3658=DIRECTION('',(-0.943858356365641,0.0,0.330350424729181));
#3659=DIRECTION('',(0.0,1.0,0.0));
#3660=SURFACE_STYLE_FILL_AREA(#6844);
#3661=ORIENTED_EDGE('',*,*,#6845,.F.);
#3662=ORIENTED_EDGE('',*,*,#6846,.T.);
#3663=ORIENTED_EDGE('',*,*,#6811,.T.);
#3664=ORIENTED_EDGE('',*,*,#6816,.T.);
#3665=ORIENTED_EDGE('',*,*,#6847,.T.);
#3666=ORIENTED_EDGE('',*,*,#6848,.F.);
#3667=ORIENTED_EDGE('',*,*,#6849,.F.);
#3668=ORIENTED_EDGE('',*,*,#6850,.F.);
#3669=ORIENTED_EDGE('',*,*,#6851,.F.);
#3670=ORIENTED_EDGE('',*,*,#6852,.F.);
#3671=CARTESIAN_POINT('',(-2.95,-0.0299939997599999,-9.49999399976));
#3672=DIRECTION('',(-1.0,0.0,0.0));
#3673=DIRECTION('',(0.0,0.0,1.0));
#3674=SURFACE_STYLE_FILL_AREA(#6853);
#3675=ORIENTED_EDGE('',*,*,#6854,.F.);
#3676=ORIENTED_EDGE('',*,*,#6855,.T.);
#3677=ORIENTED_EDGE('',*,*,#6848,.T.);
#3678=ORIENTED_EDGE('',*,*,#6856,.T.);
#3679=CARTESIAN_POINT('',(-2.999554545891,0.51999399976,-15.50841558317));
#3680=DIRECTION('',(0.943858356365641,0.0,0.330350424729181));
#3681=DIRECTION('',(0.0,-1.0,0.0));
#3682=SURFACE_STYLE_FILL_AREA(#6857);
#3683=ORIENTED_EDGE('',*,*,#6846,.F.);
#3684=ORIENTED_EDGE('',*,*,#6858,.T.);
#3685=ORIENTED_EDGE('',*,*,#6839,.T.);
#3686=ORIENTED_EDGE('',*,*,#6812,.T.);
#3687=CARTESIAN_POINT('',(-4.20000600024,-0.0299999999999996,-14.2));
#3688=DIRECTION('',(-1.0,0.0,0.0));
#3689=DIRECTION('',(0.0,1.0,0.0));
#3690=SURFACE_STYLE_FILL_AREA(#6859);
#3691=ORIENTED_EDGE('',*,*,#6860,.F.);
#3692=ORIENTED_EDGE('',*,*,#6861,.T.);
#3693=ORIENTED_EDGE('',*,*,#6862,.T.);
#3694=ORIENTED_EDGE('',*,*,#6863,.F.);
#3695=CARTESIAN_POINT('',(-2.875,0.51999399976,-16.29999399976));
#3696=DIRECTION('',(1.0,0.0,0.0));
#3697=DIRECTION('',(0.0,1.0,0.0));
#3698=SURFACE_STYLE_FILL_AREA(#6864);
#3699=ORIENTED_EDGE('',*,*,#6865,.F.);
#3700=ORIENTED_EDGE('',*,*,#6866,.F.);
#3701=ORIENTED_EDGE('',*,*,#6862,.F.);
#3702=ORIENTED_EDGE('',*,*,#6867,.T.);
#3703=CARTESIAN_POINT('',(-4.123,0.51999399976,-16.45));
#3704=DIRECTION('',(0.0,0.0,-1.0));
#3705=DIRECTION('',(0.0,-1.0,0.0));
#3706=SURFACE_STYLE_FILL_AREA(#6868);
#3707=ORIENTED_EDGE('',*,*,#6869,.F.);
#3708=ORIENTED_EDGE('',*,*,#6870,.T.);
#3709=ORIENTED_EDGE('',*,*,#6860,.T.);
#3710=ORIENTED_EDGE('',*,*,#6871,.T.);
#3711=CARTESIAN_POINT('',(-2.911381799027,0.51999399976,-16.85447280389));
#3712=DIRECTION('',(0.97014250014562,0.0,0.24253562503518));
#3713=DIRECTION('',(0.0,-1.0,0.0));
#3714=SURFACE_STYLE_FILL_AREA(#6872);
#3715=ORIENTED_EDGE('',*,*,#6873,.F.);
#3716=ORIENTED_EDGE('',*,*,#6874,.F.);
#3717=ORIENTED_EDGE('',*,*,#6875,.F.);
#3718=ORIENTED_EDGE('',*,*,#6876,.T.);
#3719=CARTESIAN_POINT('',(-4.1582,0.51999399976,-17.8));
#3720=DIRECTION('',(0.0,0.0,-1.0));
#3721=DIRECTION('',(0.0,-1.0,0.0));
#3722=SURFACE_STYLE_FILL_AREA(#6877);
#3723=ORIENTED_EDGE('',*,*,#6878,.F.);
#3724=ORIENTED_EDGE('',*,*,#6879,.T.);
#3725=ORIENTED_EDGE('',*,*,#6880,.T.);
#3726=ORIENTED_EDGE('',*,*,#6875,.T.);
#3727=ORIENTED_EDGE('',*,*,#6881,.F.);
#3728=ORIENTED_EDGE('',*,*,#6803,.F.);
#3729=ORIENTED_EDGE('',*,*,#6882,.F.);
#3730=CARTESIAN_POINT('',(-2.84,0.51999399976,-17.64999399976));
#3731=DIRECTION('',(1.0,0.0,0.0));
#3732=DIRECTION('',(0.0,1.0,0.0));
#3733=SURFACE_STYLE_FILL_AREA(#6883);
#3734=ORIENTED_EDGE('',*,*,#6884,.T.);
#3735=ORIENTED_EDGE('',*,*,#6885,.T.);
#3736=ORIENTED_EDGE('',*,*,#6886,.F.);
#3737=ORIENTED_EDGE('',*,*,#6887,.F.);
#3738=ORIENTED_EDGE('',*,*,#6807,.T.);
#3739=ORIENTED_EDGE('',*,*,#6888,.T.);
#3740=ORIENTED_EDGE('',*,*,#6889,.F.);
#3741=CARTESIAN_POINT('',(-4.16,0.51999399976,-18.95000600024));
#3742=DIRECTION('',(-1.0,0.0,0.0));
#3743=DIRECTION('',(0.0,0.0,1.0));
#3744=SURFACE_STYLE_FILL_AREA(#6890);
#3745=ORIENTED_EDGE('',*,*,#6891,.F.);
#3746=ORIENTED_EDGE('',*,*,#6892,.T.);
#3747=ORIENTED_EDGE('',*,*,#6889,.T.);
#3748=ORIENTED_EDGE('',*,*,#6893,.T.);
#3749=CARTESIAN_POINT('',(-4.1582,0.51999399976,-17.8));
#3750=DIRECTION('',(0.0,0.0,-1.0));
#3751=DIRECTION('',(0.0,-1.0,0.0));
#3752=SURFACE_STYLE_FILL_AREA(#6894);
#3753=ORIENTED_EDGE('',*,*,#6895,.F.);
#3754=ORIENTED_EDGE('',*,*,#6893,.F.);
#3755=ORIENTED_EDGE('',*,*,#6888,.F.);
#3756=ORIENTED_EDGE('',*,*,#6806,.F.);
#3757=ORIENTED_EDGE('',*,*,#6800,.T.);
#3758=ORIENTED_EDGE('',*,*,#6804,.F.);
#3759=ORIENTED_EDGE('',*,*,#6881,.T.);
#3760=ORIENTED_EDGE('',*,*,#6874,.T.);
#3761=ORIENTED_EDGE('',*,*,#6896,.F.);
#3762=ORIENTED_EDGE('',*,*,#6871,.F.);
#3763=ORIENTED_EDGE('',*,*,#6863,.T.);
#3764=ORIENTED_EDGE('',*,*,#6866,.T.);
#3765=ORIENTED_EDGE('',*,*,#6897,.F.);
#3766=ORIENTED_EDGE('',*,*,#6856,.F.);
#3767=ORIENTED_EDGE('',*,*,#6847,.F.);
#3768=ORIENTED_EDGE('',*,*,#6815,.F.);
#3769=ORIENTED_EDGE('',*,*,#6838,.T.);
#3770=ORIENTED_EDGE('',*,*,#6842,.F.);
#3771=ORIENTED_EDGE('',*,*,#6898,.F.);
#3772=ORIENTED_EDGE('',*,*,#6830,.F.);
#3773=ORIENTED_EDGE('',*,*,#6826,.F.);
#3774=ORIENTED_EDGE('',*,*,#6820,.F.);
#3775=CARTESIAN_POINT('',(-4.40000600024,0.67,-14.59999399976));
#3776=DIRECTION('',(0.0,-1.0,0.0));
#3777=DIRECTION('',(0.0,0.0,-1.0));
#3778=SURFACE_STYLE_FILL_AREA(#6899);
#3779=ORIENTED_EDGE('',*,*,#6900,.F.);
#3780=ORIENTED_EDGE('',*,*,#6882,.T.);
#3781=ORIENTED_EDGE('',*,*,#6802,.T.);
#3782=ORIENTED_EDGE('',*,*,#6716,.F.);
#3783=ORIENTED_EDGE('',*,*,#6808,.T.);
#3784=ORIENTED_EDGE('',*,*,#6887,.T.);
#3785=CARTESIAN_POINT('',(-4.40000600024,0.92,-14.59999399976));
#3786=DIRECTION('',(0.0,-1.0,0.0));
#3787=DIRECTION('',(0.0,0.0,-1.0));
#3788=SURFACE_STYLE_FILL_AREA(#6901);
#3789=ORIENTED_EDGE('',*,*,#6902,.T.);
#3790=ORIENTED_EDGE('',*,*,#6903,.T.);
#3791=ORIENTED_EDGE('',*,*,#6904,.F.);
#3792=ORIENTED_EDGE('',*,*,#6905,.F.);
#3793=CARTESIAN_POINT('',(-1.45000600024,0.5,-19.84434033677));
#3794=DIRECTION('',(-1.0,0.0,0.0));
#3795=DIRECTION('',(0.0,1.0,0.0));
#3796=SURFACE_STYLE_FILL_AREA(#6906);
#3797=ORIENTED_EDGE('',*,*,#6904,.T.);
#3798=ORIENTED_EDGE('',*,*,#6907,.T.);
#3799=ORIENTED_EDGE('',*,*,#6908,.F.);
#3800=ORIENTED_EDGE('',*,*,#6909,.F.);
#3801=CARTESIAN_POINT('',(-1.45000600024,0.35,-19.69433433653));
#3802=DIRECTION('',(0.0,-1.0,0.0));
#3803=DIRECTION('',(0.0,0.0,-1.0));
#3804=SURFACE_STYLE_FILL_AREA(#6910);
#3805=ORIENTED_EDGE('',*,*,#6911,.T.);
#3806=ORIENTED_EDGE('',*,*,#6912,.F.);
#3807=ORIENTED_EDGE('',*,*,#6913,.F.);
#3808=ORIENTED_EDGE('',*,*,#6908,.T.);
#3809=CARTESIAN_POINT('',(-1.45000600024,-0.0500060002399994,-21.000005));
#3810=DIRECTION('',(0.0,0.0,1.0));
#3811=DIRECTION('',(1.0,0.0,0.0));
#3812=SURFACE_STYLE_FILL_AREA(#6914);
#3813=ORIENTED_EDGE('',*,*,#6912,.T.);
#3814=ORIENTED_EDGE('',*,*,#6915,.F.);
#3815=ORIENTED_EDGE('',*,*,#6916,.F.);
#3816=ORIENTED_EDGE('',*,*,#6917,.T.);
#3817=CARTESIAN_POINT('',(-1.45000600024,0.1,-19.69433433653));
#3818=DIRECTION('',(0.0,-1.0,0.0));
#3819=DIRECTION('',(0.0,0.0,-1.0));
#3820=SURFACE_STYLE_FILL_AREA(#6918);
#3821=ORIENTED_EDGE('',*,*,#6916,.T.);
#3822=ORIENTED_EDGE('',*,*,#6919,.F.);
#3823=ORIENTED_EDGE('',*,*,#6920,.F.);
#3824=ORIENTED_EDGE('',*,*,#6921,.T.);
#3825=CARTESIAN_POINT('',(-1.312,0.5,-19.84434033677));
#3826=DIRECTION('',(-1.0,0.0,0.0));
#3827=DIRECTION('',(0.0,1.0,0.0));
#3828=SURFACE_STYLE_FILL_AREA(#6922);
#3829=ORIENTED_EDGE('',*,*,#6923,.T.);
#3830=ORIENTED_EDGE('',*,*,#6924,.T.);
#3831=ORIENTED_EDGE('',*,*,#6902,.F.);
#3832=ORIENTED_EDGE('',*,*,#6925,.F.);
#3833=CARTESIAN_POINT('',(-1.45000600024,0.937276171875,-18.8933278638));
#3834=DIRECTION('',(0.0,-0.839315584974011,0.543644505922513));
#3835=DIRECTION('',(-1.0,0.0,0.0));
#3836=SURFACE_STYLE_FILL_AREA(#6926);
#3837=ORIENTED_EDGE('',*,*,#6920,.T.);
#3838=ORIENTED_EDGE('',*,*,#6927,.F.);
#3839=ORIENTED_EDGE('',*,*,#6928,.F.);
#3840=ORIENTED_EDGE('',*,*,#6929,.T.);
#3841=CARTESIAN_POINT('',(-1.45000600024,0.727447275632,-18.75741673732));
#3842=DIRECTION('',(0.0,-0.839315584974011,0.543644505922514));
#3843=DIRECTION('',(-1.0,0.0,0.0));
#3844=SURFACE_STYLE_FILL_AREA(#6930);
#3845=ORIENTED_EDGE('',*,*,#6931,.F.);
#3846=ORIENTED_EDGE('',*,*,#6932,.F.);
#3847=ORIENTED_EDGE('',*,*,#6710,.T.);
#3848=ORIENTED_EDGE('',*,*,#6933,.T.);
#3849=ORIENTED_EDGE('',*,*,#6925,.T.);
#3850=ORIENTED_EDGE('',*,*,#6905,.T.);
#3851=ORIENTED_EDGE('',*,*,#6909,.T.);
#3852=ORIENTED_EDGE('',*,*,#6913,.T.);
#3853=ORIENTED_EDGE('',*,*,#6917,.F.);
#3854=ORIENTED_EDGE('',*,*,#6921,.F.);
#3855=ORIENTED_EDGE('',*,*,#6929,.F.);
#3856=CARTESIAN_POINT('',(-1.3,0.495891337506,-18.64999412348));
#3857=DIRECTION('',(1.0,0.0,0.0));
#3858=DIRECTION('',(0.0,1.0,0.0));
#3859=SURFACE_STYLE_FILL_AREA(#6934);
#3860=ORIENTED_EDGE('',*,*,#6935,.T.);
#3861=ORIENTED_EDGE('',*,*,#6936,.T.);
#3862=ORIENTED_EDGE('',*,*,#6927,.T.);
#3863=ORIENTED_EDGE('',*,*,#6919,.T.);
#3864=ORIENTED_EDGE('',*,*,#6915,.T.);
#3865=ORIENTED_EDGE('',*,*,#6911,.F.);
#3866=ORIENTED_EDGE('',*,*,#6907,.F.);
#3867=ORIENTED_EDGE('',*,*,#6903,.F.);
#3868=ORIENTED_EDGE('',*,*,#6924,.F.);
#3869=ORIENTED_EDGE('',*,*,#6937,.F.);
#3870=ORIENTED_EDGE('',*,*,#6712,.F.);
#3871=CARTESIAN_POINT('',(-0.7,0.417399223078001,-18.91403968403));
#3872=DIRECTION('',(-1.0,0.0,0.0));
#3873=DIRECTION('',(0.0,0.0,1.0));
#3874=SURFACE_STYLE_FILL_AREA(#6938);
#3875=ORIENTED_EDGE('',*,*,#6709,.T.);
#3876=ORIENTED_EDGE('',*,*,#6937,.T.);
#3877=ORIENTED_EDGE('',*,*,#6923,.F.);
#3878=ORIENTED_EDGE('',*,*,#6933,.F.);
#3879=CARTESIAN_POINT('',(-1.312,0.52,-18.80177243528));
#3880=DIRECTION('',(-1.0,0.0,0.0));
#3881=DIRECTION('',(0.0,1.0,0.0));
#3882=SURFACE_STYLE_FILL_AREA(#6939);
#3883=ORIENTED_EDGE('',*,*,#6928,.T.);
#3884=ORIENTED_EDGE('',*,*,#6936,.F.);
#3885=ORIENTED_EDGE('',*,*,#6940,.F.);
#3886=ORIENTED_EDGE('',*,*,#6931,.T.);
#3887=CARTESIAN_POINT('',(-1.45000600024,0.52,-18.80177243528));
#3888=DIRECTION('',(-1.0,0.0,0.0));
#3889=DIRECTION('',(0.0,1.0,0.0));
#3890=SURFACE_STYLE_FILL_AREA(#6941);
#3891=ORIENTED_EDGE('',*,*,#6942,.T.);
#3892=ORIENTED_EDGE('',*,*,#6943,.F.);
#3893=ORIENTED_EDGE('',*,*,#6944,.F.);
#3894=ORIENTED_EDGE('',*,*,#6932,.T.);
#3895=CARTESIAN_POINT('',(-1.14999399976,0.51999399976,-18.8));
#3896=DIRECTION('',(0.0,0.0,-1.0));
#3897=DIRECTION('',(0.0,-1.0,0.0));
#3898=SURFACE_STYLE_FILL_AREA(#6945);
#3899=ORIENTED_EDGE('',*,*,#6946,.F.);
#3900=ORIENTED_EDGE('',*,*,#6947,.T.);
#3901=ORIENTED_EDGE('',*,*,#6948,.T.);
#3902=ORIENTED_EDGE('',*,*,#6935,.F.);
#3903=CARTESIAN_POINT('',(-1.14999399976,0.51999399976,-18.8));
#3904=DIRECTION('',(0.0,0.0,-1.0));
#3905=DIRECTION('',(0.0,-1.0,0.0));
#3906=SURFACE_STYLE_FILL_AREA(#6949);
#3907=ORIENTED_EDGE('',*,*,#6950,.T.);
#3908=ORIENTED_EDGE('',*,*,#6951,.F.);
#3909=ORIENTED_EDGE('',*,*,#6952,.F.);
#3910=ORIENTED_EDGE('',*,*,#6953,.T.);
#3911=CARTESIAN_POINT('',(-1.70000600024,-0.18000600024,-14.6));
#3912=DIRECTION('',(0.0,0.0,-1.0));
#3913=DIRECTION('',(0.0,-1.0,0.0));
#3914=SURFACE_STYLE_FILL_AREA(#6954);
#3915=ORIENTED_EDGE('',*,*,#6955,.T.);
#3916=ORIENTED_EDGE('',*,*,#6956,.F.);
#3917=ORIENTED_EDGE('',*,*,#6950,.F.);
#3918=ORIENTED_EDGE('',*,*,#6957,.T.);
#3919=CARTESIAN_POINT('',(-1.572,0.52,-14.75));
#3920=DIRECTION('',(-1.0,0.0,0.0));
#3921=DIRECTION('',(0.0,1.0,0.0));
#3922=SURFACE_STYLE_FILL_AREA(#6958);
#3923=ORIENTED_EDGE('',*,*,#6959,.F.);
#3924=ORIENTED_EDGE('',*,*,#6960,.F.);
#3925=ORIENTED_EDGE('',*,*,#6961,.F.);
#3926=ORIENTED_EDGE('',*,*,#6962,.T.);
#3927=CARTESIAN_POINT('',(-1.623,0.51999399976,-16.45));
#3928=DIRECTION('',(0.0,0.0,-1.0));
#3929=DIRECTION('',(0.0,-1.0,0.0));
#3930=SURFACE_STYLE_FILL_AREA(#6963);
#3931=ORIENTED_EDGE('',*,*,#6964,.F.);
#3932=ORIENTED_EDGE('',*,*,#6965,.T.);
#3933=ORIENTED_EDGE('',*,*,#6966,.T.);
#3934=ORIENTED_EDGE('',*,*,#6967,.T.);
#3935=CARTESIAN_POINT('',(-0.4113817990274,0.51999399976,-16.85447280389));
#3936=DIRECTION('',(0.970142500145389,0.0,0.242535625036103));
#3937=DIRECTION('',(0.0,-1.0,0.0));
#3938=SURFACE_STYLE_FILL_AREA(#6968);
#3939=ORIENTED_EDGE('',*,*,#6966,.F.);
#3940=ORIENTED_EDGE('',*,*,#6969,.T.);
#3941=ORIENTED_EDGE('',*,*,#6961,.T.);
#3942=ORIENTED_EDGE('',*,*,#6970,.F.);
#3943=CARTESIAN_POINT('',(-0.375,0.51999399976,-16.29999399976));
#3944=DIRECTION('',(1.0,0.0,0.0));
#3945=DIRECTION('',(0.0,1.0,0.0));
#3946=SURFACE_STYLE_FILL_AREA(#6971);
#3947=ORIENTED_EDGE('',*,*,#6972,.F.);
#3948=ORIENTED_EDGE('',*,*,#6973,.T.);
#3949=ORIENTED_EDGE('',*,*,#6974,.T.);
#3950=ORIENTED_EDGE('',*,*,#6975,.T.);
#3951=ORIENTED_EDGE('',*,*,#6976,.F.);
#3952=ORIENTED_EDGE('',*,*,#6947,.F.);
#3953=ORIENTED_EDGE('',*,*,#6977,.F.);
#3954=CARTESIAN_POINT('',(-0.34,0.51999399976,-17.64999399976));
#3955=DIRECTION('',(1.0,0.0,0.0));
#3956=DIRECTION('',(0.0,1.0,0.0));
#3957=SURFACE_STYLE_FILL_AREA(#6978);
#3958=ORIENTED_EDGE('',*,*,#6979,.F.);
#3959=ORIENTED_EDGE('',*,*,#6980,.F.);
#3960=ORIENTED_EDGE('',*,*,#6975,.F.);
#3961=ORIENTED_EDGE('',*,*,#6981,.T.);
#3962=CARTESIAN_POINT('',(-1.6582,0.51999399976,-17.8));
#3963=DIRECTION('',(0.0,0.0,-1.0));
#3964=DIRECTION('',(0.0,-1.0,0.0));
#3965=SURFACE_STYLE_FILL_AREA(#6982);
#3966=ORIENTED_EDGE('',*,*,#6983,.T.);
#3967=ORIENTED_EDGE('',*,*,#6984,.T.);
#3968=ORIENTED_EDGE('',*,*,#6985,.F.);
#3969=ORIENTED_EDGE('',*,*,#6986,.F.);
#3970=ORIENTED_EDGE('',*,*,#6943,.T.);
#3971=ORIENTED_EDGE('',*,*,#6987,.T.);
#3972=ORIENTED_EDGE('',*,*,#6988,.F.);
#3973=CARTESIAN_POINT('',(-1.66,0.51999399976,-18.95000600024));
#3974=DIRECTION('',(-1.0,0.0,0.0));
#3975=DIRECTION('',(0.0,0.0,1.0));
#3976=SURFACE_STYLE_FILL_AREA(#6989);
#3977=ORIENTED_EDGE('',*,*,#6990,.F.);
#3978=ORIENTED_EDGE('',*,*,#6991,.T.);
#3979=ORIENTED_EDGE('',*,*,#6988,.T.);
#3980=ORIENTED_EDGE('',*,*,#6992,.T.);
#3981=CARTESIAN_POINT('',(-1.6582,0.51999399976,-17.8));
#3982=DIRECTION('',(0.0,0.0,-1.0));
#3983=DIRECTION('',(0.0,-1.0,0.0));
#3984=SURFACE_STYLE_FILL_AREA(#6993);
#3985=ORIENTED_EDGE('',*,*,#6994,.F.);
#3986=ORIENTED_EDGE('',*,*,#6995,.T.);
#3987=ORIENTED_EDGE('',*,*,#6996,.F.);
#3988=ORIENTED_EDGE('',*,*,#6997,.T.);
#3989=CARTESIAN_POINT('',(-1.786381799027,0.51999399976,-17.64552719611));
#3990=DIRECTION('',(-0.97014250014562,0.0,0.242535625035179));
#3991=DIRECTION('',(0.0,1.0,0.0));
#3992=SURFACE_STYLE_FILL_AREA(#6998);
#3993=ORIENTED_EDGE('',*,*,#6999,.F.);
#3994=ORIENTED_EDGE('',*,*,#7000,.T.);
#3995=ORIENTED_EDGE('',*,*,#6996,.T.);
#3996=ORIENTED_EDGE('',*,*,#7001,.T.);
#3997=CARTESIAN_POINT('',(-1.625,0.51999399976,-17.15000600024));
#3998=DIRECTION('',(-1.0,0.0,0.0));
#3999=DIRECTION('',(0.0,0.0,1.0));
#4000=SURFACE_STYLE_FILL_AREA(#7002);
#4001=ORIENTED_EDGE('',*,*,#7003,.F.);
#4002=ORIENTED_EDGE('',*,*,#7004,.T.);
#4003=ORIENTED_EDGE('',*,*,#6999,.T.);
#4004=ORIENTED_EDGE('',*,*,#7005,.T.);
#4005=CARTESIAN_POINT('',(-1.623,0.51999399976,-16.45));
#4006=DIRECTION('',(0.0,0.0,-1.0));
#4007=DIRECTION('',(0.0,-1.0,0.0));
#4008=SURFACE_STYLE_FILL_AREA(#7006);
#4009=ORIENTED_EDGE('',*,*,#7007,.F.);
#4010=ORIENTED_EDGE('',*,*,#7008,.F.);
#4011=ORIENTED_EDGE('',*,*,#7009,.F.);
#4012=ORIENTED_EDGE('',*,*,#7010,.F.);
#4013=ORIENTED_EDGE('',*,*,#7011,.F.);
#4014=ORIENTED_EDGE('',*,*,#7012,.T.);
#4015=ORIENTED_EDGE('',*,*,#7013,.F.);
#4016=ORIENTED_EDGE('',*,*,#6957,.F.);
#4017=ORIENTED_EDGE('',*,*,#6953,.F.);
#4018=ORIENTED_EDGE('',*,*,#7014,.F.);
#4019=CARTESIAN_POINT('',(-1.55,-0.0299939997599999,-13.45000600024));
#4020=DIRECTION('',(1.0,0.0,0.0));
#4021=DIRECTION('',(0.0,1.0,0.0));
#4022=SURFACE_STYLE_FILL_AREA(#7015);
#4023=ORIENTED_EDGE('',*,*,#7016,.F.);
#4024=ORIENTED_EDGE('',*,*,#7017,.T.);
#4025=ORIENTED_EDGE('',*,*,#7012,.F.);
#4026=ORIENTED_EDGE('',*,*,#7018,.T.);
#4027=CARTESIAN_POINT('',(-1.774554545891,0.51999399976,-16.29158441683));
#4028=DIRECTION('',(-0.943858356365642,0.0,0.33035042472918));
#4029=DIRECTION('',(0.0,1.0,0.0));
#4030=SURFACE_STYLE_FILL_AREA(#7019);
#4031=ORIENTED_EDGE('',*,*,#7020,.F.);
#4032=ORIENTED_EDGE('',*,*,#7021,.T.);
#4033=ORIENTED_EDGE('',*,*,#6951,.T.);
#4034=ORIENTED_EDGE('',*,*,#6956,.T.);
#4035=ORIENTED_EDGE('',*,*,#7022,.T.);
#4036=ORIENTED_EDGE('',*,*,#7023,.F.);
#4037=ORIENTED_EDGE('',*,*,#7024,.F.);
#4038=ORIENTED_EDGE('',*,*,#7025,.F.);
#4039=ORIENTED_EDGE('',*,*,#7026,.F.);
#4040=ORIENTED_EDGE('',*,*,#7027,.F.);
#4041=CARTESIAN_POINT('',(-0.45,-0.0299939997599999,-9.49999399976));
#4042=DIRECTION('',(-1.0,0.0,0.0));
#4043=DIRECTION('',(0.0,0.0,1.0));
#4044=SURFACE_STYLE_FILL_AREA(#7028);
#4045=ORIENTED_EDGE('',*,*,#7029,.F.);
#4046=ORIENTED_EDGE('',*,*,#7030,.T.);
#4047=ORIENTED_EDGE('',*,*,#7023,.T.);
#4048=ORIENTED_EDGE('',*,*,#7031,.T.);
#4049=CARTESIAN_POINT('',(-0.4995545458911,0.51999399976,-15.50841558317));
#4050=DIRECTION('',(0.943858356365566,0.0,0.330350424729395));
#4051=DIRECTION('',(0.0,-1.0,0.0));
#4052=SURFACE_STYLE_FILL_AREA(#7032);
#4053=ORIENTED_EDGE('',*,*,#7021,.F.);
#4054=ORIENTED_EDGE('',*,*,#7033,.T.);
#4055=ORIENTED_EDGE('',*,*,#7014,.T.);
#4056=ORIENTED_EDGE('',*,*,#6952,.T.);
#4057=CARTESIAN_POINT('',(-1.70000600024,-0.0299999999999996,-14.2));
#4058=DIRECTION('',(-1.0,0.0,0.0));
#4059=DIRECTION('',(0.0,1.0,0.0));
#4060=SURFACE_STYLE_FILL_AREA(#7034);
#4061=ORIENTED_EDGE('',*,*,#7035,.F.);
#4062=ORIENTED_EDGE('',*,*,#7031,.F.);
#4063=ORIENTED_EDGE('',*,*,#7022,.F.);
#4064=ORIENTED_EDGE('',*,*,#6955,.F.);
#4065=ORIENTED_EDGE('',*,*,#7013,.T.);
#4066=ORIENTED_EDGE('',*,*,#7017,.F.);
#4067=ORIENTED_EDGE('',*,*,#7036,.F.);
#4068=ORIENTED_EDGE('',*,*,#7005,.F.);
#4069=ORIENTED_EDGE('',*,*,#7001,.F.);
#4070=ORIENTED_EDGE('',*,*,#6995,.F.);
#4071=ORIENTED_EDGE('',*,*,#7037,.F.);
#4072=ORIENTED_EDGE('',*,*,#6992,.F.);
#4073=ORIENTED_EDGE('',*,*,#6987,.F.);
#4074=ORIENTED_EDGE('',*,*,#6942,.F.);
#4075=ORIENTED_EDGE('',*,*,#6940,.T.);
#4076=ORIENTED_EDGE('',*,*,#6948,.F.);
#4077=ORIENTED_EDGE('',*,*,#6976,.T.);
#4078=ORIENTED_EDGE('',*,*,#6980,.T.);
#4079=ORIENTED_EDGE('',*,*,#7038,.F.);
#4080=ORIENTED_EDGE('',*,*,#6967,.F.);
#4081=ORIENTED_EDGE('',*,*,#6970,.T.);
#4082=ORIENTED_EDGE('',*,*,#6960,.T.);
#4083=CARTESIAN_POINT('',(-1.90000600024,0.67,-14.59999399976));
#4084=DIRECTION('',(0.0,-1.0,0.0));
#4085=DIRECTION('',(0.0,0.0,-1.0));
#4086=SURFACE_STYLE_FILL_AREA(#7039);
#4087=ORIENTED_EDGE('',*,*,#7040,.F.);
#4088=ORIENTED_EDGE('',*,*,#6977,.T.);
#4089=ORIENTED_EDGE('',*,*,#6946,.T.);
#4090=ORIENTED_EDGE('',*,*,#6711,.F.);
#4091=ORIENTED_EDGE('',*,*,#6944,.T.);
#4092=ORIENTED_EDGE('',*,*,#6986,.T.);
#4093=CARTESIAN_POINT('',(-1.90000600024,0.92,-14.59999399976));
#4094=DIRECTION('',(0.0,-1.0,0.0));
#4095=DIRECTION('',(0.0,0.0,-1.0));
#4096=SURFACE_STYLE_FILL_AREA(#7041);
#4097=ORIENTED_EDGE('',*,*,#7042,.T.);
#4098=ORIENTED_EDGE('',*,*,#7043,.T.);
#4099=ORIENTED_EDGE('',*,*,#7044,.F.);
#4100=ORIENTED_EDGE('',*,*,#7045,.F.);
#4101=CARTESIAN_POINT('',(0.54999399976,0.5,-19.84434033677));
#4102=DIRECTION('',(-1.0,0.0,0.0));
#4103=DIRECTION('',(0.0,1.0,0.0));
#4104=SURFACE_STYLE_FILL_AREA(#7046);
#4105=ORIENTED_EDGE('',*,*,#7044,.T.);
#4106=ORIENTED_EDGE('',*,*,#7047,.T.);
#4107=ORIENTED_EDGE('',*,*,#7048,.F.);
#4108=ORIENTED_EDGE('',*,*,#7049,.F.);
#4109=CARTESIAN_POINT('',(0.54999399976,0.35,-19.69433433653));
#4110=DIRECTION('',(0.0,-1.0,0.0));
#4111=DIRECTION('',(0.0,0.0,-1.0));
#4112=SURFACE_STYLE_FILL_AREA(#7050);
#4113=ORIENTED_EDGE('',*,*,#7051,.T.);
#4114=ORIENTED_EDGE('',*,*,#7052,.F.);
#4115=ORIENTED_EDGE('',*,*,#7053,.F.);
#4116=ORIENTED_EDGE('',*,*,#7048,.T.);
#4117=CARTESIAN_POINT('',(0.54999399976,-0.0500060002399994,-21.000005));
#4118=DIRECTION('',(0.0,0.0,1.0));
#4119=DIRECTION('',(1.0,0.0,0.0));
#4120=SURFACE_STYLE_FILL_AREA(#7054);
#4121=ORIENTED_EDGE('',*,*,#7052,.T.);
#4122=ORIENTED_EDGE('',*,*,#7055,.F.);
#4123=ORIENTED_EDGE('',*,*,#7056,.F.);
#4124=ORIENTED_EDGE('',*,*,#7057,.T.);
#4125=CARTESIAN_POINT('',(0.54999399976,0.1,-19.69433433653));
#4126=DIRECTION('',(0.0,-1.0,0.0));
#4127=DIRECTION('',(0.0,0.0,-1.0));
#4128=SURFACE_STYLE_FILL_AREA(#7058);
#4129=ORIENTED_EDGE('',*,*,#7056,.T.);
#4130=ORIENTED_EDGE('',*,*,#7059,.F.);
#4131=ORIENTED_EDGE('',*,*,#7060,.F.);
#4132=ORIENTED_EDGE('',*,*,#7061,.T.);
#4133=CARTESIAN_POINT('',(0.688,0.5,-19.84434033677));
#4134=DIRECTION('',(-1.0,0.0,0.0));
#4135=DIRECTION('',(0.0,1.0,0.0));
#4136=SURFACE_STYLE_FILL_AREA(#7062);
#4137=ORIENTED_EDGE('',*,*,#7063,.T.);
#4138=ORIENTED_EDGE('',*,*,#7064,.T.);
#4139=ORIENTED_EDGE('',*,*,#7042,.F.);
#4140=ORIENTED_EDGE('',*,*,#7065,.F.);
#4141=CARTESIAN_POINT('',(0.54999399976,0.937276171875,-18.8933278638));
#4142=DIRECTION('',(0.0,-0.839315584974011,0.543644505922513));
#4143=DIRECTION('',(-1.0,0.0,0.0));
#4144=SURFACE_STYLE_FILL_AREA(#7066);
#4145=ORIENTED_EDGE('',*,*,#7060,.T.);
#4146=ORIENTED_EDGE('',*,*,#7067,.F.);
#4147=ORIENTED_EDGE('',*,*,#7068,.F.);
#4148=ORIENTED_EDGE('',*,*,#7069,.T.);
#4149=CARTESIAN_POINT('',(0.54999399976,0.727447275632,-18.75741673732));
#4150=DIRECTION('',(0.0,-0.839315584974011,0.543644505922514));
#4151=DIRECTION('',(-1.0,0.0,0.0));
#4152=SURFACE_STYLE_FILL_AREA(#7070);
#4153=ORIENTED_EDGE('',*,*,#7071,.F.);
#4154=ORIENTED_EDGE('',*,*,#7072,.F.);
#4155=ORIENTED_EDGE('',*,*,#6705,.T.);
#4156=ORIENTED_EDGE('',*,*,#7073,.T.);
#4157=ORIENTED_EDGE('',*,*,#7065,.T.);
#4158=ORIENTED_EDGE('',*,*,#7045,.T.);
#4159=ORIENTED_EDGE('',*,*,#7049,.T.);
#4160=ORIENTED_EDGE('',*,*,#7053,.T.);
#4161=ORIENTED_EDGE('',*,*,#7057,.F.);
#4162=ORIENTED_EDGE('',*,*,#7061,.F.);
#4163=ORIENTED_EDGE('',*,*,#7069,.F.);
#4164=CARTESIAN_POINT('',(0.7,0.495891337506,-18.64999412348));
#4165=DIRECTION('',(1.0,0.0,0.0));
#4166=DIRECTION('',(0.0,1.0,0.0));
#4167=SURFACE_STYLE_FILL_AREA(#7074);
#4168=ORIENTED_EDGE('',*,*,#7075,.T.);
#4169=ORIENTED_EDGE('',*,*,#7076,.T.);
#4170=ORIENTED_EDGE('',*,*,#7067,.T.);
#4171=ORIENTED_EDGE('',*,*,#7059,.T.);
#4172=ORIENTED_EDGE('',*,*,#7055,.T.);
#4173=ORIENTED_EDGE('',*,*,#7051,.F.);
#4174=ORIENTED_EDGE('',*,*,#7047,.F.);
#4175=ORIENTED_EDGE('',*,*,#7043,.F.);
#4176=ORIENTED_EDGE('',*,*,#7064,.F.);
#4177=ORIENTED_EDGE('',*,*,#7077,.F.);
#4178=ORIENTED_EDGE('',*,*,#6707,.F.);
#4179=CARTESIAN_POINT('',(1.3,0.417399223078001,-18.91403968403));
#4180=DIRECTION('',(-1.0,0.0,0.0));
#4181=DIRECTION('',(0.0,0.0,1.0));
#4182=SURFACE_STYLE_FILL_AREA(#7078);
#4183=ORIENTED_EDGE('',*,*,#6704,.T.);
#4184=ORIENTED_EDGE('',*,*,#7077,.T.);
#4185=ORIENTED_EDGE('',*,*,#7063,.F.);
#4186=ORIENTED_EDGE('',*,*,#7073,.F.);
#4187=CARTESIAN_POINT('',(0.688,0.52,-18.80177243528));
#4188=DIRECTION('',(-1.0,0.0,0.0));
#4189=DIRECTION('',(0.0,1.0,0.0));
#4190=SURFACE_STYLE_FILL_AREA(#7079);
#4191=ORIENTED_EDGE('',*,*,#7068,.T.);
#4192=ORIENTED_EDGE('',*,*,#7076,.F.);
#4193=ORIENTED_EDGE('',*,*,#7080,.F.);
#4194=ORIENTED_EDGE('',*,*,#7071,.T.);
#4195=CARTESIAN_POINT('',(0.54999399976,0.52,-18.80177243528));
#4196=DIRECTION('',(-1.0,0.0,0.0));
#4197=DIRECTION('',(0.0,1.0,0.0));
#4198=SURFACE_STYLE_FILL_AREA(#7081);
#4199=ORIENTED_EDGE('',*,*,#7082,.T.);
#4200=ORIENTED_EDGE('',*,*,#7083,.F.);
#4201=ORIENTED_EDGE('',*,*,#7084,.F.);
#4202=ORIENTED_EDGE('',*,*,#7072,.T.);
#4203=CARTESIAN_POINT('',(0.85000600024,0.51999399976,-18.8));
#4204=DIRECTION('',(0.0,0.0,-1.0));
#4205=DIRECTION('',(0.0,-1.0,0.0));
#4206=SURFACE_STYLE_FILL_AREA(#7085);
#4207=ORIENTED_EDGE('',*,*,#7086,.F.);
#4208=ORIENTED_EDGE('',*,*,#7087,.T.);
#4209=ORIENTED_EDGE('',*,*,#7088,.T.);
#4210=ORIENTED_EDGE('',*,*,#7075,.F.);
#4211=CARTESIAN_POINT('',(0.85000600024,0.51999399976,-18.8));
#4212=DIRECTION('',(0.0,0.0,-1.0));
#4213=DIRECTION('',(0.0,-1.0,0.0));
#4214=SURFACE_STYLE_FILL_AREA(#7089);
#4215=ORIENTED_EDGE('',*,*,#7090,.T.);
#4216=ORIENTED_EDGE('',*,*,#7091,.F.);
#4217=ORIENTED_EDGE('',*,*,#7092,.F.);
#4218=ORIENTED_EDGE('',*,*,#7093,.T.);
#4219=CARTESIAN_POINT('',(0.29999399976,-0.18000600024,-14.6));
#4220=DIRECTION('',(0.0,0.0,-1.0));
#4221=DIRECTION('',(0.0,-1.0,0.0));
#4222=SURFACE_STYLE_FILL_AREA(#7094);
#4223=ORIENTED_EDGE('',*,*,#7095,.T.);
#4224=ORIENTED_EDGE('',*,*,#7096,.F.);
#4225=ORIENTED_EDGE('',*,*,#7090,.F.);
#4226=ORIENTED_EDGE('',*,*,#7097,.T.);
#4227=CARTESIAN_POINT('',(0.428,0.52,-14.75));
#4228=DIRECTION('',(-1.0,0.0,0.0));
#4229=DIRECTION('',(0.0,1.0,0.0));
#4230=SURFACE_STYLE_FILL_AREA(#7098);
#4231=ORIENTED_EDGE('',*,*,#7099,.F.);
#4232=ORIENTED_EDGE('',*,*,#7100,.T.);
#4233=ORIENTED_EDGE('',*,*,#7101,.F.);
#4234=ORIENTED_EDGE('',*,*,#7102,.T.);
#4235=CARTESIAN_POINT('',(0.2136182009726,0.51999399976,-17.64552719611));
#4236=DIRECTION('',(-0.970142500145389,0.0,0.242535625036103));
#4237=DIRECTION('',(0.0,1.0,0.0));
#4238=SURFACE_STYLE_FILL_AREA(#7103);
#4239=ORIENTED_EDGE('',*,*,#7104,.F.);
#4240=ORIENTED_EDGE('',*,*,#7105,.T.);
#4241=ORIENTED_EDGE('',*,*,#7101,.T.);
#4242=ORIENTED_EDGE('',*,*,#7106,.T.);
#4243=CARTESIAN_POINT('',(0.375,0.51999399976,-17.15000600024));
#4244=DIRECTION('',(-1.0,0.0,0.0));
#4245=DIRECTION('',(0.0,0.0,1.0));
#4246=SURFACE_STYLE_FILL_AREA(#7107);
#4247=ORIENTED_EDGE('',*,*,#7108,.F.);
#4248=ORIENTED_EDGE('',*,*,#7109,.T.);
#4249=ORIENTED_EDGE('',*,*,#7104,.T.);
#4250=ORIENTED_EDGE('',*,*,#7110,.T.);
#4251=CARTESIAN_POINT('',(0.377,0.51999399976,-16.45));
#4252=DIRECTION('',(0.0,0.0,-1.0));
#4253=DIRECTION('',(0.0,-1.0,0.0));
#4254=SURFACE_STYLE_FILL_AREA(#7111);
#4255=ORIENTED_EDGE('',*,*,#7112,.F.);
#4256=ORIENTED_EDGE('',*,*,#7113,.F.);
#4257=ORIENTED_EDGE('',*,*,#7114,.F.);
#4258=ORIENTED_EDGE('',*,*,#7115,.F.);
#4259=ORIENTED_EDGE('',*,*,#7116,.F.);
#4260=ORIENTED_EDGE('',*,*,#7117,.T.);
#4261=ORIENTED_EDGE('',*,*,#7118,.F.);
#4262=ORIENTED_EDGE('',*,*,#7097,.F.);
#4263=ORIENTED_EDGE('',*,*,#7093,.F.);
#4264=ORIENTED_EDGE('',*,*,#7119,.F.);
#4265=CARTESIAN_POINT('',(0.45,-0.0299939997599999,-13.45000600024));
#4266=DIRECTION('',(1.0,0.0,0.0));
#4267=DIRECTION('',(0.0,1.0,0.0));
#4268=SURFACE_STYLE_FILL_AREA(#7120);
#4269=ORIENTED_EDGE('',*,*,#7121,.F.);
#4270=ORIENTED_EDGE('',*,*,#7122,.T.);
#4271=ORIENTED_EDGE('',*,*,#7117,.F.);
#4272=ORIENTED_EDGE('',*,*,#7123,.T.);
#4273=CARTESIAN_POINT('',(0.2254454541089,0.51999399976,-16.29158441683));
#4274=DIRECTION('',(-0.943858356365566,0.0,0.330350424729395));
#4275=DIRECTION('',(0.0,1.0,0.0));
#4276=SURFACE_STYLE_FILL_AREA(#7124);
#4277=ORIENTED_EDGE('',*,*,#7125,.F.);
#4278=ORIENTED_EDGE('',*,*,#7126,.T.);
#4279=ORIENTED_EDGE('',*,*,#7091,.T.);
#4280=ORIENTED_EDGE('',*,*,#7096,.T.);
#4281=ORIENTED_EDGE('',*,*,#7127,.T.);
#4282=ORIENTED_EDGE('',*,*,#7128,.F.);
#4283=ORIENTED_EDGE('',*,*,#7129,.F.);
#4284=ORIENTED_EDGE('',*,*,#7130,.F.);
#4285=ORIENTED_EDGE('',*,*,#7131,.F.);
#4286=ORIENTED_EDGE('',*,*,#7132,.F.);
#4287=CARTESIAN_POINT('',(1.55,-0.0299939997599999,-9.49999399976));
#4288=DIRECTION('',(-1.0,0.0,0.0));
#4289=DIRECTION('',(0.0,0.0,1.0));
#4290=SURFACE_STYLE_FILL_AREA(#7133);
#4291=ORIENTED_EDGE('',*,*,#7134,.F.);
#4292=ORIENTED_EDGE('',*,*,#7135,.T.);
#4293=ORIENTED_EDGE('',*,*,#7128,.T.);
#4294=ORIENTED_EDGE('',*,*,#7136,.T.);
#4295=CARTESIAN_POINT('',(1.500445454109,0.51999399976,-15.50841558317));
#4296=DIRECTION('',(0.943858356365642,0.0,0.33035042472918));
#4297=DIRECTION('',(0.0,-1.0,0.0));
#4298=SURFACE_STYLE_FILL_AREA(#7137);
#4299=ORIENTED_EDGE('',*,*,#7126,.F.);
#4300=ORIENTED_EDGE('',*,*,#7138,.T.);
#4301=ORIENTED_EDGE('',*,*,#7119,.T.);
#4302=ORIENTED_EDGE('',*,*,#7092,.T.);
#4303=CARTESIAN_POINT('',(0.29999399976,-0.0299999999999996,-14.2));
#4304=DIRECTION('',(-1.0,0.0,0.0));
#4305=DIRECTION('',(0.0,1.0,0.0));
#4306=SURFACE_STYLE_FILL_AREA(#7139);
#4307=ORIENTED_EDGE('',*,*,#7140,.F.);
#4308=ORIENTED_EDGE('',*,*,#7141,.T.);
#4309=ORIENTED_EDGE('',*,*,#7142,.T.);
#4310=ORIENTED_EDGE('',*,*,#7143,.T.);
#4311=CARTESIAN_POINT('',(1.588618200973,0.51999399976,-16.85447280389));
#4312=DIRECTION('',(0.97014250014562,0.0,0.242535625035179));
#4313=DIRECTION('',(0.0,-1.0,0.0));
#4314=SURFACE_STYLE_FILL_AREA(#7144);
#4315=ORIENTED_EDGE('',*,*,#7142,.F.);
#4316=ORIENTED_EDGE('',*,*,#7145,.T.);
#4317=ORIENTED_EDGE('',*,*,#7146,.T.);
#4318=ORIENTED_EDGE('',*,*,#7147,.F.);
#4319=CARTESIAN_POINT('',(1.625,0.51999399976,-16.29999399976));
#4320=DIRECTION('',(1.0,0.0,0.0));
#4321=DIRECTION('',(0.0,1.0,0.0));
#4322=SURFACE_STYLE_FILL_AREA(#7148);
#4323=ORIENTED_EDGE('',*,*,#7149,.F.);
#4324=ORIENTED_EDGE('',*,*,#7150,.F.);
#4325=ORIENTED_EDGE('',*,*,#7146,.F.);
#4326=ORIENTED_EDGE('',*,*,#7151,.T.);
#4327=CARTESIAN_POINT('',(0.377,0.51999399976,-16.45));
#4328=DIRECTION('',(0.0,0.0,-1.0));
#4329=DIRECTION('',(0.0,-1.0,0.0));
#4330=SURFACE_STYLE_FILL_AREA(#7152);
#4331=ORIENTED_EDGE('',*,*,#7153,.T.);
#4332=ORIENTED_EDGE('',*,*,#7154,.T.);
#4333=ORIENTED_EDGE('',*,*,#7155,.T.);
#4334=ORIENTED_EDGE('',*,*,#7156,.F.);
#4335=ORIENTED_EDGE('',*,*,#7087,.F.);
#4336=ORIENTED_EDGE('',*,*,#7157,.F.);
#4337=ORIENTED_EDGE('',*,*,#7158,.F.);
#4338=CARTESIAN_POINT('',(1.66,0.51999399976,-17.64999399976));
#4339=DIRECTION('',(1.0,0.0,0.0));
#4340=DIRECTION('',(0.0,1.0,0.0));
#4341=SURFACE_STYLE_FILL_AREA(#7159);
#4342=ORIENTED_EDGE('',*,*,#7160,.F.);
#4343=ORIENTED_EDGE('',*,*,#7161,.F.);
#4344=ORIENTED_EDGE('',*,*,#7155,.F.);
#4345=ORIENTED_EDGE('',*,*,#7162,.T.);
#4346=CARTESIAN_POINT('',(0.3418,0.51999399976,-17.8));
#4347=DIRECTION('',(0.0,0.0,-1.0));
#4348=DIRECTION('',(0.0,-1.0,0.0));
#4349=SURFACE_STYLE_FILL_AREA(#7163);
#4350=ORIENTED_EDGE('',*,*,#7164,.F.);
#4351=ORIENTED_EDGE('',*,*,#7165,.T.);
#4352=ORIENTED_EDGE('',*,*,#7166,.T.);
#4353=ORIENTED_EDGE('',*,*,#7167,.F.);
#4354=ORIENTED_EDGE('',*,*,#7168,.F.);
#4355=ORIENTED_EDGE('',*,*,#7083,.T.);
#4356=ORIENTED_EDGE('',*,*,#7169,.T.);
#4357=CARTESIAN_POINT('',(0.34,0.51999399976,-18.95000600024));
#4358=DIRECTION('',(-1.0,0.0,0.0));
#4359=DIRECTION('',(0.0,0.0,1.0));
#4360=SURFACE_STYLE_FILL_AREA(#7170);
#4361=ORIENTED_EDGE('',*,*,#7171,.F.);
#4362=ORIENTED_EDGE('',*,*,#7172,.T.);
#4363=ORIENTED_EDGE('',*,*,#7164,.T.);
#4364=ORIENTED_EDGE('',*,*,#7173,.T.);
#4365=CARTESIAN_POINT('',(0.3418,0.51999399976,-17.8));
#4366=DIRECTION('',(0.0,0.0,-1.0));
#4367=DIRECTION('',(0.0,-1.0,0.0));
#4368=SURFACE_STYLE_FILL_AREA(#7174);
#4369=ORIENTED_EDGE('',*,*,#7175,.F.);
#4370=ORIENTED_EDGE('',*,*,#7173,.F.);
#4371=ORIENTED_EDGE('',*,*,#7169,.F.);
#4372=ORIENTED_EDGE('',*,*,#7082,.F.);
#4373=ORIENTED_EDGE('',*,*,#7080,.T.);
#4374=ORIENTED_EDGE('',*,*,#7088,.F.);
#4375=ORIENTED_EDGE('',*,*,#7156,.T.);
#4376=ORIENTED_EDGE('',*,*,#7161,.T.);
#4377=ORIENTED_EDGE('',*,*,#7176,.F.);
#4378=ORIENTED_EDGE('',*,*,#7143,.F.);
#4379=ORIENTED_EDGE('',*,*,#7147,.T.);
#4380=ORIENTED_EDGE('',*,*,#7150,.T.);
#4381=ORIENTED_EDGE('',*,*,#7177,.F.);
#4382=ORIENTED_EDGE('',*,*,#7136,.F.);
#4383=ORIENTED_EDGE('',*,*,#7127,.F.);
#4384=ORIENTED_EDGE('',*,*,#7095,.F.);
#4385=ORIENTED_EDGE('',*,*,#7118,.T.);
#4386=ORIENTED_EDGE('',*,*,#7122,.F.);
#4387=ORIENTED_EDGE('',*,*,#7178,.F.);
#4388=ORIENTED_EDGE('',*,*,#7110,.F.);
#4389=ORIENTED_EDGE('',*,*,#7106,.F.);
#4390=ORIENTED_EDGE('',*,*,#7100,.F.);
#4391=CARTESIAN_POINT('',(0.09999399975999,0.67,-14.59999399976));
#4392=DIRECTION('',(0.0,-1.0,0.0));
#4393=DIRECTION('',(0.0,0.0,-1.0));
#4394=SURFACE_STYLE_FILL_AREA(#7179);
#4395=ORIENTED_EDGE('',*,*,#7180,.F.);
#4396=ORIENTED_EDGE('',*,*,#7157,.T.);
#4397=ORIENTED_EDGE('',*,*,#7086,.T.);
#4398=ORIENTED_EDGE('',*,*,#6706,.F.);
#4399=ORIENTED_EDGE('',*,*,#7084,.T.);
#4400=ORIENTED_EDGE('',*,*,#7168,.T.);
#4401=CARTESIAN_POINT('',(0.09999399975999,0.92,-14.59999399976));
#4402=DIRECTION('',(0.0,-1.0,0.0));
#4403=DIRECTION('',(0.0,0.0,-1.0));
#4404=SURFACE_STYLE_FILL_AREA(#7181);
#4405=ORIENTED_EDGE('',*,*,#7182,.T.);
#4406=ORIENTED_EDGE('',*,*,#7183,.F.);
#4407=ORIENTED_EDGE('',*,*,#7184,.F.);
#4408=ORIENTED_EDGE('',*,*,#7185,.T.);
#4409=CARTESIAN_POINT('',(3.188,0.5,-19.84434033677));
#4410=DIRECTION('',(-1.0,0.0,0.0));
#4411=DIRECTION('',(0.0,1.0,0.0));
#4412=SURFACE_STYLE_FILL_AREA(#7186);
#4413=ORIENTED_EDGE('',*,*,#7187,.T.);
#4414=ORIENTED_EDGE('',*,*,#7188,.T.);
#4415=ORIENTED_EDGE('',*,*,#7189,.F.);
#4416=ORIENTED_EDGE('',*,*,#7190,.F.);
#4417=CARTESIAN_POINT('',(3.04999399976,0.50000000000005,-19.84434033677));
#4418=DIRECTION('',(-1.0,0.0,0.0));
#4419=DIRECTION('',(0.0,1.0,0.0));
#4420=SURFACE_STYLE_FILL_AREA(#7191);
#4421=ORIENTED_EDGE('',*,*,#7189,.T.);
#4422=ORIENTED_EDGE('',*,*,#7192,.T.);
#4423=ORIENTED_EDGE('',*,*,#7193,.F.);
#4424=ORIENTED_EDGE('',*,*,#7194,.F.);
#4425=CARTESIAN_POINT('',(3.04999399976,0.35,-19.69433433653));
#4426=DIRECTION('',(0.0,-1.0,0.0));
#4427=DIRECTION('',(0.0,0.0,-1.0));
#4428=SURFACE_STYLE_FILL_AREA(#7195);
#4429=ORIENTED_EDGE('',*,*,#7196,.T.);
#4430=ORIENTED_EDGE('',*,*,#7197,.F.);
#4431=ORIENTED_EDGE('',*,*,#7198,.F.);
#4432=ORIENTED_EDGE('',*,*,#7193,.T.);
#4433=CARTESIAN_POINT('',(3.04999399976,-0.0500060002399994,-21.000005));
#4434=DIRECTION('',(0.0,0.0,1.0));
#4435=DIRECTION('',(1.0,0.0,0.0));
#4436=SURFACE_STYLE_FILL_AREA(#7199);
#4437=ORIENTED_EDGE('',*,*,#7197,.T.);
#4438=ORIENTED_EDGE('',*,*,#7200,.F.);
#4439=ORIENTED_EDGE('',*,*,#7182,.F.);
#4440=ORIENTED_EDGE('',*,*,#7201,.T.);
#4441=CARTESIAN_POINT('',(3.04999399976,0.1,-19.69433433653));
#4442=DIRECTION('',(0.0,-1.0,0.0));
#4443=DIRECTION('',(0.0,0.0,-1.0));
#4444=SURFACE_STYLE_FILL_AREA(#7202);
#4445=ORIENTED_EDGE('',*,*,#7203,.T.);
#4446=ORIENTED_EDGE('',*,*,#7204,.T.);
#4447=ORIENTED_EDGE('',*,*,#7187,.F.);
#4448=ORIENTED_EDGE('',*,*,#7205,.F.);
#4449=CARTESIAN_POINT('',(3.04999399976,0.937276171875,-18.8933278638));
#4450=DIRECTION('',(0.0,-0.839315584974011,0.543644505922513));
#4451=DIRECTION('',(-1.0,0.0,0.0));
#4452=SURFACE_STYLE_FILL_AREA(#7206);
#4453=ORIENTED_EDGE('',*,*,#7184,.T.);
#4454=ORIENTED_EDGE('',*,*,#7207,.F.);
#4455=ORIENTED_EDGE('',*,*,#7208,.F.);
#4456=ORIENTED_EDGE('',*,*,#7209,.T.);
#4457=CARTESIAN_POINT('',(3.04999399976,0.727447275632,-18.75741673732));
#4458=DIRECTION('',(0.0,-0.839315584974011,0.543644505922514));
#4459=DIRECTION('',(-1.0,0.0,0.0));
#4460=SURFACE_STYLE_FILL_AREA(#7210);
#4461=ORIENTED_EDGE('',*,*,#7211,.F.);
#4462=ORIENTED_EDGE('',*,*,#7212,.F.);
#4463=ORIENTED_EDGE('',*,*,#6700,.T.);
#4464=ORIENTED_EDGE('',*,*,#7213,.T.);
#4465=ORIENTED_EDGE('',*,*,#7205,.T.);
#4466=ORIENTED_EDGE('',*,*,#7190,.T.);
#4467=ORIENTED_EDGE('',*,*,#7194,.T.);
#4468=ORIENTED_EDGE('',*,*,#7198,.T.);
#4469=ORIENTED_EDGE('',*,*,#7201,.F.);
#4470=ORIENTED_EDGE('',*,*,#7185,.F.);
#4471=ORIENTED_EDGE('',*,*,#7209,.F.);
#4472=CARTESIAN_POINT('',(3.2,0.495891337506,-18.64999412348));
#4473=DIRECTION('',(1.0,0.0,0.0));
#4474=DIRECTION('',(0.0,1.0,0.0));
#4475=SURFACE_STYLE_FILL_AREA(#7214);
#4476=ORIENTED_EDGE('',*,*,#7200,.T.);
#4477=ORIENTED_EDGE('',*,*,#7196,.F.);
#4478=ORIENTED_EDGE('',*,*,#7192,.F.);
#4479=ORIENTED_EDGE('',*,*,#7188,.F.);
#4480=ORIENTED_EDGE('',*,*,#7204,.F.);
#4481=ORIENTED_EDGE('',*,*,#7215,.F.);
#4482=ORIENTED_EDGE('',*,*,#6702,.F.);
#4483=ORIENTED_EDGE('',*,*,#7216,.T.);
#4484=ORIENTED_EDGE('',*,*,#7217,.T.);
#4485=ORIENTED_EDGE('',*,*,#7207,.T.);
#4486=ORIENTED_EDGE('',*,*,#7183,.T.);
#4487=CARTESIAN_POINT('',(3.8,-0.0500060002399994,-21.15001100024));
#4488=DIRECTION('',(-1.0,0.0,0.0));
#4489=DIRECTION('',(0.0,0.0,1.0));
#4490=SURFACE_STYLE_FILL_AREA(#7218);
#4491=ORIENTED_EDGE('',*,*,#6699,.T.);
#4492=ORIENTED_EDGE('',*,*,#7215,.T.);
#4493=ORIENTED_EDGE('',*,*,#7203,.F.);
#4494=ORIENTED_EDGE('',*,*,#7213,.F.);
#4495=CARTESIAN_POINT('',(3.188,0.52,-18.80177243528));
#4496=DIRECTION('',(-1.0,0.0,0.0));
#4497=DIRECTION('',(0.0,1.0,0.0));
#4498=SURFACE_STYLE_FILL_AREA(#7219);
#4499=ORIENTED_EDGE('',*,*,#7208,.T.);
#4500=ORIENTED_EDGE('',*,*,#7217,.F.);
#4501=ORIENTED_EDGE('',*,*,#7220,.F.);
#4502=ORIENTED_EDGE('',*,*,#7211,.T.);
#4503=CARTESIAN_POINT('',(3.04999399976,0.52000000000003,-18.80177243528));
#4504=DIRECTION('',(-1.0,0.0,0.0));
#4505=DIRECTION('',(0.0,1.0,0.0));
#4506=SURFACE_STYLE_FILL_AREA(#7221);
#4507=ORIENTED_EDGE('',*,*,#7222,.T.);
#4508=ORIENTED_EDGE('',*,*,#7223,.F.);
#4509=ORIENTED_EDGE('',*,*,#7224,.F.);
#4510=ORIENTED_EDGE('',*,*,#7212,.T.);
#4511=CARTESIAN_POINT('',(3.35000600024,0.51999399976,-18.8));
#4512=DIRECTION('',(0.0,0.0,-1.0));
#4513=DIRECTION('',(0.0,-1.0,0.0));
#4514=SURFACE_STYLE_FILL_AREA(#7225);
#4515=ORIENTED_EDGE('',*,*,#7226,.F.);
#4516=ORIENTED_EDGE('',*,*,#7227,.T.);
#4517=ORIENTED_EDGE('',*,*,#7228,.T.);
#4518=ORIENTED_EDGE('',*,*,#7216,.F.);
#4519=CARTESIAN_POINT('',(3.35000600024,0.51999399976,-18.8));
#4520=DIRECTION('',(0.0,0.0,-1.0));
#4521=DIRECTION('',(0.0,-1.0,0.0));
#4522=SURFACE_STYLE_FILL_AREA(#7229);
#4523=ORIENTED_EDGE('',*,*,#7230,.T.);
#4524=ORIENTED_EDGE('',*,*,#7231,.F.);
#4525=ORIENTED_EDGE('',*,*,#7232,.F.);
#4526=ORIENTED_EDGE('',*,*,#7233,.T.);
#4527=CARTESIAN_POINT('',(2.79999399976,-0.18000600024,-14.6));
#4528=DIRECTION('',(0.0,0.0,-1.0));
#4529=DIRECTION('',(0.0,-1.0,0.0));
#4530=SURFACE_STYLE_FILL_AREA(#7234);
#4531=ORIENTED_EDGE('',*,*,#7235,.T.);
#4532=ORIENTED_EDGE('',*,*,#7236,.F.);
#4533=ORIENTED_EDGE('',*,*,#7230,.F.);
#4534=ORIENTED_EDGE('',*,*,#7237,.T.);
#4535=CARTESIAN_POINT('',(2.928,0.52,-14.75));
#4536=DIRECTION('',(-1.0,0.0,0.0));
#4537=DIRECTION('',(0.0,1.0,0.0));
#4538=SURFACE_STYLE_FILL_AREA(#7238);
#4539=ORIENTED_EDGE('',*,*,#7239,.F.);
#4540=ORIENTED_EDGE('',*,*,#7240,.T.);
#4541=ORIENTED_EDGE('',*,*,#7241,.F.);
#4542=ORIENTED_EDGE('',*,*,#7242,.T.);
#4543=CARTESIAN_POINT('',(2.713618200973,0.51999399976,-17.64552719611));
#4544=DIRECTION('',(-0.97014250014562,0.0,0.24253562503518));
#4545=DIRECTION('',(0.0,1.0,0.0));
#4546=SURFACE_STYLE_FILL_AREA(#7243);
#4547=ORIENTED_EDGE('',*,*,#7244,.F.);
#4548=ORIENTED_EDGE('',*,*,#7245,.T.);
#4549=ORIENTED_EDGE('',*,*,#7241,.T.);
#4550=ORIENTED_EDGE('',*,*,#7246,.T.);
#4551=CARTESIAN_POINT('',(2.875,0.51999399976,-17.15000600024));
#4552=DIRECTION('',(-1.0,0.0,0.0));
#4553=DIRECTION('',(0.0,0.0,1.0));
#4554=SURFACE_STYLE_FILL_AREA(#7247);
#4555=ORIENTED_EDGE('',*,*,#7248,.F.);
#4556=ORIENTED_EDGE('',*,*,#7249,.T.);
#4557=ORIENTED_EDGE('',*,*,#7244,.T.);
#4558=ORIENTED_EDGE('',*,*,#7250,.T.);
#4559=CARTESIAN_POINT('',(2.877,0.51999399976,-16.45));
#4560=DIRECTION('',(0.0,0.0,-1.0));
#4561=DIRECTION('',(0.0,-1.0,0.0));
#4562=SURFACE_STYLE_FILL_AREA(#7251);
#4563=ORIENTED_EDGE('',*,*,#7252,.F.);
#4564=ORIENTED_EDGE('',*,*,#7253,.T.);
#4565=ORIENTED_EDGE('',*,*,#7254,.F.);
#4566=ORIENTED_EDGE('',*,*,#7237,.F.);
#4567=ORIENTED_EDGE('',*,*,#7233,.F.);
#4568=ORIENTED_EDGE('',*,*,#7255,.F.);
#4569=ORIENTED_EDGE('',*,*,#7256,.F.);
#4570=ORIENTED_EDGE('',*,*,#7257,.F.);
#4571=ORIENTED_EDGE('',*,*,#7258,.F.);
#4572=ORIENTED_EDGE('',*,*,#7259,.F.);
#4573=CARTESIAN_POINT('',(2.95,-0.0299939997599999,-13.45000600024));
#4574=DIRECTION('',(1.0,0.0,0.0));
#4575=DIRECTION('',(0.0,1.0,0.0));
#4576=SURFACE_STYLE_FILL_AREA(#7260);
#4577=ORIENTED_EDGE('',*,*,#7261,.F.);
#4578=ORIENTED_EDGE('',*,*,#7262,.T.);
#4579=ORIENTED_EDGE('',*,*,#7253,.F.);
#4580=ORIENTED_EDGE('',*,*,#7263,.T.);
#4581=CARTESIAN_POINT('',(2.725445454109,0.51999399976,-16.29158441683));
#4582=DIRECTION('',(-0.943858356365641,0.0,0.330350424729181));
#4583=DIRECTION('',(0.0,1.0,0.0));
#4584=SURFACE_STYLE_FILL_AREA(#7264);
#4585=ORIENTED_EDGE('',*,*,#7265,.F.);
#4586=ORIENTED_EDGE('',*,*,#7266,.F.);
#4587=ORIENTED_EDGE('',*,*,#7267,.F.);
#4588=ORIENTED_EDGE('',*,*,#7268,.F.);
#4589=ORIENTED_EDGE('',*,*,#7269,.F.);
#4590=ORIENTED_EDGE('',*,*,#7270,.T.);
#4591=ORIENTED_EDGE('',*,*,#7231,.T.);
#4592=ORIENTED_EDGE('',*,*,#7236,.T.);
#4593=ORIENTED_EDGE('',*,*,#7271,.T.);
#4594=ORIENTED_EDGE('',*,*,#7272,.F.);
#4595=CARTESIAN_POINT('',(4.05,-0.0299939997599999,-9.49999399976));
#4596=DIRECTION('',(-1.0,0.0,0.0));
#4597=DIRECTION('',(0.0,0.0,1.0));
#4598=SURFACE_STYLE_FILL_AREA(#7273);
#4599=ORIENTED_EDGE('',*,*,#7274,.F.);
#4600=ORIENTED_EDGE('',*,*,#7275,.T.);
#4601=ORIENTED_EDGE('',*,*,#7272,.T.);
#4602=ORIENTED_EDGE('',*,*,#7276,.T.);
#4603=CARTESIAN_POINT('',(4.000445454109,0.51999399976,-15.50841558317));
#4604=DIRECTION('',(0.943858356365641,0.0,0.330350424729181));
#4605=DIRECTION('',(0.0,-1.0,0.0));
#4606=SURFACE_STYLE_FILL_AREA(#7277);
#4607=ORIENTED_EDGE('',*,*,#7270,.F.);
#4608=ORIENTED_EDGE('',*,*,#7278,.T.);
#4609=ORIENTED_EDGE('',*,*,#7255,.T.);
#4610=ORIENTED_EDGE('',*,*,#7232,.T.);
#4611=CARTESIAN_POINT('',(2.79999399976,-0.0299999999999996,-14.2));
#4612=DIRECTION('',(-1.0,0.0,0.0));
#4613=DIRECTION('',(0.0,1.0,0.0));
#4614=SURFACE_STYLE_FILL_AREA(#7279);
#4615=ORIENTED_EDGE('',*,*,#7280,.F.);
#4616=ORIENTED_EDGE('',*,*,#7281,.T.);
#4617=ORIENTED_EDGE('',*,*,#7282,.T.);
#4618=ORIENTED_EDGE('',*,*,#7283,.T.);
#4619=CARTESIAN_POINT('',(4.088618200973,0.51999399976,-16.85447280389));
#4620=DIRECTION('',(0.97014250014562,0.0,0.242535625035179));
#4621=DIRECTION('',(0.0,-1.0,0.0));
#4622=SURFACE_STYLE_FILL_AREA(#7284);
#4623=ORIENTED_EDGE('',*,*,#7282,.F.);
#4624=ORIENTED_EDGE('',*,*,#7285,.T.);
#4625=ORIENTED_EDGE('',*,*,#7286,.T.);
#4626=ORIENTED_EDGE('',*,*,#7287,.F.);
#4627=CARTESIAN_POINT('',(4.125,0.51999399976,-16.29999399976));
#4628=DIRECTION('',(1.0,0.0,0.0));
#4629=DIRECTION('',(0.0,1.0,0.0));
#4630=SURFACE_STYLE_FILL_AREA(#7288);
#4631=ORIENTED_EDGE('',*,*,#7289,.F.);
#4632=ORIENTED_EDGE('',*,*,#7290,.F.);
#4633=ORIENTED_EDGE('',*,*,#7286,.F.);
#4634=ORIENTED_EDGE('',*,*,#7291,.T.);
#4635=CARTESIAN_POINT('',(2.877,0.51999399976,-16.45));
#4636=DIRECTION('',(0.0,0.0,-1.0));
#4637=DIRECTION('',(0.0,-1.0,0.0));
#4638=SURFACE_STYLE_FILL_AREA(#7292);
#4639=ORIENTED_EDGE('',*,*,#7293,.T.);
#4640=ORIENTED_EDGE('',*,*,#7294,.T.);
#4641=ORIENTED_EDGE('',*,*,#7295,.T.);
#4642=ORIENTED_EDGE('',*,*,#7296,.F.);
#4643=ORIENTED_EDGE('',*,*,#7227,.F.);
#4644=ORIENTED_EDGE('',*,*,#7297,.F.);
#4645=ORIENTED_EDGE('',*,*,#7298,.F.);
#4646=CARTESIAN_POINT('',(4.16,0.51999399976,-17.64999399976));
#4647=DIRECTION('',(1.0,0.0,0.0));
#4648=DIRECTION('',(0.0,1.0,0.0));
#4649=SURFACE_STYLE_FILL_AREA(#7299);
#4650=ORIENTED_EDGE('',*,*,#7300,.F.);
#4651=ORIENTED_EDGE('',*,*,#7301,.F.);
#4652=ORIENTED_EDGE('',*,*,#7295,.F.);
#4653=ORIENTED_EDGE('',*,*,#7302,.T.);
#4654=CARTESIAN_POINT('',(2.8418,0.51999399976,-17.8));
#4655=DIRECTION('',(0.0,0.0,-1.0));
#4656=DIRECTION('',(0.0,-1.0,0.0));
#4657=SURFACE_STYLE_FILL_AREA(#7303);
#4658=ORIENTED_EDGE('',*,*,#7304,.F.);
#4659=ORIENTED_EDGE('',*,*,#7305,.T.);
#4660=ORIENTED_EDGE('',*,*,#7306,.T.);
#4661=ORIENTED_EDGE('',*,*,#7307,.F.);
#4662=ORIENTED_EDGE('',*,*,#7308,.F.);
#4663=ORIENTED_EDGE('',*,*,#7223,.T.);
#4664=ORIENTED_EDGE('',*,*,#7309,.T.);
#4665=CARTESIAN_POINT('',(2.84,0.51999399976,-18.95000600024));
#4666=DIRECTION('',(-1.0,0.0,0.0));
#4667=DIRECTION('',(0.0,0.0,1.0));
#4668=SURFACE_STYLE_FILL_AREA(#7310);
#4669=ORIENTED_EDGE('',*,*,#7311,.F.);
#4670=ORIENTED_EDGE('',*,*,#7312,.T.);
#4671=ORIENTED_EDGE('',*,*,#7304,.T.);
#4672=ORIENTED_EDGE('',*,*,#7313,.T.);
#4673=CARTESIAN_POINT('',(2.8418,0.51999399976,-17.8));
#4674=DIRECTION('',(0.0,0.0,-1.0));
#4675=DIRECTION('',(0.0,-1.0,0.0));
#4676=SURFACE_STYLE_FILL_AREA(#7314);
#4677=ORIENTED_EDGE('',*,*,#7315,.F.);
#4678=ORIENTED_EDGE('',*,*,#7313,.F.);
#4679=ORIENTED_EDGE('',*,*,#7309,.F.);
#4680=ORIENTED_EDGE('',*,*,#7222,.F.);
#4681=ORIENTED_EDGE('',*,*,#7220,.T.);
#4682=ORIENTED_EDGE('',*,*,#7228,.F.);
#4683=ORIENTED_EDGE('',*,*,#7296,.T.);
#4684=ORIENTED_EDGE('',*,*,#7301,.T.);
#4685=ORIENTED_EDGE('',*,*,#7316,.F.);
#4686=ORIENTED_EDGE('',*,*,#7283,.F.);
#4687=ORIENTED_EDGE('',*,*,#7287,.T.);
#4688=ORIENTED_EDGE('',*,*,#7290,.T.);
#4689=ORIENTED_EDGE('',*,*,#7317,.F.);
#4690=ORIENTED_EDGE('',*,*,#7276,.F.);
#4691=ORIENTED_EDGE('',*,*,#7271,.F.);
#4692=ORIENTED_EDGE('',*,*,#7235,.F.);
#4693=ORIENTED_EDGE('',*,*,#7254,.T.);
#4694=ORIENTED_EDGE('',*,*,#7262,.F.);
#4695=ORIENTED_EDGE('',*,*,#7318,.F.);
#4696=ORIENTED_EDGE('',*,*,#7250,.F.);
#4697=ORIENTED_EDGE('',*,*,#7246,.F.);
#4698=ORIENTED_EDGE('',*,*,#7240,.F.);
#4699=CARTESIAN_POINT('',(2.59999399976,0.67,-14.59999399976));
#4700=DIRECTION('',(0.0,-1.0,0.0));
#4701=DIRECTION('',(0.0,0.0,-1.0));
#4702=SURFACE_STYLE_FILL_AREA(#7319);
#4703=ORIENTED_EDGE('',*,*,#7320,.F.);
#4704=ORIENTED_EDGE('',*,*,#7297,.T.);
#4705=ORIENTED_EDGE('',*,*,#7226,.T.);
#4706=ORIENTED_EDGE('',*,*,#6701,.F.);
#4707=ORIENTED_EDGE('',*,*,#7224,.T.);
#4708=ORIENTED_EDGE('',*,*,#7308,.T.);
#4709=CARTESIAN_POINT('',(2.59999399976,0.92,-14.59999399976));
#4710=DIRECTION('',(0.0,-1.0,0.0));
#4711=DIRECTION('',(0.0,0.0,-1.0));
#4712=SURFACE_STYLE_FILL_AREA(#7321);
#4713=ORIENTED_EDGE('',*,*,#7322,.F.);
#4714=ORIENTED_EDGE('',*,*,#7323,.T.);
#4715=ORIENTED_EDGE('',*,*,#7324,.F.);
#4716=ORIENTED_EDGE('',*,*,#7325,.F.);
#4717=CARTESIAN_POINT('',(1.5,-0.0299939997599999,-1.84999399976));
#4718=DIRECTION('',(-1.0,0.0,0.0));
#4719=DIRECTION('',(0.0,0.0,1.0));
#4720=SURFACE_STYLE_FILL_AREA(#7326);
#4721=ORIENTED_EDGE('',*,*,#7327,.F.);
#4722=ORIENTED_EDGE('',*,*,#7328,.T.);
#4723=ORIENTED_EDGE('',*,*,#7329,.F.);
#4724=ORIENTED_EDGE('',*,*,#7330,.F.);
#4725=CARTESIAN_POINT('',(0.5,-0.0299939997599999,-9.65000600024));
#4726=DIRECTION('',(1.0,0.0,0.0));
#4727=DIRECTION('',(0.0,1.0,0.0));
#4728=SURFACE_STYLE_FILL_AREA(#7331);
#4729=ORIENTED_EDGE('',*,*,#7332,.T.);
#4730=ORIENTED_EDGE('',*,*,#6695,.T.);
#4731=ORIENTED_EDGE('',*,*,#7333,.T.);
#4732=ORIENTED_EDGE('',*,*,#7334,.T.);
#4733=ORIENTED_EDGE('',*,*,#7335,.T.);
#4734=ORIENTED_EDGE('',*,*,#6692,.T.);
#4735=CARTESIAN_POINT('',(0.9168,-0.06,-2.7748));
#4736=DIRECTION('',(-0.0,1.0,0.0));
#4737=DIRECTION('',(1.0,0.0,0.0));
#4738=SURFACE_STYLE_FILL_AREA(#7336);
#4739=ORIENTED_EDGE('',*,*,#6691,.T.);
#4740=ORIENTED_EDGE('',*,*,#7337,.T.);
#4741=ORIENTED_EDGE('',*,*,#6696,.F.);
#4742=ORIENTED_EDGE('',*,*,#7332,.F.);
#4743=CARTESIAN_POINT('',(1.08,-0.43,-2.858));
#4744=DIRECTION('',(-0.0,0.0,1.0));
#4745=DIRECTION('',(1.0,0.0,0.0));
#4746=SURFACE_STYLE_FILL_AREA(#7338);
#4747=ORIENTED_EDGE('',*,*,#6694,.T.);
#4748=ORIENTED_EDGE('',*,*,#7339,.T.);
#4749=ORIENTED_EDGE('',*,*,#7340,.F.);
#4750=ORIENTED_EDGE('',*,*,#7333,.F.);
#4751=CARTESIAN_POINT('',(1.0,-0.430000000000049,-5.0));
#4752=DIRECTION('',(0.0,1.0,-2.7105054312124E-15));
#4753=DIRECTION('',(0.0,2.7105054312124E-15,1.0));
#4754=SURFACE_STYLE_FILL_AREA(#7341);
#4755=ORIENTED_EDGE('',*,*,#7340,.T.);
#4756=ORIENTED_EDGE('',*,*,#7342,.T.);
#4757=ORIENTED_EDGE('',*,*,#7343,.F.);
#4758=ORIENTED_EDGE('',*,*,#7334,.F.);
#4759=CARTESIAN_POINT('',(0.92,-0.43,-5.042));
#4760=DIRECTION('',(-0.0,0.0,-1.0));
#4761=DIRECTION('',(-1.0,0.0,0.0));
#4762=SURFACE_STYLE_FILL_AREA(#7344);
#4763=ORIENTED_EDGE('',*,*,#6689,.T.);
#4764=ORIENTED_EDGE('',*,*,#7335,.F.);
#4765=ORIENTED_EDGE('',*,*,#7343,.T.);
#4766=ORIENTED_EDGE('',*,*,#7345,.T.);
#4767=CARTESIAN_POINT('',(1.0,-0.430000000000049,-2.9));
#4768=DIRECTION('',(0.0,1.0,0.0));
#4769=DIRECTION('',(0.0,0.0,1.0));
#4770=SURFACE_STYLE_FILL_AREA(#7346);
#4771=ORIENTED_EDGE('',*,*,#7342,.F.);
#4772=ORIENTED_EDGE('',*,*,#7339,.F.);
#4773=ORIENTED_EDGE('',*,*,#6697,.F.);
#4774=ORIENTED_EDGE('',*,*,#7337,.F.);
#4775=ORIENTED_EDGE('',*,*,#6690,.F.);
#4776=ORIENTED_EDGE('',*,*,#7345,.F.);
#4777=ORIENTED_EDGE('',*,*,#7330,.T.);
#4778=ORIENTED_EDGE('',*,*,#7347,.T.);
#4779=ORIENTED_EDGE('',*,*,#7325,.T.);
#4780=ORIENTED_EDGE('',*,*,#7348,.T.);
#4781=CARTESIAN_POINT('',(1.79000600024,-0.18,-14.444));
#4782=DIRECTION('',(-0.0,1.0,0.0));
#4783=DIRECTION('',(1.0,0.0,0.0));
#4784=SURFACE_STYLE_FILL_AREA(#7349);
#4785=ORIENTED_EDGE('',*,*,#7350,.F.);
#4786=ORIENTED_EDGE('',*,*,#7351,.T.);
#4787=ORIENTED_EDGE('',*,*,#7352,.F.);
#4788=ORIENTED_EDGE('',*,*,#7353,.F.);
#4789=CARTESIAN_POINT('',(-3.0,-0.0299939997599999,-0.83));
#4790=DIRECTION('',(-1.0,0.0,0.0));
#4791=DIRECTION('',(0.0,0.0,1.0));
#4792=SURFACE_STYLE_FILL_AREA(#7354);
#4793=ORIENTED_EDGE('',*,*,#7355,.F.);
#4794=ORIENTED_EDGE('',*,*,#7356,.T.);
#4795=ORIENTED_EDGE('',*,*,#7357,.F.);
#4796=ORIENTED_EDGE('',*,*,#7358,.F.);
#4797=CARTESIAN_POINT('',(-4.0,-0.0299939997599999,-9.67));
#4798=DIRECTION('',(1.0,0.0,0.0));
#4799=DIRECTION('',(0.0,1.0,0.0));
#4800=SURFACE_STYLE_FILL_AREA(#7359);
#4801=ORIENTED_EDGE('',*,*,#7360,.T.);
#4802=ORIENTED_EDGE('',*,*,#6685,.T.);
#4803=ORIENTED_EDGE('',*,*,#7361,.T.);
#4804=ORIENTED_EDGE('',*,*,#7362,.T.);
#4805=ORIENTED_EDGE('',*,*,#7363,.T.);
#4806=ORIENTED_EDGE('',*,*,#6682,.T.);
#4807=CARTESIAN_POINT('',(-3.5832,-0.06,-2.7748));
#4808=DIRECTION('',(-0.0,1.0,0.0));
#4809=DIRECTION('',(1.0,0.0,0.0));
#4810=SURFACE_STYLE_FILL_AREA(#7364);
#4811=ORIENTED_EDGE('',*,*,#6681,.T.);
#4812=ORIENTED_EDGE('',*,*,#7365,.T.);
#4813=ORIENTED_EDGE('',*,*,#6686,.F.);
#4814=ORIENTED_EDGE('',*,*,#7360,.F.);
#4815=CARTESIAN_POINT('',(-3.42,-0.43,-2.858));
#4816=DIRECTION('',(-0.0,0.0,1.0));
#4817=DIRECTION('',(1.0,0.0,0.0));
#4818=SURFACE_STYLE_FILL_AREA(#7366);
#4819=ORIENTED_EDGE('',*,*,#6684,.T.);
#4820=ORIENTED_EDGE('',*,*,#7367,.T.);
#4821=ORIENTED_EDGE('',*,*,#7368,.F.);
#4822=ORIENTED_EDGE('',*,*,#7361,.F.);
#4823=CARTESIAN_POINT('',(-3.5,-0.43,-5.0));
#4824=DIRECTION('',(0.0,1.0,-2.71050543121241E-15));
#4825=DIRECTION('',(0.0,2.71050543121241E-15,1.0));
#4826=SURFACE_STYLE_FILL_AREA(#7369);
#4827=ORIENTED_EDGE('',*,*,#7368,.T.);
#4828=ORIENTED_EDGE('',*,*,#7370,.T.);
#4829=ORIENTED_EDGE('',*,*,#7371,.F.);
#4830=ORIENTED_EDGE('',*,*,#7362,.F.);
#4831=CARTESIAN_POINT('',(-3.58,-0.43,-5.042));
#4832=DIRECTION('',(-0.0,0.0,-1.0));
#4833=DIRECTION('',(-1.0,0.0,0.0));
#4834=SURFACE_STYLE_FILL_AREA(#7372);
#4835=ORIENTED_EDGE('',*,*,#6679,.T.);
#4836=ORIENTED_EDGE('',*,*,#7363,.F.);
#4837=ORIENTED_EDGE('',*,*,#7371,.T.);
#4838=ORIENTED_EDGE('',*,*,#7373,.T.);
#4839=CARTESIAN_POINT('',(-3.5,-0.43,-2.9));
#4840=DIRECTION('',(0.0,1.0,2.71050543121241E-15));
#4841=DIRECTION('',(0.0,-2.71050543121241E-15,1.0));
#4842=SURFACE_STYLE_FILL_AREA(#7374);
#4843=ORIENTED_EDGE('',*,*,#7370,.F.);
#4844=ORIENTED_EDGE('',*,*,#7367,.F.);
#4845=ORIENTED_EDGE('',*,*,#6687,.F.);
#4846=ORIENTED_EDGE('',*,*,#7365,.F.);
#4847=ORIENTED_EDGE('',*,*,#6680,.F.);
#4848=ORIENTED_EDGE('',*,*,#7373,.F.);
#4849=ORIENTED_EDGE('',*,*,#7358,.T.);
#4850=ORIENTED_EDGE('',*,*,#7375,.T.);
#4851=ORIENTED_EDGE('',*,*,#7353,.T.);
#4852=ORIENTED_EDGE('',*,*,#7376,.T.);
#4853=CARTESIAN_POINT('',(-2.70999399976,-0.18,-14.464));
#4854=DIRECTION('',(-0.0,1.0,0.0));
#4855=DIRECTION('',(1.0,0.0,0.0));
#4856=SURFACE_STYLE_FILL_AREA(#7377);
#4857=ORIENTED_EDGE('',*,*,#7378,.F.);
#4858=ORIENTED_EDGE('',*,*,#7379,.T.);
#4859=ORIENTED_EDGE('',*,*,#7380,.F.);
#4860=ORIENTED_EDGE('',*,*,#7381,.F.);
#4861=CARTESIAN_POINT('',(-0.5,-0.0299939997599999,-1.84999399976));
#4862=DIRECTION('',(-1.0,0.0,0.0));
#4863=DIRECTION('',(0.0,0.0,1.0));
#4864=SURFACE_STYLE_FILL_AREA(#7382);
#4865=ORIENTED_EDGE('',*,*,#7383,.F.);
#4866=ORIENTED_EDGE('',*,*,#7384,.T.);
#4867=ORIENTED_EDGE('',*,*,#7385,.F.);
#4868=ORIENTED_EDGE('',*,*,#7386,.F.);
#4869=CARTESIAN_POINT('',(-1.5,-0.0299939997599999,-9.65000600024));
#4870=DIRECTION('',(1.0,0.0,0.0));
#4871=DIRECTION('',(0.0,1.0,0.0));
#4872=SURFACE_STYLE_FILL_AREA(#7387);
#4873=ORIENTED_EDGE('',*,*,#7388,.T.);
#4874=ORIENTED_EDGE('',*,*,#6675,.T.);
#4875=ORIENTED_EDGE('',*,*,#7389,.T.);
#4876=ORIENTED_EDGE('',*,*,#7390,.T.);
#4877=ORIENTED_EDGE('',*,*,#7391,.T.);
#4878=ORIENTED_EDGE('',*,*,#6672,.T.);
#4879=CARTESIAN_POINT('',(-1.0832,-0.06,-2.7748));
#4880=DIRECTION('',(-0.0,1.0,0.0));
#4881=DIRECTION('',(1.0,0.0,0.0));
#4882=SURFACE_STYLE_FILL_AREA(#7392);
#4883=ORIENTED_EDGE('',*,*,#6671,.T.);
#4884=ORIENTED_EDGE('',*,*,#7393,.T.);
#4885=ORIENTED_EDGE('',*,*,#6676,.F.);
#4886=ORIENTED_EDGE('',*,*,#7388,.F.);
#4887=CARTESIAN_POINT('',(-0.92,-0.43,-2.858));
#4888=DIRECTION('',(-0.0,0.0,1.0));
#4889=DIRECTION('',(1.0,0.0,0.0));
#4890=SURFACE_STYLE_FILL_AREA(#7394);
#4891=ORIENTED_EDGE('',*,*,#6674,.T.);
#4892=ORIENTED_EDGE('',*,*,#7395,.T.);
#4893=ORIENTED_EDGE('',*,*,#7396,.F.);
#4894=ORIENTED_EDGE('',*,*,#7389,.F.);
#4895=CARTESIAN_POINT('',(-1.0,-0.43,-5.0));
#4896=DIRECTION('',(0.0,1.0,-2.71050543121308E-15));
#4897=DIRECTION('',(0.0,2.71050543121308E-15,1.0));
#4898=SURFACE_STYLE_FILL_AREA(#7397);
#4899=ORIENTED_EDGE('',*,*,#7396,.T.);
#4900=ORIENTED_EDGE('',*,*,#7398,.T.);
#4901=ORIENTED_EDGE('',*,*,#7399,.F.);
#4902=ORIENTED_EDGE('',*,*,#7390,.F.);
#4903=CARTESIAN_POINT('',(-1.08,-0.43,-5.042));
#4904=DIRECTION('',(-0.0,0.0,-1.0));
#4905=DIRECTION('',(-1.0,0.0,0.0));
#4906=SURFACE_STYLE_FILL_AREA(#7400);
#4907=ORIENTED_EDGE('',*,*,#6669,.T.);
#4908=ORIENTED_EDGE('',*,*,#7391,.F.);
#4909=ORIENTED_EDGE('',*,*,#7399,.T.);
#4910=ORIENTED_EDGE('',*,*,#7401,.T.);
#4911=CARTESIAN_POINT('',(-1.0,-0.430000000000049,-2.9));
#4912=DIRECTION('',(0.0,1.0,2.71050543121241E-15));
#4913=DIRECTION('',(0.0,-2.71050543121241E-15,1.0));
#4914=SURFACE_STYLE_FILL_AREA(#7402);
#4915=ORIENTED_EDGE('',*,*,#7398,.F.);
#4916=ORIENTED_EDGE('',*,*,#7395,.F.);
#4917=ORIENTED_EDGE('',*,*,#6677,.F.);
#4918=ORIENTED_EDGE('',*,*,#7393,.F.);
#4919=ORIENTED_EDGE('',*,*,#6670,.F.);
#4920=ORIENTED_EDGE('',*,*,#7401,.F.);
#4921=ORIENTED_EDGE('',*,*,#7386,.T.);
#4922=ORIENTED_EDGE('',*,*,#7403,.T.);
#4923=ORIENTED_EDGE('',*,*,#7381,.T.);
#4924=ORIENTED_EDGE('',*,*,#7404,.T.);
#4925=CARTESIAN_POINT('',(-0.20999399976,-0.18,-14.444));
#4926=DIRECTION('',(-0.0,1.0,0.0));
#4927=DIRECTION('',(1.0,0.0,0.0));
#4928=SURFACE_STYLE_FILL_AREA(#7405);
#4929=ORIENTED_EDGE('',*,*,#7406,.F.);
#4930=ORIENTED_EDGE('',*,*,#7407,.T.);
#4931=ORIENTED_EDGE('',*,*,#7408,.F.);
#4932=ORIENTED_EDGE('',*,*,#7409,.F.);
#4933=CARTESIAN_POINT('',(4.0,-0.0299939997599999,-0.83));
#4934=DIRECTION('',(-1.0,0.0,0.0));
#4935=DIRECTION('',(0.0,0.0,1.0));
#4936=SURFACE_STYLE_FILL_AREA(#7410);
#4937=ORIENTED_EDGE('',*,*,#7411,.F.);
#4938=ORIENTED_EDGE('',*,*,#7412,.T.);
#4939=ORIENTED_EDGE('',*,*,#7413,.F.);
#4940=ORIENTED_EDGE('',*,*,#7414,.F.);
#4941=CARTESIAN_POINT('',(3.0,-0.0299939997599999,-9.67));
#4942=DIRECTION('',(1.0,0.0,0.0));
#4943=DIRECTION('',(0.0,1.0,0.0));
#4944=SURFACE_STYLE_FILL_AREA(#7415);
#4945=ORIENTED_EDGE('',*,*,#7416,.T.);
#4946=ORIENTED_EDGE('',*,*,#6665,.T.);
#4947=ORIENTED_EDGE('',*,*,#7417,.T.);
#4948=ORIENTED_EDGE('',*,*,#7418,.T.);
#4949=ORIENTED_EDGE('',*,*,#7419,.T.);
#4950=ORIENTED_EDGE('',*,*,#6662,.T.);
#4951=CARTESIAN_POINT('',(3.4168,-0.06,-2.7748));
#4952=DIRECTION('',(-0.0,1.0,0.0));
#4953=DIRECTION('',(1.0,0.0,0.0));
#4954=SURFACE_STYLE_FILL_AREA(#7420);
#4955=ORIENTED_EDGE('',*,*,#6661,.T.);
#4956=ORIENTED_EDGE('',*,*,#7421,.T.);
#4957=ORIENTED_EDGE('',*,*,#6666,.F.);
#4958=ORIENTED_EDGE('',*,*,#7416,.F.);
#4959=CARTESIAN_POINT('',(3.58,-0.43,-2.858));
#4960=DIRECTION('',(-0.0,0.0,1.0));
#4961=DIRECTION('',(1.0,0.0,0.0));
#4962=SURFACE_STYLE_FILL_AREA(#7422);
#4963=ORIENTED_EDGE('',*,*,#6664,.T.);
#4964=ORIENTED_EDGE('',*,*,#7423,.T.);
#4965=ORIENTED_EDGE('',*,*,#7424,.F.);
#4966=ORIENTED_EDGE('',*,*,#7417,.F.);
#4967=CARTESIAN_POINT('',(3.5,-0.430000000000035,-5.0));
#4968=DIRECTION('',(0.0,1.0,-2.71050543121241E-15));
#4969=DIRECTION('',(0.0,2.71050543121241E-15,1.0));
#4970=SURFACE_STYLE_FILL_AREA(#7425);
#4971=ORIENTED_EDGE('',*,*,#7424,.T.);
#4972=ORIENTED_EDGE('',*,*,#7426,.T.);
#4973=ORIENTED_EDGE('',*,*,#7427,.F.);
#4974=ORIENTED_EDGE('',*,*,#7418,.F.);
#4975=CARTESIAN_POINT('',(3.42,-0.43,-5.042));
#4976=DIRECTION('',(-0.0,0.0,-1.0));
#4977=DIRECTION('',(-1.0,0.0,0.0));
#4978=SURFACE_STYLE_FILL_AREA(#7428);
#4979=ORIENTED_EDGE('',*,*,#6659,.T.);
#4980=ORIENTED_EDGE('',*,*,#7419,.F.);
#4981=ORIENTED_EDGE('',*,*,#7427,.T.);
#4982=ORIENTED_EDGE('',*,*,#7429,.T.);
#4983=CARTESIAN_POINT('',(3.5,-0.43,-2.9));
#4984=DIRECTION('',(0.0,1.0,2.71050543121241E-15));
#4985=DIRECTION('',(0.0,-2.71050543121241E-15,1.0));
#4986=SURFACE_STYLE_FILL_AREA(#7430);
#4987=ORIENTED_EDGE('',*,*,#7426,.F.);
#4988=ORIENTED_EDGE('',*,*,#7423,.F.);
#4989=ORIENTED_EDGE('',*,*,#6667,.F.);
#4990=ORIENTED_EDGE('',*,*,#7421,.F.);
#4991=ORIENTED_EDGE('',*,*,#6660,.F.);
#4992=ORIENTED_EDGE('',*,*,#7429,.F.);
#4993=ORIENTED_EDGE('',*,*,#7414,.T.);
#4994=ORIENTED_EDGE('',*,*,#7431,.T.);
#4995=ORIENTED_EDGE('',*,*,#7409,.T.);
#4996=ORIENTED_EDGE('',*,*,#7432,.T.);
#4997=CARTESIAN_POINT('',(4.29000600024,-0.18,-14.464));
#4998=DIRECTION('',(-0.0,1.0,0.0));
#4999=DIRECTION('',(1.0,0.0,0.0));
#5000=SURFACE_STYLE_FILL_AREA(#7433);
#5001=ORIENTED_EDGE('',*,*,#7434,.T.);
#5002=ORIENTED_EDGE('',*,*,#7435,.F.);
#5003=ORIENTED_EDGE('',*,*,#7436,.F.);
#5004=ORIENTED_EDGE('',*,*,#7437,.F.);
#5005=CARTESIAN_POINT('',(4.0,2.25,-8.65));
#5006=DIRECTION('',(-0.982854178284032,-0.18438455529035,0.0));
#5007=DIRECTION('',(-0.18438455529035,0.982854178284032,0.0));
#5008=SURFACE_STYLE_FILL_AREA(#7438);
#5009=ORIENTED_EDGE('',*,*,#6735,.F.);
#5010=ORIENTED_EDGE('',*,*,#7439,.F.);
#5011=ORIENTED_EDGE('',*,*,#7440,.T.);
#5012=ORIENTED_EDGE('',*,*,#7441,.F.);
#5013=CARTESIAN_POINT('',(2.0,2.25,-8.65));
#5014=DIRECTION('',(-0.982854178284032,0.184384555290351,0.0));
#5015=DIRECTION('',(0.0,0.0,1.0));
#5016=SURFACE_STYLE_FILL_AREA(#7442);
#5017=ORIENTED_EDGE('',*,*,#7443,.F.);
#5018=ORIENTED_EDGE('',*,*,#7444,.F.);
#5019=ORIENTED_EDGE('',*,*,#7445,.T.);
#5020=ORIENTED_EDGE('',*,*,#7446,.F.);
#5021=CARTESIAN_POINT('',(-4.0,2.25,-8.65));
#5022=DIRECTION('',(-0.982854178284032,0.18438455529035,0.0));
#5023=DIRECTION('',(0.0,0.0,1.0));
#5024=SURFACE_STYLE_FILL_AREA(#7447);
#5025=ORIENTED_EDGE('',*,*,#7448,.T.);
#5026=ORIENTED_EDGE('',*,*,#7449,.F.);
#5027=ORIENTED_EDGE('',*,*,#7450,.F.);
#5028=ORIENTED_EDGE('',*,*,#7451,.F.);
#5029=CARTESIAN_POINT('',(-2.0,2.25,-8.65));
#5030=DIRECTION('',(-0.982854178284032,-0.184384555290351,0.0));
#5031=DIRECTION('',(-0.184384555290351,0.982854178284032,0.0));
#5032=SURFACE_STYLE_FILL_AREA(#7452);
#5033=ORIENTED_EDGE('',*,*,#6726,.T.);
#5034=ORIENTED_EDGE('',*,*,#7453,.F.);
#5035=ORIENTED_EDGE('',*,*,#7454,.F.);
#5036=ORIENTED_EDGE('',*,*,#7455,.F.);
#5037=CARTESIAN_POINT('',(-2.0,2.25,-8.65));
#5038=DIRECTION('',(-0.982854178284032,-0.184384555290351,0.0));
#5039=DIRECTION('',(-0.184384555290351,0.982854178284032,0.0));
#5040=SURFACE_STYLE_FILL_AREA(#7456);
#5041=ORIENTED_EDGE('',*,*,#6731,.F.);
#5042=ORIENTED_EDGE('',*,*,#7457,.F.);
#5043=ORIENTED_EDGE('',*,*,#7458,.T.);
#5044=ORIENTED_EDGE('',*,*,#7459,.F.);
#5045=CARTESIAN_POINT('',(-4.0,2.25,-8.65));
#5046=DIRECTION('',(-0.982854178284032,0.18438455529035,0.0));
#5047=DIRECTION('',(0.0,0.0,1.0));
#5048=SURFACE_STYLE_FILL_AREA(#7460);
#5049=ORIENTED_EDGE('',*,*,#7461,.F.);
#5050=ORIENTED_EDGE('',*,*,#7462,.F.);
#5051=ORIENTED_EDGE('',*,*,#7463,.T.);
#5052=ORIENTED_EDGE('',*,*,#7464,.F.);
#5053=CARTESIAN_POINT('',(2.0,2.25,-8.65));
#5054=DIRECTION('',(-0.982854178284032,0.184384555290351,0.0));
#5055=DIRECTION('',(0.0,0.0,1.0));
#5056=SURFACE_STYLE_FILL_AREA(#7465);
#5057=ORIENTED_EDGE('',*,*,#7466,.T.);
#5058=ORIENTED_EDGE('',*,*,#7467,.F.);
#5059=ORIENTED_EDGE('',*,*,#7468,.F.);
#5060=ORIENTED_EDGE('',*,*,#7469,.F.);
#5061=CARTESIAN_POINT('',(4.0,2.25,-8.65));
#5062=DIRECTION('',(-0.982854178284032,-0.18438455529035,0.0));
#5063=DIRECTION('',(-0.18438455529035,0.982854178284032,0.0));
#5064=SURFACE_STYLE_FILL_AREA(#7470);
#5065=ORIENTED_EDGE('',*,*,#7471,.T.);
#5066=ORIENTED_EDGE('',*,*,#7472,.F.);
#5067=ORIENTED_EDGE('',*,*,#6745,.F.);
#5068=ORIENTED_EDGE('',*,*,#7473,.F.);
#5069=CARTESIAN_POINT('',(-0.6,2.25,-13.36637791296));
#5070=DIRECTION('',(0.0,0.0,1.0));
#5071=DIRECTION('',(1.0,0.0,0.0));
#5072=SURFACE_STYLE_FILL_AREA(#7474);
#5073=ORIENTED_EDGE('',*,*,#7475,.F.);
#5074=ORIENTED_EDGE('',*,*,#7476,.F.);
#5075=ORIENTED_EDGE('',*,*,#6759,.T.);
#5076=ORIENTED_EDGE('',*,*,#7477,.T.);
#5077=CARTESIAN_POINT('',(-0.6,2.25,-13.36637791296));
#5078=DIRECTION('',(0.0,0.0,1.0));
#5079=DIRECTION('',(1.0,0.0,0.0));
#5080=SURFACE_STYLE_FILL_AREA(#7478);
#5081=ORIENTED_EDGE('',*,*,#7440,.F.);
#5082=ORIENTED_EDGE('',*,*,#7479,.F.);
#5083=ORIENTED_EDGE('',*,*,#7436,.T.);
#5084=ORIENTED_EDGE('',*,*,#7480,.T.);
#5085=CARTESIAN_POINT('',(-1.79371366051,1.79999399976,-9.46));
#5086=DIRECTION('',(0.0,0.0,-1.0));
#5087=DIRECTION('',(0.0,-1.0,0.0));
#5088=SURFACE_STYLE_FILL_AREA(#7481);
#5089=ORIENTED_EDGE('',*,*,#7450,.T.);
#5090=ORIENTED_EDGE('',*,*,#7482,.F.);
#5091=ORIENTED_EDGE('',*,*,#7445,.F.);
#5092=ORIENTED_EDGE('',*,*,#7483,.T.);
#5093=CARTESIAN_POINT('',(-4.20628633949,1.79999399976,-8.64));
#5094=DIRECTION('',(0.0,0.0,1.0));
#5095=DIRECTION('',(1.0,0.0,0.0));
#5096=SURFACE_STYLE_FILL_AREA(#7484);
#5097=ORIENTED_EDGE('',*,*,#7485,.T.);
#5098=ORIENTED_EDGE('',*,*,#7486,.F.);
#5099=ORIENTED_EDGE('',*,*,#7487,.F.);
#5100=ORIENTED_EDGE('',*,*,#7475,.T.);
#5101=CARTESIAN_POINT('',(0.6,1.79999399976,-13.40000600024));
#5102=DIRECTION('',(-1.0,0.0,0.0));
#5103=DIRECTION('',(0.0,0.0,1.0));
#5104=SURFACE_STYLE_FILL_AREA(#7488);
#5105=ORIENTED_EDGE('',*,*,#7486,.T.);
#5106=ORIENTED_EDGE('',*,*,#7489,.T.);
#5107=ORIENTED_EDGE('',*,*,#7490,.F.);
#5108=ORIENTED_EDGE('',*,*,#7491,.F.);
#5109=CARTESIAN_POINT('',(0.75000600024,1.79999399976,-12.45));
#5110=DIRECTION('',(0.0,0.0,-1.0));
#5111=DIRECTION('',(0.0,-1.0,0.0));
#5112=SURFACE_STYLE_FILL_AREA(#7492);
#5113=ORIENTED_EDGE('',*,*,#7493,.F.);
#5114=ORIENTED_EDGE('',*,*,#7494,.T.);
#5115=ORIENTED_EDGE('',*,*,#7495,.T.);
#5116=ORIENTED_EDGE('',*,*,#6651,.T.);
#5117=CARTESIAN_POINT('',(-5.54999399976,0.60000600024,-16.8));
#5118=DIRECTION('',(0.0,0.0,-1.0));
#5119=DIRECTION('',(0.0,-1.0,0.0));
#5120=SURFACE_STYLE_FILL_AREA(#7496);
#5121=ORIENTED_EDGE('',*,*,#7497,.T.);
#5122=ORIENTED_EDGE('',*,*,#7471,.F.);
#5123=ORIENTED_EDGE('',*,*,#7498,.T.);
#5124=ORIENTED_EDGE('',*,*,#7490,.T.);
#5125=CARTESIAN_POINT('',(-0.6,1.79999399976,-13.36870547122));
#5126=DIRECTION('',(-1.0,0.0,0.0));
#5127=DIRECTION('',(0.0,0.0,1.0));
#5128=SURFACE_STYLE_FILL_AREA(#7499);
#5129=ORIENTED_EDGE('',*,*,#7500,.T.);
#5130=ORIENTED_EDGE('',*,*,#7501,.T.);
#5131=ORIENTED_EDGE('',*,*,#6736,.T.);
#5132=ORIENTED_EDGE('',*,*,#7502,.F.);
#5133=CARTESIAN_POINT('',(3.039806292983,1.8456308860622,-8.49999399976));
#5134=DIRECTION('',(-0.362446261154903,-0.932004671541314,0.0));
#5135=DIRECTION('',(-0.932004671541314,0.362446261154903,0.0));
#5136=SURFACE_STYLE_FILL_AREA(#7503);
#5137=ORIENTED_EDGE('',*,*,#7504,.T.);
#5138=ORIENTED_EDGE('',*,*,#6744,.T.);
#5139=ORIENTED_EDGE('',*,*,#6755,.F.);
#5140=ORIENTED_EDGE('',*,*,#6760,.F.);
#5141=CARTESIAN_POINT('',(0.624,1.8,-13.36637791296));
#5142=DIRECTION('',(1.0,0.0,0.0));
#5143=DIRECTION('',(0.0,-1.0,0.0));
#5144=SURFACE_STYLE_FILL_AREA(#7505);
#5145=ORIENTED_EDGE('',*,*,#6751,.T.);
#5146=ORIENTED_EDGE('',*,*,#6746,.F.);
#5147=ORIENTED_EDGE('',*,*,#7506,.F.);
#5148=ORIENTED_EDGE('',*,*,#6758,.T.);
#5149=CARTESIAN_POINT('',(0.75000600024,1.8,-13.36637791296));
#5150=DIRECTION('',(1.0,0.0,0.0));
#5151=DIRECTION('',(0.0,-1.0,0.0));
#5152=SURFACE_STYLE_FILL_AREA(#7507);
#5153=ORIENTED_EDGE('',*,*,#7508,.T.);
#5154=ORIENTED_EDGE('',*,*,#7509,.T.);
#5155=ORIENTED_EDGE('',*,*,#7510,.F.);
#5156=ORIENTED_EDGE('',*,*,#7511,.F.);
#5157=CARTESIAN_POINT('',(-1.75,-1.948,-7.31000600024));
#5158=DIRECTION('',(1.0,0.0,0.0));
#5159=DIRECTION('',(0.0,1.0,0.0));
#5160=SURFACE_STYLE_FILL_AREA(#7512);
#5161=ORIENTED_EDGE('',*,*,#7513,.T.);
#5162=ORIENTED_EDGE('',*,*,#7514,.F.);
#5163=ORIENTED_EDGE('',*,*,#7515,.F.);
#5164=ORIENTED_EDGE('',*,*,#7511,.T.);
#5165=CARTESIAN_POINT('',(-1.443929740012,2.3560702599884,-7.51000600024));
#5166=DIRECTION('',(-0.707106781186548,0.707106781186548,0.0));
#5167=DIRECTION('',(0.0,0.0,1.0));
#5168=SURFACE_STYLE_FILL_AREA(#7516);
#5169=ORIENTED_EDGE('',*,*,#7513,.F.);
#5170=ORIENTED_EDGE('',*,*,#7517,.T.);
#5171=ORIENTED_EDGE('',*,*,#7518,.T.);
#5172=ORIENTED_EDGE('',*,*,#7519,.F.);
#5173=CARTESIAN_POINT('',(-1.39999399976,2.3560702599884,-4.853929740012));
#5174=DIRECTION('',(0.0,0.707106781186548,-0.707106781186548));
#5175=DIRECTION('',(-1.0,0.0,0.0));
#5176=SURFACE_STYLE_FILL_AREA(#7520);
#5177=ORIENTED_EDGE('',*,*,#7510,.T.);
#5178=ORIENTED_EDGE('',*,*,#7521,.T.);
#5179=ORIENTED_EDGE('',*,*,#7522,.F.);
#5180=ORIENTED_EDGE('',*,*,#7517,.F.);
#5181=CARTESIAN_POINT('',(-1.59999399976,-1.948,-5.16));
#5182=DIRECTION('',(0.0,0.0,1.0));
#5183=DIRECTION('',(1.0,0.0,0.0));
#5184=SURFACE_STYLE_FILL_AREA(#7523);
#5185=ORIENTED_EDGE('',*,*,#7522,.T.);
#5186=ORIENTED_EDGE('',*,*,#7524,.T.);
#5187=ORIENTED_EDGE('',*,*,#7525,.F.);
#5188=ORIENTED_EDGE('',*,*,#7526,.F.);
#5189=CARTESIAN_POINT('',(-4.25,-1.948,-5.00999399976));
#5190=DIRECTION('',(-1.0,0.0,0.0));
#5191=DIRECTION('',(0.0,0.0,1.0));
#5192=SURFACE_STYLE_FILL_AREA(#7527);
#5193=ORIENTED_EDGE('',*,*,#7518,.F.);
#5194=ORIENTED_EDGE('',*,*,#7526,.T.);
#5195=ORIENTED_EDGE('',*,*,#7528,.T.);
#5196=ORIENTED_EDGE('',*,*,#7529,.F.);
#5197=CARTESIAN_POINT('',(-4.556070259988,2.3560702599884,-4.80999399976));
#5198=DIRECTION('',(0.707106781186548,0.707106781186548,0.0));
#5199=DIRECTION('',(0.0,0.0,-1.0));
#5200=SURFACE_STYLE_FILL_AREA(#7530);
#5201=ORIENTED_EDGE('',*,*,#7515,.T.);
#5202=ORIENTED_EDGE('',*,*,#7531,.F.);
#5203=ORIENTED_EDGE('',*,*,#7528,.F.);
#5204=ORIENTED_EDGE('',*,*,#7532,.T.);
#5205=CARTESIAN_POINT('',(-4.60000600024,2.3560702599884,-7.466070259988));
#5206=DIRECTION('',(0.0,0.707106781186548,0.707106781186548));
#5207=DIRECTION('',(1.0,0.0,-0.0));
#5208=SURFACE_STYLE_FILL_AREA(#7533);
#5209=ORIENTED_EDGE('',*,*,#7525,.T.);
#5210=ORIENTED_EDGE('',*,*,#7534,.T.);
#5211=ORIENTED_EDGE('',*,*,#7508,.F.);
#5212=ORIENTED_EDGE('',*,*,#7532,.F.);
#5213=CARTESIAN_POINT('',(-4.40000600024,-1.948,-7.16));
#5214=DIRECTION('',(0.0,0.0,-1.0));
#5215=DIRECTION('',(0.0,-1.0,0.0));
#5216=SURFACE_STYLE_FILL_AREA(#7535);
#5217=ORIENTED_EDGE('',*,*,#7536,.T.);
#5218=ORIENTED_EDGE('',*,*,#7537,.T.);
#5219=ORIENTED_EDGE('',*,*,#7538,.F.);
#5220=ORIENTED_EDGE('',*,*,#7539,.F.);
#5221=CARTESIAN_POINT('',(-5.5,-1.75,-15.08907179677));
#5222=DIRECTION('',(-0.0,0.0,-1.0));
#5223=DIRECTION('',(-1.0,0.0,0.0));
#5224=SURFACE_STYLE_FILL_AREA(#7540);
#5225=ORIENTED_EDGE('',*,*,#7541,.F.);
#5226=ORIENTED_EDGE('',*,*,#7542,.T.);
#5227=ORIENTED_EDGE('',*,*,#7543,.T.);
#5228=ORIENTED_EDGE('',*,*,#7544,.T.);
#5229=ORIENTED_EDGE('',*,*,#7545,.T.);
#5230=CARTESIAN_POINT('',(0.14000600024,-1.84392974000754,-14.4939297400145));
#5231=DIRECTION('',(0.0,0.707106781171249,-0.707106781201846));
#5232=DIRECTION('',(-1.0,0.0,0.0));
#5233=SURFACE_STYLE_FILL_AREA(#7546);
#5234=ORIENTED_EDGE('',*,*,#7544,.F.);
#5235=ORIENTED_EDGE('',*,*,#7547,.T.);
#5236=ORIENTED_EDGE('',*,*,#7548,.T.);
#5237=ORIENTED_EDGE('',*,*,#7549,.T.);
#5238=ORIENTED_EDGE('',*,*,#7550,.F.);
#5239=CARTESIAN_POINT('',(-0.01,-2.40000600024,-9.894535946402));
#5240=DIRECTION('',(-1.0,0.0,0.0));
#5241=DIRECTION('',(0.0,0.0,1.0));
#5242=SURFACE_STYLE_FILL_AREA(#7551);
#5243=ORIENTED_EDGE('',*,*,#7548,.F.);
#5244=ORIENTED_EDGE('',*,*,#7552,.T.);
#5245=ORIENTED_EDGE('',*,*,#7553,.T.);
#5246=ORIENTED_EDGE('',*,*,#7554,.F.);
#5247=SURFACE_STYLE_FILL_AREA(#7555);
#5248=ORIENTED_EDGE('',*,*,#7556,.F.);
#5249=ORIENTED_EDGE('',*,*,#7557,.T.);
#5250=ORIENTED_EDGE('',*,*,#7558,.F.);
#5251=ORIENTED_EDGE('',*,*,#7553,.F.);
#5252=CARTESIAN_POINT('',(0.08509099307216,-2.40000600024,-11.38415308164));
#5253=DIRECTION('',(0.499999999996662,0.0,0.866025403786366));
#5254=DIRECTION('',(0.0,-1.0,0.0));
#5255=SURFACE_STYLE_FILL_AREA(#7559);
#5256=ORIENTED_EDGE('',*,*,#7560,.F.);
#5257=ORIENTED_EDGE('',*,*,#7561,.T.);
#5258=ORIENTED_EDGE('',*,*,#7562,.T.);
#5259=ORIENTED_EDGE('',*,*,#7557,.F.);
#5260=SURFACE_STYLE_FILL_AREA(#7563);
#5261=ORIENTED_EDGE('',*,*,#7564,.F.);
#5262=ORIENTED_EDGE('',*,*,#7565,.T.);
#5263=ORIENTED_EDGE('',*,*,#7566,.F.);
#5264=ORIENTED_EDGE('',*,*,#7561,.F.);
#5265=CARTESIAN_POINT('',(0.99,-2.40000600024,-4.012270973321));
#5266=DIRECTION('',(-1.0,0.0,0.0));
#5267=DIRECTION('',(0.0,0.0,1.0));
#5268=SURFACE_STYLE_FILL_AREA(#7567);
#5269=ORIENTED_EDGE('',*,*,#7568,.F.);
#5270=ORIENTED_EDGE('',*,*,#7569,.T.);
#5271=ORIENTED_EDGE('',*,*,#7570,.T.);
#5272=ORIENTED_EDGE('',*,*,#7565,.F.);
#5273=SURFACE_STYLE_FILL_AREA(#7571);
#5274=ORIENTED_EDGE('',*,*,#7572,.F.);
#5275=ORIENTED_EDGE('',*,*,#7573,.T.);
#5276=ORIENTED_EDGE('',*,*,#7574,.F.);
#5277=ORIENTED_EDGE('',*,*,#7569,.F.);
#5278=CARTESIAN_POINT('',(0.8949090069278,-2.40000600024,-9.481888108554));
#5279=DIRECTION('',(0.500000000000673,0.0,-0.86602540378405));
#5280=DIRECTION('',(0.0,-1.0,0.0));
#5281=SURFACE_STYLE_FILL_AREA(#7575);
#5282=ORIENTED_EDGE('',*,*,#7573,.F.);
#5283=ORIENTED_EDGE('',*,*,#7576,.T.);
#5284=ORIENTED_EDGE('',*,*,#7577,.T.);
#5285=ORIENTED_EDGE('',*,*,#7578,.F.);
#5286=SURFACE_STYLE_FILL_AREA(#7579);
#5287=ORIENTED_EDGE('',*,*,#7580,.F.);
#5288=ORIENTED_EDGE('',*,*,#7581,.T.);
#5289=ORIENTED_EDGE('',*,*,#7582,.F.);
#5290=ORIENTED_EDGE('',*,*,#7577,.F.);
#5291=CARTESIAN_POINT('',(-0.01,-2.40000600024,-9.894535946402));
#5292=DIRECTION('',(-1.0,0.0,0.0));
#5293=DIRECTION('',(0.0,0.0,1.0));
#5294=SURFACE_STYLE_FILL_AREA(#7583);
#5295=ORIENTED_EDGE('',*,*,#7581,.F.);
#5296=ORIENTED_EDGE('',*,*,#7584,.T.);
#5297=ORIENTED_EDGE('',*,*,#7585,.T.);
#5298=ORIENTED_EDGE('',*,*,#7586,.F.);
#5299=SURFACE_STYLE_FILL_AREA(#7587);
#5300=ORIENTED_EDGE('',*,*,#7588,.F.);
#5301=ORIENTED_EDGE('',*,*,#7589,.T.);
#5302=ORIENTED_EDGE('',*,*,#7590,.F.);
#5303=ORIENTED_EDGE('',*,*,#7585,.F.);
#5304=CARTESIAN_POINT('',(0.08509099307216,-2.40000600024,-3.599623135474));
#5305=DIRECTION('',(0.500000000000672,0.0,0.866025403784051));
#5306=DIRECTION('',(0.0,-1.0,0.0));
#5307=SURFACE_STYLE_FILL_AREA(#7591);
#5308=ORIENTED_EDGE('',*,*,#7592,.F.);
#5309=ORIENTED_EDGE('',*,*,#7593,.T.);
#5310=ORIENTED_EDGE('',*,*,#7594,.T.);
#5311=ORIENTED_EDGE('',*,*,#7589,.F.);
#5312=SURFACE_STYLE_FILL_AREA(#7595);
#5313=ORIENTED_EDGE('',*,*,#7596,.F.);
#5314=ORIENTED_EDGE('',*,*,#7597,.T.);
#5315=ORIENTED_EDGE('',*,*,#7598,.F.);
#5316=ORIENTED_EDGE('',*,*,#7593,.F.);
#5317=CARTESIAN_POINT('',(0.99,-2.40000600024,-4.012270973321));
#5318=DIRECTION('',(-1.0,0.0,0.0));
#5319=DIRECTION('',(0.0,0.0,1.0));
#5320=SURFACE_STYLE_FILL_AREA(#7599);
#5321=ORIENTED_EDGE('',*,*,#7600,.F.);
#5322=ORIENTED_EDGE('',*,*,#7601,.T.);
#5323=ORIENTED_EDGE('',*,*,#7602,.T.);
#5324=ORIENTED_EDGE('',*,*,#7597,.F.);
#5325=SURFACE_STYLE_FILL_AREA(#7603);
#5326=ORIENTED_EDGE('',*,*,#7604,.F.);
#5327=ORIENTED_EDGE('',*,*,#7605,.T.);
#5328=ORIENTED_EDGE('',*,*,#7606,.F.);
#5329=ORIENTED_EDGE('',*,*,#7601,.F.);
#5330=CARTESIAN_POINT('',(0.8949090069279,-2.40000600024,-1.697358162393));
#5331=DIRECTION('',(0.500000000000598,0.0,-0.866025403784093));
#5332=DIRECTION('',(0.0,-1.0,0.0));
#5333=SURFACE_STYLE_FILL_AREA(#7607);
#5334=ORIENTED_EDGE('',*,*,#7605,.F.);
#5335=ORIENTED_EDGE('',*,*,#7608,.T.);
#5336=ORIENTED_EDGE('',*,*,#7609,.T.);
#5337=ORIENTED_EDGE('',*,*,#7610,.F.);
#5338=SURFACE_STYLE_FILL_AREA(#7611);
#5339=ORIENTED_EDGE('',*,*,#7612,.F.);
#5340=ORIENTED_EDGE('',*,*,#7613,.T.);
#5341=ORIENTED_EDGE('',*,*,#7614,.T.);
#5342=ORIENTED_EDGE('',*,*,#7615,.T.);
#5343=ORIENTED_EDGE('',*,*,#7616,.F.);
#5344=ORIENTED_EDGE('',*,*,#7609,.F.);
#5345=ORIENTED_EDGE('',*,*,#7617,.F.);
#5346=CARTESIAN_POINT('',(-0.01,-2.40000600024,-9.894535946402));
#5347=DIRECTION('',(-1.0,0.0,0.0));
#5348=DIRECTION('',(0.0,0.0,1.0));
#5349=SURFACE_STYLE_FILL_AREA(#7618);
#5350=ORIENTED_EDGE('',*,*,#7619,.T.);
#5351=ORIENTED_EDGE('',*,*,#7615,.F.);
#5352=ORIENTED_EDGE('',*,*,#7620,.F.);
#5353=ORIENTED_EDGE('',*,*,#7621,.T.);
#5354=CARTESIAN_POINT('',(-5.65000600024,-1.97499699988,0.1299090069279));
#5355=DIRECTION('',(0.0,-0.866025403784423,0.500000000000027));
#5356=DIRECTION('',(-1.0,0.0,0.0));
#5357=SURFACE_STYLE_FILL_AREA(#7622);
#5358=ORIENTED_EDGE('',*,*,#7623,.F.);
#5359=ORIENTED_EDGE('',*,*,#7624,.T.);
#5360=ORIENTED_EDGE('',*,*,#7539,.T.);
#5361=ORIENTED_EDGE('',*,*,#7621,.F.);
#5362=CARTESIAN_POINT('',(-5.5,-1.75,0.1299096298623));
#5363=DIRECTION('',(-7.43356036357033E-17,-0.0,-1.0));
#5364=DIRECTION('',(1.0,0.0,-7.43356036357033E-17));
#5365=SURFACE_STYLE_FILL_AREA(#7625);
#5366=ORIENTED_EDGE('',*,*,#7626,.T.);
#5367=ORIENTED_EDGE('',*,*,#7501,.F.);
#5368=ORIENTED_EDGE('',*,*,#7627,.T.);
#5369=ORIENTED_EDGE('',*,*,#7628,.F.);
#5370=CARTESIAN_POINT('',(-3.25000600024,1.905,-8.49999399976));
#5371=DIRECTION('',(-0.0,1.0,0.0));
#5372=DIRECTION('',(1.0,0.0,0.0));
#5373=SURFACE_STYLE_FILL_AREA(#7629);
#5374=ORIENTED_EDGE('',*,*,#7630,.F.);
#5375=ORIENTED_EDGE('',*,*,#7631,.T.);
#5376=ORIENTED_EDGE('',*,*,#7632,.F.);
#5377=ORIENTED_EDGE('',*,*,#7633,.T.);
#5378=ORIENTED_EDGE('',*,*,#7634,.T.);
#5379=ORIENTED_EDGE('',*,*,#7635,.F.);
#5380=CARTESIAN_POINT('',(-5.50000000000018,-1.75000000000016,-14.892));
#5381=DIRECTION('',(-0.0,0.0,-1.0));
#5382=DIRECTION('',(-1.0,0.0,0.0));
#5383=SURFACE_STYLE_FILL_AREA(#7636);
#5384=ORIENTED_EDGE('',*,*,#7637,.F.);
#5385=ORIENTED_EDGE('',*,*,#7541,.T.);
#5386=ORIENTED_EDGE('',*,*,#7638,.T.);
#5387=ORIENTED_EDGE('',*,*,#7639,.F.);
#5388=ORIENTED_EDGE('',*,*,#7631,.F.);
#5389=CARTESIAN_POINT('',(-5.5,-1.75,-14.59599912338));
#5390=DIRECTION('',(5.72346567622061E-17,-0.0,-1.0));
#5391=DIRECTION('',(1.0,0.0,5.72346567622061E-17));
#5392=SURFACE_STYLE_FILL_AREA(#7640);
#5393=ORIENTED_EDGE('',*,*,#6725,.T.);
#5394=ORIENTED_EDGE('',*,*,#7641,.T.);
#5395=ORIENTED_EDGE('',*,*,#7642,.T.);
#5396=ORIENTED_EDGE('',*,*,#7643,.F.);
#5397=CARTESIAN_POINT('',(-3.039806292983,1.8456308860622,-9.60000600024));
#5398=DIRECTION('',(0.362446261154903,-0.932004671541314,0.0));
#5399=DIRECTION('',(0.0,0.0,-1.0));
#5400=SURFACE_STYLE_FILL_AREA(#7644);
#5401=ORIENTED_EDGE('',*,*,#7458,.F.);
#5402=ORIENTED_EDGE('',*,*,#7645,.F.);
#5403=ORIENTED_EDGE('',*,*,#7454,.T.);
#5404=ORIENTED_EDGE('',*,*,#7646,.T.);
#5405=CARTESIAN_POINT('',(-1.79371366051,1.79999399976,-9.46));
#5406=DIRECTION('',(0.0,0.0,-1.0));
#5407=DIRECTION('',(0.0,-1.0,0.0));
#5408=SURFACE_STYLE_FILL_AREA(#7647);
#5409=ORIENTED_EDGE('',*,*,#7468,.T.);
#5410=ORIENTED_EDGE('',*,*,#7648,.F.);
#5411=ORIENTED_EDGE('',*,*,#7463,.F.);
#5412=ORIENTED_EDGE('',*,*,#7649,.T.);
#5413=CARTESIAN_POINT('',(-4.20628633949,1.79999399976,-8.64));
#5414=DIRECTION('',(0.0,0.0,1.0));
#5415=DIRECTION('',(1.0,0.0,0.0));
#5416=SURFACE_STYLE_FILL_AREA(#7650);
#5417=ORIENTED_EDGE('',*,*,#7651,.T.);
#5418=ORIENTED_EDGE('',*,*,#7652,.F.);
#5419=ORIENTED_EDGE('',*,*,#7653,.T.);
#5420=ORIENTED_EDGE('',*,*,#7641,.F.);
#5421=CARTESIAN_POINT('',(-3.25000600024,1.905,-8.49999399976));
#5422=DIRECTION('',(-0.0,1.0,0.0));
#5423=DIRECTION('',(1.0,0.0,0.0));
#5424=SURFACE_STYLE_FILL_AREA(#7654);
#5425=ORIENTED_EDGE('',*,*,#6654,.T.);
#5426=ORIENTED_EDGE('',*,*,#7655,.T.);
#5427=ORIENTED_EDGE('',*,*,#7656,.F.);
#5428=ORIENTED_EDGE('',*,*,#7657,.T.);
#5429=CARTESIAN_POINT('',(-5.54999399976,-0.55,-17.8));
#5430=DIRECTION('',(1.0,0.0,0.0));
#5431=DIRECTION('',(0.0,-1.0,0.0));
#5432=SURFACE_STYLE_FILL_AREA(#7658);
#5433=ORIENTED_EDGE('',*,*,#7659,.F.);
#5434=ORIENTED_EDGE('',*,*,#7660,.F.);
#5435=ORIENTED_EDGE('',*,*,#7661,.T.);
#5436=ORIENTED_EDGE('',*,*,#6656,.F.);
#5437=CARTESIAN_POINT('',(-5.54999399976,0.60000600024,-16.8));
#5438=DIRECTION('',(0.0,0.0,-1.0));
#5439=DIRECTION('',(0.0,-1.0,0.0));
#5440=SURFACE_STYLE_FILL_AREA(#7662);
#5441=ORIENTED_EDGE('',*,*,#7663,.F.);
#5442=ORIENTED_EDGE('',*,*,#7660,.T.);
#5443=ORIENTED_EDGE('',*,*,#7664,.F.);
#5444=ORIENTED_EDGE('',*,*,#7665,.T.);
#5445=ORIENTED_EDGE('',*,*,#7666,.F.);
#5446=CARTESIAN_POINT('',(-5.54999399976,0.45,-16.95000600024));
#5447=DIRECTION('',(0.0,-1.0,0.0));
#5448=DIRECTION('',(0.0,0.0,-1.0));
#5449=SURFACE_STYLE_FILL_AREA(#7667);
#5450=ORIENTED_EDGE('',*,*,#7668,.T.);
#5451=ORIENTED_EDGE('',*,*,#7666,.T.);
#5452=ORIENTED_EDGE('',*,*,#7669,.F.);
#5453=ORIENTED_EDGE('',*,*,#7638,.F.);
#5454=ORIENTED_EDGE('',*,*,#7545,.F.);
#5455=ORIENTED_EDGE('',*,*,#7550,.T.);
#5456=ORIENTED_EDGE('',*,*,#7670,.F.);
#5457=ORIENTED_EDGE('',*,*,#7537,.F.);
#5458=CARTESIAN_POINT('',(-5.898,-1.90000600024,-14.8));
#5459=DIRECTION('',(0.0,0.0,1.0));
#5460=DIRECTION('',(1.0,0.0,0.0));
#5461=SURFACE_STYLE_FILL_AREA(#7671);
#5462=ORIENTED_EDGE('',*,*,#7665,.F.);
#5463=ORIENTED_EDGE('',*,*,#7672,.F.);
#5464=ORIENTED_EDGE('',*,*,#7639,.T.);
#5465=ORIENTED_EDGE('',*,*,#7669,.T.);
#5466=CARTESIAN_POINT('',(-5.59392974000754,-1.90000600024,-14.4939297400145));
#5467=DIRECTION('',(0.707106781171249,0.0,-0.707106781201846));
#5468=DIRECTION('',(0.0,-1.0,0.0));
#5469=SURFACE_STYLE_FILL_AREA(#7673);
#5470=ORIENTED_EDGE('',*,*,#7664,.T.);
#5471=ORIENTED_EDGE('',*,*,#7659,.T.);
#5472=ORIENTED_EDGE('',*,*,#6655,.F.);
#5473=ORIENTED_EDGE('',*,*,#7657,.F.);
#5474=ORIENTED_EDGE('',*,*,#7674,.F.);
#5475=ORIENTED_EDGE('',*,*,#7675,.F.);
#5476=ORIENTED_EDGE('',*,*,#7676,.T.);
#5477=ORIENTED_EDGE('',*,*,#7632,.T.);
#5478=ORIENTED_EDGE('',*,*,#7672,.T.);
#5479=CARTESIAN_POINT('',(-5.7,1.90000600024,-19.176));
#5480=DIRECTION('',(-1.0,0.0,0.0));
#5481=DIRECTION('',(0.0,0.0,1.0));
#5482=SURFACE_STYLE_FILL_AREA(#7677);
#5483=ORIENTED_EDGE('',*,*,#7678,.T.);
#5484=ORIENTED_EDGE('',*,*,#7652,.T.);
#5485=ORIENTED_EDGE('',*,*,#6728,.T.);
#5486=ORIENTED_EDGE('',*,*,#7679,.F.);
#5487=CARTESIAN_POINT('',(-2.960193707017,1.8456308860622,-8.49999399976));
#5488=DIRECTION('',(-0.362446261154903,-0.932004671541314,0.0));
#5489=DIRECTION('',(-0.932004671541314,0.362446261154903,0.0));
#5490=SURFACE_STYLE_FILL_AREA(#7680);
#5491=ORIENTED_EDGE('',*,*,#7681,.T.);
#5492=ORIENTED_EDGE('',*,*,#7682,.T.);
#5493=ORIENTED_EDGE('',*,*,#7624,.F.);
#5494=ORIENTED_EDGE('',*,*,#7683,.F.);
#5495=CARTESIAN_POINT('',(-5.72499699988,1.90000600024,0.1299090069279));
#5496=DIRECTION('',(-0.866025403784423,0.0,0.500000000000027));
#5497=DIRECTION('',(0.0,1.0,0.0));
#5498=SURFACE_STYLE_FILL_AREA(#7684);
#5499=ORIENTED_EDGE('',*,*,#7685,.T.);
#5500=ORIENTED_EDGE('',*,*,#7686,.T.);
#5501=ORIENTED_EDGE('',*,*,#7655,.F.);
#5502=ORIENTED_EDGE('',*,*,#6657,.F.);
#5503=ORIENTED_EDGE('',*,*,#7661,.F.);
#5504=ORIENTED_EDGE('',*,*,#7663,.T.);
#5505=ORIENTED_EDGE('',*,*,#7668,.F.);
#5506=ORIENTED_EDGE('',*,*,#7536,.F.);
#5507=ORIENTED_EDGE('',*,*,#7682,.F.);
#5508=CARTESIAN_POINT('',(-6.0,1.90000600024,-19.16907179677));
#5509=DIRECTION('',(-1.0,0.0,0.0));
#5510=DIRECTION('',(0.0,0.0,1.0));
#5511=SURFACE_STYLE_FILL_AREA(#7687);
#5512=ORIENTED_EDGE('',*,*,#7688,.T.);
#5513=ORIENTED_EDGE('',*,*,#7689,.T.);
#5514=ORIENTED_EDGE('',*,*,#7685,.F.);
#5515=ORIENTED_EDGE('',*,*,#7690,.F.);
#5516=CARTESIAN_POINT('',(-5.5,1.75000000000003,-19.16907179677));
#5517=DIRECTION('',(-0.0,0.0,-1.0));
#5518=DIRECTION('',(-1.0,0.0,0.0));
#5519=SURFACE_STYLE_FILL_AREA(#7691);
#5520=ORIENTED_EDGE('',*,*,#7675,.T.);
#5521=ORIENTED_EDGE('',*,*,#7692,.F.);
#5522=ORIENTED_EDGE('',*,*,#7693,.F.);
#5523=ORIENTED_EDGE('',*,*,#7694,.T.);
#5524=CARTESIAN_POINT('',(-5.50000000000009,1.74999999999992,-19.176));
#5525=DIRECTION('',(-0.0,0.0,-1.0));
#5526=DIRECTION('',(-1.0,0.0,0.0));
#5527=SURFACE_STYLE_FILL_AREA(#7695);
#5528=ORIENTED_EDGE('',*,*,#6649,.T.);
#5529=ORIENTED_EDGE('',*,*,#7696,.T.);
#5530=ORIENTED_EDGE('',*,*,#7697,.T.);
#5531=ORIENTED_EDGE('',*,*,#7698,.T.);
#5532=CARTESIAN_POINT('',(-5.54999399976,-0.55,-17.8));
#5533=DIRECTION('',(1.0,0.0,0.0));
#5534=DIRECTION('',(0.0,-1.0,0.0));
#5535=SURFACE_STYLE_FILL_AREA(#7699);
#5536=ORIENTED_EDGE('',*,*,#7700,.T.);
#5537=ORIENTED_EDGE('',*,*,#7690,.T.);
#5538=ORIENTED_EDGE('',*,*,#7681,.F.);
#5539=ORIENTED_EDGE('',*,*,#7701,.F.);
#5540=CARTESIAN_POINT('',(-5.5,1.75,0.1299096298623));
#5541=DIRECTION('',(-7.43356036356397E-17,-0.0,-1.0));
#5542=DIRECTION('',(1.0,0.0,-7.43356036356397E-17));
#5543=SURFACE_STYLE_FILL_AREA(#7702);
#5544=ORIENTED_EDGE('',*,*,#7703,.T.);
#5545=ORIENTED_EDGE('',*,*,#7704,.T.);
#5546=ORIENTED_EDGE('',*,*,#7700,.F.);
#5547=ORIENTED_EDGE('',*,*,#7705,.F.);
#5548=CARTESIAN_POINT('',(5.72,1.97499699988,0.1299090069279));
#5549=DIRECTION('',(0.0,0.866025403784422,0.500000000000028));
#5550=DIRECTION('',(1.0,0.0,-0.0));
#5551=SURFACE_STYLE_FILL_AREA(#7706);
#5552=ORIENTED_EDGE('',*,*,#7707,.F.);
#5553=ORIENTED_EDGE('',*,*,#7708,.F.);
#5554=ORIENTED_EDGE('',*,*,#7709,.T.);
#5555=ORIENTED_EDGE('',*,*,#7710,.F.);
#5556=CARTESIAN_POINT('',(3.016474046267,1.5456308860622,-9.60000600024));
#5557=DIRECTION('',(0.362446261154903,-0.932004671541314,0.0));
#5558=DIRECTION('',(0.0,0.0,-1.0));
#5559=SURFACE_STYLE_FILL_AREA(#7711);
#5560=ORIENTED_EDGE('',*,*,#6722,.F.);
#5561=ORIENTED_EDGE('',*,*,#7455,.T.);
#5562=ORIENTED_EDGE('',*,*,#7645,.T.);
#5563=ORIENTED_EDGE('',*,*,#7457,.T.);
#5564=ORIENTED_EDGE('',*,*,#6740,.F.);
#5565=ORIENTED_EDGE('',*,*,#7446,.T.);
#5566=ORIENTED_EDGE('',*,*,#7482,.T.);
#5567=ORIENTED_EDGE('',*,*,#7449,.T.);
#5568=ORIENTED_EDGE('',*,*,#7712,.F.);
#5569=ORIENTED_EDGE('',*,*,#7464,.T.);
#5570=ORIENTED_EDGE('',*,*,#7648,.T.);
#5571=ORIENTED_EDGE('',*,*,#7467,.T.);
#5572=ORIENTED_EDGE('',*,*,#7709,.F.);
#5573=ORIENTED_EDGE('',*,*,#7437,.T.);
#5574=ORIENTED_EDGE('',*,*,#7479,.T.);
#5575=ORIENTED_EDGE('',*,*,#7439,.T.);
#5576=ORIENTED_EDGE('',*,*,#7497,.F.);
#5577=ORIENTED_EDGE('',*,*,#7489,.F.);
#5578=ORIENTED_EDGE('',*,*,#7485,.F.);
#5579=ORIENTED_EDGE('',*,*,#7477,.F.);
#5580=ORIENTED_EDGE('',*,*,#7506,.T.);
#5581=ORIENTED_EDGE('',*,*,#7472,.T.);
#5582=ORIENTED_EDGE('',*,*,#7713,.F.);
#5583=ORIENTED_EDGE('',*,*,#7714,.F.);
#5584=ORIENTED_EDGE('',*,*,#7715,.F.);
#5585=ORIENTED_EDGE('',*,*,#7716,.F.);
#5586=ORIENTED_EDGE('',*,*,#7524,.F.);
#5587=ORIENTED_EDGE('',*,*,#7521,.F.);
#5588=ORIENTED_EDGE('',*,*,#7509,.F.);
#5589=ORIENTED_EDGE('',*,*,#7534,.F.);
#5590=ORIENTED_EDGE('',*,*,#7693,.T.);
#5591=ORIENTED_EDGE('',*,*,#7717,.F.);
#5592=ORIENTED_EDGE('',*,*,#7718,.F.);
#5593=ORIENTED_EDGE('',*,*,#7719,.T.);
#5594=CARTESIAN_POINT('',(5.72,1.95,-19.176));
#5595=DIRECTION('',(-0.0,1.0,0.0));
#5596=DIRECTION('',(1.0,0.0,0.0));
#5597=SURFACE_STYLE_FILL_AREA(#7720);
#5598=ORIENTED_EDGE('',*,*,#7721,.T.);
#5599=ORIENTED_EDGE('',*,*,#7713,.T.);
#5600=ORIENTED_EDGE('',*,*,#7722,.F.);
#5601=ORIENTED_EDGE('',*,*,#7723,.F.);
#5602=CARTESIAN_POINT('',(-4.40000600024,-1.948,-7.16));
#5603=DIRECTION('',(0.0,0.0,-1.0));
#5604=DIRECTION('',(0.0,-1.0,0.0));
#5605=SURFACE_STYLE_FILL_AREA(#7724);
#5606=ORIENTED_EDGE('',*,*,#7725,.T.);
#5607=ORIENTED_EDGE('',*,*,#7714,.T.);
#5608=ORIENTED_EDGE('',*,*,#7721,.F.);
#5609=ORIENTED_EDGE('',*,*,#7726,.F.);
#5610=CARTESIAN_POINT('',(1.75,-1.948,-5.00999399976));
#5611=DIRECTION('',(-1.0,0.0,0.0));
#5612=DIRECTION('',(0.0,0.0,1.0));
#5613=SURFACE_STYLE_FILL_AREA(#7727);
#5614=ORIENTED_EDGE('',*,*,#7728,.T.);
#5615=ORIENTED_EDGE('',*,*,#7729,.F.);
#5616=ORIENTED_EDGE('',*,*,#7730,.F.);
#5617=ORIENTED_EDGE('',*,*,#7731,.T.);
#5618=CARTESIAN_POINT('',(-1.39999399976,2.3560702599884,-4.853929740012));
#5619=DIRECTION('',(0.0,0.707106781186548,-0.707106781186548));
#5620=DIRECTION('',(-1.0,0.0,0.0));
#5621=SURFACE_STYLE_FILL_AREA(#7732);
#5622=ORIENTED_EDGE('',*,*,#7733,.T.);
#5623=ORIENTED_EDGE('',*,*,#7715,.T.);
#5624=ORIENTED_EDGE('',*,*,#7725,.F.);
#5625=ORIENTED_EDGE('',*,*,#7731,.F.);
#5626=CARTESIAN_POINT('',(-1.59999399976,-1.948,-5.16));
#5627=DIRECTION('',(0.0,0.0,1.0));
#5628=DIRECTION('',(1.0,0.0,0.0));
#5629=SURFACE_STYLE_FILL_AREA(#7734);
#5630=ORIENTED_EDGE('',*,*,#7722,.T.);
#5631=ORIENTED_EDGE('',*,*,#7716,.T.);
#5632=ORIENTED_EDGE('',*,*,#7733,.F.);
#5633=ORIENTED_EDGE('',*,*,#7735,.F.);
#5634=CARTESIAN_POINT('',(4.25,-1.948,-7.31000600024));
#5635=DIRECTION('',(1.0,0.0,0.0));
#5636=DIRECTION('',(0.0,1.0,0.0));
#5637=SURFACE_STYLE_FILL_AREA(#7736);
#5638=ORIENTED_EDGE('',*,*,#7730,.T.);
#5639=ORIENTED_EDGE('',*,*,#7737,.F.);
#5640=ORIENTED_EDGE('',*,*,#7738,.F.);
#5641=ORIENTED_EDGE('',*,*,#7735,.T.);
#5642=CARTESIAN_POINT('',(4.556070259988,2.3560702599884,-7.51000600024));
#5643=DIRECTION('',(-0.707106781186548,0.707106781186548,0.0));
#5644=DIRECTION('',(0.0,0.0,1.0));
#5645=SURFACE_STYLE_FILL_AREA(#7739);
#5646=ORIENTED_EDGE('',*,*,#7740,.F.);
#5647=ORIENTED_EDGE('',*,*,#7723,.T.);
#5648=ORIENTED_EDGE('',*,*,#7738,.T.);
#5649=ORIENTED_EDGE('',*,*,#7741,.F.);
#5650=CARTESIAN_POINT('',(-4.60000600024,2.3560702599884,-7.466070259988));
#5651=DIRECTION('',(0.0,0.707106781186548,0.707106781186548));
#5652=DIRECTION('',(1.0,0.0,-0.0));
#5653=SURFACE_STYLE_FILL_AREA(#7742);
#5654=ORIENTED_EDGE('',*,*,#7728,.F.);
#5655=ORIENTED_EDGE('',*,*,#7726,.T.);
#5656=ORIENTED_EDGE('',*,*,#7740,.T.);
#5657=ORIENTED_EDGE('',*,*,#7743,.F.);
#5658=CARTESIAN_POINT('',(1.443929740012,2.3560702599884,-4.80999399976));
#5659=DIRECTION('',(0.707106781186548,0.707106781186548,0.0));
#5660=DIRECTION('',(0.0,0.0,-1.0));
#5661=SURFACE_STYLE_FILL_AREA(#7744);
#5662=ORIENTED_EDGE('',*,*,#7741,.T.);
#5663=ORIENTED_EDGE('',*,*,#7737,.T.);
#5664=ORIENTED_EDGE('',*,*,#7729,.T.);
#5665=ORIENTED_EDGE('',*,*,#7743,.T.);
#5666=ORIENTED_EDGE('',*,*,#7745,.T.);
#5667=ORIENTED_EDGE('',*,*,#7469,.T.);
#5668=ORIENTED_EDGE('',*,*,#7649,.F.);
#5669=ORIENTED_EDGE('',*,*,#7462,.T.);
#5670=ORIENTED_EDGE('',*,*,#7502,.T.);
#5671=ORIENTED_EDGE('',*,*,#7441,.T.);
#5672=ORIENTED_EDGE('',*,*,#7480,.F.);
#5673=ORIENTED_EDGE('',*,*,#7435,.T.);
#5674=ORIENTED_EDGE('',*,*,#7679,.T.);
#5675=ORIENTED_EDGE('',*,*,#7459,.T.);
#5676=ORIENTED_EDGE('',*,*,#7646,.F.);
#5677=ORIENTED_EDGE('',*,*,#7453,.T.);
#5678=ORIENTED_EDGE('',*,*,#7643,.T.);
#5679=ORIENTED_EDGE('',*,*,#7451,.T.);
#5680=ORIENTED_EDGE('',*,*,#7483,.F.);
#5681=ORIENTED_EDGE('',*,*,#7444,.T.);
#5682=ORIENTED_EDGE('',*,*,#7487,.T.);
#5683=ORIENTED_EDGE('',*,*,#7491,.T.);
#5684=ORIENTED_EDGE('',*,*,#7498,.F.);
#5685=ORIENTED_EDGE('',*,*,#7473,.T.);
#5686=ORIENTED_EDGE('',*,*,#7504,.F.);
#5687=ORIENTED_EDGE('',*,*,#7476,.T.);
#5688=ORIENTED_EDGE('',*,*,#7519,.T.);
#5689=ORIENTED_EDGE('',*,*,#7529,.T.);
#5690=ORIENTED_EDGE('',*,*,#7531,.T.);
#5691=ORIENTED_EDGE('',*,*,#7514,.T.);
#5692=ORIENTED_EDGE('',*,*,#7746,.T.);
#5693=ORIENTED_EDGE('',*,*,#7747,.T.);
#5694=ORIENTED_EDGE('',*,*,#7688,.F.);
#5695=ORIENTED_EDGE('',*,*,#7704,.F.);
#5696=CARTESIAN_POINT('',(5.72,2.25,-19.16907179677));
#5697=DIRECTION('',(-0.0,1.0,0.0));
#5698=DIRECTION('',(1.0,0.0,0.0));
#5699=SURFACE_STYLE_FILL_AREA(#7748);
#5700=ORIENTED_EDGE('',*,*,#7494,.F.);
#5701=ORIENTED_EDGE('',*,*,#7749,.T.);
#5702=ORIENTED_EDGE('',*,*,#7750,.T.);
#5703=ORIENTED_EDGE('',*,*,#7751,.T.);
#5704=ORIENTED_EDGE('',*,*,#7752,.F.);
#5705=CARTESIAN_POINT('',(-5.54999399976,0.45,-16.95000600024));
#5706=DIRECTION('',(0.0,-1.0,0.0));
#5707=DIRECTION('',(0.0,0.0,-1.0));
#5708=SURFACE_STYLE_FILL_AREA(#7753);
#5709=ORIENTED_EDGE('',*,*,#7754,.T.);
#5710=ORIENTED_EDGE('',*,*,#7717,.T.);
#5711=ORIENTED_EDGE('',*,*,#7692,.T.);
#5712=ORIENTED_EDGE('',*,*,#7674,.T.);
#5713=ORIENTED_EDGE('',*,*,#7656,.T.);
#5714=ORIENTED_EDGE('',*,*,#7686,.F.);
#5715=ORIENTED_EDGE('',*,*,#7689,.F.);
#5716=ORIENTED_EDGE('',*,*,#7747,.F.);
#5717=ORIENTED_EDGE('',*,*,#7755,.F.);
#5718=ORIENTED_EDGE('',*,*,#7756,.F.);
#5719=ORIENTED_EDGE('',*,*,#7697,.F.);
#5720=ORIENTED_EDGE('',*,*,#7757,.F.);
#5721=CARTESIAN_POINT('',(5.34999399976,1.59999399976,-18.8));
#5722=DIRECTION('',(0.0,0.0,-1.0));
#5723=DIRECTION('',(0.0,-1.0,0.0));
#5724=SURFACE_STYLE_FILL_AREA(#7758);
#5725=ORIENTED_EDGE('',*,*,#7759,.T.);
#5726=ORIENTED_EDGE('',*,*,#7718,.T.);
#5727=ORIENTED_EDGE('',*,*,#7754,.F.);
#5728=ORIENTED_EDGE('',*,*,#7760,.F.);
#5729=CARTESIAN_POINT('',(5.5,1.75,-19.176));
#5730=DIRECTION('',(-0.0,0.0,-1.0));
#5731=DIRECTION('',(-1.0,0.0,0.0));
#5732=SURFACE_STYLE_FILL_AREA(#7761);
#5733=ORIENTED_EDGE('',*,*,#7762,.F.);
#5734=ORIENTED_EDGE('',*,*,#7763,.F.);
#5735=ORIENTED_EDGE('',*,*,#7712,.T.);
#5736=ORIENTED_EDGE('',*,*,#6734,.F.);
#5737=CARTESIAN_POINT('',(2.983525953733,1.5456308860622,-8.49999399976));
#5738=DIRECTION('',(-0.362446261154903,-0.932004671541314,0.0));
#5739=DIRECTION('',(-0.932004671541314,0.362446261154903,0.0));
#5740=SURFACE_STYLE_FILL_AREA(#7764);
#5741=ORIENTED_EDGE('',*,*,#7765,.T.);
#5742=ORIENTED_EDGE('',*,*,#7766,.T.);
#5743=ORIENTED_EDGE('',*,*,#7703,.F.);
#5744=ORIENTED_EDGE('',*,*,#7767,.F.);
#5745=CARTESIAN_POINT('',(5.5,1.75,0.1299096298623));
#5746=DIRECTION('',(-7.43356036356399E-17,-0.0,-1.0));
#5747=DIRECTION('',(1.0,0.0,-7.43356036356399E-17));
#5748=SURFACE_STYLE_FILL_AREA(#7768);
#5749=ORIENTED_EDGE('',*,*,#7769,.T.);
#5750=ORIENTED_EDGE('',*,*,#7755,.T.);
#5751=ORIENTED_EDGE('',*,*,#7746,.F.);
#5752=ORIENTED_EDGE('',*,*,#7766,.F.);
#5753=CARTESIAN_POINT('',(5.49999999999993,1.74999999999997,-19.16907179677));
#5754=DIRECTION('',(-0.0,0.0,-1.0));
#5755=DIRECTION('',(-1.0,0.0,0.0));
#5756=SURFACE_STYLE_FILL_AREA(#7770);
#5757=ORIENTED_EDGE('',*,*,#7771,.T.);
#5758=ORIENTED_EDGE('',*,*,#7772,.T.);
#5759=ORIENTED_EDGE('',*,*,#7749,.F.);
#5760=ORIENTED_EDGE('',*,*,#7493,.T.);
#5761=ORIENTED_EDGE('',*,*,#6650,.F.);
#5762=ORIENTED_EDGE('',*,*,#7698,.F.);
#5763=ORIENTED_EDGE('',*,*,#7756,.T.);
#5764=ORIENTED_EDGE('',*,*,#7769,.F.);
#5765=ORIENTED_EDGE('',*,*,#7773,.F.);
#5766=CARTESIAN_POINT('',(6.0,-1.90000600024,-19.16907179677));
#5767=DIRECTION('',(1.0,0.0,0.0));
#5768=DIRECTION('',(0.0,1.0,0.0));
#5769=SURFACE_STYLE_FILL_AREA(#7774);
#5770=ORIENTED_EDGE('',*,*,#7775,.F.);
#5771=ORIENTED_EDGE('',*,*,#7776,.T.);
#5772=ORIENTED_EDGE('',*,*,#7777,.T.);
#5773=ORIENTED_EDGE('',*,*,#7771,.F.);
#5774=CARTESIAN_POINT('',(5.5,-1.75,-15.08907179677));
#5775=DIRECTION('',(-0.0,0.0,-1.0));
#5776=DIRECTION('',(-1.0,0.0,0.0));
#5777=SURFACE_STYLE_FILL_AREA(#7778);
#5778=ORIENTED_EDGE('',*,*,#7779,.F.);
#5779=ORIENTED_EDGE('',*,*,#7780,.F.);
#5780=ORIENTED_EDGE('',*,*,#7434,.F.);
#5781=ORIENTED_EDGE('',*,*,#7708,.T.);
#5782=CARTESIAN_POINT('',(-3.070843160205,1.4058245930793,-9.45));
#5783=DIRECTION('',(0.0,0.0,-1.0));
#5784=DIRECTION('',(0.0,-1.0,0.0));
#5785=SURFACE_STYLE_FILL_AREA(#7781);
#5786=ORIENTED_EDGE('',*,*,#7782,.F.);
#5787=ORIENTED_EDGE('',*,*,#7783,.T.);
#5788=ORIENTED_EDGE('',*,*,#7784,.F.);
#5789=ORIENTED_EDGE('',*,*,#7785,.F.);
#5790=CARTESIAN_POINT('',(1.01,-2.40000600024,-1.752258972841));
#5791=DIRECTION('',(1.0,0.0,0.0));
#5792=DIRECTION('',(0.0,1.0,0.0));
#5793=SURFACE_STYLE_FILL_AREA(#7786);
#5794=ORIENTED_EDGE('',*,*,#7783,.F.);
#5795=ORIENTED_EDGE('',*,*,#7787,.T.);
#5796=ORIENTED_EDGE('',*,*,#7788,.T.);
#5797=ORIENTED_EDGE('',*,*,#7789,.F.);
#5798=SURFACE_STYLE_FILL_AREA(#7790);
#5799=ORIENTED_EDGE('',*,*,#7791,.F.);
#5800=ORIENTED_EDGE('',*,*,#7792,.T.);
#5801=ORIENTED_EDGE('',*,*,#7793,.F.);
#5802=ORIENTED_EDGE('',*,*,#7788,.F.);
#5803=CARTESIAN_POINT('',(0.8849090069278,-2.40000600024,-11.86902223801));
#5804=DIRECTION('',(-0.500000000004679,0.0,-0.866025403781737));
#5805=DIRECTION('',(-0.866025403781737,0.0,0.500000000004679));
#5806=SURFACE_STYLE_FILL_AREA(#7794);
#5807=ORIENTED_EDGE('',*,*,#7795,.F.);
#5808=ORIENTED_EDGE('',*,*,#7796,.T.);
#5809=ORIENTED_EDGE('',*,*,#7797,.T.);
#5810=ORIENTED_EDGE('',*,*,#7792,.F.);
#5811=SURFACE_STYLE_FILL_AREA(#7798);
#5812=ORIENTED_EDGE('',*,*,#7799,.F.);
#5813=ORIENTED_EDGE('',*,*,#7800,.T.);
#5814=ORIENTED_EDGE('',*,*,#7801,.T.);
#5815=ORIENTED_EDGE('',*,*,#7802,.F.);
#5816=ORIENTED_EDGE('',*,*,#7796,.F.);
#5817=CARTESIAN_POINT('',(0.01,-2.40000600024,-3.654523945922));
#5818=DIRECTION('',(1.0,0.0,0.0));
#5819=DIRECTION('',(0.0,1.0,0.0));
#5820=SURFACE_STYLE_FILL_AREA(#7803);
#5821=ORIENTED_EDGE('',*,*,#7780,.T.);
#5822=ORIENTED_EDGE('',*,*,#7628,.T.);
#5823=ORIENTED_EDGE('',*,*,#7804,.T.);
#5824=ORIENTED_EDGE('',*,*,#7745,.F.);
#5825=CARTESIAN_POINT('',(2.960193707017,1.8456308860622,-9.60000600024));
#5826=DIRECTION('',(0.362446261154903,-0.932004671541314,0.0));
#5827=DIRECTION('',(0.0,0.0,-1.0));
#5828=SURFACE_STYLE_FILL_AREA(#7805);
#5829=ORIENTED_EDGE('',*,*,#7806,.F.);
#5830=ORIENTED_EDGE('',*,*,#7801,.F.);
#5831=ORIENTED_EDGE('',*,*,#7807,.F.);
#5832=ORIENTED_EDGE('',*,*,#7808,.F.);
#5833=ORIENTED_EDGE('',*,*,#7809,.F.);
#5834=ORIENTED_EDGE('',*,*,#7750,.F.);
#5835=ORIENTED_EDGE('',*,*,#7772,.F.);
#5836=ORIENTED_EDGE('',*,*,#7777,.F.);
#5837=CARTESIAN_POINT('',(-5.898,-1.90000600024,-14.8));
#5838=DIRECTION('',(0.0,0.0,1.0));
#5839=DIRECTION('',(1.0,0.0,0.0));
#5840=SURFACE_STYLE_FILL_AREA(#7810);
#5841=ORIENTED_EDGE('',*,*,#7811,.T.);
#5842=ORIENTED_EDGE('',*,*,#7812,.T.);
#5843=ORIENTED_EDGE('',*,*,#7813,.T.);
#5844=ORIENTED_EDGE('',*,*,#7807,.T.);
#5845=ORIENTED_EDGE('',*,*,#7800,.F.);
#5846=CARTESIAN_POINT('',(0.14000600024,-1.84392974000754,-14.4939297400145));
#5847=DIRECTION('',(0.0,0.707106781171249,-0.707106781201846));
#5848=DIRECTION('',(-1.0,0.0,0.0));
#5849=SURFACE_STYLE_FILL_AREA(#7814);
#5850=ORIENTED_EDGE('',*,*,#7815,.F.);
#5851=ORIENTED_EDGE('',*,*,#7816,.F.);
#5852=ORIENTED_EDGE('',*,*,#7817,.F.);
#5853=ORIENTED_EDGE('',*,*,#7818,.T.);
#5854=ORIENTED_EDGE('',*,*,#7819,.T.);
#5855=ORIENTED_EDGE('',*,*,#7820,.T.);
#5856=CARTESIAN_POINT('',(5.5,-1.75,-14.892));
#5857=DIRECTION('',(-0.0,0.0,-1.0));
#5858=DIRECTION('',(-1.0,0.0,0.0));
#5859=SURFACE_STYLE_FILL_AREA(#7821);
#5860=ORIENTED_EDGE('',*,*,#7822,.F.);
#5861=ORIENTED_EDGE('',*,*,#7820,.F.);
#5862=ORIENTED_EDGE('',*,*,#7823,.T.);
#5863=ORIENTED_EDGE('',*,*,#7808,.T.);
#5864=ORIENTED_EDGE('',*,*,#7813,.F.);
#5865=CARTESIAN_POINT('',(5.5,-1.75,-14.59599912338));
#5866=DIRECTION('',(5.72346567622057E-17,-0.0,-1.0));
#5867=DIRECTION('',(1.0,0.0,5.72346567622057E-17));
#5868=SURFACE_STYLE_FILL_AREA(#7824);
#5869=ORIENTED_EDGE('',*,*,#7751,.F.);
#5870=ORIENTED_EDGE('',*,*,#7809,.T.);
#5871=ORIENTED_EDGE('',*,*,#7823,.F.);
#5872=ORIENTED_EDGE('',*,*,#7825,.F.);
#5873=CARTESIAN_POINT('',(5.59392974000754,0.60000600024,-14.4939297400145));
#5874=DIRECTION('',(-0.707106781171248,0.0,-0.707106781201847));
#5875=DIRECTION('',(-0.707106781201847,0.0,0.707106781171248));
#5876=SURFACE_STYLE_FILL_AREA(#7826);
#5877=ORIENTED_EDGE('',*,*,#7819,.F.);
#5878=ORIENTED_EDGE('',*,*,#7827,.T.);
#5879=ORIENTED_EDGE('',*,*,#7760,.T.);
#5880=ORIENTED_EDGE('',*,*,#7757,.T.);
#5881=ORIENTED_EDGE('',*,*,#7696,.F.);
#5882=ORIENTED_EDGE('',*,*,#6652,.F.);
#5883=ORIENTED_EDGE('',*,*,#7495,.F.);
#5884=ORIENTED_EDGE('',*,*,#7752,.T.);
#5885=ORIENTED_EDGE('',*,*,#7825,.T.);
#5886=CARTESIAN_POINT('',(5.7,-1.90000600024,-19.176));
#5887=DIRECTION('',(1.0,0.0,0.0));
#5888=DIRECTION('',(0.0,1.0,0.0));
#5889=SURFACE_STYLE_FILL_AREA(#7828);
#5890=ORIENTED_EDGE('',*,*,#6739,.T.);
#5891=ORIENTED_EDGE('',*,*,#7829,.T.);
#5892=ORIENTED_EDGE('',*,*,#7830,.T.);
#5893=ORIENTED_EDGE('',*,*,#7831,.T.);
#5894=ORIENTED_EDGE('',*,*,#6719,.T.);
#5895=ORIENTED_EDGE('',*,*,#7448,.F.);
#5896=ORIENTED_EDGE('',*,*,#7642,.F.);
#5897=ORIENTED_EDGE('',*,*,#7653,.F.);
#5898=ORIENTED_EDGE('',*,*,#7678,.F.);
#5899=ORIENTED_EDGE('',*,*,#7443,.T.);
#5900=CARTESIAN_POINT('',(-2.929156839795,1.4058245930793,-8.65));
#5901=DIRECTION('',(0.0,0.0,1.0));
#5902=DIRECTION('',(1.0,0.0,0.0));
#5903=SURFACE_STYLE_FILL_AREA(#7832);
#5904=ORIENTED_EDGE('',*,*,#7833,.T.);
#5905=ORIENTED_EDGE('',*,*,#7773,.T.);
#5906=ORIENTED_EDGE('',*,*,#7765,.F.);
#5907=ORIENTED_EDGE('',*,*,#7834,.F.);
#5908=CARTESIAN_POINT('',(5.72499699988,-1.90000600024,0.1299090069279));
#5909=DIRECTION('',(0.866025403784423,0.0,0.500000000000027));
#5910=DIRECTION('',(0.0,-1.0,0.0));
#5911=SURFACE_STYLE_FILL_AREA(#7835);
#5912=ORIENTED_EDGE('',*,*,#7836,.T.);
#5913=ORIENTED_EDGE('',*,*,#7775,.T.);
#5914=ORIENTED_EDGE('',*,*,#7833,.F.);
#5915=ORIENTED_EDGE('',*,*,#7837,.F.);
#5916=CARTESIAN_POINT('',(5.5,-1.75,0.1299096298623));
#5917=DIRECTION('',(-7.43356036357032E-17,-0.0,-1.0));
#5918=DIRECTION('',(1.0,0.0,-7.43356036357032E-17));
#5919=SURFACE_STYLE_FILL_AREA(#7838);
#5920=ORIENTED_EDGE('',*,*,#7627,.F.);
#5921=ORIENTED_EDGE('',*,*,#7500,.F.);
#5922=ORIENTED_EDGE('',*,*,#7461,.T.);
#5923=ORIENTED_EDGE('',*,*,#7763,.T.);
#5924=ORIENTED_EDGE('',*,*,#7839,.T.);
#5925=ORIENTED_EDGE('',*,*,#7840,.T.);
#5926=ORIENTED_EDGE('',*,*,#7841,.T.);
#5927=ORIENTED_EDGE('',*,*,#7710,.T.);
#5928=ORIENTED_EDGE('',*,*,#7466,.F.);
#5929=ORIENTED_EDGE('',*,*,#7804,.F.);
#5930=CARTESIAN_POINT('',(-2.929156839795,1.4058245930793,-8.65));
#5931=DIRECTION('',(0.0,0.0,1.0));
#5932=DIRECTION('',(1.0,0.0,0.0));
#5933=SURFACE_STYLE_FILL_AREA(#7842);
#5934=ORIENTED_EDGE('',*,*,#7843,.F.);
#5935=ORIENTED_EDGE('',*,*,#7844,.T.);
#5936=ORIENTED_EDGE('',*,*,#7845,.T.);
#5937=ORIENTED_EDGE('',*,*,#7837,.T.);
#5938=ORIENTED_EDGE('',*,*,#7834,.T.);
#5939=ORIENTED_EDGE('',*,*,#7767,.T.);
#5940=ORIENTED_EDGE('',*,*,#7705,.T.);
#5941=ORIENTED_EDGE('',*,*,#7701,.T.);
#5942=ORIENTED_EDGE('',*,*,#7683,.T.);
#5943=ORIENTED_EDGE('',*,*,#7623,.T.);
#5944=ORIENTED_EDGE('',*,*,#7620,.T.);
#5945=ORIENTED_EDGE('',*,*,#7614,.F.);
#5946=ORIENTED_EDGE('',*,*,#7846,.F.);
#5947=ORIENTED_EDGE('',*,*,#7633,.F.);
#5948=ORIENTED_EDGE('',*,*,#7676,.F.);
#5949=ORIENTED_EDGE('',*,*,#7694,.F.);
#5950=ORIENTED_EDGE('',*,*,#7719,.F.);
#5951=ORIENTED_EDGE('',*,*,#7759,.F.);
#5952=ORIENTED_EDGE('',*,*,#7827,.F.);
#5953=ORIENTED_EDGE('',*,*,#7818,.F.);
#5954=CARTESIAN_POINT('',(-5.72,-1.948,0.0));
#5955=DIRECTION('',(0.0,0.0,-1.0));
#5956=DIRECTION('',(0.0,-1.0,0.0));
#5957=SURFACE_STYLE_FILL_AREA(#7847);
#5958=ORIENTED_EDGE('',*,*,#7848,.F.);
#5959=ORIENTED_EDGE('',*,*,#7849,.T.);
#5960=ORIENTED_EDGE('',*,*,#7850,.F.);
#5961=ORIENTED_EDGE('',*,*,#7851,.F.);
#5962=CARTESIAN_POINT('',(0.07509099307215,-2.40000600024,-9.932116248774));
#5963=DIRECTION('',(-0.500000000000667,0.0,0.866025403784054));
#5964=DIRECTION('',(0.0,1.0,0.0));
#5965=SURFACE_STYLE_FILL_AREA(#7852);
#5966=ORIENTED_EDGE('',*,*,#7853,.F.);
#5967=ORIENTED_EDGE('',*,*,#7851,.T.);
#5968=ORIENTED_EDGE('',*,*,#7854,.T.);
#5969=ORIENTED_EDGE('',*,*,#7855,.F.);
#5970=SURFACE_STYLE_FILL_AREA(#7856);
#5971=ORIENTED_EDGE('',*,*,#7857,.F.);
#5972=ORIENTED_EDGE('',*,*,#7855,.T.);
#5973=ORIENTED_EDGE('',*,*,#7858,.F.);
#5974=ORIENTED_EDGE('',*,*,#7859,.F.);
#5975=CARTESIAN_POINT('',(0.01,-2.40000600024,-3.654523945922));
#5976=DIRECTION('',(1.0,0.0,0.0));
#5977=DIRECTION('',(0.0,1.0,0.0));
#5978=SURFACE_STYLE_FILL_AREA(#7860);
#5979=ORIENTED_EDGE('',*,*,#7861,.F.);
#5980=ORIENTED_EDGE('',*,*,#7859,.T.);
#5981=ORIENTED_EDGE('',*,*,#7862,.T.);
#5982=ORIENTED_EDGE('',*,*,#7863,.F.);
#5983=SURFACE_STYLE_FILL_AREA(#7864);
#5984=ORIENTED_EDGE('',*,*,#7865,.F.);
#5985=ORIENTED_EDGE('',*,*,#7863,.T.);
#5986=ORIENTED_EDGE('',*,*,#7866,.F.);
#5987=ORIENTED_EDGE('',*,*,#7867,.F.);
#5988=CARTESIAN_POINT('',(0.8849090069278,-2.40000600024,-4.084492291844));
#5989=DIRECTION('',(-0.499999999999865,0.0,-0.866025403784517));
#5990=DIRECTION('',(-0.866025403784517,0.0,0.499999999999865));
#5991=SURFACE_STYLE_FILL_AREA(#7868);
#5992=ORIENTED_EDGE('',*,*,#7869,.F.);
#5993=ORIENTED_EDGE('',*,*,#7870,.T.);
#5994=ORIENTED_EDGE('',*,*,#7867,.T.);
#5995=ORIENTED_EDGE('',*,*,#7871,.F.);
#5996=SURFACE_STYLE_FILL_AREA(#7872);
#5997=ORIENTED_EDGE('',*,*,#7873,.F.);
#5998=ORIENTED_EDGE('',*,*,#7869,.T.);
#5999=ORIENTED_EDGE('',*,*,#7874,.F.);
#6000=ORIENTED_EDGE('',*,*,#7875,.F.);
#6001=CARTESIAN_POINT('',(1.01,-2.40000600024,-1.752258972841));
#6002=DIRECTION('',(1.0,0.0,0.0));
#6003=DIRECTION('',(0.0,1.0,0.0));
#6004=SURFACE_STYLE_FILL_AREA(#7876);
#6005=ORIENTED_EDGE('',*,*,#7877,.F.);
#6006=ORIENTED_EDGE('',*,*,#7878,.T.);
#6007=ORIENTED_EDGE('',*,*,#7875,.T.);
#6008=ORIENTED_EDGE('',*,*,#7879,.F.);
#6009=SURFACE_STYLE_FILL_AREA(#7880);
#6010=ORIENTED_EDGE('',*,*,#7881,.F.);
#6011=ORIENTED_EDGE('',*,*,#7877,.T.);
#6012=ORIENTED_EDGE('',*,*,#7882,.F.);
#6013=ORIENTED_EDGE('',*,*,#7883,.F.);
#6014=CARTESIAN_POINT('',(0.07509099307224,-2.40000600024,-2.147586302612));
#6015=DIRECTION('',(-0.500000000000709,0.0,0.866025403784029));
#6016=DIRECTION('',(0.0,1.0,0.0));
#6017=SURFACE_STYLE_FILL_AREA(#7884);
#6018=ORIENTED_EDGE('',*,*,#7885,.F.);
#6019=ORIENTED_EDGE('',*,*,#7883,.T.);
#6020=ORIENTED_EDGE('',*,*,#7886,.T.);
#6021=ORIENTED_EDGE('',*,*,#7887,.F.);
#6022=SURFACE_STYLE_FILL_AREA(#7888);
#6023=ORIENTED_EDGE('',*,*,#7889,.F.);
#6024=ORIENTED_EDGE('',*,*,#7890,.T.);
#6025=ORIENTED_EDGE('',*,*,#7891,.T.);
#6026=ORIENTED_EDGE('',*,*,#7887,.T.);
#6027=ORIENTED_EDGE('',*,*,#7892,.T.);
#6028=ORIENTED_EDGE('',*,*,#7893,.T.);
#6029=ORIENTED_EDGE('',*,*,#7844,.F.);
#6030=CARTESIAN_POINT('',(0.01,-2.40000600024,-3.654523945922));
#6031=DIRECTION('',(1.0,0.0,0.0));
#6032=DIRECTION('',(0.0,1.0,0.0));
#6033=SURFACE_STYLE_FILL_AREA(#7894);
#6034=ORIENTED_EDGE('',*,*,#7895,.T.);
#6035=ORIENTED_EDGE('',*,*,#7836,.F.);
#6036=ORIENTED_EDGE('',*,*,#7845,.F.);
#6037=ORIENTED_EDGE('',*,*,#7893,.F.);
#6038=CARTESIAN_POINT('',(-5.65000600024,-1.97499699988,0.1299090069279));
#6039=DIRECTION('',(0.0,-0.866025403784423,0.500000000000027));
#6040=DIRECTION('',(-1.0,0.0,0.0));
#6041=SURFACE_STYLE_FILL_AREA(#7896);
#6042=ORIENTED_EDGE('',*,*,#7897,.F.);
#6043=ORIENTED_EDGE('',*,*,#7898,.F.);
#6044=ORIENTED_EDGE('',*,*,#7899,.F.);
#6045=ORIENTED_EDGE('',*,*,#7900,.T.);
#6046=CARTESIAN_POINT('',(-1.59999399976,-1.948,-5.16));
#6047=DIRECTION('',(0.0,0.0,1.0));
#6048=DIRECTION('',(1.0,0.0,0.0));
#6049=SURFACE_STYLE_FILL_AREA(#7901);
#6050=ORIENTED_EDGE('',*,*,#7902,.F.);
#6051=ORIENTED_EDGE('',*,*,#7903,.F.);
#6052=ORIENTED_EDGE('',*,*,#7904,.F.);
#6053=ORIENTED_EDGE('',*,*,#7898,.T.);
#6054=CARTESIAN_POINT('',(4.25,-1.948,-7.31000600024));
#6055=DIRECTION('',(1.0,0.0,0.0));
#6056=DIRECTION('',(0.0,1.0,0.0));
#6057=SURFACE_STYLE_FILL_AREA(#7905);
#6058=ORIENTED_EDGE('',*,*,#7906,.T.);
#6059=ORIENTED_EDGE('',*,*,#7907,.F.);
#6060=ORIENTED_EDGE('',*,*,#7908,.F.);
#6061=ORIENTED_EDGE('',*,*,#7904,.T.);
#6062=CARTESIAN_POINT('',(4.556070259988,-2.356070259988,-4.80999399976));
#6063=DIRECTION('',(-0.707106781186547,-0.707106781186547,0.0));
#6064=DIRECTION('',(-0.707106781186547,0.707106781186547,0.0));
#6065=SURFACE_STYLE_FILL_AREA(#7909);
#6066=ORIENTED_EDGE('',*,*,#7910,.F.);
#6067=ORIENTED_EDGE('',*,*,#7899,.T.);
#6068=ORIENTED_EDGE('',*,*,#7908,.T.);
#6069=ORIENTED_EDGE('',*,*,#7911,.F.);
#6070=CARTESIAN_POINT('',(-4.60000600024,-2.356070259988,-4.853929740012));
#6071=DIRECTION('',(0.0,-0.707106781186547,-0.707106781186547));
#6072=DIRECTION('',(0.0,-0.707106781186547,0.707106781186547));
#6073=SURFACE_STYLE_FILL_AREA(#7912);
#6074=ORIENTED_EDGE('',*,*,#7913,.F.);
#6075=ORIENTED_EDGE('',*,*,#7914,.T.);
#6076=ORIENTED_EDGE('',*,*,#7910,.T.);
#6077=ORIENTED_EDGE('',*,*,#7915,.F.);
#6078=CARTESIAN_POINT('',(1.443929740012,-2.356070259988,-7.51000600024));
#6079=DIRECTION('',(0.707106781186548,-0.707106781186548,0.0));
#6080=DIRECTION('',(0.0,0.0,-1.0));
#6081=SURFACE_STYLE_FILL_AREA(#7916);
#6082=ORIENTED_EDGE('',*,*,#7917,.F.);
#6083=ORIENTED_EDGE('',*,*,#7900,.F.);
#6084=ORIENTED_EDGE('',*,*,#7914,.F.);
#6085=ORIENTED_EDGE('',*,*,#7918,.T.);
#6086=CARTESIAN_POINT('',(1.75,-1.948,-5.00999399976));
#6087=DIRECTION('',(-1.0,0.0,0.0));
#6088=DIRECTION('',(0.0,0.0,1.0));
#6089=SURFACE_STYLE_FILL_AREA(#7919);
#6090=ORIENTED_EDGE('',*,*,#7920,.F.);
#6091=ORIENTED_EDGE('',*,*,#7918,.F.);
#6092=ORIENTED_EDGE('',*,*,#7921,.F.);
#6093=ORIENTED_EDGE('',*,*,#7903,.T.);
#6094=CARTESIAN_POINT('',(-4.40000600024,-1.948,-7.16));
#6095=DIRECTION('',(0.0,0.0,-1.0));
#6096=DIRECTION('',(0.0,-1.0,0.0));
#6097=SURFACE_STYLE_FILL_AREA(#7922);
#6098=ORIENTED_EDGE('',*,*,#7913,.T.);
#6099=ORIENTED_EDGE('',*,*,#7923,.F.);
#6100=ORIENTED_EDGE('',*,*,#7906,.F.);
#6101=ORIENTED_EDGE('',*,*,#7921,.T.);
#6102=CARTESIAN_POINT('',(-1.39999399976,-2.356070259988,-7.466070259988));
#6103=DIRECTION('',(0.0,-0.707106781186548,0.707106781186548));
#6104=DIRECTION('',(-1.0,0.0,0.0));
#6105=SURFACE_STYLE_FILL_AREA(#7924);
#6106=ORIENTED_EDGE('',*,*,#7925,.F.);
#6107=ORIENTED_EDGE('',*,*,#7926,.F.);
#6108=ORIENTED_EDGE('',*,*,#7927,.F.);
#6109=ORIENTED_EDGE('',*,*,#7928,.T.);
#6110=CARTESIAN_POINT('',(-1.75,-1.948,-7.31000600024));
#6111=DIRECTION('',(1.0,0.0,0.0));
#6112=DIRECTION('',(0.0,1.0,0.0));
#6113=SURFACE_STYLE_FILL_AREA(#7929);
#6114=ORIENTED_EDGE('',*,*,#7930,.F.);
#6115=ORIENTED_EDGE('',*,*,#7931,.T.);
#6116=ORIENTED_EDGE('',*,*,#7932,.T.);
#6117=ORIENTED_EDGE('',*,*,#7933,.F.);
#6118=CARTESIAN_POINT('',(-4.60000600024,-2.356070259988,-4.853929740012));
#6119=DIRECTION('',(0.0,-0.707106781186547,-0.707106781186547));
#6120=DIRECTION('',(0.0,-0.707106781186547,0.707106781186547));
#6121=SURFACE_STYLE_FILL_AREA(#7934);
#6122=ORIENTED_EDGE('',*,*,#7935,.F.);
#6123=ORIENTED_EDGE('',*,*,#7928,.F.);
#6124=ORIENTED_EDGE('',*,*,#7931,.F.);
#6125=ORIENTED_EDGE('',*,*,#7936,.T.);
#6126=CARTESIAN_POINT('',(-1.59999399976,-1.948,-5.16));
#6127=DIRECTION('',(0.0,0.0,1.0));
#6128=DIRECTION('',(1.0,0.0,0.0));
#6129=SURFACE_STYLE_FILL_AREA(#7937);
#6130=ORIENTED_EDGE('',*,*,#7938,.F.);
#6131=ORIENTED_EDGE('',*,*,#7936,.F.);
#6132=ORIENTED_EDGE('',*,*,#7939,.F.);
#6133=ORIENTED_EDGE('',*,*,#7940,.T.);
#6134=CARTESIAN_POINT('',(-4.25,-1.948,-5.00999399976));
#6135=DIRECTION('',(-1.0,0.0,0.0));
#6136=DIRECTION('',(0.0,0.0,1.0));
#6137=SURFACE_STYLE_FILL_AREA(#7941);
#6138=ORIENTED_EDGE('',*,*,#7930,.T.);
#6139=ORIENTED_EDGE('',*,*,#7942,.F.);
#6140=ORIENTED_EDGE('',*,*,#7943,.F.);
#6141=ORIENTED_EDGE('',*,*,#7939,.T.);
#6142=CARTESIAN_POINT('',(-4.556070259988,-2.356070259988,-7.51000600024));
#6143=DIRECTION('',(0.707106781186548,-0.707106781186548,0.0));
#6144=DIRECTION('',(0.0,0.0,-1.0));
#6145=SURFACE_STYLE_FILL_AREA(#7944);
#6146=ORIENTED_EDGE('',*,*,#7933,.T.);
#6147=ORIENTED_EDGE('',*,*,#7945,.T.);
#6148=ORIENTED_EDGE('',*,*,#7946,.T.);
#6149=ORIENTED_EDGE('',*,*,#7942,.T.);
#6150=ORIENTED_EDGE('',*,*,#7619,.F.);
#6151=ORIENTED_EDGE('',*,*,#7538,.T.);
#6152=ORIENTED_EDGE('',*,*,#7670,.T.);
#6153=ORIENTED_EDGE('',*,*,#7549,.F.);
#6154=ORIENTED_EDGE('',*,*,#7554,.T.);
#6155=ORIENTED_EDGE('',*,*,#7558,.T.);
#6156=ORIENTED_EDGE('',*,*,#7562,.F.);
#6157=ORIENTED_EDGE('',*,*,#7566,.T.);
#6158=ORIENTED_EDGE('',*,*,#7570,.F.);
#6159=ORIENTED_EDGE('',*,*,#7574,.T.);
#6160=ORIENTED_EDGE('',*,*,#7578,.T.);
#6161=ORIENTED_EDGE('',*,*,#7582,.T.);
#6162=ORIENTED_EDGE('',*,*,#7586,.T.);
#6163=ORIENTED_EDGE('',*,*,#7590,.T.);
#6164=ORIENTED_EDGE('',*,*,#7594,.F.);
#6165=ORIENTED_EDGE('',*,*,#7598,.T.);
#6166=ORIENTED_EDGE('',*,*,#7602,.F.);
#6167=ORIENTED_EDGE('',*,*,#7606,.T.);
#6168=ORIENTED_EDGE('',*,*,#7610,.T.);
#6169=ORIENTED_EDGE('',*,*,#7616,.T.);
#6170=CARTESIAN_POINT('',(-5.72,-2.25,-15.08907179677));
#6171=DIRECTION('',(0.0,-1.0,0.0));
#6172=DIRECTION('',(0.0,0.0,-1.0));
#6173=SURFACE_STYLE_FILL_AREA(#7947);
#6174=ORIENTED_EDGE('',*,*,#7915,.T.);
#6175=ORIENTED_EDGE('',*,*,#7911,.T.);
#6176=ORIENTED_EDGE('',*,*,#7907,.T.);
#6177=ORIENTED_EDGE('',*,*,#7923,.T.);
#6178=ORIENTED_EDGE('',*,*,#7892,.F.);
#6179=ORIENTED_EDGE('',*,*,#7886,.F.);
#6180=ORIENTED_EDGE('',*,*,#7882,.T.);
#6181=ORIENTED_EDGE('',*,*,#7879,.T.);
#6182=ORIENTED_EDGE('',*,*,#7874,.T.);
#6183=ORIENTED_EDGE('',*,*,#7871,.T.);
#6184=ORIENTED_EDGE('',*,*,#7866,.T.);
#6185=ORIENTED_EDGE('',*,*,#7862,.F.);
#6186=ORIENTED_EDGE('',*,*,#7858,.T.);
#6187=ORIENTED_EDGE('',*,*,#7854,.F.);
#6188=ORIENTED_EDGE('',*,*,#7850,.T.);
#6189=ORIENTED_EDGE('',*,*,#7948,.T.);
#6190=ORIENTED_EDGE('',*,*,#7784,.T.);
#6191=ORIENTED_EDGE('',*,*,#7789,.T.);
#6192=ORIENTED_EDGE('',*,*,#7793,.T.);
#6193=ORIENTED_EDGE('',*,*,#7797,.F.);
#6194=ORIENTED_EDGE('',*,*,#7802,.T.);
#6195=ORIENTED_EDGE('',*,*,#7806,.T.);
#6196=ORIENTED_EDGE('',*,*,#7776,.F.);
#6197=ORIENTED_EDGE('',*,*,#7895,.F.);
#6198=CARTESIAN_POINT('',(-5.72,-2.25,-15.08907179677));
#6199=DIRECTION('',(0.0,-1.0,0.0));
#6200=DIRECTION('',(0.0,0.0,-1.0));
#6201=SURFACE_STYLE_FILL_AREA(#7949);
#6202=ORIENTED_EDGE('',*,*,#7932,.F.);
#6203=ORIENTED_EDGE('',*,*,#7927,.T.);
#6204=ORIENTED_EDGE('',*,*,#7950,.T.);
#6205=ORIENTED_EDGE('',*,*,#7945,.F.);
#6206=CARTESIAN_POINT('',(-1.443929740012,-2.356070259988,-4.80999399976));
#6207=DIRECTION('',(-0.707106781186547,-0.707106781186547,0.0));
#6208=DIRECTION('',(-0.707106781186547,0.707106781186547,0.0));
#6209=SURFACE_STYLE_FILL_AREA(#7951);
#6210=ORIENTED_EDGE('',*,*,#7943,.T.);
#6211=ORIENTED_EDGE('',*,*,#7946,.F.);
#6212=ORIENTED_EDGE('',*,*,#7950,.F.);
#6213=ORIENTED_EDGE('',*,*,#7952,.T.);
#6214=CARTESIAN_POINT('',(-1.39999399976,-2.356070259988,-7.466070259988));
#6215=DIRECTION('',(0.0,-0.707106781186548,0.707106781186548));
#6216=DIRECTION('',(-1.0,0.0,0.0));
#6217=SURFACE_STYLE_FILL_AREA(#7953);
#6218=ORIENTED_EDGE('',*,*,#7954,.F.);
#6219=ORIENTED_EDGE('',*,*,#7940,.F.);
#6220=ORIENTED_EDGE('',*,*,#7952,.F.);
#6221=ORIENTED_EDGE('',*,*,#7926,.T.);
#6222=CARTESIAN_POINT('',(-4.40000600024,-1.948,-7.16));
#6223=DIRECTION('',(0.0,0.0,-1.0));
#6224=DIRECTION('',(0.0,-1.0,0.0));
#6225=SURFACE_STYLE_FILL_AREA(#7955);
#6226=ORIENTED_EDGE('',*,*,#7956,.F.);
#6227=ORIENTED_EDGE('',*,*,#7957,.F.);
#6228=ORIENTED_EDGE('',*,*,#7634,.F.);
#6229=ORIENTED_EDGE('',*,*,#7846,.T.);
#6230=ORIENTED_EDGE('',*,*,#7613,.F.);
#6231=CARTESIAN_POINT('',(-5.72,-1.95,-14.892));
#6232=DIRECTION('',(0.0,-1.0,0.0));
#6233=DIRECTION('',(0.0,0.0,-1.0));
#6234=SURFACE_STYLE_FILL_AREA(#7958);
#6235=ORIENTED_EDGE('',*,*,#7959,.F.);
#6236=ORIENTED_EDGE('',*,*,#7960,.F.);
#6237=ORIENTED_EDGE('',*,*,#7889,.T.);
#6238=ORIENTED_EDGE('',*,*,#7843,.T.);
#6239=ORIENTED_EDGE('',*,*,#7817,.T.);
#6240=CARTESIAN_POINT('',(-5.72,-1.95,-14.892));
#6241=DIRECTION('',(0.0,-1.0,0.0));
#6242=DIRECTION('',(0.0,0.0,-1.0));
#6243=SURFACE_STYLE_FILL_AREA(#7961);
#6244=ORIENTED_EDGE('',*,*,#7849,.F.);
#6245=ORIENTED_EDGE('',*,*,#7962,.T.);
#6246=ORIENTED_EDGE('',*,*,#7785,.T.);
#6247=ORIENTED_EDGE('',*,*,#7948,.F.);
#6248=SURFACE_STYLE_FILL_AREA(#7963);
#6249=FACE_OUTER_BOUND('',#7964,.T.);
#6250=CYLINDRICAL_SURFACE('',#7965,0.5);
#6251=FACE_OUTER_BOUND('',#7966,.T.);
#6252=TOROIDAL_SURFACE('',#7967,0.300000000000087,0.199999999999995);
#6253=FACE_OUTER_BOUND('',#7968,.T.);
#6254=TOROIDAL_SURFACE('',#7969,0.300000000000083,0.2);
#6255=FACE_OUTER_BOUND('',#7970,.T.);
#6256=CYLINDRICAL_SURFACE('',#7971,0.5);
#6257=FACE_OUTER_BOUND('',#7972,.T.);
#6258=PLANE('',#7973);
#6259=FACE_OUTER_BOUND('',#7974,.T.);
#6260=CYLINDRICAL_SURFACE('',#7975,0.5);
#6261=FACE_OUTER_BOUND('',#7976,.T.);
#6262=PLANE('',#7977);
#6263=FACE_OUTER_BOUND('',#7978,.T.);
#6264=CYLINDRICAL_SURFACE('',#7979,0.5);
#6265=FACE_OUTER_BOUND('',#7980,.T.);
#6266=PLANE('',#7981);
#6267=FACE_OUTER_BOUND('',#7982,.T.);
#6268=PLANE('',#7983);
#6269=FACE_OUTER_BOUND('',#7984,.T.);
#6270=PLANE('',#7985);
#6271=FACE_OUTER_BOUND('',#7986,.T.);
#6272=PLANE('',#7987);
#6273=FACE_OUTER_BOUND('',#7988,.T.);
#6274=PLANE('',#7989);
#6275=FACE_OUTER_BOUND('',#7990,.T.);
#6276=PLANE('',#7991);
#6277=FACE_OUTER_BOUND('',#7992,.T.);
#6278=PLANE('',#7993);
#6279=FACE_OUTER_BOUND('',#7994,.T.);
#6280=PLANE('',#7995);
#6281=FACE_OUTER_BOUND('',#7996,.T.);
#6282=PLANE('',#7997);
#6283=FACE_OUTER_BOUND('',#7998,.T.);
#6284=PLANE('',#7999);
#6285=FACE_OUTER_BOUND('',#8000,.T.);
#6286=PLANE('',#8001);
#6287=FACE_OUTER_BOUND('',#8002,.T.);
#6288=PLANE('',#8003);
#6289=FACE_OUTER_BOUND('',#8004,.T.);
#6290=CYLINDRICAL_SURFACE('',#8005,0.2);
#6291=FACE_OUTER_BOUND('',#8006,.T.);
#6292=CYLINDRICAL_SURFACE('',#8007,0.2);
#6293=FACE_OUTER_BOUND('',#8008,.T.);
#6294=CYLINDRICAL_SURFACE('',#8009,0.35);
#6295=FACE_OUTER_BOUND('',#8010,.T.);
#6296=CYLINDRICAL_SURFACE('',#8011,0.35);
#6297=FACE_OUTER_BOUND('',#8012,.T.);
#6298=PLANE('',#8013);
#6299=FACE_OUTER_BOUND('',#8014,.T.);
#6300=PLANE('',#8015);
#6301=FACE_OUTER_BOUND('',#8016,.T.);
#6302=PLANE('',#8017);
#6303=FACE_OUTER_BOUND('',#8018,.T.);
#6304=PLANE('',#8019);
#6305=FACE_OUTER_BOUND('',#8020,.T.);
#6306=PLANE('',#8021);
#6307=FACE_OUTER_BOUND('',#8022,.T.);
#6308=PLANE('',#8023);
#6309=FACE_OUTER_BOUND('',#8024,.T.);
#6310=PLANE('',#8025);
#6311=FACE_OUTER_BOUND('',#8026,.T.);
#6312=PLANE('',#8027);
#6313=FACE_OUTER_BOUND('',#8028,.T.);
#6314=CYLINDRICAL_SURFACE('',#8029,0.2);
#6315=FACE_OUTER_BOUND('',#8030,.T.);
#6316=CYLINDRICAL_SURFACE('',#8031,0.2);
#6317=FACE_OUTER_BOUND('',#8032,.T.);
#6318=PLANE('',#8033);
#6319=FACE_OUTER_BOUND('',#8034,.T.);
#6320=PLANE('',#8035);
#6321=FACE_OUTER_BOUND('',#8036,.T.);
#6322=PLANE('',#8037);
#6323=FACE_OUTER_BOUND('',#8038,.T.);
#6324=PLANE('',#8039);
#6325=FACE_OUTER_BOUND('',#8040,.T.);
#6326=PLANE('',#8041);
#6327=FACE_OUTER_BOUND('',#8042,.T.);
#6328=CYLINDRICAL_SURFACE('',#8043,0.35);
#6329=FACE_OUTER_BOUND('',#8044,.T.);
#6330=CYLINDRICAL_SURFACE('',#8045,0.35);
#6331=FACE_OUTER_BOUND('',#8046,.T.);
#6332=PLANE('',#8047);
#6333=FACE_OUTER_BOUND('',#8048,.T.);
#6334=PLANE('',#8049);
#6335=FACE_OUTER_BOUND('',#8050,.T.);
#6336=PLANE('',#8051);
#6337=FACE_OUTER_BOUND('',#8052,.T.);
#6338=CYLINDRICAL_SURFACE('',#8053,0.2);
#6339=FACE_OUTER_BOUND('',#8054,.T.);
#6340=CYLINDRICAL_SURFACE('',#8055,0.2);
#6341=FACE_OUTER_BOUND('',#8056,.T.);
#6342=PLANE('',#8057);
#6343=FACE_OUTER_BOUND('',#8058,.T.);
#6344=PLANE('',#8059);
#6345=FACE_OUTER_BOUND('',#8060,.T.);
#6346=PLANE('',#8061);
#6347=FACE_OUTER_BOUND('',#8062,.T.);
#6348=PLANE('',#8063);
#6349=FACE_OUTER_BOUND('',#8064,.T.);
#6350=PLANE('',#8065);
#6351=FACE_OUTER_BOUND('',#8066,.T.);
#6352=PLANE('',#8067);
#6353=FACE_OUTER_BOUND('',#8068,.T.);
#6354=CYLINDRICAL_SURFACE('',#8069,0.35);
#6355=FACE_OUTER_BOUND('',#8070,.T.);
#6356=CYLINDRICAL_SURFACE('',#8071,0.35);
#6357=FACE_OUTER_BOUND('',#8072,.T.);
#6358=PLANE('',#8073);
#6359=FACE_OUTER_BOUND('',#8074,.T.);
#6360=PLANE('',#8075);
#6361=FACE_OUTER_BOUND('',#8076,.T.);
#6362=PLANE('',#8077);
#6363=FACE_OUTER_BOUND('',#8078,.T.);
#6364=PLANE('',#8079);
#6365=FACE_OUTER_BOUND('',#8080,.T.);
#6366=PLANE('',#8081);
#6367=FACE_OUTER_BOUND('',#8082,.T.);
#6368=PLANE('',#8083);
#6369=FACE_OUTER_BOUND('',#8084,.T.);
#6370=PLANE('',#8085);
#6371=FACE_OUTER_BOUND('',#8086,.T.);
#6372=PLANE('',#8087);
#6373=FACE_OUTER_BOUND('',#8088,.T.);
#6374=PLANE('',#8089);
#6375=FACE_OUTER_BOUND('',#8090,.T.);
#6376=PLANE('',#8091);
#6377=FACE_OUTER_BOUND('',#8092,.T.);
#6378=CYLINDRICAL_SURFACE('',#8093,0.2);
#6379=FACE_OUTER_BOUND('',#8094,.T.);
#6380=CYLINDRICAL_SURFACE('',#8095,0.2);
#6381=FACE_OUTER_BOUND('',#8096,.T.);
#6382=CYLINDRICAL_SURFACE('',#8097,0.35);
#6383=FACE_OUTER_BOUND('',#8098,.T.);
#6384=CYLINDRICAL_SURFACE('',#8099,0.35);
#6385=FACE_OUTER_BOUND('',#8100,.T.);
#6386=PLANE('',#8101);
#6387=FACE_OUTER_BOUND('',#8102,.T.);
#6388=PLANE('',#8103);
#6389=FACE_OUTER_BOUND('',#8104,.T.);
#6390=PLANE('',#8105);
#6391=FACE_OUTER_BOUND('',#8106,.T.);
#6392=PLANE('',#8107);
#6393=FACE_OUTER_BOUND('',#8108,.T.);
#6394=PLANE('',#8109);
#6395=FACE_OUTER_BOUND('',#8110,.T.);
#6396=PLANE('',#8111);
#6397=FACE_OUTER_BOUND('',#8112,.T.);
#6398=PLANE('',#8113);
#6399=FACE_OUTER_BOUND('',#8114,.T.);
#6400=PLANE('',#8115);
#6401=FACE_OUTER_BOUND('',#8116,.T.);
#6402=PLANE('',#8117);
#6403=FACE_OUTER_BOUND('',#8118,.T.);
#6404=PLANE('',#8119);
#6405=FACE_OUTER_BOUND('',#8120,.T.);
#6406=PLANE('',#8121);
#6407=FACE_OUTER_BOUND('',#8122,.T.);
#6408=PLANE('',#8123);
#6409=FACE_OUTER_BOUND('',#8124,.T.);
#6410=PLANE('',#8125);
#6411=FACE_OUTER_BOUND('',#8126,.T.);
#6412=PLANE('',#8127);
#6413=FACE_OUTER_BOUND('',#8128,.T.);
#6414=PLANE('',#8129);
#6415=FACE_OUTER_BOUND('',#8130,.T.);
#6416=PLANE('',#8131);
#6417=FACE_OUTER_BOUND('',#8132,.T.);
#6418=PLANE('',#8133);
#6419=FACE_OUTER_BOUND('',#8134,.T.);
#6420=PLANE('',#8135);
#6421=FACE_OUTER_BOUND('',#8136,.T.);
#6422=CYLINDRICAL_SURFACE('',#8137,0.299999999999977);
#6423=FACE_OUTER_BOUND('',#8138,.T.);
#6424=PLANE('',#8139);
#6425=FACE_OUTER_BOUND('',#8140,.T.);
#6426=PLANE('',#8141);
#6427=FACE_OUTER_BOUND('',#8142,.T.);
#6428=PLANE('',#8143);
#6429=FACE_OUTER_BOUND('',#8144,.T.);
#6430=PLANE('',#8145);
#6431=FACE_OUTER_BOUND('',#8146,.T.);
#6432=PLANE('',#8147);
#6433=FACE_OUTER_BOUND('',#8148,.T.);
#6434=PLANE('',#8149);
#6435=FACE_OUTER_BOUND('',#8150,.T.);
#6436=PLANE('',#8151);
#6437=FACE_OUTER_BOUND('',#8152,.T.);
#6438=PLANE('',#8153);
#6439=FACE_OUTER_BOUND('',#8154,.T.);
#6440=PLANE('',#8155);
#6441=FACE_OUTER_BOUND('',#8156,.T.);
#6442=PLANE('',#8157);
#6443=FACE_OUTER_BOUND('',#8158,.T.);
#6444=PLANE('',#8159);
#6445=FACE_OUTER_BOUND('',#8160,.T.);
#6446=PLANE('',#8161);
#6447=FACE_OUTER_BOUND('',#8162,.T.);
#6448=PLANE('',#8163);
#6449=FACE_OUTER_BOUND('',#8164,.T.);
#6450=PLANE('',#8165);
#6451=FACE_OUTER_BOUND('',#8166,.T.);
#6452=PLANE('',#8167);
#6453=FACE_OUTER_BOUND('',#8168,.T.);
#6454=PLANE('',#8169);
#6455=FACE_OUTER_BOUND('',#8170,.T.);
#6456=PLANE('',#8171);
#6457=FACE_OUTER_BOUND('',#8172,.T.);
#6458=PLANE('',#8173);
#6459=FACE_OUTER_BOUND('',#8174,.T.);
#6460=PLANE('',#8175);
#6461=FACE_OUTER_BOUND('',#8176,.T.);
#6462=PLANE('',#8177);
#6463=FACE_OUTER_BOUND('',#8178,.T.);
#6464=PLANE('',#8179);
#6465=FACE_OUTER_BOUND('',#8180,.T.);
#6466=PLANE('',#8181);
#6467=FACE_OUTER_BOUND('',#8182,.T.);
#6468=PLANE('',#8183);
#6469=FACE_OUTER_BOUND('',#8184,.T.);
#6470=PLANE('',#8185);
#6471=FACE_OUTER_BOUND('',#8186,.T.);
#6472=PLANE('',#8187);
#6473=FACE_OUTER_BOUND('',#8188,.T.);
#6474=PLANE('',#8189);
#6475=FACE_OUTER_BOUND('',#8190,.T.);
#6476=PLANE('',#8191);
#6477=FACE_OUTER_BOUND('',#8192,.T.);
#6478=PLANE('',#8193);
#6479=FACE_OUTER_BOUND('',#8194,.T.);
#6480=PLANE('',#8195);
#6481=FACE_OUTER_BOUND('',#8196,.T.);
#6482=PLANE('',#8197);
#6483=FACE_OUTER_BOUND('',#8198,.T.);
#6484=PLANE('',#8199);
#6485=FACE_OUTER_BOUND('',#8200,.T.);
#6486=PLANE('',#8201);
#6487=FACE_OUTER_BOUND('',#8202,.T.);
#6488=PLANE('',#8203);
#6489=FACE_OUTER_BOUND('',#8204,.T.);
#6490=PLANE('',#8205);
#6491=FACE_OUTER_BOUND('',#8206,.T.);
#6492=PLANE('',#8207);
#6493=FACE_OUTER_BOUND('',#8208,.T.);
#6494=PLANE('',#8209);
#6495=FACE_OUTER_BOUND('',#8210,.T.);
#6496=PLANE('',#8211);
#6497=FACE_OUTER_BOUND('',#8212,.T.);
#6498=FACE_BOUND('',#8213,.T.);
#6499=PLANE('',#8214);
#6500=FACE_OUTER_BOUND('',#8215,.T.);
#6501=CYLINDRICAL_SURFACE('',#8216,0.299999999999974);
#6502=FACE_OUTER_BOUND('',#8217,.T.);
#6503=PLANE('',#8218);
#6504=FACE_OUTER_BOUND('',#8219,.T.);
#6505=CYLINDRICAL_SURFACE('',#8220,0.299999999999955);
#6506=FACE_OUTER_BOUND('',#8221,.T.);
#6507=PLANE('',#8222);
#6508=FACE_OUTER_BOUND('',#8223,.T.);
#6509=PLANE('',#8224);
#6510=FACE_OUTER_BOUND('',#8225,.T.);
#6511=PLANE('',#8226);
#6512=FACE_OUTER_BOUND('',#8227,.T.);
#6513=PLANE('',#8228);
#6514=FACE_OUTER_BOUND('',#8229,.T.);
#6515=PLANE('',#8230);
#6516=FACE_OUTER_BOUND('',#8231,.T.);
#6517=PLANE('',#8232);
#6518=FACE_OUTER_BOUND('',#8233,.T.);
#6519=PLANE('',#8234);
#6520=FACE_OUTER_BOUND('',#8235,.T.);
#6521=PLANE('',#8236);
#6522=FACE_OUTER_BOUND('',#8237,.T.);
#6523=PLANE('',#8238);
#6524=FACE_OUTER_BOUND('',#8239,.T.);
#6525=PLANE('',#8240);
#6526=FACE_OUTER_BOUND('',#8241,.T.);
#6527=PLANE('',#8242);
#6528=FACE_OUTER_BOUND('',#8243,.T.);
#6529=PLANE('',#8244);
#6530=FACE_OUTER_BOUND('',#8245,.T.);
#6531=PLANE('',#8246);
#6532=FACE_OUTER_BOUND('',#8247,.T.);
#6533=PLANE('',#8248);
#6534=FACE_OUTER_BOUND('',#8249,.T.);
#6535=PLANE('',#8250);
#6536=FACE_OUTER_BOUND('',#8251,.T.);
#6537=PLANE('',#8252);
#6538=FACE_OUTER_BOUND('',#8253,.T.);
#6539=PLANE('',#8254);
#6540=FACE_OUTER_BOUND('',#8255,.T.);
#6541=PLANE('',#8256);
#6542=FACE_OUTER_BOUND('',#8257,.T.);
#6543=PLANE('',#8258);
#6544=FACE_OUTER_BOUND('',#8259,.T.);
#6545=CYLINDRICAL_SURFACE('',#8260,0.5);
#6546=FACE_OUTER_BOUND('',#8261,.T.);
#6547=TOROIDAL_SURFACE('',#8262,0.300000000000083,0.2);
#6548=FACE_OUTER_BOUND('',#8263,.T.);
#6549=PLANE('',#8264);
#6550=FACE_OUTER_BOUND('',#8265,.T.);
#6551=PLANE('',#8266);
#6552=FACE_OUTER_BOUND('',#8267,.T.);
#6553=TOROIDAL_SURFACE('',#8268,0.300000000000087,0.199999999999995);
#6554=FACE_OUTER_BOUND('',#8269,.T.);
#6555=CYLINDRICAL_SURFACE('',#8270,0.5);
#6556=FACE_OUTER_BOUND('',#8271,.T.);
#6557=PLANE('',#8272);
#6558=FACE_BOUND('',#8273,.T.);
#6559=FACE_OUTER_BOUND('',#8274,.T.);
#6560=PLANE('',#8275);
#6561=FACE_OUTER_BOUND('',#8276,.T.);
#6562=PLANE('',#8277);
#6563=FACE_OUTER_BOUND('',#8278,.T.);
#6564=PLANE('',#8279);
#6565=FACE_BOUND('',#8280,.T.);
#6566=FACE_OUTER_BOUND('',#8281,.T.);
#6567=PLANE('',#8282);
#6568=FACE_OUTER_BOUND('',#8283,.T.);
#6569=PLANE('',#8284);
#6570=FACE_OUTER_BOUND('',#8285,.T.);
#6571=PLANE('',#8286);
#6572=FACE_OUTER_BOUND('',#8287,.T.);
#6573=PLANE('',#8288);
#6574=FACE_OUTER_BOUND('',#8289,.T.);
#6575=PLANE('',#8290);
#6576=FACE_OUTER_BOUND('',#8291,.T.);
#6577=PLANE('',#8292);
#6578=FACE_OUTER_BOUND('',#8293,.T.);
#6579=PLANE('',#8294);
#6580=FACE_OUTER_BOUND('',#8295,.T.);
#6581=PLANE('',#8296);
#6582=FACE_OUTER_BOUND('',#8297,.T.);
#6583=PLANE('',#8298);
#6584=FACE_OUTER_BOUND('',#8299,.T.);
#6585=PLANE('',#8300);
#6586=FACE_OUTER_BOUND('',#8301,.T.);
#6587=PLANE('',#8302);
#6588=FACE_OUTER_BOUND('',#8303,.T.);
#6589=PLANE('',#8304);
#6590=FACE_OUTER_BOUND('',#8305,.T.);
#6591=PLANE('',#8306);
#6592=FACE_OUTER_BOUND('',#8307,.T.);
#6593=PLANE('',#8308);
#6594=FACE_OUTER_BOUND('',#8309,.T.);
#6595=PLANE('',#8310);
#6596=FACE_OUTER_BOUND('',#8311,.T.);
#6597=PLANE('',#8312);
#6598=FACE_OUTER_BOUND('',#8313,.T.);
#6599=PLANE('',#8314);
#6600=FACE_OUTER_BOUND('',#8315,.T.);
#6601=PLANE('',#8316);
#6602=FACE_OUTER_BOUND('',#8317,.T.);
#6603=PLANE('',#8318);
#6604=FACE_OUTER_BOUND('',#8319,.T.);
#6605=PLANE('',#8320);
#6606=FACE_OUTER_BOUND('',#8321,.T.);
#6607=PLANE('',#8322);
#6608=FACE_OUTER_BOUND('',#8323,.T.);
#6609=PLANE('',#8324);
#6610=FACE_OUTER_BOUND('',#8325,.T.);
#6611=PLANE('',#8326);
#6612=FACE_OUTER_BOUND('',#8327,.T.);
#6613=PLANE('',#8328);
#6614=FACE_OUTER_BOUND('',#8329,.T.);
#6615=PLANE('',#8330);
#6616=FACE_OUTER_BOUND('',#8331,.T.);
#6617=PLANE('',#8332);
#6618=FACE_OUTER_BOUND('',#8333,.T.);
#6619=CYLINDRICAL_SURFACE('',#8334,0.300000000000058);
#6620=FACE_OUTER_BOUND('',#8335,.T.);
#6621=PLANE('',#8336);
#6622=FACE_OUTER_BOUND('',#8337,.T.);
#6623=PLANE('',#8338);
#6624=FACE_OUTER_BOUND('',#8339,.T.);
#6625=PLANE('',#8340);
#6626=FACE_OUTER_BOUND('',#8341,.T.);
#6627=PLANE('',#8342);
#6628=FACE_OUTER_BOUND('',#8343,.T.);
#6629=PLANE('',#8344);
#6630=FACE_OUTER_BOUND('',#8345,.T.);
#6631=PLANE('',#8346);
#6632=FACE_OUTER_BOUND('',#8347,.T.);
#6633=PLANE('',#8348);
#6634=FACE_OUTER_BOUND('',#8349,.T.);
#6635=PLANE('',#8350);
#6636=FACE_OUTER_BOUND('',#8351,.T.);
#6637=PLANE('',#8352);
#6638=FACE_OUTER_BOUND('',#8353,.T.);
#6639=PLANE('',#8354);
#6640=FACE_OUTER_BOUND('',#8355,.T.);
#6641=PLANE('',#8356);
#6642=FACE_OUTER_BOUND('',#8357,.T.);
#6643=PLANE('',#8358);
#6644=FACE_OUTER_BOUND('',#8359,.T.);
#6645=PLANE('',#8360);
#6646=FACE_OUTER_BOUND('',#8361,.T.);
#6647=PLANE('',#8362);
#6648=FILL_AREA_STYLE('',(#8363));
#6649=EDGE_CURVE('',#8364,#8365,#8366,.T.);
#6650=EDGE_CURVE('',#8364,#8367,#8368,.T.);
#6651=EDGE_CURVE('',#8369,#8367,#8370,.T.);
#6652=EDGE_CURVE('',#8369,#8365,#8371,.T.);
#6653=FILL_AREA_STYLE('',(#8372));
#6654=EDGE_CURVE('',#8373,#8374,#8375,.T.);
#6655=EDGE_CURVE('',#8373,#8376,#8377,.T.);
#6656=EDGE_CURVE('',#8376,#8378,#8379,.T.);
#6657=EDGE_CURVE('',#8378,#8374,#8380,.T.);
#6658=FILL_AREA_STYLE('',(#8381));
#6659=EDGE_CURVE('',#8382,#8383,#8384,.T.);
#6660=EDGE_CURVE('',#8382,#8385,#8386,.T.);
#6661=EDGE_CURVE('',#8387,#8385,#8388,.T.);
#6662=EDGE_CURVE('',#8383,#8387,#8389,.T.);
#6663=FILL_AREA_STYLE('',(#8390));
#6664=EDGE_CURVE('',#8391,#8392,#8393,.T.);
#6665=EDGE_CURVE('',#8394,#8391,#8395,.T.);
#6666=EDGE_CURVE('',#8394,#8396,#8397,.T.);
#6667=EDGE_CURVE('',#8396,#8392,#8398,.T.);
#6668=FILL_AREA_STYLE('',(#8399));
#6669=EDGE_CURVE('',#8400,#8401,#8402,.T.);
#6670=EDGE_CURVE('',#8400,#8403,#8404,.T.);
#6671=EDGE_CURVE('',#8405,#8403,#8406,.T.);
#6672=EDGE_CURVE('',#8401,#8405,#8407,.T.);
#6673=FILL_AREA_STYLE('',(#8408));
#6674=EDGE_CURVE('',#8409,#8410,#8411,.T.);
#6675=EDGE_CURVE('',#8412,#8409,#8413,.T.);
#6676=EDGE_CURVE('',#8412,#8414,#8415,.T.);
#6677=EDGE_CURVE('',#8414,#8410,#8416,.T.);
#6678=FILL_AREA_STYLE('',(#8417));
#6679=EDGE_CURVE('',#8418,#8419,#8420,.T.);
#6680=EDGE_CURVE('',#8418,#8421,#8422,.T.);
#6681=EDGE_CURVE('',#8423,#8421,#8424,.T.);
#6682=EDGE_CURVE('',#8419,#8423,#8425,.T.);
#6683=FILL_AREA_STYLE('',(#8426));
#6684=EDGE_CURVE('',#8427,#8428,#8429,.T.);
#6685=EDGE_CURVE('',#8430,#8427,#8431,.T.);
#6686=EDGE_CURVE('',#8430,#8432,#8433,.T.);
#6687=EDGE_CURVE('',#8432,#8428,#8434,.T.);
#6688=FILL_AREA_STYLE('',(#8435));
#6689=EDGE_CURVE('',#8436,#8437,#8438,.T.);
#6690=EDGE_CURVE('',#8436,#8439,#8440,.T.);
#6691=EDGE_CURVE('',#8441,#8439,#8442,.T.);
#6692=EDGE_CURVE('',#8437,#8441,#8443,.T.);
#6693=FILL_AREA_STYLE('',(#8444));
#6694=EDGE_CURVE('',#8445,#8446,#8447,.T.);
#6695=EDGE_CURVE('',#8448,#8445,#8449,.T.);
#6696=EDGE_CURVE('',#8448,#8450,#8451,.T.);
#6697=EDGE_CURVE('',#8450,#8446,#8452,.T.);
#6698=FILL_AREA_STYLE('',(#8453));
#6699=EDGE_CURVE('',#8454,#8455,#8456,.T.);
#6700=EDGE_CURVE('',#8457,#8454,#8458,.T.);
#6701=EDGE_CURVE('',#8457,#8459,#8460,.T.);
#6702=EDGE_CURVE('',#8459,#8455,#8461,.T.);
#6703=FILL_AREA_STYLE('',(#8462));
#6704=EDGE_CURVE('',#8463,#8464,#8465,.T.);
#6705=EDGE_CURVE('',#8466,#8463,#8467,.T.);
#6706=EDGE_CURVE('',#8466,#8468,#8469,.T.);
#6707=EDGE_CURVE('',#8468,#8464,#8470,.T.);
#6708=FILL_AREA_STYLE('',(#8471));
#6709=EDGE_CURVE('',#8472,#8473,#8474,.T.);
#6710=EDGE_CURVE('',#8475,#8472,#8476,.T.);
#6711=EDGE_CURVE('',#8475,#8477,#8478,.T.);
#6712=EDGE_CURVE('',#8477,#8473,#8479,.T.);
#6713=FILL_AREA_STYLE('',(#8480));
#6714=EDGE_CURVE('',#8481,#8482,#8483,.T.);
#6715=EDGE_CURVE('',#8484,#8481,#8485,.T.);
#6716=EDGE_CURVE('',#8484,#8486,#8487,.T.);
#6717=EDGE_CURVE('',#8486,#8482,#8488,.T.);
#6718=FILL_AREA_STYLE('',(#8489));
#6719=EDGE_CURVE('',#8490,#8491,#8492,.T.);
#6720=EDGE_CURVE('',#8490,#8493,#8494,.T.);
#6721=EDGE_CURVE('',#8495,#8493,#8496,.T.);
#6722=EDGE_CURVE('',#8495,#8491,#8497,.T.);
#6723=FILL_AREA_STYLE('',(#8498));
#6724=EDGE_CURVE('',#8493,#8499,#8500,.T.);
#6725=EDGE_CURVE('',#8501,#8499,#8502,.T.);
#6726=EDGE_CURVE('',#8495,#8501,#8503,.T.);
#6727=FILL_AREA_STYLE('',(#8504));
#6728=EDGE_CURVE('',#8505,#8506,#8507,.T.);
#6729=EDGE_CURVE('',#8505,#8508,#8509,.T.);
#6730=EDGE_CURVE('',#8508,#8510,#8511,.T.);
#6731=EDGE_CURVE('',#8510,#8506,#8512,.F.);
#6732=FILL_AREA_STYLE('',(#8513));
#6733=EDGE_CURVE('',#8514,#8515,#8516,.T.);
#6734=EDGE_CURVE('',#8514,#8517,#8518,.T.);
#6735=EDGE_CURVE('',#8517,#8519,#8520,.F.);
#6736=EDGE_CURVE('',#8515,#8519,#8521,.T.);
#6737=FILL_AREA_STYLE('',(#8522));
#6738=EDGE_CURVE('',#8508,#8523,#8524,.T.);
#6739=EDGE_CURVE('',#8525,#8523,#8526,.T.);
#6740=EDGE_CURVE('',#8525,#8510,#8527,.T.);
#6741=FILL_AREA_STYLE('',(#8528));
#6742=EDGE_CURVE('',#8529,#8530,#8531,.T.);
#6743=EDGE_CURVE('',#8532,#8529,#8533,.T.);
#6744=EDGE_CURVE('',#8534,#8532,#8535,.T.);
#6745=EDGE_CURVE('',#8534,#8536,#8537,.F.);
#6746=EDGE_CURVE('',#8536,#8538,#8539,.T.);
#6747=EDGE_CURVE('',#8538,#8530,#8540,.T.);
#6748=FILL_AREA_STYLE('',(#8541));
#6749=EDGE_CURVE('',#8542,#8543,#8544,.T.);
#6750=EDGE_CURVE('',#8543,#8530,#8545,.T.);
#6751=EDGE_CURVE('',#8542,#8538,#8546,.T.);
#6752=FILL_AREA_STYLE('',(#8547));
#6753=EDGE_CURVE('',#8548,#8529,#8549,.T.);
#6754=EDGE_CURVE('',#8550,#8548,#8551,.T.);
#6755=EDGE_CURVE('',#8550,#8532,#8552,.T.);
#6756=FILL_AREA_STYLE('',(#8553));
#6757=EDGE_CURVE('',#8543,#8548,#8554,.T.);
#6758=EDGE_CURVE('',#8555,#8542,#8556,.F.);
#6759=EDGE_CURVE('',#8557,#8555,#8558,.T.);
#6760=EDGE_CURVE('',#8557,#8550,#8559,.F.);
#6761=FILL_AREA_STYLE('',(#8560));
#6762=EDGE_CURVE('',#8561,#8562,#8563,.T.);
#6763=EDGE_CURVE('',#8564,#8562,#8565,.T.);
#6764=EDGE_CURVE('',#8566,#8564,#8567,.T.);
#6765=EDGE_CURVE('',#8566,#8561,#8568,.T.);
#6766=FILL_AREA_STYLE('',(#8569));
#6767=EDGE_CURVE('',#8570,#8571,#8572,.T.);
#6768=EDGE_CURVE('',#8562,#8571,#8573,.T.);
#6769=EDGE_CURVE('',#8561,#8570,#8574,.T.);
#6770=FILL_AREA_STYLE('',(#8575));
#6771=EDGE_CURVE('',#8576,#8571,#8577,.T.);
#6772=EDGE_CURVE('',#8578,#8570,#8579,.T.);
#6773=EDGE_CURVE('',#8578,#8576,#8580,.T.);
#6774=FILL_AREA_STYLE('',(#8581));
#6775=EDGE_CURVE('',#8582,#8583,#8584,.T.);
#6776=EDGE_CURVE('',#8583,#8576,#8585,.T.);
#6777=EDGE_CURVE('',#8582,#8578,#8586,.T.);
#6778=FILL_AREA_STYLE('',(#8587));
#6779=EDGE_CURVE('',#8588,#8589,#8590,.T.);
#6780=EDGE_CURVE('',#8589,#8583,#8591,.T.);
#6781=EDGE_CURVE('',#8588,#8582,#8592,.T.);
#6782=FILL_AREA_STYLE('',(#8593));
#6783=EDGE_CURVE('',#8594,#8595,#8596,.T.);
#6784=EDGE_CURVE('',#8595,#8589,#8597,.T.);
#6785=EDGE_CURVE('',#8594,#8588,#8598,.T.);
#6786=FILL_AREA_STYLE('',(#8599));
#6787=EDGE_CURVE('',#8600,#8564,#8601,.T.);
#6788=EDGE_CURVE('',#8602,#8600,#8603,.T.);
#6789=EDGE_CURVE('',#8602,#8566,#8604,.T.);
#6790=FILL_AREA_STYLE('',(#8605));
#6791=EDGE_CURVE('',#8486,#8606,#8607,.T.);
#6792=EDGE_CURVE('',#8606,#8600,#8608,.T.);
#6793=EDGE_CURVE('',#8482,#8595,#8609,.T.);
#6794=FILL_AREA_STYLE('',(#8610));
#6795=EDGE_CURVE('',#8611,#8602,#8612,.T.);
#6796=EDGE_CURVE('',#8484,#8611,#8613,.T.);
#6797=EDGE_CURVE('',#8481,#8594,#8614,.T.);
#6798=FILL_AREA_STYLE('',(#8615));
#6799=FILL_AREA_STYLE('',(#8616));
#6800=EDGE_CURVE('',#8611,#8606,#8617,.T.);
#6801=FILL_AREA_STYLE('',(#8618));
#6802=EDGE_CURVE('',#8619,#8486,#8620,.T.);
#6803=EDGE_CURVE('',#8619,#8621,#8622,.T.);
#6804=EDGE_CURVE('',#8621,#8606,#8623,.T.);
#6805=FILL_AREA_STYLE('',(#8624));
#6806=EDGE_CURVE('',#8611,#8625,#8626,.T.);
#6807=EDGE_CURVE('',#8627,#8625,#8628,.T.);
#6808=EDGE_CURVE('',#8484,#8627,#8629,.T.);
#6809=FILL_AREA_STYLE('',(#8630));
#6810=EDGE_CURVE('',#8631,#8632,#8633,.T.);
#6811=EDGE_CURVE('',#8634,#8632,#8635,.T.);
#6812=EDGE_CURVE('',#8636,#8634,#8637,.T.);
#6813=EDGE_CURVE('',#8636,#8631,#8638,.T.);
#6814=FILL_AREA_STYLE('',(#8639));
#6815=EDGE_CURVE('',#8640,#8641,#8642,.T.);
#6816=EDGE_CURVE('',#8632,#8641,#8643,.T.);
#6817=EDGE_CURVE('',#8631,#8640,#8644,.T.);
#6818=FILL_AREA_STYLE('',(#8645));
#6819=EDGE_CURVE('',#8646,#8647,#8648,.T.);
#6820=EDGE_CURVE('',#8646,#8649,#8650,.T.);
#6821=EDGE_CURVE('',#8651,#8649,#8652,.T.);
#6822=EDGE_CURVE('',#8651,#8647,#8653,.T.);
#6823=FILL_AREA_STYLE('',(#8654));
#6824=EDGE_CURVE('',#8655,#8656,#8657,.T.);
#6825=EDGE_CURVE('',#8655,#8651,#8658,.T.);
#6826=EDGE_CURVE('',#8649,#8656,#8659,.T.);
#6827=FILL_AREA_STYLE('',(#8660));
#6828=EDGE_CURVE('',#8661,#8662,#8663,.T.);
#6829=EDGE_CURVE('',#8661,#8655,#8664,.T.);
#6830=EDGE_CURVE('',#8656,#8662,#8665,.T.);
#6831=FILL_AREA_STYLE('',(#8666));
#6832=EDGE_CURVE('',#8667,#8668,#8669,.T.);
#6833=EDGE_CURVE('',#8670,#8667,#8671,.F.);
#6834=EDGE_CURVE('',#8672,#8670,#8673,.T.);
#6835=EDGE_CURVE('',#8674,#8672,#8675,.T.);
#6836=EDGE_CURVE('',#8676,#8674,#8677,.T.);
#6837=EDGE_CURVE('',#8676,#8678,#8679,.T.);
#6838=EDGE_CURVE('',#8640,#8678,#8680,.T.);
#6839=EDGE_CURVE('',#8668,#8636,#8681,.T.);
#6840=FILL_AREA_STYLE('',(#8682));
#6841=EDGE_CURVE('',#8683,#8684,#8685,.T.);
#6842=EDGE_CURVE('',#8683,#8678,#8686,.T.);
#6843=EDGE_CURVE('',#8676,#8684,#8687,.T.);
#6844=FILL_AREA_STYLE('',(#8688));
#6845=EDGE_CURVE('',#8689,#8690,#8691,.T.);
#6846=EDGE_CURVE('',#8689,#8634,#8692,.T.);
#6847=EDGE_CURVE('',#8641,#8693,#8694,.T.);
#6848=EDGE_CURVE('',#8695,#8693,#8696,.T.);
#6849=EDGE_CURVE('',#8697,#8695,#8698,.T.);
#6850=EDGE_CURVE('',#8699,#8697,#8700,.T.);
#6851=EDGE_CURVE('',#8701,#8699,#8702,.T.);
#6852=EDGE_CURVE('',#8690,#8701,#8703,.F.);
#6853=FILL_AREA_STYLE('',(#8704));
#6854=EDGE_CURVE('',#8705,#8706,#8707,.T.);
#6855=EDGE_CURVE('',#8705,#8695,#8708,.T.);
#6856=EDGE_CURVE('',#8693,#8706,#8709,.T.);
#6857=FILL_AREA_STYLE('',(#8710));
#6858=EDGE_CURVE('',#8689,#8668,#8711,.F.);
#6859=FILL_AREA_STYLE('',(#8712));
#6860=EDGE_CURVE('',#8713,#8714,#8715,.T.);
#6861=EDGE_CURVE('',#8713,#8716,#8717,.T.);
#6862=EDGE_CURVE('',#8716,#8718,#8719,.T.);
#6863=EDGE_CURVE('',#8714,#8718,#8720,.T.);
#6864=FILL_AREA_STYLE('',(#8721));
#6865=EDGE_CURVE('',#8722,#8723,#8724,.T.);
#6866=EDGE_CURVE('',#8718,#8722,#8725,.T.);
#6867=EDGE_CURVE('',#8716,#8723,#8726,.T.);
#6868=FILL_AREA_STYLE('',(#8727));
#6869=EDGE_CURVE('',#8728,#8729,#8730,.T.);
#6870=EDGE_CURVE('',#8728,#8713,#8731,.T.);
#6871=EDGE_CURVE('',#8714,#8729,#8732,.T.);
#6872=FILL_AREA_STYLE('',(#8733));
#6873=EDGE_CURVE('',#8734,#8735,#8736,.T.);
#6874=EDGE_CURVE('',#8737,#8734,#8738,.T.);
#6875=EDGE_CURVE('',#8739,#8737,#8740,.T.);
#6876=EDGE_CURVE('',#8739,#8735,#8741,.T.);
#6877=FILL_AREA_STYLE('',(#8742));
#6878=EDGE_CURVE('',#8743,#8744,#8745,.T.);
#6879=EDGE_CURVE('',#8743,#8746,#8747,.T.);
#6880=EDGE_CURVE('',#8746,#8739,#8748,.T.);
#6881=EDGE_CURVE('',#8621,#8737,#8749,.T.);
#6882=EDGE_CURVE('',#8744,#8619,#8750,.T.);
#6883=FILL_AREA_STYLE('',(#8751));
#6884=EDGE_CURVE('',#8752,#8753,#8754,.T.);
#6885=EDGE_CURVE('',#8753,#8755,#8756,.T.);
#6886=EDGE_CURVE('',#8757,#8755,#8758,.T.);
#6887=EDGE_CURVE('',#8627,#8757,#8759,.T.);
#6888=EDGE_CURVE('',#8625,#8760,#8761,.T.);
#6889=EDGE_CURVE('',#8752,#8760,#8762,.T.);
#6890=FILL_AREA_STYLE('',(#8763));
#6891=EDGE_CURVE('',#8764,#8765,#8766,.T.);
#6892=EDGE_CURVE('',#8764,#8752,#8767,.T.);
#6893=EDGE_CURVE('',#8760,#8765,#8768,.T.);
#6894=FILL_AREA_STYLE('',(#8769));
#6895=EDGE_CURVE('',#8765,#8646,#8770,.T.);
#6896=EDGE_CURVE('',#8729,#8734,#8771,.T.);
#6897=EDGE_CURVE('',#8706,#8722,#8772,.T.);
#6898=EDGE_CURVE('',#8662,#8683,#8773,.T.);
#6899=FILL_AREA_STYLE('',(#8774));
#6900=EDGE_CURVE('',#8744,#8757,#8775,.T.);
#6901=FILL_AREA_STYLE('',(#8776));
#6902=EDGE_CURVE('',#8777,#8778,#8779,.T.);
#6903=EDGE_CURVE('',#8778,#8780,#8781,.T.);
#6904=EDGE_CURVE('',#8782,#8780,#8783,.T.);
#6905=EDGE_CURVE('',#8777,#8782,#8784,.T.);
#6906=FILL_AREA_STYLE('',(#8785));
#6907=EDGE_CURVE('',#8780,#8786,#8787,.T.);
#6908=EDGE_CURVE('',#8788,#8786,#8789,.T.);
#6909=EDGE_CURVE('',#8782,#8788,#8790,.T.);
#6910=FILL_AREA_STYLE('',(#8791));
#6911=EDGE_CURVE('',#8786,#8792,#8793,.T.);
#6912=EDGE_CURVE('',#8794,#8792,#8795,.T.);
#6913=EDGE_CURVE('',#8788,#8794,#8796,.T.);
#6914=FILL_AREA_STYLE('',(#8797));
#6915=EDGE_CURVE('',#8798,#8792,#8799,.T.);
#6916=EDGE_CURVE('',#8800,#8798,#8801,.T.);
#6917=EDGE_CURVE('',#8800,#8794,#8802,.T.);
#6918=FILL_AREA_STYLE('',(#8803));
#6919=EDGE_CURVE('',#8804,#8798,#8805,.T.);
#6920=EDGE_CURVE('',#8806,#8804,#8807,.T.);
#6921=EDGE_CURVE('',#8806,#8800,#8808,.T.);
#6922=FILL_AREA_STYLE('',(#8809));
#6923=EDGE_CURVE('',#8810,#8811,#8812,.T.);
#6924=EDGE_CURVE('',#8811,#8778,#8813,.T.);
#6925=EDGE_CURVE('',#8810,#8777,#8814,.T.);
#6926=FILL_AREA_STYLE('',(#8815));
#6927=EDGE_CURVE('',#8816,#8804,#8817,.T.);
#6928=EDGE_CURVE('',#8818,#8816,#8819,.T.);
#6929=EDGE_CURVE('',#8818,#8806,#8820,.T.);
#6930=FILL_AREA_STYLE('',(#8821));
#6931=EDGE_CURVE('',#8822,#8818,#8823,.T.);
#6932=EDGE_CURVE('',#8475,#8822,#8824,.T.);
#6933=EDGE_CURVE('',#8472,#8810,#8825,.T.);
#6934=FILL_AREA_STYLE('',(#8826));
#6935=EDGE_CURVE('',#8477,#8827,#8828,.T.);
#6936=EDGE_CURVE('',#8827,#8816,#8829,.T.);
#6937=EDGE_CURVE('',#8473,#8811,#8830,.T.);
#6938=FILL_AREA_STYLE('',(#8831));
#6939=FILL_AREA_STYLE('',(#8832));
#6940=EDGE_CURVE('',#8822,#8827,#8833,.T.);
#6941=FILL_AREA_STYLE('',(#8834));
#6942=EDGE_CURVE('',#8822,#8835,#8836,.T.);
#6943=EDGE_CURVE('',#8837,#8835,#8838,.T.);
#6944=EDGE_CURVE('',#8475,#8837,#8839,.T.);
#6945=FILL_AREA_STYLE('',(#8840));
#6946=EDGE_CURVE('',#8841,#8477,#8842,.T.);
#6947=EDGE_CURVE('',#8841,#8843,#8844,.T.);
#6948=EDGE_CURVE('',#8843,#8827,#8845,.T.);
#6949=FILL_AREA_STYLE('',(#8846));
#6950=EDGE_CURVE('',#8847,#8848,#8849,.T.);
#6951=EDGE_CURVE('',#8850,#8848,#8851,.T.);
#6952=EDGE_CURVE('',#8852,#8850,#8853,.T.);
#6953=EDGE_CURVE('',#8852,#8847,#8854,.T.);
#6954=FILL_AREA_STYLE('',(#8855));
#6955=EDGE_CURVE('',#8856,#8857,#8858,.T.);
#6956=EDGE_CURVE('',#8848,#8857,#8859,.T.);
#6957=EDGE_CURVE('',#8847,#8856,#8860,.T.);
#6958=FILL_AREA_STYLE('',(#8861));
#6959=EDGE_CURVE('',#8862,#8863,#8864,.T.);
#6960=EDGE_CURVE('',#8865,#8862,#8866,.T.);
#6961=EDGE_CURVE('',#8867,#8865,#8868,.T.);
#6962=EDGE_CURVE('',#8867,#8863,#8869,.T.);
#6963=FILL_AREA_STYLE('',(#8870));
#6964=EDGE_CURVE('',#8871,#8872,#8873,.T.);
#6965=EDGE_CURVE('',#8871,#8874,#8875,.T.);
#6966=EDGE_CURVE('',#8874,#8876,#8877,.T.);
#6967=EDGE_CURVE('',#8876,#8872,#8878,.T.);
#6968=FILL_AREA_STYLE('',(#8879));
#6969=EDGE_CURVE('',#8874,#8867,#8880,.T.);
#6970=EDGE_CURVE('',#8876,#8865,#8881,.T.);
#6971=FILL_AREA_STYLE('',(#8882));
#6972=EDGE_CURVE('',#8883,#8884,#8885,.T.);
#6973=EDGE_CURVE('',#8883,#8886,#8887,.T.);
#6974=EDGE_CURVE('',#8886,#8888,#8889,.T.);
#6975=EDGE_CURVE('',#8888,#8890,#8891,.T.);
#6976=EDGE_CURVE('',#8843,#8890,#8892,.T.);
#6977=EDGE_CURVE('',#8884,#8841,#8893,.T.);
#6978=FILL_AREA_STYLE('',(#8894));
#6979=EDGE_CURVE('',#8895,#8896,#8897,.T.);
#6980=EDGE_CURVE('',#8890,#8895,#8898,.T.);
#6981=EDGE_CURVE('',#8888,#8896,#8899,.T.);
#6982=FILL_AREA_STYLE('',(#8900));
#6983=EDGE_CURVE('',#8901,#8902,#8903,.T.);
#6984=EDGE_CURVE('',#8902,#8904,#8905,.T.);
#6985=EDGE_CURVE('',#8906,#8904,#8907,.T.);
#6986=EDGE_CURVE('',#8837,#8906,#8908,.T.);
#6987=EDGE_CURVE('',#8835,#8909,#8910,.T.);
#6988=EDGE_CURVE('',#8901,#8909,#8911,.T.);
#6989=FILL_AREA_STYLE('',(#8912));
#6990=EDGE_CURVE('',#8913,#8914,#8915,.T.);
#6991=EDGE_CURVE('',#8913,#8901,#8916,.T.);
#6992=EDGE_CURVE('',#8909,#8914,#8917,.T.);
#6993=FILL_AREA_STYLE('',(#8918));
#6994=EDGE_CURVE('',#8919,#8920,#8921,.T.);
#6995=EDGE_CURVE('',#8919,#8922,#8923,.T.);
#6996=EDGE_CURVE('',#8924,#8922,#8925,.T.);
#6997=EDGE_CURVE('',#8924,#8920,#8926,.T.);
#6998=FILL_AREA_STYLE('',(#8927));
#6999=EDGE_CURVE('',#8928,#8929,#8930,.T.);
#7000=EDGE_CURVE('',#8928,#8924,#8931,.T.);
#7001=EDGE_CURVE('',#8922,#8929,#8932,.T.);
#7002=FILL_AREA_STYLE('',(#8933));
#7003=EDGE_CURVE('',#8934,#8935,#8936,.T.);
#7004=EDGE_CURVE('',#8934,#8928,#8937,.T.);
#7005=EDGE_CURVE('',#8929,#8935,#8938,.T.);
#7006=FILL_AREA_STYLE('',(#8939));
#7007=EDGE_CURVE('',#8940,#8941,#8942,.T.);
#7008=EDGE_CURVE('',#8943,#8940,#8944,.F.);
#7009=EDGE_CURVE('',#8945,#8943,#8946,.T.);
#7010=EDGE_CURVE('',#8947,#8945,#8948,.T.);
#7011=EDGE_CURVE('',#8949,#8947,#8950,.T.);
#7012=EDGE_CURVE('',#8949,#8951,#8952,.T.);
#7013=EDGE_CURVE('',#8856,#8951,#8953,.T.);
#7014=EDGE_CURVE('',#8941,#8852,#8954,.T.);
#7015=FILL_AREA_STYLE('',(#8955));
#7016=EDGE_CURVE('',#8956,#8957,#8958,.T.);
#7017=EDGE_CURVE('',#8956,#8951,#8959,.T.);
#7018=EDGE_CURVE('',#8949,#8957,#8960,.T.);
#7019=FILL_AREA_STYLE('',(#8961));
#7020=EDGE_CURVE('',#8962,#8963,#8964,.T.);
#7021=EDGE_CURVE('',#8962,#8850,#8965,.T.);
#7022=EDGE_CURVE('',#8857,#8966,#8967,.T.);
#7023=EDGE_CURVE('',#8968,#8966,#8969,.T.);
#7024=EDGE_CURVE('',#8970,#8968,#8971,.T.);
#7025=EDGE_CURVE('',#8972,#8970,#8973,.T.);
#7026=EDGE_CURVE('',#8974,#8972,#8975,.T.);
#7027=EDGE_CURVE('',#8963,#8974,#8976,.F.);
#7028=FILL_AREA_STYLE('',(#8977));
#7029=EDGE_CURVE('',#8978,#8979,#8980,.T.);
#7030=EDGE_CURVE('',#8978,#8968,#8981,.T.);
#7031=EDGE_CURVE('',#8966,#8979,#8982,.T.);
#7032=FILL_AREA_STYLE('',(#8983));
#7033=EDGE_CURVE('',#8962,#8941,#8984,.F.);
#7034=FILL_AREA_STYLE('',(#8985));
#7035=EDGE_CURVE('',#8979,#8862,#8986,.T.);
#7036=EDGE_CURVE('',#8935,#8956,#8987,.T.);
#7037=EDGE_CURVE('',#8914,#8919,#8988,.T.);
#7038=EDGE_CURVE('',#8872,#8895,#8989,.T.);
#7039=FILL_AREA_STYLE('',(#8990));
#7040=EDGE_CURVE('',#8884,#8906,#8991,.T.);
#7041=FILL_AREA_STYLE('',(#8992));
#7042=EDGE_CURVE('',#8993,#8994,#8995,.T.);
#7043=EDGE_CURVE('',#8994,#8996,#8997,.T.);
#7044=EDGE_CURVE('',#8998,#8996,#8999,.T.);
#7045=EDGE_CURVE('',#8993,#8998,#9000,.T.);
#7046=FILL_AREA_STYLE('',(#9001));
#7047=EDGE_CURVE('',#8996,#9002,#9003,.T.);
#7048=EDGE_CURVE('',#9004,#9002,#9005,.T.);
#7049=EDGE_CURVE('',#8998,#9004,#9006,.T.);
#7050=FILL_AREA_STYLE('',(#9007));
#7051=EDGE_CURVE('',#9002,#9008,#9009,.T.);
#7052=EDGE_CURVE('',#9010,#9008,#9011,.T.);
#7053=EDGE_CURVE('',#9004,#9010,#9012,.T.);
#7054=FILL_AREA_STYLE('',(#9013));
#7055=EDGE_CURVE('',#9014,#9008,#9015,.T.);
#7056=EDGE_CURVE('',#9016,#9014,#9017,.T.);
#7057=EDGE_CURVE('',#9016,#9010,#9018,.T.);
#7058=FILL_AREA_STYLE('',(#9019));
#7059=EDGE_CURVE('',#9020,#9014,#9021,.T.);
#7060=EDGE_CURVE('',#9022,#9020,#9023,.T.);
#7061=EDGE_CURVE('',#9022,#9016,#9024,.T.);
#7062=FILL_AREA_STYLE('',(#9025));
#7063=EDGE_CURVE('',#9026,#9027,#9028,.T.);
#7064=EDGE_CURVE('',#9027,#8994,#9029,.T.);
#7065=EDGE_CURVE('',#9026,#8993,#9030,.T.);
#7066=FILL_AREA_STYLE('',(#9031));
#7067=EDGE_CURVE('',#9032,#9020,#9033,.T.);
#7068=EDGE_CURVE('',#9034,#9032,#9035,.T.);
#7069=EDGE_CURVE('',#9034,#9022,#9036,.T.);
#7070=FILL_AREA_STYLE('',(#9037));
#7071=EDGE_CURVE('',#9038,#9034,#9039,.T.);
#7072=EDGE_CURVE('',#8466,#9038,#9040,.T.);
#7073=EDGE_CURVE('',#8463,#9026,#9041,.T.);
#7074=FILL_AREA_STYLE('',(#9042));
#7075=EDGE_CURVE('',#8468,#9043,#9044,.T.);
#7076=EDGE_CURVE('',#9043,#9032,#9045,.T.);
#7077=EDGE_CURVE('',#8464,#9027,#9046,.T.);
#7078=FILL_AREA_STYLE('',(#9047));
#7079=FILL_AREA_STYLE('',(#9048));
#7080=EDGE_CURVE('',#9038,#9043,#9049,.T.);
#7081=FILL_AREA_STYLE('',(#9050));
#7082=EDGE_CURVE('',#9038,#9051,#9052,.T.);
#7083=EDGE_CURVE('',#9053,#9051,#9054,.T.);
#7084=EDGE_CURVE('',#8466,#9053,#9055,.T.);
#7085=FILL_AREA_STYLE('',(#9056));
#7086=EDGE_CURVE('',#9057,#8468,#9058,.T.);
#7087=EDGE_CURVE('',#9057,#9059,#9060,.T.);
#7088=EDGE_CURVE('',#9059,#9043,#9061,.T.);
#7089=FILL_AREA_STYLE('',(#9062));
#7090=EDGE_CURVE('',#9063,#9064,#9065,.T.);
#7091=EDGE_CURVE('',#9066,#9064,#9067,.T.);
#7092=EDGE_CURVE('',#9068,#9066,#9069,.T.);
#7093=EDGE_CURVE('',#9068,#9063,#9070,.T.);
#7094=FILL_AREA_STYLE('',(#9071));
#7095=EDGE_CURVE('',#9072,#9073,#9074,.T.);
#7096=EDGE_CURVE('',#9064,#9073,#9075,.T.);
#7097=EDGE_CURVE('',#9063,#9072,#9076,.T.);
#7098=FILL_AREA_STYLE('',(#9077));
#7099=EDGE_CURVE('',#9078,#9079,#9080,.T.);
#7100=EDGE_CURVE('',#9078,#9081,#9082,.T.);
#7101=EDGE_CURVE('',#9083,#9081,#9084,.T.);
#7102=EDGE_CURVE('',#9083,#9079,#9085,.T.);
#7103=FILL_AREA_STYLE('',(#9086));
#7104=EDGE_CURVE('',#9087,#9088,#9089,.T.);
#7105=EDGE_CURVE('',#9087,#9083,#9090,.T.);
#7106=EDGE_CURVE('',#9081,#9088,#9091,.T.);
#7107=FILL_AREA_STYLE('',(#9092));
#7108=EDGE_CURVE('',#9093,#9094,#9095,.T.);
#7109=EDGE_CURVE('',#9093,#9087,#9096,.T.);
#7110=EDGE_CURVE('',#9088,#9094,#9097,.T.);
#7111=FILL_AREA_STYLE('',(#9098));
#7112=EDGE_CURVE('',#9099,#9100,#9101,.T.);
#7113=EDGE_CURVE('',#9102,#9099,#9103,.F.);
#7114=EDGE_CURVE('',#9104,#9102,#9105,.T.);
#7115=EDGE_CURVE('',#9106,#9104,#9107,.T.);
#7116=EDGE_CURVE('',#9108,#9106,#9109,.T.);
#7117=EDGE_CURVE('',#9108,#9110,#9111,.T.);
#7118=EDGE_CURVE('',#9072,#9110,#9112,.T.);
#7119=EDGE_CURVE('',#9100,#9068,#9113,.T.);
#7120=FILL_AREA_STYLE('',(#9114));
#7121=EDGE_CURVE('',#9115,#9116,#9117,.T.);
#7122=EDGE_CURVE('',#9115,#9110,#9118,.T.);
#7123=EDGE_CURVE('',#9108,#9116,#9119,.T.);
#7124=FILL_AREA_STYLE('',(#9120));
#7125=EDGE_CURVE('',#9121,#9122,#9123,.T.);
#7126=EDGE_CURVE('',#9121,#9066,#9124,.T.);
#7127=EDGE_CURVE('',#9073,#9125,#9126,.T.);
#7128=EDGE_CURVE('',#9127,#9125,#9128,.T.);
#7129=EDGE_CURVE('',#9129,#9127,#9130,.T.);
#7130=EDGE_CURVE('',#9131,#9129,#9132,.T.);
#7131=EDGE_CURVE('',#9133,#9131,#9134,.T.);
#7132=EDGE_CURVE('',#9122,#9133,#9135,.F.);
#7133=FILL_AREA_STYLE('',(#9136));
#7134=EDGE_CURVE('',#9137,#9138,#9139,.T.);
#7135=EDGE_CURVE('',#9137,#9127,#9140,.T.);
#7136=EDGE_CURVE('',#9125,#9138,#9141,.T.);
#7137=FILL_AREA_STYLE('',(#9142));
#7138=EDGE_CURVE('',#9121,#9100,#9143,.F.);
#7139=FILL_AREA_STYLE('',(#9144));
#7140=EDGE_CURVE('',#9145,#9146,#9147,.T.);
#7141=EDGE_CURVE('',#9145,#9148,#9149,.T.);
#7142=EDGE_CURVE('',#9148,#9150,#9151,.T.);
#7143=EDGE_CURVE('',#9150,#9146,#9152,.T.);
#7144=FILL_AREA_STYLE('',(#9153));
#7145=EDGE_CURVE('',#9148,#9154,#9155,.T.);
#7146=EDGE_CURVE('',#9154,#9156,#9157,.T.);
#7147=EDGE_CURVE('',#9150,#9156,#9158,.T.);
#7148=FILL_AREA_STYLE('',(#9159));
#7149=EDGE_CURVE('',#9160,#9161,#9162,.T.);
#7150=EDGE_CURVE('',#9156,#9160,#9163,.T.);
#7151=EDGE_CURVE('',#9154,#9161,#9164,.T.);
#7152=FILL_AREA_STYLE('',(#9165));
#7153=EDGE_CURVE('',#9166,#9167,#9168,.T.);
#7154=EDGE_CURVE('',#9167,#9169,#9170,.T.);
#7155=EDGE_CURVE('',#9169,#9171,#9172,.T.);
#7156=EDGE_CURVE('',#9059,#9171,#9173,.T.);
#7157=EDGE_CURVE('',#9174,#9057,#9175,.T.);
#7158=EDGE_CURVE('',#9166,#9174,#9176,.T.);
#7159=FILL_AREA_STYLE('',(#9177));
#7160=EDGE_CURVE('',#9178,#9179,#9180,.T.);
#7161=EDGE_CURVE('',#9171,#9178,#9181,.T.);
#7162=EDGE_CURVE('',#9169,#9179,#9182,.T.);
#7163=FILL_AREA_STYLE('',(#9183));
#7164=EDGE_CURVE('',#9184,#9185,#9186,.T.);
#7165=EDGE_CURVE('',#9184,#9187,#9188,.T.);
#7166=EDGE_CURVE('',#9187,#9189,#9190,.T.);
#7167=EDGE_CURVE('',#9191,#9189,#9192,.T.);
#7168=EDGE_CURVE('',#9053,#9191,#9193,.T.);
#7169=EDGE_CURVE('',#9051,#9185,#9194,.T.);
#7170=FILL_AREA_STYLE('',(#9195));
#7171=EDGE_CURVE('',#9196,#9197,#9198,.T.);
#7172=EDGE_CURVE('',#9196,#9184,#9199,.T.);
#7173=EDGE_CURVE('',#9185,#9197,#9200,.T.);
#7174=FILL_AREA_STYLE('',(#9201));
#7175=EDGE_CURVE('',#9197,#9078,#9202,.T.);
#7176=EDGE_CURVE('',#9146,#9178,#9203,.T.);
#7177=EDGE_CURVE('',#9138,#9160,#9204,.T.);
#7178=EDGE_CURVE('',#9094,#9115,#9205,.T.);
#7179=FILL_AREA_STYLE('',(#9206));
#7180=EDGE_CURVE('',#9174,#9191,#9207,.T.);
#7181=FILL_AREA_STYLE('',(#9208));
#7182=EDGE_CURVE('',#9209,#9210,#9211,.T.);
#7183=EDGE_CURVE('',#9212,#9210,#9213,.T.);
#7184=EDGE_CURVE('',#9214,#9212,#9215,.T.);
#7185=EDGE_CURVE('',#9214,#9209,#9216,.T.);
#7186=FILL_AREA_STYLE('',(#9217));
#7187=EDGE_CURVE('',#9218,#9219,#9220,.T.);
#7188=EDGE_CURVE('',#9219,#9221,#9222,.T.);
#7189=EDGE_CURVE('',#9223,#9221,#9224,.T.);
#7190=EDGE_CURVE('',#9218,#9223,#9225,.T.);
#7191=FILL_AREA_STYLE('',(#9226));
#7192=EDGE_CURVE('',#9221,#9227,#9228,.T.);
#7193=EDGE_CURVE('',#9229,#9227,#9230,.T.);
#7194=EDGE_CURVE('',#9223,#9229,#9231,.T.);
#7195=FILL_AREA_STYLE('',(#9232));
#7196=EDGE_CURVE('',#9227,#9233,#9234,.T.);
#7197=EDGE_CURVE('',#9235,#9233,#9236,.T.);
#7198=EDGE_CURVE('',#9229,#9235,#9237,.T.);
#7199=FILL_AREA_STYLE('',(#9238));
#7200=EDGE_CURVE('',#9210,#9233,#9239,.T.);
#7201=EDGE_CURVE('',#9209,#9235,#9240,.T.);
#7202=FILL_AREA_STYLE('',(#9241));
#7203=EDGE_CURVE('',#9242,#9243,#9244,.T.);
#7204=EDGE_CURVE('',#9243,#9219,#9245,.T.);
#7205=EDGE_CURVE('',#9242,#9218,#9246,.T.);
#7206=FILL_AREA_STYLE('',(#9247));
#7207=EDGE_CURVE('',#9248,#9212,#9249,.T.);
#7208=EDGE_CURVE('',#9250,#9248,#9251,.T.);
#7209=EDGE_CURVE('',#9250,#9214,#9252,.T.);
#7210=FILL_AREA_STYLE('',(#9253));
#7211=EDGE_CURVE('',#9254,#9250,#9255,.T.);
#7212=EDGE_CURVE('',#8457,#9254,#9256,.T.);
#7213=EDGE_CURVE('',#8454,#9242,#9257,.T.);
#7214=FILL_AREA_STYLE('',(#9258));
#7215=EDGE_CURVE('',#8455,#9243,#9259,.T.);
#7216=EDGE_CURVE('',#8459,#9260,#9261,.T.);
#7217=EDGE_CURVE('',#9260,#9248,#9262,.T.);
#7218=FILL_AREA_STYLE('',(#9263));
#7219=FILL_AREA_STYLE('',(#9264));
#7220=EDGE_CURVE('',#9254,#9260,#9265,.T.);
#7221=FILL_AREA_STYLE('',(#9266));
#7222=EDGE_CURVE('',#9254,#9267,#9268,.T.);
#7223=EDGE_CURVE('',#9269,#9267,#9270,.T.);
#7224=EDGE_CURVE('',#8457,#9269,#9271,.T.);
#7225=FILL_AREA_STYLE('',(#9272));
#7226=EDGE_CURVE('',#9273,#8459,#9274,.T.);
#7227=EDGE_CURVE('',#9273,#9275,#9276,.T.);
#7228=EDGE_CURVE('',#9275,#9260,#9277,.T.);
#7229=FILL_AREA_STYLE('',(#9278));
#7230=EDGE_CURVE('',#9279,#9280,#9281,.T.);
#7231=EDGE_CURVE('',#9282,#9280,#9283,.T.);
#7232=EDGE_CURVE('',#9284,#9282,#9285,.T.);
#7233=EDGE_CURVE('',#9284,#9279,#9286,.T.);
#7234=FILL_AREA_STYLE('',(#9287));
#7235=EDGE_CURVE('',#9288,#9289,#9290,.T.);
#7236=EDGE_CURVE('',#9280,#9289,#9291,.T.);
#7237=EDGE_CURVE('',#9279,#9288,#9292,.T.);
#7238=FILL_AREA_STYLE('',(#9293));
#7239=EDGE_CURVE('',#9294,#9295,#9296,.T.);
#7240=EDGE_CURVE('',#9294,#9297,#9298,.T.);
#7241=EDGE_CURVE('',#9299,#9297,#9300,.T.);
#7242=EDGE_CURVE('',#9299,#9295,#9301,.T.);
#7243=FILL_AREA_STYLE('',(#9302));
#7244=EDGE_CURVE('',#9303,#9304,#9305,.T.);
#7245=EDGE_CURVE('',#9303,#9299,#9306,.T.);
#7246=EDGE_CURVE('',#9297,#9304,#9307,.T.);
#7247=FILL_AREA_STYLE('',(#9308));
#7248=EDGE_CURVE('',#9309,#9310,#9311,.T.);
#7249=EDGE_CURVE('',#9309,#9303,#9312,.T.);
#7250=EDGE_CURVE('',#9304,#9310,#9313,.T.);
#7251=FILL_AREA_STYLE('',(#9314));
#7252=EDGE_CURVE('',#9315,#9316,#9317,.T.);
#7253=EDGE_CURVE('',#9315,#9318,#9319,.T.);
#7254=EDGE_CURVE('',#9288,#9318,#9320,.T.);
#7255=EDGE_CURVE('',#9321,#9284,#9322,.T.);
#7256=EDGE_CURVE('',#9323,#9321,#9324,.T.);
#7257=EDGE_CURVE('',#9325,#9323,#9326,.F.);
#7258=EDGE_CURVE('',#9327,#9325,#9328,.T.);
#7259=EDGE_CURVE('',#9316,#9327,#9329,.T.);
#7260=FILL_AREA_STYLE('',(#9330));
#7261=EDGE_CURVE('',#9331,#9332,#9333,.T.);
#7262=EDGE_CURVE('',#9331,#9318,#9334,.T.);
#7263=EDGE_CURVE('',#9315,#9332,#9335,.T.);
#7264=FILL_AREA_STYLE('',(#9336));
#7265=EDGE_CURVE('',#9337,#9338,#9339,.T.);
#7266=EDGE_CURVE('',#9340,#9337,#9341,.T.);
#7267=EDGE_CURVE('',#9342,#9340,#9343,.T.);
#7268=EDGE_CURVE('',#9344,#9342,#9345,.F.);
#7269=EDGE_CURVE('',#9346,#9344,#9347,.T.);
#7270=EDGE_CURVE('',#9346,#9282,#9348,.T.);
#7271=EDGE_CURVE('',#9289,#9349,#9350,.T.);
#7272=EDGE_CURVE('',#9338,#9349,#9351,.T.);
#7273=FILL_AREA_STYLE('',(#9352));
#7274=EDGE_CURVE('',#9353,#9354,#9355,.T.);
#7275=EDGE_CURVE('',#9353,#9338,#9356,.T.);
#7276=EDGE_CURVE('',#9349,#9354,#9357,.T.);
#7277=FILL_AREA_STYLE('',(#9358));
#7278=EDGE_CURVE('',#9346,#9321,#9359,.F.);
#7279=FILL_AREA_STYLE('',(#9360));
#7280=EDGE_CURVE('',#9361,#9362,#9363,.T.);
#7281=EDGE_CURVE('',#9361,#9364,#9365,.T.);
#7282=EDGE_CURVE('',#9364,#9366,#9367,.T.);
#7283=EDGE_CURVE('',#9366,#9362,#9368,.T.);
#7284=FILL_AREA_STYLE('',(#9369));
#7285=EDGE_CURVE('',#9364,#9370,#9371,.T.);
#7286=EDGE_CURVE('',#9370,#9372,#9373,.T.);
#7287=EDGE_CURVE('',#9366,#9372,#9374,.T.);
#7288=FILL_AREA_STYLE('',(#9375));
#7289=EDGE_CURVE('',#9376,#9377,#9378,.T.);
#7290=EDGE_CURVE('',#9372,#9376,#9379,.T.);
#7291=EDGE_CURVE('',#9370,#9377,#9380,.T.);
#7292=FILL_AREA_STYLE('',(#9381));
#7293=EDGE_CURVE('',#9382,#9383,#9384,.T.);
#7294=EDGE_CURVE('',#9383,#9385,#9386,.T.);
#7295=EDGE_CURVE('',#9385,#9387,#9388,.T.);
#7296=EDGE_CURVE('',#9275,#9387,#9389,.T.);
#7297=EDGE_CURVE('',#9390,#9273,#9391,.T.);
#7298=EDGE_CURVE('',#9382,#9390,#9392,.T.);
#7299=FILL_AREA_STYLE('',(#9393));
#7300=EDGE_CURVE('',#9394,#9395,#9396,.T.);
#7301=EDGE_CURVE('',#9387,#9394,#9397,.T.);
#7302=EDGE_CURVE('',#9385,#9395,#9398,.T.);
#7303=FILL_AREA_STYLE('',(#9399));
#7304=EDGE_CURVE('',#9400,#9401,#9402,.T.);
#7305=EDGE_CURVE('',#9400,#9403,#9404,.T.);
#7306=EDGE_CURVE('',#9403,#9405,#9406,.T.);
#7307=EDGE_CURVE('',#9407,#9405,#9408,.T.);
#7308=EDGE_CURVE('',#9269,#9407,#9409,.T.);
#7309=EDGE_CURVE('',#9267,#9401,#9410,.T.);
#7310=FILL_AREA_STYLE('',(#9411));
#7311=EDGE_CURVE('',#9412,#9413,#9414,.T.);
#7312=EDGE_CURVE('',#9412,#9400,#9415,.T.);
#7313=EDGE_CURVE('',#9401,#9413,#9416,.T.);
#7314=FILL_AREA_STYLE('',(#9417));
#7315=EDGE_CURVE('',#9413,#9294,#9418,.T.);
#7316=EDGE_CURVE('',#9362,#9394,#9419,.T.);
#7317=EDGE_CURVE('',#9354,#9376,#9420,.T.);
#7318=EDGE_CURVE('',#9310,#9331,#9421,.T.);
#7319=FILL_AREA_STYLE('',(#9422));
#7320=EDGE_CURVE('',#9390,#9407,#9423,.T.);
#7321=FILL_AREA_STYLE('',(#9424));
#7322=EDGE_CURVE('',#9425,#9426,#9427,.T.);
#7323=EDGE_CURVE('',#9425,#9428,#9429,.T.);
#7324=EDGE_CURVE('',#9430,#9428,#9431,.T.);
#7325=EDGE_CURVE('',#9426,#9430,#9432,.T.);
#7326=FILL_AREA_STYLE('',(#9433));
#7327=EDGE_CURVE('',#9434,#9435,#9436,.T.);
#7328=EDGE_CURVE('',#9434,#9437,#9438,.T.);
#7329=EDGE_CURVE('',#9439,#9437,#9440,.T.);
#7330=EDGE_CURVE('',#9435,#9439,#9441,.T.);
#7331=FILL_AREA_STYLE('',(#9442));
#7332=EDGE_CURVE('',#8441,#8448,#9443,.T.);
#7333=EDGE_CURVE('',#8445,#9444,#9445,.T.);
#7334=EDGE_CURVE('',#9444,#9446,#9447,.T.);
#7335=EDGE_CURVE('',#9446,#8437,#9448,.T.);
#7336=FILL_AREA_STYLE('',(#9449));
#7337=EDGE_CURVE('',#8439,#8450,#9450,.T.);
#7338=FILL_AREA_STYLE('',(#9451));
#7339=EDGE_CURVE('',#8446,#9452,#9453,.T.);
#7340=EDGE_CURVE('',#9444,#9452,#9454,.T.);
#7341=FILL_AREA_STYLE('',(#9455));
#7342=EDGE_CURVE('',#9452,#9456,#9457,.T.);
#7343=EDGE_CURVE('',#9446,#9456,#9458,.T.);
#7344=FILL_AREA_STYLE('',(#9459));
#7345=EDGE_CURVE('',#9456,#8436,#9460,.T.);
#7346=FILL_AREA_STYLE('',(#9461));
#7347=EDGE_CURVE('',#9439,#9426,#9462,.T.);
#7348=EDGE_CURVE('',#9430,#9435,#9463,.T.);
#7349=FILL_AREA_STYLE('',(#9464));
#7350=EDGE_CURVE('',#9465,#9466,#9467,.T.);
#7351=EDGE_CURVE('',#9465,#9468,#9469,.T.);
#7352=EDGE_CURVE('',#9470,#9468,#9471,.T.);
#7353=EDGE_CURVE('',#9466,#9470,#9472,.T.);
#7354=FILL_AREA_STYLE('',(#9473));
#7355=EDGE_CURVE('',#9474,#9475,#9476,.T.);
#7356=EDGE_CURVE('',#9474,#9477,#9478,.T.);
#7357=EDGE_CURVE('',#9479,#9477,#9480,.T.);
#7358=EDGE_CURVE('',#9475,#9479,#9481,.T.);
#7359=FILL_AREA_STYLE('',(#9482));
#7360=EDGE_CURVE('',#8423,#8430,#9483,.T.);
#7361=EDGE_CURVE('',#8427,#9484,#9485,.T.);
#7362=EDGE_CURVE('',#9484,#9486,#9487,.T.);
#7363=EDGE_CURVE('',#9486,#8419,#9488,.T.);
#7364=FILL_AREA_STYLE('',(#9489));
#7365=EDGE_CURVE('',#8421,#8432,#9490,.T.);
#7366=FILL_AREA_STYLE('',(#9491));
#7367=EDGE_CURVE('',#8428,#9492,#9493,.T.);
#7368=EDGE_CURVE('',#9484,#9492,#9494,.T.);
#7369=FILL_AREA_STYLE('',(#9495));
#7370=EDGE_CURVE('',#9492,#9496,#9497,.T.);
#7371=EDGE_CURVE('',#9486,#9496,#9498,.T.);
#7372=FILL_AREA_STYLE('',(#9499));
#7373=EDGE_CURVE('',#9496,#8418,#9500,.T.);
#7374=FILL_AREA_STYLE('',(#9501));
#7375=EDGE_CURVE('',#9479,#9466,#9502,.T.);
#7376=EDGE_CURVE('',#9470,#9475,#9503,.T.);
#7377=FILL_AREA_STYLE('',(#9504));
#7378=EDGE_CURVE('',#9505,#9506,#9507,.T.);
#7379=EDGE_CURVE('',#9505,#9508,#9509,.T.);
#7380=EDGE_CURVE('',#9510,#9508,#9511,.T.);
#7381=EDGE_CURVE('',#9506,#9510,#9512,.T.);
#7382=FILL_AREA_STYLE('',(#9513));
#7383=EDGE_CURVE('',#9514,#9515,#9516,.T.);
#7384=EDGE_CURVE('',#9514,#9517,#9518,.T.);
#7385=EDGE_CURVE('',#9519,#9517,#9520,.T.);
#7386=EDGE_CURVE('',#9515,#9519,#9521,.T.);
#7387=FILL_AREA_STYLE('',(#9522));
#7388=EDGE_CURVE('',#8405,#8412,#9523,.T.);
#7389=EDGE_CURVE('',#8409,#9524,#9525,.T.);
#7390=EDGE_CURVE('',#9524,#9526,#9527,.T.);
#7391=EDGE_CURVE('',#9526,#8401,#9528,.T.);
#7392=FILL_AREA_STYLE('',(#9529));
#7393=EDGE_CURVE('',#8403,#8414,#9530,.T.);
#7394=FILL_AREA_STYLE('',(#9531));
#7395=EDGE_CURVE('',#8410,#9532,#9533,.T.);
#7396=EDGE_CURVE('',#9524,#9532,#9534,.T.);
#7397=FILL_AREA_STYLE('',(#9535));
#7398=EDGE_CURVE('',#9532,#9536,#9537,.T.);
#7399=EDGE_CURVE('',#9526,#9536,#9538,.T.);
#7400=FILL_AREA_STYLE('',(#9539));
#7401=EDGE_CURVE('',#9536,#8400,#9540,.T.);
#7402=FILL_AREA_STYLE('',(#9541));
#7403=EDGE_CURVE('',#9519,#9506,#9542,.T.);
#7404=EDGE_CURVE('',#9510,#9515,#9543,.T.);
#7405=FILL_AREA_STYLE('',(#9544));
#7406=EDGE_CURVE('',#9545,#9546,#9547,.T.);
#7407=EDGE_CURVE('',#9545,#9548,#9549,.T.);
#7408=EDGE_CURVE('',#9550,#9548,#9551,.T.);
#7409=EDGE_CURVE('',#9546,#9550,#9552,.T.);
#7410=FILL_AREA_STYLE('',(#9553));
#7411=EDGE_CURVE('',#9554,#9555,#9556,.T.);
#7412=EDGE_CURVE('',#9554,#9557,#9558,.T.);
#7413=EDGE_CURVE('',#9559,#9557,#9560,.T.);
#7414=EDGE_CURVE('',#9555,#9559,#9561,.T.);
#7415=FILL_AREA_STYLE('',(#9562));
#7416=EDGE_CURVE('',#8387,#8394,#9563,.T.);
#7417=EDGE_CURVE('',#8391,#9564,#9565,.T.);
#7418=EDGE_CURVE('',#9564,#9566,#9567,.T.);
#7419=EDGE_CURVE('',#9566,#8383,#9568,.T.);
#7420=FILL_AREA_STYLE('',(#9569));
#7421=EDGE_CURVE('',#8385,#8396,#9570,.T.);
#7422=FILL_AREA_STYLE('',(#9571));
#7423=EDGE_CURVE('',#8392,#9572,#9573,.T.);
#7424=EDGE_CURVE('',#9564,#9572,#9574,.T.);
#7425=FILL_AREA_STYLE('',(#9575));
#7426=EDGE_CURVE('',#9572,#9576,#9577,.T.);
#7427=EDGE_CURVE('',#9566,#9576,#9578,.T.);
#7428=FILL_AREA_STYLE('',(#9579));
#7429=EDGE_CURVE('',#9576,#8382,#9580,.T.);
#7430=FILL_AREA_STYLE('',(#9581));
#7431=EDGE_CURVE('',#9559,#9546,#9582,.T.);
#7432=EDGE_CURVE('',#9550,#9555,#9583,.T.);
#7433=FILL_AREA_STYLE('',(#9584));
#7434=EDGE_CURVE('',#9585,#9586,#9587,.T.);
#7435=EDGE_CURVE('',#9588,#9586,#9589,.T.);
#7436=EDGE_CURVE('',#9590,#9588,#9591,.F.);
#7437=EDGE_CURVE('',#9585,#9590,#9592,.F.);
#7438=FILL_AREA_STYLE('',(#9593));
#7439=EDGE_CURVE('',#9594,#8517,#9595,.T.);
#7440=EDGE_CURVE('',#9594,#9596,#9597,.T.);
#7441=EDGE_CURVE('',#8519,#9596,#9598,.F.);
#7442=FILL_AREA_STYLE('',(#9599));
#7443=EDGE_CURVE('',#9600,#8525,#9601,.F.);
#7444=EDGE_CURVE('',#9602,#9600,#9603,.F.);
#7445=EDGE_CURVE('',#9602,#9604,#9605,.T.);
#7446=EDGE_CURVE('',#8525,#9604,#9606,.T.);
#7447=FILL_AREA_STYLE('',(#9607));
#7448=EDGE_CURVE('',#9608,#8491,#9609,.T.);
#7449=EDGE_CURVE('',#9610,#8491,#9611,.F.);
#7450=EDGE_CURVE('',#9612,#9610,#9613,.F.);
#7451=EDGE_CURVE('',#9608,#9612,#9614,.T.);
#7452=FILL_AREA_STYLE('',(#9615));
#7453=EDGE_CURVE('',#9616,#8501,#9617,.T.);
#7454=EDGE_CURVE('',#9618,#9616,#9619,.F.);
#7455=EDGE_CURVE('',#8495,#9618,#9620,.F.);
#7456=FILL_AREA_STYLE('',(#9621));
#7457=EDGE_CURVE('',#9622,#8510,#9623,.T.);
#7458=EDGE_CURVE('',#9622,#9624,#9625,.T.);
#7459=EDGE_CURVE('',#8506,#9624,#9626,.F.);
#7460=FILL_AREA_STYLE('',(#9627));
#7461=EDGE_CURVE('',#9628,#9629,#9630,.F.);
#7462=EDGE_CURVE('',#9631,#9628,#9632,.F.);
#7463=EDGE_CURVE('',#9631,#9633,#9634,.T.);
#7464=EDGE_CURVE('',#9629,#9633,#9635,.T.);
#7465=FILL_AREA_STYLE('',(#9636));
#7466=EDGE_CURVE('',#9637,#9638,#9639,.T.);
#7467=EDGE_CURVE('',#9640,#9638,#9641,.F.);
#7468=EDGE_CURVE('',#9642,#9640,#9643,.F.);
#7469=EDGE_CURVE('',#9637,#9642,#9644,.T.);
#7470=FILL_AREA_STYLE('',(#9645));
#7471=EDGE_CURVE('',#9646,#9647,#9648,.T.);
#7472=EDGE_CURVE('',#8536,#9647,#9649,.F.);
#7473=EDGE_CURVE('',#9646,#8534,#9650,.T.);
#7474=FILL_AREA_STYLE('',(#9651));
#7475=EDGE_CURVE('',#9652,#9653,#9654,.F.);
#7476=EDGE_CURVE('',#8557,#9652,#9655,.F.);
#7477=EDGE_CURVE('',#8555,#9653,#9656,.T.);
#7478=FILL_AREA_STYLE('',(#9657));
#7479=EDGE_CURVE('',#9590,#9594,#9658,.T.);
#7480=EDGE_CURVE('',#9588,#9596,#9659,.T.);
#7481=FILL_AREA_STYLE('',(#9660));
#7482=EDGE_CURVE('',#9604,#9610,#9661,.T.);
#7483=EDGE_CURVE('',#9602,#9612,#9662,.T.);
#7484=FILL_AREA_STYLE('',(#9663));
#7485=EDGE_CURVE('',#9653,#9664,#9665,.T.);
#7486=EDGE_CURVE('',#9666,#9664,#9667,.T.);
#7487=EDGE_CURVE('',#9652,#9666,#9668,.T.);
#7488=FILL_AREA_STYLE('',(#9669));
#7489=EDGE_CURVE('',#9664,#9670,#9671,.T.);
#7490=EDGE_CURVE('',#9672,#9670,#9673,.T.);
#7491=EDGE_CURVE('',#9666,#9672,#9674,.T.);
#7492=FILL_AREA_STYLE('',(#9675));
#7493=EDGE_CURVE('',#9676,#8367,#9677,.T.);
#7494=EDGE_CURVE('',#9676,#9678,#9679,.T.);
#7495=EDGE_CURVE('',#9678,#8369,#9680,.T.);
#7496=FILL_AREA_STYLE('',(#9681));
#7497=EDGE_CURVE('',#9670,#9647,#9682,.T.);
#7498=EDGE_CURVE('',#9646,#9672,#9683,.T.);
#7499=FILL_AREA_STYLE('',(#9684));
#7500=EDGE_CURVE('',#9628,#9685,#9686,.T.);
#7501=EDGE_CURVE('',#9685,#8515,#9687,.T.);
#7502=EDGE_CURVE('',#9628,#8519,#9688,.T.);
#7503=FILL_AREA_STYLE('',(#9689));
#7504=EDGE_CURVE('',#8557,#8534,#9690,.T.);
#7505=FILL_AREA_STYLE('',(#9691));
#7506=EDGE_CURVE('',#8555,#8536,#9692,.T.);
#7507=FILL_AREA_STYLE('',(#9693));
#7508=EDGE_CURVE('',#9694,#9695,#9696,.T.);
#7509=EDGE_CURVE('',#9695,#9697,#9698,.T.);
#7510=EDGE_CURVE('',#9699,#9697,#9700,.T.);
#7511=EDGE_CURVE('',#9694,#9699,#9701,.T.);
#7512=FILL_AREA_STYLE('',(#9702));
#7513=EDGE_CURVE('',#9699,#9703,#9704,.T.);
#7514=EDGE_CURVE('',#9705,#9703,#9706,.T.);
#7515=EDGE_CURVE('',#9694,#9705,#9707,.T.);
#7516=FILL_AREA_STYLE('',(#9708));
#7517=EDGE_CURVE('',#9699,#9709,#9710,.T.);
#7518=EDGE_CURVE('',#9709,#9711,#9712,.T.);
#7519=EDGE_CURVE('',#9703,#9711,#9713,.T.);
#7520=FILL_AREA_STYLE('',(#9714));
#7521=EDGE_CURVE('',#9697,#9715,#9716,.T.);
#7522=EDGE_CURVE('',#9709,#9715,#9717,.T.);
#7523=FILL_AREA_STYLE('',(#9718));
#7524=EDGE_CURVE('',#9715,#9719,#9720,.T.);
#7525=EDGE_CURVE('',#9721,#9719,#9722,.T.);
#7526=EDGE_CURVE('',#9709,#9721,#9723,.T.);
#7527=FILL_AREA_STYLE('',(#9724));
#7528=EDGE_CURVE('',#9721,#9725,#9726,.T.);
#7529=EDGE_CURVE('',#9711,#9725,#9727,.T.);
#7530=FILL_AREA_STYLE('',(#9728));
#7531=EDGE_CURVE('',#9725,#9705,#9729,.T.);
#7532=EDGE_CURVE('',#9721,#9694,#9730,.T.);
#7533=FILL_AREA_STYLE('',(#9731));
#7534=EDGE_CURVE('',#9719,#9695,#9732,.T.);
#7535=FILL_AREA_STYLE('',(#9733));
#7536=EDGE_CURVE('',#9734,#9735,#9736,.T.);
#7537=EDGE_CURVE('',#9735,#9737,#9738,.T.);
#7538=EDGE_CURVE('',#9739,#9737,#9740,.T.);
#7539=EDGE_CURVE('',#9734,#9739,#9741,.T.);
#7540=FILL_AREA_STYLE('',(#9742));
#7541=EDGE_CURVE('',#9743,#9744,#9745,.T.);
#7542=EDGE_CURVE('',#9743,#9746,#9747,.F.);
#7543=EDGE_CURVE('',#9746,#9748,#9749,.T.);
#7544=EDGE_CURVE('',#9748,#9750,#9751,.T.);
#7545=EDGE_CURVE('',#9750,#9744,#9752,.T.);
#7546=FILL_AREA_STYLE('',(#9753));
#7547=EDGE_CURVE('',#9748,#9754,#9755,.F.);
#7548=EDGE_CURVE('',#9754,#9756,#9757,.T.);
#7549=EDGE_CURVE('',#9756,#9758,#9759,.T.);
#7550=EDGE_CURVE('',#9750,#9758,#9760,.T.);
#7551=FILL_AREA_STYLE('',(#9761));
#7552=EDGE_CURVE('',#9754,#9762,#9763,.T.);
#7553=EDGE_CURVE('',#9762,#9764,#9765,.T.);
#7554=EDGE_CURVE('',#9756,#9764,#9766,.T.);
#7555=FILL_AREA_STYLE('',(#9767));
#7556=EDGE_CURVE('',#9768,#9762,#9769,.T.);
#7557=EDGE_CURVE('',#9768,#9770,#9771,.T.);
#7558=EDGE_CURVE('',#9764,#9770,#9772,.T.);
#7559=FILL_AREA_STYLE('',(#9773));
#7560=EDGE_CURVE('',#9774,#9768,#9775,.T.);
#7561=EDGE_CURVE('',#9774,#9776,#9777,.T.);
#7562=EDGE_CURVE('',#9776,#9770,#9778,.T.);
#7563=FILL_AREA_STYLE('',(#9779));
#7564=EDGE_CURVE('',#9780,#9774,#9781,.T.);
#7565=EDGE_CURVE('',#9780,#9782,#9783,.T.);
#7566=EDGE_CURVE('',#9776,#9782,#9784,.T.);
#7567=FILL_AREA_STYLE('',(#9785));
#7568=EDGE_CURVE('',#9786,#9780,#9787,.T.);
#7569=EDGE_CURVE('',#9786,#9788,#9789,.T.);
#7570=EDGE_CURVE('',#9788,#9782,#9790,.T.);
#7571=FILL_AREA_STYLE('',(#9791));
#7572=EDGE_CURVE('',#9792,#9786,#9793,.T.);
#7573=EDGE_CURVE('',#9792,#9794,#9795,.T.);
#7574=EDGE_CURVE('',#9788,#9794,#9796,.T.);
#7575=FILL_AREA_STYLE('',(#9797));
#7576=EDGE_CURVE('',#9792,#9798,#9799,.T.);
#7577=EDGE_CURVE('',#9798,#9800,#9801,.T.);
#7578=EDGE_CURVE('',#9794,#9800,#9802,.T.);
#7579=FILL_AREA_STYLE('',(#9803));
#7580=EDGE_CURVE('',#9804,#9798,#9805,.T.);
#7581=EDGE_CURVE('',#9804,#9806,#9807,.T.);
#7582=EDGE_CURVE('',#9800,#9806,#9808,.T.);
#7583=FILL_AREA_STYLE('',(#9809));
#7584=EDGE_CURVE('',#9804,#9810,#9811,.T.);
#7585=EDGE_CURVE('',#9810,#9812,#9813,.T.);
#7586=EDGE_CURVE('',#9806,#9812,#9814,.T.);
#7587=FILL_AREA_STYLE('',(#9815));
#7588=EDGE_CURVE('',#9816,#9810,#9817,.T.);
#7589=EDGE_CURVE('',#9816,#9818,#9819,.T.);
#7590=EDGE_CURVE('',#9812,#9818,#9820,.T.);
#7591=FILL_AREA_STYLE('',(#9821));
#7592=EDGE_CURVE('',#9822,#9816,#9823,.T.);
#7593=EDGE_CURVE('',#9822,#9824,#9825,.T.);
#7594=EDGE_CURVE('',#9824,#9818,#9826,.T.);
#7595=FILL_AREA_STYLE('',(#9827));
#7596=EDGE_CURVE('',#9828,#9822,#9829,.T.);
#7597=EDGE_CURVE('',#9828,#9830,#9831,.T.);
#7598=EDGE_CURVE('',#9824,#9830,#9832,.T.);
#7599=FILL_AREA_STYLE('',(#9833));
#7600=EDGE_CURVE('',#9834,#9828,#9835,.T.);
#7601=EDGE_CURVE('',#9834,#9836,#9837,.T.);
#7602=EDGE_CURVE('',#9836,#9830,#9838,.T.);
#7603=FILL_AREA_STYLE('',(#9839));
#7604=EDGE_CURVE('',#9840,#9834,#9841,.T.);
#7605=EDGE_CURVE('',#9840,#9842,#9843,.T.);
#7606=EDGE_CURVE('',#9836,#9842,#9844,.T.);
#7607=FILL_AREA_STYLE('',(#9845));
#7608=EDGE_CURVE('',#9840,#9846,#9847,.T.);
#7609=EDGE_CURVE('',#9846,#9848,#9849,.T.);
#7610=EDGE_CURVE('',#9842,#9848,#9850,.T.);
#7611=FILL_AREA_STYLE('',(#9851));
#7612=EDGE_CURVE('',#9852,#9853,#9854,.T.);
#7613=EDGE_CURVE('',#9852,#9855,#9856,.T.);
#7614=EDGE_CURVE('',#9855,#9857,#9858,.T.);
#7615=EDGE_CURVE('',#9857,#9859,#9860,.T.);
#7616=EDGE_CURVE('',#9848,#9859,#9861,.T.);
#7617=EDGE_CURVE('',#9853,#9846,#9862,.T.);
#7618=FILL_AREA_STYLE('',(#9863));
#7619=EDGE_CURVE('',#9739,#9859,#9864,.T.);
#7620=EDGE_CURVE('',#9865,#9857,#9866,.T.);
#7621=EDGE_CURVE('',#9865,#9739,#9867,.T.);
#7622=FILL_AREA_STYLE('',(#9868));
#7623=EDGE_CURVE('',#9869,#9865,#9870,.T.);
#7624=EDGE_CURVE('',#9869,#9734,#9871,.T.);
#7625=FILL_AREA_STYLE('',(#9872));
#7626=EDGE_CURVE('',#9873,#8515,#9874,.T.);
#7627=EDGE_CURVE('',#9685,#9875,#9876,.T.);
#7628=EDGE_CURVE('',#9873,#9875,#9877,.T.);
#7629=FILL_AREA_STYLE('',(#9878));
#7630=EDGE_CURVE('',#9879,#9880,#9881,.T.);
#7631=EDGE_CURVE('',#9879,#9882,#9883,.T.);
#7632=EDGE_CURVE('',#9884,#9882,#9885,.T.);
#7633=EDGE_CURVE('',#9884,#9886,#9887,.T.);
#7634=EDGE_CURVE('',#9886,#9888,#9889,.T.);
#7635=EDGE_CURVE('',#9880,#9888,#9890,.T.);
#7636=FILL_AREA_STYLE('',(#9891));
#7637=EDGE_CURVE('',#9743,#9879,#9892,.T.);
#7638=EDGE_CURVE('',#9744,#9893,#9894,.T.);
#7639=EDGE_CURVE('',#9882,#9893,#9895,.T.);
#7640=FILL_AREA_STYLE('',(#9896));
#7641=EDGE_CURVE('',#8499,#9897,#9898,.T.);
#7642=EDGE_CURVE('',#9897,#9608,#9899,.T.);
#7643=EDGE_CURVE('',#8501,#9608,#9900,.T.);
#7644=FILL_AREA_STYLE('',(#9901));
#7645=EDGE_CURVE('',#9618,#9622,#9902,.T.);
#7646=EDGE_CURVE('',#9616,#9624,#9903,.T.);
#7647=FILL_AREA_STYLE('',(#9904));
#7648=EDGE_CURVE('',#9633,#9640,#9905,.T.);
#7649=EDGE_CURVE('',#9631,#9642,#9906,.T.);
#7650=FILL_AREA_STYLE('',(#9907));
#7651=EDGE_CURVE('',#8499,#8505,#9908,.T.);
#7652=EDGE_CURVE('',#9909,#8505,#9910,.T.);
#7653=EDGE_CURVE('',#9909,#9897,#9911,.T.);
#7654=FILL_AREA_STYLE('',(#9912));
#7655=EDGE_CURVE('',#8374,#9913,#9914,.T.);
#7656=EDGE_CURVE('',#9915,#9913,#9916,.T.);
#7657=EDGE_CURVE('',#9915,#8373,#9917,.T.);
#7658=FILL_AREA_STYLE('',(#9918));
#7659=EDGE_CURVE('',#9919,#8376,#9920,.T.);
#7660=EDGE_CURVE('',#9921,#9919,#9922,.T.);
#7661=EDGE_CURVE('',#9921,#8378,#9923,.T.);
#7662=FILL_AREA_STYLE('',(#9924));
#7663=EDGE_CURVE('',#9921,#9925,#9926,.T.);
#7664=EDGE_CURVE('',#9927,#9919,#9928,.T.);
#7665=EDGE_CURVE('',#9927,#9929,#9930,.T.);
#7666=EDGE_CURVE('',#9925,#9929,#9931,.T.);
#7667=FILL_AREA_STYLE('',(#9932));
#7668=EDGE_CURVE('',#9735,#9925,#9933,.T.);
#7669=EDGE_CURVE('',#9893,#9929,#9934,.T.);
#7670=EDGE_CURVE('',#9737,#9758,#9935,.T.);
#7671=FILL_AREA_STYLE('',(#9936));
#7672=EDGE_CURVE('',#9882,#9927,#9937,.T.);
#7673=FILL_AREA_STYLE('',(#9938));
#7674=EDGE_CURVE('',#9939,#9915,#9940,.T.);
#7675=EDGE_CURVE('',#9941,#9939,#9942,.T.);
#7676=EDGE_CURVE('',#9941,#9884,#9943,.T.);
#7677=FILL_AREA_STYLE('',(#9944));
#7678=EDGE_CURVE('',#9600,#9909,#9945,.T.);
#7679=EDGE_CURVE('',#9600,#8506,#9946,.T.);
#7680=FILL_AREA_STYLE('',(#9947));
#7681=EDGE_CURVE('',#9948,#9949,#9950,.T.);
#7682=EDGE_CURVE('',#9949,#9734,#9951,.T.);
#7683=EDGE_CURVE('',#9948,#9869,#9952,.T.);
#7684=FILL_AREA_STYLE('',(#9953));
#7685=EDGE_CURVE('',#9949,#9954,#9955,.T.);
#7686=EDGE_CURVE('',#9954,#9913,#9956,.T.);
#7687=FILL_AREA_STYLE('',(#9957));
#7688=EDGE_CURVE('',#9958,#9959,#9960,.T.);
#7689=EDGE_CURVE('',#9959,#9954,#9961,.T.);
#7690=EDGE_CURVE('',#9958,#9949,#9962,.T.);
#7691=FILL_AREA_STYLE('',(#9963));
#7692=EDGE_CURVE('',#9964,#9939,#9965,.T.);
#7693=EDGE_CURVE('',#9966,#9964,#9967,.T.);
#7694=EDGE_CURVE('',#9966,#9941,#9968,.T.);
#7695=FILL_AREA_STYLE('',(#9969));
#7696=EDGE_CURVE('',#8365,#9970,#9971,.T.);
#7697=EDGE_CURVE('',#9970,#9972,#9973,.T.);
#7698=EDGE_CURVE('',#9972,#8364,#9974,.T.);
#7699=FILL_AREA_STYLE('',(#9975));
#7700=EDGE_CURVE('',#9976,#9958,#9977,.T.);
#7701=EDGE_CURVE('',#9976,#9948,#9978,.T.);
#7702=FILL_AREA_STYLE('',(#9979));
#7703=EDGE_CURVE('',#9980,#9981,#9982,.T.);
#7704=EDGE_CURVE('',#9981,#9958,#9983,.T.);
#7705=EDGE_CURVE('',#9980,#9976,#9984,.T.);
#7706=FILL_AREA_STYLE('',(#9985));
#7707=EDGE_CURVE('',#9986,#9987,#9988,.T.);
#7708=EDGE_CURVE('',#9585,#9986,#9989,.T.);
#7709=EDGE_CURVE('',#9585,#9638,#9990,.T.);
#7710=EDGE_CURVE('',#9987,#9638,#9991,.T.);
#7711=FILL_AREA_STYLE('',(#9992));
#7712=EDGE_CURVE('',#9629,#8517,#9993,.T.);
#7713=EDGE_CURVE('',#9994,#9995,#9996,.T.);
#7714=EDGE_CURVE('',#9997,#9994,#9998,.T.);
#7715=EDGE_CURVE('',#9999,#9997,#10000,.T.);
#7716=EDGE_CURVE('',#9995,#9999,#10001,.T.);
#7717=EDGE_CURVE('',#10002,#9964,#10003,.T.);
#7718=EDGE_CURVE('',#10004,#10002,#10005,.T.);
#7719=EDGE_CURVE('',#10004,#9966,#10006,.T.);
#7720=FILL_AREA_STYLE('',(#10007));
#7721=EDGE_CURVE('',#10008,#9994,#10009,.T.);
#7722=EDGE_CURVE('',#10010,#9995,#10011,.T.);
#7723=EDGE_CURVE('',#10008,#10010,#10012,.T.);
#7724=FILL_AREA_STYLE('',(#10013));
#7725=EDGE_CURVE('',#10014,#9997,#10015,.T.);
#7726=EDGE_CURVE('',#10014,#10008,#10016,.T.);
#7727=FILL_AREA_STYLE('',(#10017));
#7728=EDGE_CURVE('',#10014,#10018,#10019,.T.);
#7729=EDGE_CURVE('',#10020,#10018,#10021,.T.);
#7730=EDGE_CURVE('',#10022,#10020,#10023,.T.);
#7731=EDGE_CURVE('',#10022,#10014,#10024,.T.);
#7732=FILL_AREA_STYLE('',(#10025));
#7733=EDGE_CURVE('',#10022,#9999,#10026,.T.);
#7734=FILL_AREA_STYLE('',(#10027));
#7735=EDGE_CURVE('',#10010,#10022,#10028,.T.);
#7736=FILL_AREA_STYLE('',(#10029));
#7737=EDGE_CURVE('',#10030,#10020,#10031,.T.);
#7738=EDGE_CURVE('',#10010,#10030,#10032,.T.);
#7739=FILL_AREA_STYLE('',(#10033));
#7740=EDGE_CURVE('',#10008,#10034,#10035,.T.);
#7741=EDGE_CURVE('',#10034,#10030,#10036,.T.);
#7742=FILL_AREA_STYLE('',(#10037));
#7743=EDGE_CURVE('',#10018,#10034,#10038,.T.);
#7744=FILL_AREA_STYLE('',(#10039));
#7745=EDGE_CURVE('',#9586,#9637,#10040,.T.);
#7746=EDGE_CURVE('',#9981,#10041,#10042,.T.);
#7747=EDGE_CURVE('',#10041,#9959,#10043,.T.);
#7748=FILL_AREA_STYLE('',(#10044));
#7749=EDGE_CURVE('',#9676,#10045,#10046,.T.);
#7750=EDGE_CURVE('',#10045,#10047,#10048,.T.);
#7751=EDGE_CURVE('',#10047,#10049,#10050,.T.);
#7752=EDGE_CURVE('',#9678,#10049,#10051,.T.);
#7753=FILL_AREA_STYLE('',(#10052));
#7754=EDGE_CURVE('',#10053,#10002,#10054,.T.);
#7755=EDGE_CURVE('',#10055,#10041,#10056,.T.);
#7756=EDGE_CURVE('',#9972,#10055,#10057,.T.);
#7757=EDGE_CURVE('',#10053,#9970,#10058,.T.);
#7758=FILL_AREA_STYLE('',(#10059));
#7759=EDGE_CURVE('',#10060,#10004,#10061,.T.);
#7760=EDGE_CURVE('',#10060,#10053,#10062,.T.);
#7761=FILL_AREA_STYLE('',(#10063));
#7762=EDGE_CURVE('',#10064,#8514,#10065,.T.);
#7763=EDGE_CURVE('',#9629,#10064,#10066,.T.);
#7764=FILL_AREA_STYLE('',(#10067));
#7765=EDGE_CURVE('',#10068,#10069,#10070,.T.);
#7766=EDGE_CURVE('',#10069,#9981,#10071,.T.);
#7767=EDGE_CURVE('',#10068,#9980,#10072,.T.);
#7768=FILL_AREA_STYLE('',(#10073));
#7769=EDGE_CURVE('',#10069,#10055,#10074,.T.);
#7770=FILL_AREA_STYLE('',(#10075));
#7771=EDGE_CURVE('',#10076,#10077,#10078,.T.);
#7772=EDGE_CURVE('',#10077,#10045,#10079,.T.);
#7773=EDGE_CURVE('',#10076,#10069,#10080,.T.);
#7774=FILL_AREA_STYLE('',(#10081));
#7775=EDGE_CURVE('',#10082,#10076,#10083,.T.);
#7776=EDGE_CURVE('',#10082,#10084,#10085,.T.);
#7777=EDGE_CURVE('',#10084,#10077,#10086,.T.);
#7778=FILL_AREA_STYLE('',(#10087));
#7779=EDGE_CURVE('',#9873,#9986,#10088,.T.);
#7780=EDGE_CURVE('',#9586,#9873,#10089,.T.);
#7781=FILL_AREA_STYLE('',(#10090));
#7782=EDGE_CURVE('',#10091,#10092,#10093,.T.);
#7783=EDGE_CURVE('',#10091,#10094,#10095,.T.);
#7784=EDGE_CURVE('',#10096,#10094,#10097,.T.);
#7785=EDGE_CURVE('',#10092,#10096,#10098,.T.);
#7786=FILL_AREA_STYLE('',(#10099));
#7787=EDGE_CURVE('',#10091,#10100,#10101,.T.);
#7788=EDGE_CURVE('',#10100,#10102,#10103,.T.);
#7789=EDGE_CURVE('',#10094,#10102,#10104,.T.);
#7790=FILL_AREA_STYLE('',(#10105));
#7791=EDGE_CURVE('',#10106,#10100,#10107,.T.);
#7792=EDGE_CURVE('',#10106,#10108,#10109,.T.);
#7793=EDGE_CURVE('',#10102,#10108,#10110,.T.);
#7794=FILL_AREA_STYLE('',(#10111));
#7795=EDGE_CURVE('',#10112,#10106,#10113,.T.);
#7796=EDGE_CURVE('',#10112,#10114,#10115,.T.);
#7797=EDGE_CURVE('',#10114,#10108,#10116,.T.);
#7798=FILL_AREA_STYLE('',(#10117));
#7799=EDGE_CURVE('',#10118,#10112,#10119,.T.);
#7800=EDGE_CURVE('',#10118,#10120,#10121,.T.);
#7801=EDGE_CURVE('',#10120,#10122,#10123,.T.);
#7802=EDGE_CURVE('',#10114,#10122,#10124,.T.);
#7803=FILL_AREA_STYLE('',(#10125));
#7804=EDGE_CURVE('',#9875,#9637,#10126,.T.);
#7805=FILL_AREA_STYLE('',(#10127));
#7806=EDGE_CURVE('',#10122,#10084,#10128,.T.);
#7807=EDGE_CURVE('',#10129,#10120,#10130,.T.);
#7808=EDGE_CURVE('',#10131,#10129,#10132,.T.);
#7809=EDGE_CURVE('',#10047,#10131,#10133,.T.);
#7810=FILL_AREA_STYLE('',(#10134));
#7811=EDGE_CURVE('',#10118,#10135,#10136,.T.);
#7812=EDGE_CURVE('',#10135,#10137,#10138,.F.);
#7813=EDGE_CURVE('',#10137,#10129,#10139,.T.);
#7814=FILL_AREA_STYLE('',(#10140));
#7815=EDGE_CURVE('',#10141,#10142,#10143,.F.);
#7816=EDGE_CURVE('',#10144,#10141,#10145,.T.);
#7817=EDGE_CURVE('',#10146,#10144,#10147,.T.);
#7818=EDGE_CURVE('',#10146,#10148,#10149,.T.);
#7819=EDGE_CURVE('',#10148,#10150,#10151,.T.);
#7820=EDGE_CURVE('',#10150,#10142,#10152,.T.);
#7821=FILL_AREA_STYLE('',(#10153));
#7822=EDGE_CURVE('',#10142,#10137,#10154,.T.);
#7823=EDGE_CURVE('',#10150,#10131,#10155,.T.);
#7824=FILL_AREA_STYLE('',(#10156));
#7825=EDGE_CURVE('',#10049,#10150,#10157,.T.);
#7826=FILL_AREA_STYLE('',(#10158));
#7827=EDGE_CURVE('',#10148,#10060,#10159,.T.);
#7828=FILL_AREA_STYLE('',(#10160));
#7829=EDGE_CURVE('',#8523,#10161,#10162,.T.);
#7830=EDGE_CURVE('',#10161,#10163,#10164,.T.);
#7831=EDGE_CURVE('',#10163,#8490,#10165,.T.);
#7832=FILL_AREA_STYLE('',(#10166));
#7833=EDGE_CURVE('',#10167,#10076,#10168,.T.);
#7834=EDGE_CURVE('',#10167,#10068,#10169,.T.);
#7835=FILL_AREA_STYLE('',(#10170));
#7836=EDGE_CURVE('',#10171,#10082,#10172,.T.);
#7837=EDGE_CURVE('',#10171,#10167,#10173,.T.);
#7838=FILL_AREA_STYLE('',(#10174));
#7839=EDGE_CURVE('',#10064,#10175,#10176,.T.);
#7840=EDGE_CURVE('',#10175,#10177,#10178,.T.);
#7841=EDGE_CURVE('',#10177,#9987,#10179,.T.);
#7842=FILL_AREA_STYLE('',(#10180));
#7843=EDGE_CURVE('',#10181,#10146,#10182,.T.);
#7844=EDGE_CURVE('',#10181,#10183,#10184,.T.);
#7845=EDGE_CURVE('',#10183,#10171,#10185,.T.);
#7846=EDGE_CURVE('',#9886,#9855,#10186,.T.);
#7847=FILL_AREA_STYLE('',(#10187));
#7848=EDGE_CURVE('',#10188,#10189,#10190,.T.);
#7849=EDGE_CURVE('',#10188,#10191,#10192,.T.);
#7850=EDGE_CURVE('',#10193,#10191,#10194,.T.);
#7851=EDGE_CURVE('',#10189,#10193,#10195,.T.);
#7852=FILL_AREA_STYLE('',(#10196));
#7853=EDGE_CURVE('',#10189,#10197,#10198,.T.);
#7854=EDGE_CURVE('',#10193,#10199,#10200,.T.);
#7855=EDGE_CURVE('',#10197,#10199,#10201,.T.);
#7856=FILL_AREA_STYLE('',(#10202));
#7857=EDGE_CURVE('',#10197,#10203,#10204,.T.);
#7858=EDGE_CURVE('',#10205,#10199,#10206,.T.);
#7859=EDGE_CURVE('',#10203,#10205,#10207,.T.);
#7860=FILL_AREA_STYLE('',(#10208));
#7861=EDGE_CURVE('',#10203,#10209,#10210,.T.);
#7862=EDGE_CURVE('',#10205,#10211,#10212,.T.);
#7863=EDGE_CURVE('',#10209,#10211,#10213,.T.);
#7864=FILL_AREA_STYLE('',(#10214));
#7865=EDGE_CURVE('',#10209,#10215,#10216,.T.);
#7866=EDGE_CURVE('',#10217,#10211,#10218,.T.);
#7867=EDGE_CURVE('',#10215,#10217,#10219,.T.);
#7868=FILL_AREA_STYLE('',(#10220));
#7869=EDGE_CURVE('',#10221,#10222,#10223,.T.);
#7870=EDGE_CURVE('',#10221,#10215,#10224,.T.);
#7871=EDGE_CURVE('',#10222,#10217,#10225,.T.);
#7872=FILL_AREA_STYLE('',(#10226));
#7873=EDGE_CURVE('',#10221,#10227,#10228,.T.);
#7874=EDGE_CURVE('',#10229,#10222,#10230,.T.);
#7875=EDGE_CURVE('',#10227,#10229,#10231,.T.);
#7876=FILL_AREA_STYLE('',(#10232));
#7877=EDGE_CURVE('',#10233,#10234,#10235,.T.);
#7878=EDGE_CURVE('',#10233,#10227,#10236,.T.);
#7879=EDGE_CURVE('',#10234,#10229,#10237,.T.);
#7880=FILL_AREA_STYLE('',(#10238));
#7881=EDGE_CURVE('',#10233,#10239,#10240,.T.);
#7882=EDGE_CURVE('',#10241,#10234,#10242,.T.);
#7883=EDGE_CURVE('',#10239,#10241,#10243,.T.);
#7884=FILL_AREA_STYLE('',(#10244));
#7885=EDGE_CURVE('',#10239,#10245,#10246,.T.);
#7886=EDGE_CURVE('',#10241,#10247,#10248,.T.);
#7887=EDGE_CURVE('',#10245,#10247,#10249,.T.);
#7888=FILL_AREA_STYLE('',(#10250));
#7889=EDGE_CURVE('',#10251,#10181,#10252,.T.);
#7890=EDGE_CURVE('',#10251,#10253,#10254,.F.);
#7891=EDGE_CURVE('',#10253,#10245,#10255,.F.);
#7892=EDGE_CURVE('',#10247,#10256,#10257,.T.);
#7893=EDGE_CURVE('',#10256,#10183,#10258,.T.);
#7894=FILL_AREA_STYLE('',(#10259));
#7895=EDGE_CURVE('',#10256,#10082,#10260,.T.);
#7896=FILL_AREA_STYLE('',(#10261));
#7897=EDGE_CURVE('',#10262,#10263,#10264,.T.);
#7898=EDGE_CURVE('',#10265,#10262,#10266,.T.);
#7899=EDGE_CURVE('',#10267,#10265,#10268,.T.);
#7900=EDGE_CURVE('',#10267,#10263,#10269,.T.);
#7901=FILL_AREA_STYLE('',(#10270));
#7902=EDGE_CURVE('',#10271,#10262,#10272,.T.);
#7903=EDGE_CURVE('',#10273,#10271,#10274,.T.);
#7904=EDGE_CURVE('',#10265,#10273,#10275,.T.);
#7905=FILL_AREA_STYLE('',(#10276));
#7906=EDGE_CURVE('',#10273,#10277,#10278,.T.);
#7907=EDGE_CURVE('',#10279,#10277,#10280,.T.);
#7908=EDGE_CURVE('',#10265,#10279,#10281,.T.);
#7909=FILL_AREA_STYLE('',(#10282));
#7910=EDGE_CURVE('',#10267,#10283,#10284,.T.);
#7911=EDGE_CURVE('',#10283,#10279,#10285,.T.);
#7912=FILL_AREA_STYLE('',(#10286));
#7913=EDGE_CURVE('',#10287,#10288,#10289,.T.);
#7914=EDGE_CURVE('',#10287,#10267,#10290,.T.);
#7915=EDGE_CURVE('',#10288,#10283,#10291,.T.);
#7916=FILL_AREA_STYLE('',(#10292));
#7917=EDGE_CURVE('',#10263,#10293,#10294,.T.);
#7918=EDGE_CURVE('',#10287,#10293,#10295,.T.);
#7919=FILL_AREA_STYLE('',(#10296));
#7920=EDGE_CURVE('',#10293,#10271,#10297,.T.);
#7921=EDGE_CURVE('',#10273,#10287,#10298,.T.);
#7922=FILL_AREA_STYLE('',(#10299));
#7923=EDGE_CURVE('',#10277,#10288,#10300,.T.);
#7924=FILL_AREA_STYLE('',(#10301));
#7925=EDGE_CURVE('',#10302,#10303,#10304,.T.);
#7926=EDGE_CURVE('',#10305,#10302,#10306,.T.);
#7927=EDGE_CURVE('',#10307,#10305,#10308,.T.);
#7928=EDGE_CURVE('',#10307,#10303,#10309,.T.);
#7929=FILL_AREA_STYLE('',(#10310));
#7930=EDGE_CURVE('',#10311,#10312,#10313,.T.);
#7931=EDGE_CURVE('',#10311,#10307,#10314,.T.);
#7932=EDGE_CURVE('',#10307,#10315,#10316,.T.);
#7933=EDGE_CURVE('',#10312,#10315,#10317,.T.);
#7934=FILL_AREA_STYLE('',(#10318));
#7935=EDGE_CURVE('',#10303,#10319,#10320,.T.);
#7936=EDGE_CURVE('',#10311,#10319,#10321,.T.);
#7937=FILL_AREA_STYLE('',(#10322));
#7938=EDGE_CURVE('',#10319,#10323,#10324,.T.);
#7939=EDGE_CURVE('',#10325,#10311,#10326,.T.);
#7940=EDGE_CURVE('',#10325,#10323,#10327,.T.);
#7941=FILL_AREA_STYLE('',(#10328));
#7942=EDGE_CURVE('',#10329,#10312,#10330,.T.);
#7943=EDGE_CURVE('',#10325,#10329,#10331,.T.);
#7944=FILL_AREA_STYLE('',(#10332));
#7945=EDGE_CURVE('',#10315,#10333,#10334,.T.);
#7946=EDGE_CURVE('',#10333,#10329,#10335,.T.);
#7947=FILL_AREA_STYLE('',(#10336));
#7948=EDGE_CURVE('',#10191,#10096,#10337,.T.);
#7949=FILL_AREA_STYLE('',(#10338));
#7950=EDGE_CURVE('',#10305,#10333,#10339,.T.);
#7951=FILL_AREA_STYLE('',(#10340));
#7952=EDGE_CURVE('',#10305,#10325,#10341,.T.);
#7953=FILL_AREA_STYLE('',(#10342));
#7954=EDGE_CURVE('',#10323,#10302,#10343,.T.);
#7955=FILL_AREA_STYLE('',(#10344));
#7956=EDGE_CURVE('',#10345,#9852,#10346,.T.);
#7957=EDGE_CURVE('',#9888,#10345,#10347,.F.);
#7958=FILL_AREA_STYLE('',(#10348));
#7959=EDGE_CURVE('',#10349,#10144,#10350,.F.);
#7960=EDGE_CURVE('',#10251,#10349,#10351,.T.);
#7961=FILL_AREA_STYLE('',(#10352));
#7962=EDGE_CURVE('',#10188,#10092,#10353,.T.);
#7963=FILL_AREA_STYLE('',(#10354));
#7964=EDGE_LOOP('',(#10355,#10356,#10357,#10358,#10359));
#7965=AXIS2_PLACEMENT_3D('',#10360,#10361,#10362);
#7966=EDGE_LOOP('',(#10363,#10364,#10365,#10366,#10367));
#7967=AXIS2_PLACEMENT_3D('',#10368,#10369,#10370);
#7968=EDGE_LOOP('',(#10371,#10372,#10373,#10374,#10375,#10376));
#7969=AXIS2_PLACEMENT_3D('',#10377,#10378,#10379);
#7970=EDGE_LOOP('',(#10380,#10381,#10382,#10383,#10384));
#7971=AXIS2_PLACEMENT_3D('',#10385,#10386,#10387);
#7972=EDGE_LOOP('',(#10388,#10389,#10390,#10391,#10392,#10393,#10394,#10395,#10396,#10397,#10398,#10399,#10400,#10401,#10402,#10403,#10404,#10405,#10406,#10407,#10408,#10409,#10410,#10411,#10412,#10413,#10414,#10415,#10416,#10417,#10418,#10419,#10420,#10421,#10422));
#7973=AXIS2_PLACEMENT_3D('',#10423,#10424,#10425);
#7974=EDGE_LOOP('',(#10426,#10427,#10428,#10429,#10430,#10431));
#7975=AXIS2_PLACEMENT_3D('',#10432,#10433,#10434);
#7976=EDGE_LOOP('',(#10435,#10436,#10437,#10438,#10439,#10440,#10441,#10442,#10443,#10444,#10445,#10446,#10447,#10448,#10449,#10450,#10451,#10452,#10453,#10454,#10455,#10456,#10457,#10458,#10459,#10460));
#7977=AXIS2_PLACEMENT_3D('',#10461,#10462,#10463);
#7978=EDGE_LOOP('',(#10464,#10465,#10466,#10467,#10468,#10469));
#7979=AXIS2_PLACEMENT_3D('',#10470,#10471,#10472);
#7980=EDGE_LOOP('',(#10473,#10474,#10475,#10476));
#7981=AXIS2_PLACEMENT_3D('',#10477,#10478,#10479);
#7982=EDGE_LOOP('',(#10480,#10481,#10482,#10483));
#7983=AXIS2_PLACEMENT_3D('',#10484,#10485,#10486);
#7984=EDGE_LOOP('',(#10487,#10488,#10489,#10490));
#7985=AXIS2_PLACEMENT_3D('',#10491,#10492,#10493);
#7986=EDGE_LOOP('',(#10494,#10495,#10496,#10497));
#7987=AXIS2_PLACEMENT_3D('',#10498,#10499,#10500);
#7988=EDGE_LOOP('',(#10501,#10502,#10503,#10504,#10505,#10506,#10507,#10508));
#7989=AXIS2_PLACEMENT_3D('',#10509,#10510,#10511);
#7990=EDGE_LOOP('',(#10512,#10513,#10514,#10515,#10516,#10517,#10518,#10519));
#7991=AXIS2_PLACEMENT_3D('',#10520,#10521,#10522);
#7992=EDGE_LOOP('',(#10523,#10524,#10525,#10526,#10527,#10528,#10529,#10530));
#7993=AXIS2_PLACEMENT_3D('',#10531,#10532,#10533);
#7994=EDGE_LOOP('',(#10534,#10535,#10536,#10537,#10538,#10539,#10540,#10541));
#7995=AXIS2_PLACEMENT_3D('',#10542,#10543,#10544);
#7996=EDGE_LOOP('',(#10545,#10546,#10547,#10548,#10549,#10550,#10551,#10552));
#7997=AXIS2_PLACEMENT_3D('',#10553,#10554,#10555);
#7998=EDGE_LOOP('',(#10556,#10557,#10558,#10559,#10560,#10561,#10562,#10563));
#7999=AXIS2_PLACEMENT_3D('',#10564,#10565,#10566);
#8000=EDGE_LOOP('',(#10567,#10568,#10569,#10570,#10571,#10572,#10573,#10574));
#8001=AXIS2_PLACEMENT_3D('',#10575,#10576,#10577);
#8002=EDGE_LOOP('',(#10578,#10579,#10580,#10581,#10582,#10583,#10584,#10585));
#8003=AXIS2_PLACEMENT_3D('',#10586,#10587,#10588);
#8004=EDGE_LOOP('',(#10589,#10590,#10591,#10592));
#8005=AXIS2_PLACEMENT_3D('',#10593,#10594,#10595);
#8006=EDGE_LOOP('',(#10596,#10597,#10598,#10599));
#8007=AXIS2_PLACEMENT_3D('',#10600,#10601,#10602);
#8008=EDGE_LOOP('',(#10603,#10604,#10605,#10606,#10607,#10608));
#8009=AXIS2_PLACEMENT_3D('',#10609,#10610,#10611);
#8010=EDGE_LOOP('',(#10612,#10613,#10614,#10615,#10616,#10617));
#8011=AXIS2_PLACEMENT_3D('',#10618,#10619,#10620);
#8012=EDGE_LOOP('',(#10621,#10622,#10623,#10624));
#8013=AXIS2_PLACEMENT_3D('',#10625,#10626,#10627);
#8014=EDGE_LOOP('',(#10628,#10629,#10630,#10631));
#8015=AXIS2_PLACEMENT_3D('',#10632,#10633,#10634);
#8016=EDGE_LOOP('',(#10635,#10636,#10637,#10638));
#8017=AXIS2_PLACEMENT_3D('',#10639,#10640,#10641);
#8018=EDGE_LOOP('',(#10642,#10643,#10644,#10645));
#8019=AXIS2_PLACEMENT_3D('',#10646,#10647,#10648);
#8020=EDGE_LOOP('',(#10649,#10650,#10651,#10652));
#8021=AXIS2_PLACEMENT_3D('',#10653,#10654,#10655);
#8022=EDGE_LOOP('',(#10656,#10657,#10658,#10659));
#8023=AXIS2_PLACEMENT_3D('',#10660,#10661,#10662);
#8024=EDGE_LOOP('',(#10663,#10664,#10665,#10666));
#8025=AXIS2_PLACEMENT_3D('',#10667,#10668,#10669);
#8026=EDGE_LOOP('',(#10670,#10671,#10672,#10673));
#8027=AXIS2_PLACEMENT_3D('',#10674,#10675,#10676);
#8028=EDGE_LOOP('',(#10677,#10678,#10679,#10680));
#8029=AXIS2_PLACEMENT_3D('',#10681,#10682,#10683);
#8030=EDGE_LOOP('',(#10684,#10685,#10686,#10687));
#8031=AXIS2_PLACEMENT_3D('',#10688,#10689,#10690);
#8032=EDGE_LOOP('',(#10691,#10692,#10693,#10694));
#8033=AXIS2_PLACEMENT_3D('',#10695,#10696,#10697);
#8034=EDGE_LOOP('',(#10698,#10699,#10700,#10701));
#8035=AXIS2_PLACEMENT_3D('',#10702,#10703,#10704);
#8036=EDGE_LOOP('',(#10705,#10706,#10707,#10708));
#8037=AXIS2_PLACEMENT_3D('',#10709,#10710,#10711);
#8038=EDGE_LOOP('',(#10712,#10713,#10714,#10715));
#8039=AXIS2_PLACEMENT_3D('',#10716,#10717,#10718);
#8040=EDGE_LOOP('',(#10719,#10720,#10721,#10722));
#8041=AXIS2_PLACEMENT_3D('',#10723,#10724,#10725);
#8042=EDGE_LOOP('',(#10726,#10727,#10728,#10729,#10730,#10731));
#8043=AXIS2_PLACEMENT_3D('',#10732,#10733,#10734);
#8044=EDGE_LOOP('',(#10735,#10736,#10737,#10738,#10739,#10740));
#8045=AXIS2_PLACEMENT_3D('',#10741,#10742,#10743);
#8046=EDGE_LOOP('',(#10744,#10745,#10746,#10747));
#8047=AXIS2_PLACEMENT_3D('',#10748,#10749,#10750);
#8048=EDGE_LOOP('',(#10751,#10752,#10753,#10754));
#8049=AXIS2_PLACEMENT_3D('',#10755,#10756,#10757);
#8050=EDGE_LOOP('',(#10758,#10759,#10760,#10761));
#8051=AXIS2_PLACEMENT_3D('',#10762,#10763,#10764);
#8052=EDGE_LOOP('',(#10765,#10766,#10767,#10768));
#8053=AXIS2_PLACEMENT_3D('',#10769,#10770,#10771);
#8054=EDGE_LOOP('',(#10772,#10773,#10774,#10775));
#8055=AXIS2_PLACEMENT_3D('',#10776,#10777,#10778);
#8056=EDGE_LOOP('',(#10779,#10780,#10781,#10782));
#8057=AXIS2_PLACEMENT_3D('',#10783,#10784,#10785);
#8058=EDGE_LOOP('',(#10786,#10787,#10788,#10789));
#8059=AXIS2_PLACEMENT_3D('',#10790,#10791,#10792);
#8060=EDGE_LOOP('',(#10793,#10794,#10795,#10796));
#8061=AXIS2_PLACEMENT_3D('',#10797,#10798,#10799);
#8062=EDGE_LOOP('',(#10800,#10801,#10802,#10803));
#8063=AXIS2_PLACEMENT_3D('',#10804,#10805,#10806);
#8064=EDGE_LOOP('',(#10807,#10808,#10809,#10810));
#8065=AXIS2_PLACEMENT_3D('',#10811,#10812,#10813);
#8066=EDGE_LOOP('',(#10814,#10815,#10816,#10817));
#8067=AXIS2_PLACEMENT_3D('',#10818,#10819,#10820);
#8068=EDGE_LOOP('',(#10821,#10822,#10823,#10824,#10825,#10826));
#8069=AXIS2_PLACEMENT_3D('',#10827,#10828,#10829);
#8070=EDGE_LOOP('',(#10830,#10831,#10832,#10833,#10834,#10835));
#8071=AXIS2_PLACEMENT_3D('',#10836,#10837,#10838);
#8072=EDGE_LOOP('',(#10839,#10840,#10841,#10842));
#8073=AXIS2_PLACEMENT_3D('',#10843,#10844,#10845);
#8074=EDGE_LOOP('',(#10846,#10847,#10848,#10849));
#8075=AXIS2_PLACEMENT_3D('',#10850,#10851,#10852);
#8076=EDGE_LOOP('',(#10853,#10854,#10855,#10856));
#8077=AXIS2_PLACEMENT_3D('',#10857,#10858,#10859);
#8078=EDGE_LOOP('',(#10860,#10861,#10862,#10863));
#8079=AXIS2_PLACEMENT_3D('',#10864,#10865,#10866);
#8080=EDGE_LOOP('',(#10867,#10868,#10869,#10870));
#8081=AXIS2_PLACEMENT_3D('',#10871,#10872,#10873);
#8082=EDGE_LOOP('',(#10874,#10875,#10876,#10877));
#8083=AXIS2_PLACEMENT_3D('',#10878,#10879,#10880);
#8084=EDGE_LOOP('',(#10881,#10882,#10883,#10884));
#8085=AXIS2_PLACEMENT_3D('',#10885,#10886,#10887);
#8086=EDGE_LOOP('',(#10888,#10889,#10890,#10891));
#8087=AXIS2_PLACEMENT_3D('',#10892,#10893,#10894);
#8088=EDGE_LOOP('',(#10895,#10896,#10897,#10898));
#8089=AXIS2_PLACEMENT_3D('',#10899,#10900,#10901);
#8090=EDGE_LOOP('',(#10902,#10903,#10904,#10905));
#8091=AXIS2_PLACEMENT_3D('',#10906,#10907,#10908);
#8092=EDGE_LOOP('',(#10909,#10910,#10911,#10912));
#8093=AXIS2_PLACEMENT_3D('',#10913,#10914,#10915);
#8094=EDGE_LOOP('',(#10916,#10917,#10918,#10919));
#8095=AXIS2_PLACEMENT_3D('',#10920,#10921,#10922);
#8096=EDGE_LOOP('',(#10923,#10924,#10925,#10926,#10927,#10928));
#8097=AXIS2_PLACEMENT_3D('',#10929,#10930,#10931);
#8098=EDGE_LOOP('',(#10932,#10933,#10934,#10935,#10936,#10937));
#8099=AXIS2_PLACEMENT_3D('',#10938,#10939,#10940);
#8100=EDGE_LOOP('',(#10941,#10942,#10943,#10944,#10945,#10946,#10947,#10948,#10949));
#8101=AXIS2_PLACEMENT_3D('',#10950,#10951,#10952);
#8102=EDGE_LOOP('',(#10953,#10954,#10955,#10956,#10957,#10958,#10959,#10960,#10961));
#8103=AXIS2_PLACEMENT_3D('',#10962,#10963,#10964);
#8104=EDGE_LOOP('',(#10965,#10966,#10967,#10968,#10969,#10970,#10971,#10972,#10973));
#8105=AXIS2_PLACEMENT_3D('',#10974,#10975,#10976);
#8106=EDGE_LOOP('',(#10977,#10978,#10979,#10980,#10981,#10982,#10983,#10984,#10985));
#8107=AXIS2_PLACEMENT_3D('',#10986,#10987,#10988);
#8108=EDGE_LOOP('',(#10989,#10990,#10991,#10992,#10993,#10994,#10995,#10996,#10997));
#8109=AXIS2_PLACEMENT_3D('',#10998,#10999,#11000);
#8110=EDGE_LOOP('',(#11001,#11002,#11003,#11004,#11005,#11006,#11007,#11008,#11009));
#8111=AXIS2_PLACEMENT_3D('',#11010,#11011,#11012);
#8112=EDGE_LOOP('',(#11013,#11014,#11015,#11016,#11017,#11018,#11019,#11020,#11021));
#8113=AXIS2_PLACEMENT_3D('',#11022,#11023,#11024);
#8114=EDGE_LOOP('',(#11025,#11026,#11027,#11028,#11029,#11030,#11031,#11032,#11033));
#8115=AXIS2_PLACEMENT_3D('',#11034,#11035,#11036);
#8116=EDGE_LOOP('',(#11037,#11038,#11039,#11040,#11041,#11042,#11043,#11044,#11045,#11046,#11047,#11048,#11049,#11050));
#8117=AXIS2_PLACEMENT_3D('',#11051,#11052,#11053);
#8118=EDGE_LOOP('',(#11054,#11055,#11056,#11057));
#8119=AXIS2_PLACEMENT_3D('',#11058,#11059,#11060);
#8120=EDGE_LOOP('',(#11061,#11062,#11063,#11064));
#8121=AXIS2_PLACEMENT_3D('',#11065,#11066,#11067);
#8122=EDGE_LOOP('',(#11068,#11069,#11070,#11071));
#8123=AXIS2_PLACEMENT_3D('',#11072,#11073,#11074);
#8124=EDGE_LOOP('',(#11075,#11076,#11077,#11078));
#8125=AXIS2_PLACEMENT_3D('',#11079,#11080,#11081);
#8126=EDGE_LOOP('',(#11082,#11083,#11084,#11085,#11086,#11087,#11088,#11089,#11090,#11091,#11092,#11093,#11094,#11095));
#8127=AXIS2_PLACEMENT_3D('',#11096,#11097,#11098);
#8128=EDGE_LOOP('',(#11099,#11100,#11101,#11102));
#8129=AXIS2_PLACEMENT_3D('',#11103,#11104,#11105);
#8130=EDGE_LOOP('',(#11106,#11107,#11108,#11109,#11110,#11111,#11112,#11113,#11114,#11115,#11116,#11117,#11118,#11119));
#8131=AXIS2_PLACEMENT_3D('',#11120,#11121,#11122);
#8132=EDGE_LOOP('',(#11123,#11124,#11125,#11126));
#8133=AXIS2_PLACEMENT_3D('',#11127,#11128,#11129);
#8134=EDGE_LOOP('',(#11130,#11131,#11132,#11133,#11134));
#8135=AXIS2_PLACEMENT_3D('',#11135,#11136,#11137);
#8136=EDGE_LOOP('',(#11138,#11139,#11140,#11141,#11142,#11143,#11144));
#8137=AXIS2_PLACEMENT_3D('',#11145,#11146,#11147);
#8138=EDGE_LOOP('',(#11148,#11149,#11150,#11151));
#8139=AXIS2_PLACEMENT_3D('',#11152,#11153,#11154);
#8140=EDGE_LOOP('',(#11155,#11156,#11157,#11158));
#8141=AXIS2_PLACEMENT_3D('',#11159,#11160,#11161);
#8142=EDGE_LOOP('',(#11162,#11163,#11164,#11165));
#8143=AXIS2_PLACEMENT_3D('',#11166,#11167,#11168);
#8144=EDGE_LOOP('',(#11169,#11170,#11171,#11172));
#8145=AXIS2_PLACEMENT_3D('',#11173,#11174,#11175);
#8146=EDGE_LOOP('',(#11176,#11177,#11178,#11179));
#8147=AXIS2_PLACEMENT_3D('',#11180,#11181,#11182);
#8148=EDGE_LOOP('',(#11183,#11184,#11185,#11186));
#8149=AXIS2_PLACEMENT_3D('',#11187,#11188,#11189);
#8150=EDGE_LOOP('',(#11190,#11191,#11192,#11193));
#8151=AXIS2_PLACEMENT_3D('',#11194,#11195,#11196);
#8152=EDGE_LOOP('',(#11197,#11198,#11199,#11200,#11201,#11202));
#8153=AXIS2_PLACEMENT_3D('',#11203,#11204,#11205);
#8154=EDGE_LOOP('',(#11206,#11207,#11208,#11209));
#8155=AXIS2_PLACEMENT_3D('',#11210,#11211,#11212);
#8156=EDGE_LOOP('',(#11213,#11214,#11215,#11216,#11217,#11218,#11219,#11220,#11221,#11222,#11223,#11224,#11225,#11226));
#8157=AXIS2_PLACEMENT_3D('',#11227,#11228,#11229);
#8158=EDGE_LOOP('',(#11230,#11231,#11232,#11233));
#8159=AXIS2_PLACEMENT_3D('',#11234,#11235,#11236);
#8160=EDGE_LOOP('',(#11237,#11238,#11239,#11240));
#8161=AXIS2_PLACEMENT_3D('',#11241,#11242,#11243);
#8162=EDGE_LOOP('',(#11244,#11245,#11246,#11247));
#8163=AXIS2_PLACEMENT_3D('',#11248,#11249,#11250);
#8164=EDGE_LOOP('',(#11251,#11252,#11253,#11254));
#8165=AXIS2_PLACEMENT_3D('',#11255,#11256,#11257);
#8166=EDGE_LOOP('',(#11258,#11259,#11260,#11261,#11262,#11263,#11264,#11265,#11266,#11267,#11268,#11269,#11270,#11271));
#8167=AXIS2_PLACEMENT_3D('',#11272,#11273,#11274);
#8168=EDGE_LOOP('',(#11275,#11276,#11277,#11278));
#8169=AXIS2_PLACEMENT_3D('',#11279,#11280,#11281);
#8170=EDGE_LOOP('',(#11282,#11283,#11284,#11285));
#8171=AXIS2_PLACEMENT_3D('',#11286,#11287,#11288);
#8172=EDGE_LOOP('',(#11289,#11290,#11291,#11292));
#8173=AXIS2_PLACEMENT_3D('',#11293,#11294,#11295);
#8174=EDGE_LOOP('',(#11296,#11297,#11298,#11299));
#8175=AXIS2_PLACEMENT_3D('',#11300,#11301,#11302);
#8176=EDGE_LOOP('',(#11303,#11304,#11305,#11306));
#8177=AXIS2_PLACEMENT_3D('',#11307,#11308,#11309);
#8178=EDGE_LOOP('',(#11310,#11311,#11312,#11313));
#8179=AXIS2_PLACEMENT_3D('',#11314,#11315,#11316);
#8180=EDGE_LOOP('',(#11317,#11318,#11319,#11320,#11321,#11322,#11323,#11324,#11325,#11326,#11327,#11328,#11329,#11330));
#8181=AXIS2_PLACEMENT_3D('',#11331,#11332,#11333);
#8182=EDGE_LOOP('',(#11334,#11335,#11336,#11337));
#8183=AXIS2_PLACEMENT_3D('',#11338,#11339,#11340);
#8184=EDGE_LOOP('',(#11341,#11342,#11343,#11344));
#8185=AXIS2_PLACEMENT_3D('',#11345,#11346,#11347);
#8186=EDGE_LOOP('',(#11348,#11349,#11350,#11351));
#8187=AXIS2_PLACEMENT_3D('',#11352,#11353,#11354);
#8188=EDGE_LOOP('',(#11355,#11356,#11357,#11358));
#8189=AXIS2_PLACEMENT_3D('',#11359,#11360,#11361);
#8190=EDGE_LOOP('',(#11362,#11363,#11364,#11365,#11366,#11367,#11368,#11369,#11370,#11371,#11372,#11373,#11374,#11375));
#8191=AXIS2_PLACEMENT_3D('',#11376,#11377,#11378);
#8192=EDGE_LOOP('',(#11379,#11380,#11381,#11382));
#8193=AXIS2_PLACEMENT_3D('',#11383,#11384,#11385);
#8194=EDGE_LOOP('',(#11386,#11387,#11388,#11389,#11390,#11391));
#8195=AXIS2_PLACEMENT_3D('',#11392,#11393,#11394);
#8196=EDGE_LOOP('',(#11395,#11396,#11397,#11398));
#8197=AXIS2_PLACEMENT_3D('',#11399,#11400,#11401);
#8198=EDGE_LOOP('',(#11402,#11403,#11404,#11405));
#8199=AXIS2_PLACEMENT_3D('',#11406,#11407,#11408);
#8200=EDGE_LOOP('',(#11409,#11410,#11411,#11412));
#8201=AXIS2_PLACEMENT_3D('',#11413,#11414,#11415);
#8202=EDGE_LOOP('',(#11416,#11417,#11418,#11419));
#8203=AXIS2_PLACEMENT_3D('',#11420,#11421,#11422);
#8204=EDGE_LOOP('',(#11423,#11424,#11425,#11426));
#8205=AXIS2_PLACEMENT_3D('',#11427,#11428,#11429);
#8206=EDGE_LOOP('',(#11430,#11431,#11432,#11433));
#8207=AXIS2_PLACEMENT_3D('',#11434,#11435,#11436);
#8208=EDGE_LOOP('',(#11437,#11438,#11439,#11440,#11441));
#8209=AXIS2_PLACEMENT_3D('',#11442,#11443,#11444);
#8210=EDGE_LOOP('',(#11445,#11446,#11447,#11448,#11449));
#8211=AXIS2_PLACEMENT_3D('',#11450,#11451,#11452);
#8212=EDGE_LOOP('',(#11453,#11454,#11455,#11456,#11457,#11458,#11459,#11460,#11461,#11462,#11463,#11464,#11465,#11466,#11467,#11468,#11469));
#8213=EDGE_LOOP('',(#11470,#11471,#11472,#11473));
#8214=AXIS2_PLACEMENT_3D('',#11474,#11475,#11476);
#8215=EDGE_LOOP('',(#11477,#11478,#11479,#11480,#11481));
#8216=AXIS2_PLACEMENT_3D('',#11482,#11483,#11484);
#8217=EDGE_LOOP('',(#11485,#11486,#11487,#11488,#11489,#11490,#11491,#11492,#11493,#11494));
#8218=AXIS2_PLACEMENT_3D('',#11495,#11496,#11497);
#8219=EDGE_LOOP('',(#11498,#11499,#11500,#11501,#11502,#11503,#11504));
#8220=AXIS2_PLACEMENT_3D('',#11505,#11506,#11507);
#8221=EDGE_LOOP('',(#11508,#11509,#11510,#11511,#11512));
#8222=AXIS2_PLACEMENT_3D('',#11513,#11514,#11515);
#8223=EDGE_LOOP('',(#11516,#11517,#11518,#11519,#11520));
#8224=AXIS2_PLACEMENT_3D('',#11521,#11522,#11523);
#8225=EDGE_LOOP('',(#11524,#11525,#11526,#11527));
#8226=AXIS2_PLACEMENT_3D('',#11528,#11529,#11530);
#8227=EDGE_LOOP('',(#11531,#11532,#11533,#11534));
#8228=AXIS2_PLACEMENT_3D('',#11535,#11536,#11537);
#8229=EDGE_LOOP('',(#11538,#11539,#11540,#11541,#11542));
#8230=AXIS2_PLACEMENT_3D('',#11543,#11544,#11545);
#8231=EDGE_LOOP('',(#11546,#11547,#11548,#11549));
#8232=AXIS2_PLACEMENT_3D('',#11550,#11551,#11552);
#8233=EDGE_LOOP('',(#11553,#11554,#11555,#11556));
#8234=AXIS2_PLACEMENT_3D('',#11557,#11558,#11559);
#8235=EDGE_LOOP('',(#11560,#11561,#11562,#11563,#11564));
#8236=AXIS2_PLACEMENT_3D('',#11565,#11566,#11567);
#8237=EDGE_LOOP('',(#11568,#11569,#11570,#11571));
#8238=AXIS2_PLACEMENT_3D('',#11572,#11573,#11574);
#8239=EDGE_LOOP('',(#11575,#11576,#11577,#11578));
#8240=AXIS2_PLACEMENT_3D('',#11579,#11580,#11581);
#8241=EDGE_LOOP('',(#11582,#11583,#11584,#11585));
#8242=AXIS2_PLACEMENT_3D('',#11586,#11587,#11588);
#8243=EDGE_LOOP('',(#11589,#11590,#11591,#11592,#11593,#11594));
#8244=AXIS2_PLACEMENT_3D('',#11595,#11596,#11597);
#8245=EDGE_LOOP('',(#11598,#11599,#11600,#11601));
#8246=AXIS2_PLACEMENT_3D('',#11602,#11603,#11604);
#8247=EDGE_LOOP('',(#11605,#11606,#11607,#11608,#11609,#11610,#11611,#11612,#11613,#11614,#11615,#11616,#11617,#11618));
#8248=AXIS2_PLACEMENT_3D('',#11619,#11620,#11621);
#8249=EDGE_LOOP('',(#11622,#11623,#11624,#11625));
#8250=AXIS2_PLACEMENT_3D('',#11626,#11627,#11628);
#8251=EDGE_LOOP('',(#11629,#11630,#11631,#11632));
#8252=AXIS2_PLACEMENT_3D('',#11633,#11634,#11635);
#8253=EDGE_LOOP('',(#11636,#11637,#11638,#11639));
#8254=AXIS2_PLACEMENT_3D('',#11640,#11641,#11642);
#8255=EDGE_LOOP('',(#11643,#11644,#11645,#11646));
#8256=AXIS2_PLACEMENT_3D('',#11647,#11648,#11649);
#8257=EDGE_LOOP('',(#11650,#11651,#11652,#11653));
#8258=AXIS2_PLACEMENT_3D('',#11654,#11655,#11656);
#8259=EDGE_LOOP('',(#11657,#11658,#11659,#11660,#11661));
#8260=AXIS2_PLACEMENT_3D('',#11662,#11663,#11664);
#8261=EDGE_LOOP('',(#11665,#11666,#11667,#11668,#11669));
#8262=AXIS2_PLACEMENT_3D('',#11670,#11671,#11672);
#8263=EDGE_LOOP('',(#11673,#11674,#11675));
#8264=AXIS2_PLACEMENT_3D('',#11676,#11677,#11678);
#8265=EDGE_LOOP('',(#11679,#11680,#11681));
#8266=AXIS2_PLACEMENT_3D('',#11682,#11683,#11684);
#8267=EDGE_LOOP('',(#11685,#11686,#11687,#11688,#11689,#11690));
#8268=AXIS2_PLACEMENT_3D('',#11691,#11692,#11693);
#8269=EDGE_LOOP('',(#11694,#11695,#11696,#11697,#11698));
#8270=AXIS2_PLACEMENT_3D('',#11699,#11700,#11701);
#8271=EDGE_LOOP('',(#11702,#11703,#11704,#11705,#11706,#11707));
#8272=AXIS2_PLACEMENT_3D('',#11708,#11709,#11710);
#8273=EDGE_LOOP('',(#11711,#11712));
#8274=EDGE_LOOP('',(#11713,#11714,#11715,#11716,#11717,#11718,#11719,#11720));
#8275=AXIS2_PLACEMENT_3D('',#11721,#11722,#11723);
#8276=EDGE_LOOP('',(#11724,#11725,#11726,#11727,#11728,#11729,#11730,#11731));
#8277=AXIS2_PLACEMENT_3D('',#11732,#11733,#11734);
#8278=EDGE_LOOP('',(#11735,#11736,#11737,#11738,#11739,#11740));
#8279=AXIS2_PLACEMENT_3D('',#11741,#11742,#11743);
#8280=EDGE_LOOP('',(#11744,#11745));
#8281=EDGE_LOOP('',(#11746,#11747,#11748,#11749,#11750,#11751,#11752,#11753));
#8282=AXIS2_PLACEMENT_3D('',#11754,#11755,#11756);
#8283=EDGE_LOOP('',(#11757,#11758,#11759,#11760));
#8284=AXIS2_PLACEMENT_3D('',#11761,#11762,#11763);
#8285=EDGE_LOOP('',(#11764,#11765,#11766,#11767));
#8286=AXIS2_PLACEMENT_3D('',#11768,#11769,#11770);
#8287=EDGE_LOOP('',(#11771,#11772,#11773,#11774,#11775,#11776,#11777,#11778,#11779,#11780,#11781,#11782,#11783,#11784,#11785,#11786,#11787,#11788,#11789,#11790,#11791,#11792));
#8288=AXIS2_PLACEMENT_3D('',#11793,#11794,#11795);
#8289=EDGE_LOOP('',(#11796,#11797,#11798,#11799));
#8290=AXIS2_PLACEMENT_3D('',#11800,#11801,#11802);
#8291=EDGE_LOOP('',(#11803,#11804,#11805,#11806,#11807,#11808,#11809,#11810,#11811,#11812,#11813,#11814,#11815,#11816,#11817,#11818,#11819,#11820,#11821,#11822,#11823,#11824,#11825,#11826,#11827,#11828,#11829,#11830,#11831,#11832,#11833,#11834,#11835,#11836,#11837,#11838,#11839,#11840,#11841,#11842));
#8292=AXIS2_PLACEMENT_3D('',#11843,#11844,#11845);
#8293=EDGE_LOOP('',(#11846,#11847,#11848,#11849,#11850));
#8294=AXIS2_PLACEMENT_3D('',#11851,#11852,#11853);
#8295=EDGE_LOOP('',(#11854,#11855,#11856,#11857));
#8296=AXIS2_PLACEMENT_3D('',#11858,#11859,#11860);
#8297=EDGE_LOOP('',(#11861,#11862,#11863,#11864));
#8298=AXIS2_PLACEMENT_3D('',#11865,#11866,#11867);
#8299=EDGE_LOOP('',(#11868,#11869,#11870,#11871));
#8300=AXIS2_PLACEMENT_3D('',#11872,#11873,#11874);
#8301=EDGE_LOOP('',(#11875,#11876,#11877,#11878));
#8302=AXIS2_PLACEMENT_3D('',#11879,#11880,#11881);
#8303=EDGE_LOOP('',(#11882,#11883,#11884,#11885));
#8304=AXIS2_PLACEMENT_3D('',#11886,#11887,#11888);
#8305=EDGE_LOOP('',(#11889,#11890,#11891,#11892));
#8306=AXIS2_PLACEMENT_3D('',#11893,#11894,#11895);
#8307=EDGE_LOOP('',(#11896,#11897,#11898,#11899,#11900));
#8308=AXIS2_PLACEMENT_3D('',#11901,#11902,#11903);
#8309=EDGE_LOOP('',(#11904,#11905,#11906,#11907,#11908,#11909,#11910,#11911));
#8310=AXIS2_PLACEMENT_3D('',#11912,#11913,#11914);
#8311=EDGE_LOOP('',(#11915,#11916,#11917,#11918,#11919,#11920));
#8312=AXIS2_PLACEMENT_3D('',#11921,#11922,#11923);
#8313=EDGE_LOOP('',(#11924,#11925,#11926,#11927,#11928,#11929,#11930,#11931));
#8314=AXIS2_PLACEMENT_3D('',#11932,#11933,#11934);
#8315=EDGE_LOOP('',(#11935,#11936,#11937,#11938,#11939,#11940));
#8316=AXIS2_PLACEMENT_3D('',#11941,#11942,#11943);
#8317=EDGE_LOOP('',(#11944,#11945,#11946,#11947,#11948,#11949,#11950,#11951));
#8318=AXIS2_PLACEMENT_3D('',#11952,#11953,#11954);
#8319=EDGE_LOOP('',(#11955,#11956,#11957,#11958));
#8320=AXIS2_PLACEMENT_3D('',#11959,#11960,#11961);
#8321=EDGE_LOOP('',(#11962,#11963,#11964,#11965));
#8322=AXIS2_PLACEMENT_3D('',#11966,#11967,#11968);
#8323=EDGE_LOOP('',(#11969,#11970,#11971,#11972));
#8324=AXIS2_PLACEMENT_3D('',#11973,#11974,#11975);
#8325=EDGE_LOOP('',(#11976,#11977,#11978,#11979,#11980,#11981));
#8326=AXIS2_PLACEMENT_3D('',#11982,#11983,#11984);
#8327=EDGE_LOOP('',(#11985,#11986,#11987,#11988));
#8328=AXIS2_PLACEMENT_3D('',#11989,#11990,#11991);
#8329=EDGE_LOOP('',(#11992,#11993,#11994,#11995));
#8330=AXIS2_PLACEMENT_3D('',#11996,#11997,#11998);
#8331=EDGE_LOOP('',(#11999,#12000,#12001,#12002,#12003,#12004,#12005,#12006,#12007,#12008,#12009,#12010,#12011,#12012,#12013,#12014,#12015,#12016,#12017,#12018,#12019,#12020,#12021,#12022,#12023,#12024,#12025,#12026,#12027,#12028,#12029,#12030,#12031,#12032,#12033,#12034,#12035,#12036));
#8332=AXIS2_PLACEMENT_3D('',#12037,#12038,#12039);
#8333=EDGE_LOOP('',(#12040,#12041,#12042,#12043));
#8334=AXIS2_PLACEMENT_3D('',#12044,#12045,#12046);
#8335=EDGE_LOOP('',(#12047,#12048,#12049,#12050));
#8336=AXIS2_PLACEMENT_3D('',#12051,#12052,#12053);
#8337=EDGE_LOOP('',(#12054,#12055,#12056,#12057));
#8338=AXIS2_PLACEMENT_3D('',#12058,#12059,#12060);
#8339=EDGE_LOOP('',(#12061,#12062,#12063,#12064,#12065));
#8340=AXIS2_PLACEMENT_3D('',#12066,#12067,#12068);
#8341=EDGE_LOOP('',(#12069,#12070,#12071,#12072,#12073,#12074,#12075,#12076,#12077));
#8342=AXIS2_PLACEMENT_3D('',#12078,#12079,#12080);
#8343=EDGE_LOOP('',(#12081,#12082,#12083,#12084));
#8344=AXIS2_PLACEMENT_3D('',#12085,#12086,#12087);
#8345=EDGE_LOOP('',(#12088,#12089,#12090,#12091));
#8346=AXIS2_PLACEMENT_3D('',#12092,#12093,#12094);
#8347=EDGE_LOOP('',(#12095,#12096,#12097,#12098));
#8348=AXIS2_PLACEMENT_3D('',#12099,#12100,#12101);
#8349=EDGE_LOOP('',(#12102,#12103,#12104,#12105));
#8350=AXIS2_PLACEMENT_3D('',#12106,#12107,#12108);
#8351=EDGE_LOOP('',(#12109,#12110,#12111,#12112));
#8352=AXIS2_PLACEMENT_3D('',#12113,#12114,#12115);
#8353=EDGE_LOOP('',(#12116,#12117,#12118,#12119));
#8354=AXIS2_PLACEMENT_3D('',#12120,#12121,#12122);
#8355=EDGE_LOOP('',(#12123,#12124,#12125,#12126));
#8356=AXIS2_PLACEMENT_3D('',#12127,#12128,#12129);
#8357=EDGE_LOOP('',(#12130,#12131,#12132,#12133));
#8358=AXIS2_PLACEMENT_3D('',#12134,#12135,#12136);
#8359=EDGE_LOOP('',(#12137,#12138,#12139,#12140));
#8360=AXIS2_PLACEMENT_3D('',#12141,#12142,#12143);
#8361=EDGE_LOOP('',(#12144,#12145,#12146,#12147));
#8362=AXIS2_PLACEMENT_3D('',#12148,#12149,#12150);
#8363=FILL_AREA_STYLE_COLOUR('',#12151);
#8364=VERTEX_POINT('',#12152);
#8365=VERTEX_POINT('',#12153);
#8366=LINE('',#12154,#12155);
#8367=VERTEX_POINT('',#12156);
#8368=CIRCLE('',#12157,1.0);
#8369=VERTEX_POINT('',#12158);
#8370=LINE('',#12159,#12160);
#8371=CIRCLE('',#12161,1.0);
#8372=FILL_AREA_STYLE_COLOUR('',#12162);
#8373=VERTEX_POINT('',#12163);
#8374=VERTEX_POINT('',#12164);
#8375=LINE('',#12165,#12166);
#8376=VERTEX_POINT('',#12167);
#8377=CIRCLE('',#12168,1.0);
#8378=VERTEX_POINT('',#12169);
#8379=LINE('',#12170,#12171);
#8380=CIRCLE('',#12172,1.0);
#8381=FILL_AREA_STYLE_COLOUR('',#12173);
#8382=VERTEX_POINT('',#12174);
#8383=VERTEX_POINT('',#12175);
#8384=CIRCLE('',#12176,0.369999999999995);
#8385=VERTEX_POINT('',#12177);
#8386=CIRCLE('',#12178,0.3527636339397);
#8387=VERTEX_POINT('',#12179);
#8388=CIRCLE('',#12180,0.37);
#8389=CIRCLE('',#12181,0.08);
#8390=FILL_AREA_STYLE_COLOUR('',#12182);
#8391=VERTEX_POINT('',#12183);
#8392=VERTEX_POINT('',#12184);
#8393=CIRCLE('',#12185,0.370000000000038);
#8394=VERTEX_POINT('',#12186);
#8395=CIRCLE('',#12187,0.08);
#8396=VERTEX_POINT('',#12188);
#8397=CIRCLE('',#12189,0.37);
#8398=CIRCLE('',#12190,0.3527636339397);
#8399=FILL_AREA_STYLE_COLOUR('',#12191);
#8400=VERTEX_POINT('',#12192);
#8401=VERTEX_POINT('',#12193);
#8402=CIRCLE('',#12194,0.370000000000038);
#8403=VERTEX_POINT('',#12195);
#8404=CIRCLE('',#12196,0.3527636339397);
#8405=VERTEX_POINT('',#12197);
#8406=CIRCLE('',#12198,0.37);
#8407=CIRCLE('',#12199,0.08);
#8408=FILL_AREA_STYLE_COLOUR('',#12200);
#8409=VERTEX_POINT('',#12201);
#8410=VERTEX_POINT('',#12202);
#8411=CIRCLE('',#12203,0.369999999999995);
#8412=VERTEX_POINT('',#12204);
#8413=CIRCLE('',#12205,0.08);
#8414=VERTEX_POINT('',#12206);
#8415=CIRCLE('',#12207,0.37);
#8416=CIRCLE('',#12208,0.3527636339397);
#8417=FILL_AREA_STYLE_COLOUR('',#12209);
#8418=VERTEX_POINT('',#12210);
#8419=VERTEX_POINT('',#12211);
#8420=CIRCLE('',#12212,0.369999999999981);
#8421=VERTEX_POINT('',#12213);
#8422=CIRCLE('',#12214,0.3527636339397);
#8423=VERTEX_POINT('',#12215);
#8424=CIRCLE('',#12216,0.37);
#8425=CIRCLE('',#12217,0.08);
#8426=FILL_AREA_STYLE_COLOUR('',#12218);
#8427=VERTEX_POINT('',#12219);
#8428=VERTEX_POINT('',#12220);
#8429=CIRCLE('',#12221,0.370000000000011);
#8430=VERTEX_POINT('',#12222);
#8431=CIRCLE('',#12223,0.08);
#8432=VERTEX_POINT('',#12224);
#8433=CIRCLE('',#12225,0.37);
#8434=CIRCLE('',#12226,0.3527636339397);
#8435=FILL_AREA_STYLE_COLOUR('',#12227);
#8436=VERTEX_POINT('',#12228);
#8437=VERTEX_POINT('',#12229);
#8438=CIRCLE('',#12230,0.370000000000052);
#8439=VERTEX_POINT('',#12231);
#8440=CIRCLE('',#12232,0.3527636339397);
#8441=VERTEX_POINT('',#12233);
#8442=CIRCLE('',#12234,0.370000000000005);
#8443=CIRCLE('',#12235,0.08);
#8444=FILL_AREA_STYLE_COLOUR('',#12236);
#8445=VERTEX_POINT('',#12237);
#8446=VERTEX_POINT('',#12238);
#8447=CIRCLE('',#12239,0.370000000000038);
#8448=VERTEX_POINT('',#12240);
#8449=CIRCLE('',#12241,0.08);
#8450=VERTEX_POINT('',#12242);
#8451=CIRCLE('',#12243,0.370000000000005);
#8452=CIRCLE('',#12244,0.3527636339397);
#8453=FILL_AREA_STYLE_COLOUR('',#12245);
#8454=VERTEX_POINT('',#12246);
#8455=VERTEX_POINT('',#12247);
#8456=LINE('',#12248,#12249);
#8457=VERTEX_POINT('',#12250);
#8458=CIRCLE('',#12251,0.399999999999976);
#8459=VERTEX_POINT('',#12252);
#8460=LINE('',#12253,#12254);
#8461=CIRCLE('',#12255,0.399999999999976);
#8462=FILL_AREA_STYLE_COLOUR('',#12256);
#8463=VERTEX_POINT('',#12257);
#8464=VERTEX_POINT('',#12258);
#8465=LINE('',#12259,#12260);
#8466=VERTEX_POINT('',#12261);
#8467=CIRCLE('',#12262,0.399999999999985);
#8468=VERTEX_POINT('',#12263);
#8469=LINE('',#12264,#12265);
#8470=CIRCLE('',#12266,0.399999999999985);
#8471=FILL_AREA_STYLE_COLOUR('',#12267);
#8472=VERTEX_POINT('',#12268);
#8473=VERTEX_POINT('',#12269);
#8474=LINE('',#12270,#12271);
#8475=VERTEX_POINT('',#12272);
#8476=CIRCLE('',#12273,0.399999999999985);
#8477=VERTEX_POINT('',#12274);
#8478=LINE('',#12275,#12276);
#8479=CIRCLE('',#12277,0.399999999999985);
#8480=FILL_AREA_STYLE_COLOUR('',#12278);
#8481=VERTEX_POINT('',#12279);
#8482=VERTEX_POINT('',#12280);
#8483=LINE('',#12281,#12282);
#8484=VERTEX_POINT('',#12283);
#8485=CIRCLE('',#12284,0.399999999999993);
#8486=VERTEX_POINT('',#12285);
#8487=LINE('',#12286,#12287);
#8488=CIRCLE('',#12288,0.399999999999993);
#8489=FILL_AREA_STYLE_COLOUR('',#12289);
#8490=VERTEX_POINT('',#12290);
#8491=VERTEX_POINT('',#12291);
#8492=LINE('',#12292,#12293);
#8493=VERTEX_POINT('',#12294);
#8494=LINE('',#12295,#12296);
#8495=VERTEX_POINT('',#12297);
#8496=LINE('',#12298,#12299);
#8497=LINE('',#12300,#12301);
#8498=FILL_AREA_STYLE_COLOUR('',#12302);
#8499=VERTEX_POINT('',#12303);
#8500=LINE('',#12304,#12305);
#8501=VERTEX_POINT('',#12306);
#8502=LINE('',#12307,#12308);
#8503=LINE('',#12309,#12310);
#8504=FILL_AREA_STYLE_COLOUR('',#12311);
#8505=VERTEX_POINT('',#12312);
#8506=VERTEX_POINT('',#12313);
#8507=LINE('',#12314,#12315);
#8508=VERTEX_POINT('',#12316);
#8509=LINE('',#12317,#12318);
#8510=VERTEX_POINT('',#12319);
#8511=LINE('',#12320,#12321);
#8512=LINE('',#12322,#12323);
#8513=FILL_AREA_STYLE_COLOUR('',#12324);
#8514=VERTEX_POINT('',#12325);
#8515=VERTEX_POINT('',#12326);
#8516=LINE('',#12327,#12328);
#8517=VERTEX_POINT('',#12329);
#8518=LINE('',#12330,#12331);
#8519=VERTEX_POINT('',#12332);
#8520=LINE('',#12333,#12334);
#8521=LINE('',#12335,#12336);
#8522=FILL_AREA_STYLE_COLOUR('',#12337);
#8523=VERTEX_POINT('',#12338);
#8524=LINE('',#12339,#12340);
#8525=VERTEX_POINT('',#12341);
#8526=LINE('',#12342,#12343);
#8527=LINE('',#12344,#12345);
#8528=FILL_AREA_STYLE_COLOUR('',#12346);
#8529=VERTEX_POINT('',#12347);
#8530=VERTEX_POINT('',#12348);
#8531=LINE('',#12349,#12350);
#8532=VERTEX_POINT('',#12351);
#8533=LINE('',#12352,#12353);
#8534=VERTEX_POINT('',#12354);
#8535=CIRCLE('',#12355,0.45000000000001);
#8536=VERTEX_POINT('',#12356);
#8537=LINE('',#12357,#12358);
#8538=VERTEX_POINT('',#12359);
#8539=CIRCLE('',#12360,0.149999999999989);
#8540=LINE('',#12361,#12362);
#8541=FILL_AREA_STYLE_COLOUR('',#12363);
#8542=VERTEX_POINT('',#12364);
#8543=VERTEX_POINT('',#12365);
#8544=LINE('',#12366,#12367);
#8545=LINE('',#12368,#12369);
#8546=LINE('',#12370,#12371);
#8547=FILL_AREA_STYLE_COLOUR('',#12372);
#8548=VERTEX_POINT('',#12373);
#8549=LINE('',#12374,#12375);
#8550=VERTEX_POINT('',#12376);
#8551=LINE('',#12377,#12378);
#8552=LINE('',#12379,#12380);
#8553=FILL_AREA_STYLE_COLOUR('',#12381);
#8554=LINE('',#12382,#12383);
#8555=VERTEX_POINT('',#12384);
#8556=CIRCLE('',#12385,0.149999999999989);
#8557=VERTEX_POINT('',#12386);
#8558=LINE('',#12387,#12388);
#8559=CIRCLE('',#12389,0.45000000000001);
#8560=FILL_AREA_STYLE_COLOUR('',#12390);
#8561=VERTEX_POINT('',#12391);
#8562=VERTEX_POINT('',#12392);
#8563=LINE('',#12393,#12394);
#8564=VERTEX_POINT('',#12395);
#8565=CIRCLE('',#12396,0.400000000000011);
#8566=VERTEX_POINT('',#12397);
#8567=LINE('',#12398,#12399);
#8568=CIRCLE('',#12400,0.400000000000011);
#8569=FILL_AREA_STYLE_COLOUR('',#12401);
#8570=VERTEX_POINT('',#12402);
#8571=VERTEX_POINT('',#12403);
#8572=LINE('',#12404,#12405);
#8573=LINE('',#12406,#12407);
#8574=LINE('',#12408,#12409);
#8575=FILL_AREA_STYLE_COLOUR('',#12410);
#8576=VERTEX_POINT('',#12411);
#8577=LINE('',#12412,#12413);
#8578=VERTEX_POINT('',#12414);
#8579=LINE('',#12415,#12416);
#8580=LINE('',#12417,#12418);
#8581=FILL_AREA_STYLE_COLOUR('',#12419);
#8582=VERTEX_POINT('',#12420);
#8583=VERTEX_POINT('',#12421);
#8584=LINE('',#12422,#12423);
#8585=LINE('',#12424,#12425);
#8586=LINE('',#12426,#12427);
#8587=FILL_AREA_STYLE_COLOUR('',#12428);
#8588=VERTEX_POINT('',#12429);
#8589=VERTEX_POINT('',#12430);
#8590=LINE('',#12431,#12432);
#8591=CIRCLE('',#12433,0.150000000000025);
#8592=CIRCLE('',#12434,0.150000000000025);
#8593=FILL_AREA_STYLE_COLOUR('',#12435);
#8594=VERTEX_POINT('',#12436);
#8595=VERTEX_POINT('',#12437);
#8596=LINE('',#12438,#12439);
#8597=LINE('',#12440,#12441);
#8598=LINE('',#12442,#12443);
#8599=FILL_AREA_STYLE_COLOUR('',#12444);
#8600=VERTEX_POINT('',#12445);
#8601=LINE('',#12446,#12447);
#8602=VERTEX_POINT('',#12448);
#8603=LINE('',#12449,#12450);
#8604=LINE('',#12451,#12452);
#8605=FILL_AREA_STYLE_COLOUR('',#12453);
#8606=VERTEX_POINT('',#12454);
#8607=LINE('',#12455,#12456);
#8608=CIRCLE('',#12457,0.149999999999971);
#8609=CIRCLE('',#12458,0.399999999999993);
#8610=FILL_AREA_STYLE_COLOUR('',#12459);
#8611=VERTEX_POINT('',#12460);
#8612=CIRCLE('',#12461,0.149999999999971);
#8613=LINE('',#12462,#12463);
#8614=CIRCLE('',#12464,0.399999999999993);
#8615=FILL_AREA_STYLE_COLOUR('',#12465);
#8616=FILL_AREA_STYLE_COLOUR('',#12466);
#8617=LINE('',#12467,#12468);
#8618=FILL_AREA_STYLE_COLOUR('',#12469);
#8619=VERTEX_POINT('',#12470);
#8620=LINE('',#12471,#12472);
#8621=VERTEX_POINT('',#12473);
#8622=LINE('',#12474,#12475);
#8623=LINE('',#12476,#12477);
#8624=FILL_AREA_STYLE_COLOUR('',#12478);
#8625=VERTEX_POINT('',#12479);
#8626=LINE('',#12480,#12481);
#8627=VERTEX_POINT('',#12482);
#8628=LINE('',#12483,#12484);
#8629=LINE('',#12485,#12486);
#8630=FILL_AREA_STYLE_COLOUR('',#12487);
#8631=VERTEX_POINT('',#12488);
#8632=VERTEX_POINT('',#12489);
#8633=LINE('',#12490,#12491);
#8634=VERTEX_POINT('',#12492);
#8635=LINE('',#12493,#12494);
#8636=VERTEX_POINT('',#12495);
#8637=LINE('',#12496,#12497);
#8638=LINE('',#12498,#12499);
#8639=FILL_AREA_STYLE_COLOUR('',#12500);
#8640=VERTEX_POINT('',#12501);
#8641=VERTEX_POINT('',#12502);
#8642=LINE('',#12503,#12504);
#8643=CIRCLE('',#12505,0.149999999999993);
#8644=CIRCLE('',#12506,0.149999999999993);
#8645=FILL_AREA_STYLE_COLOUR('',#12507);
#8646=VERTEX_POINT('',#12508);
#8647=VERTEX_POINT('',#12509);
#8648=LINE('',#12510,#12511);
#8649=VERTEX_POINT('',#12512);
#8650=LINE('',#12513,#12514);
#8651=VERTEX_POINT('',#12515);
#8652=LINE('',#12516,#12517);
#8653=LINE('',#12518,#12519);
#8654=FILL_AREA_STYLE_COLOUR('',#12520);
#8655=VERTEX_POINT('',#12521);
#8656=VERTEX_POINT('',#12522);
#8657=LINE('',#12523,#12524);
#8658=LINE('',#12525,#12526);
#8659=LINE('',#12527,#12528);
#8660=FILL_AREA_STYLE_COLOUR('',#12529);
#8661=VERTEX_POINT('',#12530);
#8662=VERTEX_POINT('',#12531);
#8663=LINE('',#12532,#12533);
#8664=LINE('',#12534,#12535);
#8665=LINE('',#12536,#12537);
#8666=FILL_AREA_STYLE_COLOUR('',#12538);
#8667=VERTEX_POINT('',#12539);
#8668=VERTEX_POINT('',#12540);
#8669=LINE('',#12541,#12542);
#8670=VERTEX_POINT('',#12543);
#8671=CIRCLE('',#12544,0.2);
#8672=VERTEX_POINT('',#12545);
#8673=LINE('',#12546,#12547);
#8674=VERTEX_POINT('',#12548);
#8675=CIRCLE('',#12549,0.35);
#8676=VERTEX_POINT('',#12550);
#8677=LINE('',#12551,#12552);
#8678=VERTEX_POINT('',#12553);
#8679=LINE('',#12554,#12555);
#8680=LINE('',#12556,#12557);
#8681=CIRCLE('',#12558,0.4);
#8682=FILL_AREA_STYLE_COLOUR('',#12559);
#8683=VERTEX_POINT('',#12560);
#8684=VERTEX_POINT('',#12561);
#8685=LINE('',#12562,#12563);
#8686=LINE('',#12564,#12565);
#8687=LINE('',#12566,#12567);
#8688=FILL_AREA_STYLE_COLOUR('',#12568);
#8689=VERTEX_POINT('',#12569);
#8690=VERTEX_POINT('',#12570);
#8691=LINE('',#12571,#12572);
#8692=CIRCLE('',#12573,0.4);
#8693=VERTEX_POINT('',#12574);
#8694=LINE('',#12575,#12576);
#8695=VERTEX_POINT('',#12577);
#8696=LINE('',#12578,#12579);
#8697=VERTEX_POINT('',#12580);
#8698=LINE('',#12581,#12582);
#8699=VERTEX_POINT('',#12583);
#8700=CIRCLE('',#12584,0.35);
#8701=VERTEX_POINT('',#12585);
#8702=LINE('',#12586,#12587);
#8703=CIRCLE('',#12588,0.2);
#8704=FILL_AREA_STYLE_COLOUR('',#12589);
#8705=VERTEX_POINT('',#12590);
#8706=VERTEX_POINT('',#12591);
#8707=LINE('',#12592,#12593);
#8708=LINE('',#12594,#12595);
#8709=LINE('',#12596,#12597);
#8710=FILL_AREA_STYLE_COLOUR('',#12598);
#8711=LINE('',#12599,#12600);
#8712=FILL_AREA_STYLE_COLOUR('',#12601);
#8713=VERTEX_POINT('',#12602);
#8714=VERTEX_POINT('',#12603);
#8715=LINE('',#12604,#12605);
#8716=VERTEX_POINT('',#12606);
#8717=LINE('',#12607,#12608);
#8718=VERTEX_POINT('',#12609);
#8719=LINE('',#12610,#12611);
#8720=LINE('',#12612,#12613);
#8721=FILL_AREA_STYLE_COLOUR('',#12614);
#8722=VERTEX_POINT('',#12615);
#8723=VERTEX_POINT('',#12616);
#8724=LINE('',#12617,#12618);
#8725=LINE('',#12619,#12620);
#8726=LINE('',#12621,#12622);
#8727=FILL_AREA_STYLE_COLOUR('',#12623);
#8728=VERTEX_POINT('',#12624);
#8729=VERTEX_POINT('',#12625);
#8730=LINE('',#12626,#12627);
#8731=LINE('',#12628,#12629);
#8732=LINE('',#12630,#12631);
#8733=FILL_AREA_STYLE_COLOUR('',#12632);
#8734=VERTEX_POINT('',#12633);
#8735=VERTEX_POINT('',#12634);
#8736=LINE('',#12635,#12636);
#8737=VERTEX_POINT('',#12637);
#8738=LINE('',#12638,#12639);
#8739=VERTEX_POINT('',#12640);
#8740=LINE('',#12641,#12642);
#8741=LINE('',#12643,#12644);
#8742=FILL_AREA_STYLE_COLOUR('',#12645);
#8743=VERTEX_POINT('',#12646);
#8744=VERTEX_POINT('',#12647);
#8745=LINE('',#12648,#12649);
#8746=VERTEX_POINT('',#12650);
#8747=LINE('',#12651,#12652);
#8748=LINE('',#12653,#12654);
#8749=LINE('',#12655,#12656);
#8750=LINE('',#12657,#12658);
#8751=FILL_AREA_STYLE_COLOUR('',#12659);
#8752=VERTEX_POINT('',#12660);
#8753=VERTEX_POINT('',#12661);
#8754=LINE('',#12662,#12663);
#8755=VERTEX_POINT('',#12664);
#8756=LINE('',#12665,#12666);
#8757=VERTEX_POINT('',#12667);
#8758=LINE('',#12668,#12669);
#8759=LINE('',#12670,#12671);
#8760=VERTEX_POINT('',#12672);
#8761=LINE('',#12673,#12674);
#8762=LINE('',#12675,#12676);
#8763=FILL_AREA_STYLE_COLOUR('',#12677);
#8764=VERTEX_POINT('',#12678);
#8765=VERTEX_POINT('',#12679);
#8766=LINE('',#12680,#12681);
#8767=LINE('',#12682,#12683);
#8768=LINE('',#12684,#12685);
#8769=FILL_AREA_STYLE_COLOUR('',#12686);
#8770=LINE('',#12687,#12688);
#8771=LINE('',#12689,#12690);
#8772=LINE('',#12691,#12692);
#8773=LINE('',#12693,#12694);
#8774=FILL_AREA_STYLE_COLOUR('',#12695);
#8775=LINE('',#12696,#12697);
#8776=FILL_AREA_STYLE_COLOUR('',#12698);
#8777=VERTEX_POINT('',#12699);
#8778=VERTEX_POINT('',#12700);
#8779=LINE('',#12701,#12702);
#8780=VERTEX_POINT('',#12703);
#8781=CIRCLE('',#12704,0.150000000000005);
#8782=VERTEX_POINT('',#12705);
#8783=LINE('',#12706,#12707);
#8784=CIRCLE('',#12708,0.150000000000005);
#8785=FILL_AREA_STYLE_COLOUR('',#12709);
#8786=VERTEX_POINT('',#12710);
#8787=LINE('',#12711,#12712);
#8788=VERTEX_POINT('',#12713);
#8789=LINE('',#12714,#12715);
#8790=LINE('',#12716,#12717);
#8791=FILL_AREA_STYLE_COLOUR('',#12718);
#8792=VERTEX_POINT('',#12719);
#8793=LINE('',#12720,#12721);
#8794=VERTEX_POINT('',#12722);
#8795=LINE('',#12723,#12724);
#8796=LINE('',#12725,#12726);
#8797=FILL_AREA_STYLE_COLOUR('',#12727);
#8798=VERTEX_POINT('',#12728);
#8799=LINE('',#12729,#12730);
#8800=VERTEX_POINT('',#12731);
#8801=LINE('',#12732,#12733);
#8802=LINE('',#12734,#12735);
#8803=FILL_AREA_STYLE_COLOUR('',#12736);
#8804=VERTEX_POINT('',#12737);
#8805=CIRCLE('',#12738,0.400000000000012);
#8806=VERTEX_POINT('',#12739);
#8807=LINE('',#12740,#12741);
#8808=CIRCLE('',#12742,0.400000000000012);
#8809=FILL_AREA_STYLE_COLOUR('',#12743);
#8810=VERTEX_POINT('',#12744);
#8811=VERTEX_POINT('',#12745);
#8812=LINE('',#12746,#12747);
#8813=LINE('',#12748,#12749);
#8814=LINE('',#12750,#12751);
#8815=FILL_AREA_STYLE_COLOUR('',#12752);
#8816=VERTEX_POINT('',#12753);
#8817=LINE('',#12754,#12755);
#8818=VERTEX_POINT('',#12756);
#8819=LINE('',#12757,#12758);
#8820=LINE('',#12759,#12760);
#8821=FILL_AREA_STYLE_COLOUR('',#12761);
#8822=VERTEX_POINT('',#12762);
#8823=CIRCLE('',#12763,0.149999999999995);
#8824=LINE('',#12764,#12765);
#8825=CIRCLE('',#12766,0.399999999999985);
#8826=FILL_AREA_STYLE_COLOUR('',#12767);
#8827=VERTEX_POINT('',#12768);
#8828=LINE('',#12769,#12770);
#8829=CIRCLE('',#12771,0.149999999999995);
#8830=CIRCLE('',#12772,0.399999999999985);
#8831=FILL_AREA_STYLE_COLOUR('',#12773);
#8832=FILL_AREA_STYLE_COLOUR('',#12774);
#8833=LINE('',#12775,#12776);
#8834=FILL_AREA_STYLE_COLOUR('',#12777);
#8835=VERTEX_POINT('',#12778);
#8836=LINE('',#12779,#12780);
#8837=VERTEX_POINT('',#12781);
#8838=LINE('',#12782,#12783);
#8839=LINE('',#12784,#12785);
#8840=FILL_AREA_STYLE_COLOUR('',#12786);
#8841=VERTEX_POINT('',#12787);
#8842=LINE('',#12788,#12789);
#8843=VERTEX_POINT('',#12790);
#8844=LINE('',#12791,#12792);
#8845=LINE('',#12793,#12794);
#8846=FILL_AREA_STYLE_COLOUR('',#12795);
#8847=VERTEX_POINT('',#12796);
#8848=VERTEX_POINT('',#12797);
#8849=LINE('',#12798,#12799);
#8850=VERTEX_POINT('',#12800);
#8851=LINE('',#12801,#12802);
#8852=VERTEX_POINT('',#12803);
#8853=LINE('',#12804,#12805);
#8854=LINE('',#12806,#12807);
#8855=FILL_AREA_STYLE_COLOUR('',#12808);
#8856=VERTEX_POINT('',#12809);
#8857=VERTEX_POINT('',#12810);
#8858=LINE('',#12811,#12812);
#8859=CIRCLE('',#12813,0.149999999999996);
#8860=CIRCLE('',#12814,0.149999999999996);
#8861=FILL_AREA_STYLE_COLOUR('',#12815);
#8862=VERTEX_POINT('',#12816);
#8863=VERTEX_POINT('',#12817);
#8864=LINE('',#12818,#12819);
#8865=VERTEX_POINT('',#12820);
#8866=LINE('',#12821,#12822);
#8867=VERTEX_POINT('',#12823);
#8868=LINE('',#12824,#12825);
#8869=LINE('',#12826,#12827);
#8870=FILL_AREA_STYLE_COLOUR('',#12828);
#8871=VERTEX_POINT('',#12829);
#8872=VERTEX_POINT('',#12830);
#8873=LINE('',#12831,#12832);
#8874=VERTEX_POINT('',#12833);
#8875=LINE('',#12834,#12835);
#8876=VERTEX_POINT('',#12836);
#8877=LINE('',#12837,#12838);
#8878=LINE('',#12839,#12840);
#8879=FILL_AREA_STYLE_COLOUR('',#12841);
#8880=LINE('',#12842,#12843);
#8881=LINE('',#12844,#12845);
#8882=FILL_AREA_STYLE_COLOUR('',#12846);
#8883=VERTEX_POINT('',#12847);
#8884=VERTEX_POINT('',#12848);
#8885=LINE('',#12849,#12850);
#8886=VERTEX_POINT('',#12851);
#8887=LINE('',#12852,#12853);
#8888=VERTEX_POINT('',#12854);
#8889=LINE('',#12855,#12856);
#8890=VERTEX_POINT('',#12857);
#8891=LINE('',#12858,#12859);
#8892=LINE('',#12860,#12861);
#8893=LINE('',#12862,#12863);
#8894=FILL_AREA_STYLE_COLOUR('',#12864);
#8895=VERTEX_POINT('',#12865);
#8896=VERTEX_POINT('',#12866);
#8897=LINE('',#12867,#12868);
#8898=LINE('',#12869,#12870);
#8899=LINE('',#12871,#12872);
#8900=FILL_AREA_STYLE_COLOUR('',#12873);
#8901=VERTEX_POINT('',#12874);
#8902=VERTEX_POINT('',#12875);
#8903=LINE('',#12876,#12877);
#8904=VERTEX_POINT('',#12878);
#8905=LINE('',#12879,#12880);
#8906=VERTEX_POINT('',#12881);
#8907=LINE('',#12882,#12883);
#8908=LINE('',#12884,#12885);
#8909=VERTEX_POINT('',#12886);
#8910=LINE('',#12887,#12888);
#8911=LINE('',#12889,#12890);
#8912=FILL_AREA_STYLE_COLOUR('',#12891);
#8913=VERTEX_POINT('',#12892);
#8914=VERTEX_POINT('',#12893);
#8915=LINE('',#12894,#12895);
#8916=LINE('',#12896,#12897);
#8917=LINE('',#12898,#12899);
#8918=FILL_AREA_STYLE_COLOUR('',#12900);
#8919=VERTEX_POINT('',#12901);
#8920=VERTEX_POINT('',#12902);
#8921=LINE('',#12903,#12904);
#8922=VERTEX_POINT('',#12905);
#8923=LINE('',#12906,#12907);
#8924=VERTEX_POINT('',#12908);
#8925=LINE('',#12909,#12910);
#8926=LINE('',#12911,#12912);
#8927=FILL_AREA_STYLE_COLOUR('',#12913);
#8928=VERTEX_POINT('',#12914);
#8929=VERTEX_POINT('',#12915);
#8930=LINE('',#12916,#12917);
#8931=LINE('',#12918,#12919);
#8932=LINE('',#12920,#12921);
#8933=FILL_AREA_STYLE_COLOUR('',#12922);
#8934=VERTEX_POINT('',#12923);
#8935=VERTEX_POINT('',#12924);
#8936=LINE('',#12925,#12926);
#8937=LINE('',#12927,#12928);
#8938=LINE('',#12929,#12930);
#8939=FILL_AREA_STYLE_COLOUR('',#12931);
#8940=VERTEX_POINT('',#12932);
#8941=VERTEX_POINT('',#12933);
#8942=LINE('',#12934,#12935);
#8943=VERTEX_POINT('',#12936);
#8944=CIRCLE('',#12937,0.2);
#8945=VERTEX_POINT('',#12938);
#8946=LINE('',#12939,#12940);
#8947=VERTEX_POINT('',#12941);
#8948=CIRCLE('',#12942,0.35);
#8949=VERTEX_POINT('',#12943);
#8950=LINE('',#12944,#12945);
#8951=VERTEX_POINT('',#12946);
#8952=LINE('',#12947,#12948);
#8953=LINE('',#12949,#12950);
#8954=CIRCLE('',#12951,0.4);
#8955=FILL_AREA_STYLE_COLOUR('',#12952);
#8956=VERTEX_POINT('',#12953);
#8957=VERTEX_POINT('',#12954);
#8958=LINE('',#12955,#12956);
#8959=LINE('',#12957,#12958);
#8960=LINE('',#12959,#12960);
#8961=FILL_AREA_STYLE_COLOUR('',#12961);
#8962=VERTEX_POINT('',#12962);
#8963=VERTEX_POINT('',#12963);
#8964=LINE('',#12964,#12965);
#8965=CIRCLE('',#12966,0.4);
#8966=VERTEX_POINT('',#12967);
#8967=LINE('',#12968,#12969);
#8968=VERTEX_POINT('',#12970);
#8969=LINE('',#12971,#12972);
#8970=VERTEX_POINT('',#12973);
#8971=LINE('',#12974,#12975);
#8972=VERTEX_POINT('',#12976);
#8973=CIRCLE('',#12977,0.35);
#8974=VERTEX_POINT('',#12978);
#8975=LINE('',#12979,#12980);
#8976=CIRCLE('',#12981,0.2);
#8977=FILL_AREA_STYLE_COLOUR('',#12982);
#8978=VERTEX_POINT('',#12983);
#8979=VERTEX_POINT('',#12984);
#8980=LINE('',#12985,#12986);
#8981=LINE('',#12987,#12988);
#8982=LINE('',#12989,#12990);
#8983=FILL_AREA_STYLE_COLOUR('',#12991);
#8984=LINE('',#12992,#12993);
#8985=FILL_AREA_STYLE_COLOUR('',#12994);
#8986=LINE('',#12995,#12996);
#8987=LINE('',#12997,#12998);
#8988=LINE('',#12999,#13000);
#8989=LINE('',#13001,#13002);
#8990=FILL_AREA_STYLE_COLOUR('',#13003);
#8991=LINE('',#13004,#13005);
#8992=FILL_AREA_STYLE_COLOUR('',#13006);
#8993=VERTEX_POINT('',#13007);
#8994=VERTEX_POINT('',#13008);
#8995=LINE('',#13009,#13010);
#8996=VERTEX_POINT('',#13011);
#8997=CIRCLE('',#13012,0.149999999999991);
#8998=VERTEX_POINT('',#13013);
#8999=LINE('',#13014,#13015);
#9000=CIRCLE('',#13016,0.149999999999991);
#9001=FILL_AREA_STYLE_COLOUR('',#13017);
#9002=VERTEX_POINT('',#13018);
#9003=LINE('',#13019,#13020);
#9004=VERTEX_POINT('',#13021);
#9005=LINE('',#13022,#13023);
#9006=LINE('',#13024,#13025);
#9007=FILL_AREA_STYLE_COLOUR('',#13026);
#9008=VERTEX_POINT('',#13027);
#9009=LINE('',#13028,#13029);
#9010=VERTEX_POINT('',#13030);
#9011=LINE('',#13031,#13032);
#9012=LINE('',#13033,#13034);
#9013=FILL_AREA_STYLE_COLOUR('',#13035);
#9014=VERTEX_POINT('',#13036);
#9015=LINE('',#13037,#13038);
#9016=VERTEX_POINT('',#13039);
#9017=LINE('',#13040,#13041);
#9018=LINE('',#13042,#13043);
#9019=FILL_AREA_STYLE_COLOUR('',#13044);
#9020=VERTEX_POINT('',#13045);
#9021=CIRCLE('',#13046,0.400000000000009);
#9022=VERTEX_POINT('',#13047);
#9023=LINE('',#13048,#13049);
#9024=CIRCLE('',#13050,0.400000000000009);
#9025=FILL_AREA_STYLE_COLOUR('',#13051);
#9026=VERTEX_POINT('',#13052);
#9027=VERTEX_POINT('',#13053);
#9028=LINE('',#13054,#13055);
#9029=LINE('',#13056,#13057);
#9030=LINE('',#13058,#13059);
#9031=FILL_AREA_STYLE_COLOUR('',#13060);
#9032=VERTEX_POINT('',#13061);
#9033=LINE('',#13062,#13063);
#9034=VERTEX_POINT('',#13064);
#9035=LINE('',#13065,#13066);
#9036=LINE('',#13067,#13068);
#9037=FILL_AREA_STYLE_COLOUR('',#13069);
#9038=VERTEX_POINT('',#13070);
#9039=CIRCLE('',#13071,0.150000000000006);
#9040=LINE('',#13072,#13073);
#9041=CIRCLE('',#13074,0.399999999999985);
#9042=FILL_AREA_STYLE_COLOUR('',#13075);
#9043=VERTEX_POINT('',#13076);
#9044=LINE('',#13077,#13078);
#9045=CIRCLE('',#13079,0.150000000000006);
#9046=CIRCLE('',#13080,0.399999999999985);
#9047=FILL_AREA_STYLE_COLOUR('',#13081);
#9048=FILL_AREA_STYLE_COLOUR('',#13082);
#9049=LINE('',#13083,#13084);
#9050=FILL_AREA_STYLE_COLOUR('',#13085);
#9051=VERTEX_POINT('',#13086);
#9052=LINE('',#13087,#13088);
#9053=VERTEX_POINT('',#13089);
#9054=LINE('',#13090,#13091);
#9055=LINE('',#13092,#13093);
#9056=FILL_AREA_STYLE_COLOUR('',#13094);
#9057=VERTEX_POINT('',#13095);
#9058=LINE('',#13096,#13097);
#9059=VERTEX_POINT('',#13098);
#9060=LINE('',#13099,#13100);
#9061=LINE('',#13101,#13102);
#9062=FILL_AREA_STYLE_COLOUR('',#13103);
#9063=VERTEX_POINT('',#13104);
#9064=VERTEX_POINT('',#13105);
#9065=LINE('',#13106,#13107);
#9066=VERTEX_POINT('',#13108);
#9067=LINE('',#13109,#13110);
#9068=VERTEX_POINT('',#13111);
#9069=LINE('',#13112,#13113);
#9070=LINE('',#13114,#13115);
#9071=FILL_AREA_STYLE_COLOUR('',#13116);
#9072=VERTEX_POINT('',#13117);
#9073=VERTEX_POINT('',#13118);
#9074=LINE('',#13119,#13120);
#9075=CIRCLE('',#13121,0.149999999999998);
#9076=CIRCLE('',#13122,0.149999999999998);
#9077=FILL_AREA_STYLE_COLOUR('',#13123);
#9078=VERTEX_POINT('',#13124);
#9079=VERTEX_POINT('',#13125);
#9080=LINE('',#13126,#13127);
#9081=VERTEX_POINT('',#13128);
#9082=LINE('',#13129,#13130);
#9083=VERTEX_POINT('',#13131);
#9084=LINE('',#13132,#13133);
#9085=LINE('',#13134,#13135);
#9086=FILL_AREA_STYLE_COLOUR('',#13136);
#9087=VERTEX_POINT('',#13137);
#9088=VERTEX_POINT('',#13138);
#9089=LINE('',#13139,#13140);
#9090=LINE('',#13141,#13142);
#9091=LINE('',#13143,#13144);
#9092=FILL_AREA_STYLE_COLOUR('',#13145);
#9093=VERTEX_POINT('',#13146);
#9094=VERTEX_POINT('',#13147);
#9095=LINE('',#13148,#13149);
#9096=LINE('',#13150,#13151);
#9097=LINE('',#13152,#13153);
#9098=FILL_AREA_STYLE_COLOUR('',#13154);
#9099=VERTEX_POINT('',#13155);
#9100=VERTEX_POINT('',#13156);
#9101=LINE('',#13157,#13158);
#9102=VERTEX_POINT('',#13159);
#9103=CIRCLE('',#13160,0.2);
#9104=VERTEX_POINT('',#13161);
#9105=LINE('',#13162,#13163);
#9106=VERTEX_POINT('',#13164);
#9107=CIRCLE('',#13165,0.35);
#9108=VERTEX_POINT('',#13166);
#9109=LINE('',#13167,#13168);
#9110=VERTEX_POINT('',#13169);
#9111=LINE('',#13170,#13171);
#9112=LINE('',#13172,#13173);
#9113=CIRCLE('',#13174,0.4);
#9114=FILL_AREA_STYLE_COLOUR('',#13175);
#9115=VERTEX_POINT('',#13176);
#9116=VERTEX_POINT('',#13177);
#9117=LINE('',#13178,#13179);
#9118=LINE('',#13180,#13181);
#9119=LINE('',#13182,#13183);
#9120=FILL_AREA_STYLE_COLOUR('',#13184);
#9121=VERTEX_POINT('',#13185);
#9122=VERTEX_POINT('',#13186);
#9123=LINE('',#13187,#13188);
#9124=CIRCLE('',#13189,0.4);
#9125=VERTEX_POINT('',#13190);
#9126=LINE('',#13191,#13192);
#9127=VERTEX_POINT('',#13193);
#9128=LINE('',#13194,#13195);
#9129=VERTEX_POINT('',#13196);
#9130=LINE('',#13197,#13198);
#9131=VERTEX_POINT('',#13199);
#9132=CIRCLE('',#13200,0.35);
#9133=VERTEX_POINT('',#13201);
#9134=LINE('',#13202,#13203);
#9135=CIRCLE('',#13204,0.2);
#9136=FILL_AREA_STYLE_COLOUR('',#13205);
#9137=VERTEX_POINT('',#13206);
#9138=VERTEX_POINT('',#13207);
#9139=LINE('',#13208,#13209);
#9140=LINE('',#13210,#13211);
#9141=LINE('',#13212,#13213);
#9142=FILL_AREA_STYLE_COLOUR('',#13214);
#9143=LINE('',#13215,#13216);
#9144=FILL_AREA_STYLE_COLOUR('',#13217);
#9145=VERTEX_POINT('',#13218);
#9146=VERTEX_POINT('',#13219);
#9147=LINE('',#13220,#13221);
#9148=VERTEX_POINT('',#13222);
#9149=LINE('',#13223,#13224);
#9150=VERTEX_POINT('',#13225);
#9151=LINE('',#13226,#13227);
#9152=LINE('',#13228,#13229);
#9153=FILL_AREA_STYLE_COLOUR('',#13230);
#9154=VERTEX_POINT('',#13231);
#9155=LINE('',#13232,#13233);
#9156=VERTEX_POINT('',#13234);
#9157=LINE('',#13235,#13236);
#9158=LINE('',#13237,#13238);
#9159=FILL_AREA_STYLE_COLOUR('',#13239);
#9160=VERTEX_POINT('',#13240);
#9161=VERTEX_POINT('',#13241);
#9162=LINE('',#13242,#13243);
#9163=LINE('',#13244,#13245);
#9164=LINE('',#13246,#13247);
#9165=FILL_AREA_STYLE_COLOUR('',#13248);
#9166=VERTEX_POINT('',#13249);
#9167=VERTEX_POINT('',#13250);
#9168=LINE('',#13251,#13252);
#9169=VERTEX_POINT('',#13253);
#9170=LINE('',#13254,#13255);
#9171=VERTEX_POINT('',#13256);
#9172=LINE('',#13257,#13258);
#9173=LINE('',#13259,#13260);
#9174=VERTEX_POINT('',#13261);
#9175=LINE('',#13262,#13263);
#9176=LINE('',#13264,#13265);
#9177=FILL_AREA_STYLE_COLOUR('',#13266);
#9178=VERTEX_POINT('',#13267);
#9179=VERTEX_POINT('',#13268);
#9180=LINE('',#13269,#13270);
#9181=LINE('',#13271,#13272);
#9182=LINE('',#13273,#13274);
#9183=FILL_AREA_STYLE_COLOUR('',#13275);
#9184=VERTEX_POINT('',#13276);
#9185=VERTEX_POINT('',#13277);
#9186=LINE('',#13278,#13279);
#9187=VERTEX_POINT('',#13280);
#9188=LINE('',#13281,#13282);
#9189=VERTEX_POINT('',#13283);
#9190=LINE('',#13284,#13285);
#9191=VERTEX_POINT('',#13286);
#9192=LINE('',#13287,#13288);
#9193=LINE('',#13289,#13290);
#9194=LINE('',#13291,#13292);
#9195=FILL_AREA_STYLE_COLOUR('',#13293);
#9196=VERTEX_POINT('',#13294);
#9197=VERTEX_POINT('',#13295);
#9198=LINE('',#13296,#13297);
#9199=LINE('',#13298,#13299);
#9200=LINE('',#13300,#13301);
#9201=FILL_AREA_STYLE_COLOUR('',#13302);
#9202=LINE('',#13303,#13304);
#9203=LINE('',#13305,#13306);
#9204=LINE('',#13307,#13308);
#9205=LINE('',#13309,#13310);
#9206=FILL_AREA_STYLE_COLOUR('',#13311);
#9207=LINE('',#13312,#13313);
#9208=FILL_AREA_STYLE_COLOUR('',#13314);
#9209=VERTEX_POINT('',#13315);
#9210=VERTEX_POINT('',#13316);
#9211=LINE('',#13317,#13318);
#9212=VERTEX_POINT('',#13319);
#9213=CIRCLE('',#13320,0.40000000000001);
#9214=VERTEX_POINT('',#13321);
#9215=LINE('',#13322,#13323);
#9216=CIRCLE('',#13324,0.40000000000001);
#9217=FILL_AREA_STYLE_COLOUR('',#13325);
#9218=VERTEX_POINT('',#13326);
#9219=VERTEX_POINT('',#13327);
#9220=LINE('',#13328,#13329);
#9221=VERTEX_POINT('',#13330);
#9222=CIRCLE('',#13331,0.150000000000053);
#9223=VERTEX_POINT('',#13332);
#9224=LINE('',#13333,#13334);
#9225=CIRCLE('',#13335,0.150000000000053);
#9226=FILL_AREA_STYLE_COLOUR('',#13336);
#9227=VERTEX_POINT('',#13337);
#9228=LINE('',#13338,#13339);
#9229=VERTEX_POINT('',#13340);
#9230=LINE('',#13341,#13342);
#9231=LINE('',#13343,#13344);
#9232=FILL_AREA_STYLE_COLOUR('',#13345);
#9233=VERTEX_POINT('',#13346);
#9234=LINE('',#13347,#13348);
#9235=VERTEX_POINT('',#13349);
#9236=LINE('',#13350,#13351);
#9237=LINE('',#13352,#13353);
#9238=FILL_AREA_STYLE_COLOUR('',#13354);
#9239=LINE('',#13355,#13356);
#9240=LINE('',#13357,#13358);
#9241=FILL_AREA_STYLE_COLOUR('',#13359);
#9242=VERTEX_POINT('',#13360);
#9243=VERTEX_POINT('',#13361);
#9244=LINE('',#13362,#13363);
#9245=LINE('',#13364,#13365);
#9246=LINE('',#13366,#13367);
#9247=FILL_AREA_STYLE_COLOUR('',#13368);
#9248=VERTEX_POINT('',#13369);
#9249=LINE('',#13370,#13371);
#9250=VERTEX_POINT('',#13372);
#9251=LINE('',#13373,#13374);
#9252=LINE('',#13375,#13376);
#9253=FILL_AREA_STYLE_COLOUR('',#13377);
#9254=VERTEX_POINT('',#13378);
#9255=CIRCLE('',#13379,0.149999999999971);
#9256=LINE('',#13380,#13381);
#9257=CIRCLE('',#13382,0.399999999999976);
#9258=FILL_AREA_STYLE_COLOUR('',#13383);
#9259=CIRCLE('',#13384,0.399999999999976);
#9260=VERTEX_POINT('',#13385);
#9261=LINE('',#13386,#13387);
#9262=CIRCLE('',#13388,0.149999999999971);
#9263=FILL_AREA_STYLE_COLOUR('',#13389);
#9264=FILL_AREA_STYLE_COLOUR('',#13390);
#9265=LINE('',#13391,#13392);
#9266=FILL_AREA_STYLE_COLOUR('',#13393);
#9267=VERTEX_POINT('',#13394);
#9268=LINE('',#13395,#13396);
#9269=VERTEX_POINT('',#13397);
#9270=LINE('',#13398,#13399);
#9271=LINE('',#13400,#13401);
#9272=FILL_AREA_STYLE_COLOUR('',#13402);
#9273=VERTEX_POINT('',#13403);
#9274=LINE('',#13404,#13405);
#9275=VERTEX_POINT('',#13406);
#9276=LINE('',#13407,#13408);
#9277=LINE('',#13409,#13410);
#9278=FILL_AREA_STYLE_COLOUR('',#13411);
#9279=VERTEX_POINT('',#13412);
#9280=VERTEX_POINT('',#13413);
#9281=LINE('',#13414,#13415);
#9282=VERTEX_POINT('',#13416);
#9283=LINE('',#13417,#13418);
#9284=VERTEX_POINT('',#13419);
#9285=LINE('',#13420,#13421);
#9286=LINE('',#13422,#13423);
#9287=FILL_AREA_STYLE_COLOUR('',#13424);
#9288=VERTEX_POINT('',#13425);
#9289=VERTEX_POINT('',#13426);
#9290=LINE('',#13427,#13428);
#9291=CIRCLE('',#13429,0.15);
#9292=CIRCLE('',#13430,0.15);
#9293=FILL_AREA_STYLE_COLOUR('',#13431);
#9294=VERTEX_POINT('',#13432);
#9295=VERTEX_POINT('',#13433);
#9296=LINE('',#13434,#13435);
#9297=VERTEX_POINT('',#13436);
#9298=LINE('',#13437,#13438);
#9299=VERTEX_POINT('',#13439);
#9300=LINE('',#13440,#13441);
#9301=LINE('',#13442,#13443);
#9302=FILL_AREA_STYLE_COLOUR('',#13444);
#9303=VERTEX_POINT('',#13445);
#9304=VERTEX_POINT('',#13446);
#9305=LINE('',#13447,#13448);
#9306=LINE('',#13449,#13450);
#9307=LINE('',#13451,#13452);
#9308=FILL_AREA_STYLE_COLOUR('',#13453);
#9309=VERTEX_POINT('',#13454);
#9310=VERTEX_POINT('',#13455);
#9311=LINE('',#13456,#13457);
#9312=LINE('',#13458,#13459);
#9313=LINE('',#13460,#13461);
#9314=FILL_AREA_STYLE_COLOUR('',#13462);
#9315=VERTEX_POINT('',#13463);
#9316=VERTEX_POINT('',#13464);
#9317=LINE('',#13465,#13466);
#9318=VERTEX_POINT('',#13467);
#9319=LINE('',#13468,#13469);
#9320=LINE('',#13470,#13471);
#9321=VERTEX_POINT('',#13472);
#9322=CIRCLE('',#13473,0.4);
#9323=VERTEX_POINT('',#13474);
#9324=LINE('',#13475,#13476);
#9325=VERTEX_POINT('',#13477);
#9326=CIRCLE('',#13478,0.2);
#9327=VERTEX_POINT('',#13479);
#9328=LINE('',#13480,#13481);
#9329=CIRCLE('',#13482,0.35);
#9330=FILL_AREA_STYLE_COLOUR('',#13483);
#9331=VERTEX_POINT('',#13484);
#9332=VERTEX_POINT('',#13485);
#9333=LINE('',#13486,#13487);
#9334=LINE('',#13488,#13489);
#9335=LINE('',#13490,#13491);
#9336=FILL_AREA_STYLE_COLOUR('',#13492);
#9337=VERTEX_POINT('',#13493);
#9338=VERTEX_POINT('',#13494);
#9339=LINE('',#13495,#13496);
#9340=VERTEX_POINT('',#13497);
#9341=CIRCLE('',#13498,0.35);
#9342=VERTEX_POINT('',#13499);
#9343=LINE('',#13500,#13501);
#9344=VERTEX_POINT('',#13502);
#9345=CIRCLE('',#13503,0.2);
#9346=VERTEX_POINT('',#13504);
#9347=LINE('',#13505,#13506);
#9348=CIRCLE('',#13507,0.4);
#9349=VERTEX_POINT('',#13508);
#9350=LINE('',#13509,#13510);
#9351=LINE('',#13511,#13512);
#9352=FILL_AREA_STYLE_COLOUR('',#13513);
#9353=VERTEX_POINT('',#13514);
#9354=VERTEX_POINT('',#13515);
#9355=LINE('',#13516,#13517);
#9356=LINE('',#13518,#13519);
#9357=LINE('',#13520,#13521);
#9358=FILL_AREA_STYLE_COLOUR('',#13522);
#9359=LINE('',#13523,#13524);
#9360=FILL_AREA_STYLE_COLOUR('',#13525);
#9361=VERTEX_POINT('',#13526);
#9362=VERTEX_POINT('',#13527);
#9363=LINE('',#13528,#13529);
#9364=VERTEX_POINT('',#13530);
#9365=LINE('',#13531,#13532);
#9366=VERTEX_POINT('',#13533);
#9367=LINE('',#13534,#13535);
#9368=LINE('',#13536,#13537);
#9369=FILL_AREA_STYLE_COLOUR('',#13538);
#9370=VERTEX_POINT('',#13539);
#9371=LINE('',#13540,#13541);
#9372=VERTEX_POINT('',#13542);
#9373=LINE('',#13543,#13544);
#9374=LINE('',#13545,#13546);
#9375=FILL_AREA_STYLE_COLOUR('',#13547);
#9376=VERTEX_POINT('',#13548);
#9377=VERTEX_POINT('',#13549);
#9378=LINE('',#13550,#13551);
#9379=LINE('',#13552,#13553);
#9380=LINE('',#13554,#13555);
#9381=FILL_AREA_STYLE_COLOUR('',#13556);
#9382=VERTEX_POINT('',#13557);
#9383=VERTEX_POINT('',#13558);
#9384=LINE('',#13559,#13560);
#9385=VERTEX_POINT('',#13561);
#9386=LINE('',#13562,#13563);
#9387=VERTEX_POINT('',#13564);
#9388=LINE('',#13565,#13566);
#9389=LINE('',#13567,#13568);
#9390=VERTEX_POINT('',#13569);
#9391=LINE('',#13570,#13571);
#9392=LINE('',#13572,#13573);
#9393=FILL_AREA_STYLE_COLOUR('',#13574);
#9394=VERTEX_POINT('',#13575);
#9395=VERTEX_POINT('',#13576);
#9396=LINE('',#13577,#13578);
#9397=LINE('',#13579,#13580);
#9398=LINE('',#13581,#13582);
#9399=FILL_AREA_STYLE_COLOUR('',#13583);
#9400=VERTEX_POINT('',#13584);
#9401=VERTEX_POINT('',#13585);
#9402=LINE('',#13586,#13587);
#9403=VERTEX_POINT('',#13588);
#9404=LINE('',#13589,#13590);
#9405=VERTEX_POINT('',#13591);
#9406=LINE('',#13592,#13593);
#9407=VERTEX_POINT('',#13594);
#9408=LINE('',#13595,#13596);
#9409=LINE('',#13597,#13598);
#9410=LINE('',#13599,#13600);
#9411=FILL_AREA_STYLE_COLOUR('',#13601);
#9412=VERTEX_POINT('',#13602);
#9413=VERTEX_POINT('',#13603);
#9414=LINE('',#13604,#13605);
#9415=LINE('',#13606,#13607);
#9416=LINE('',#13608,#13609);
#9417=FILL_AREA_STYLE_COLOUR('',#13610);
#9418=LINE('',#13611,#13612);
#9419=LINE('',#13613,#13614);
#9420=LINE('',#13615,#13616);
#9421=LINE('',#13617,#13618);
#9422=FILL_AREA_STYLE_COLOUR('',#13619);
#9423=LINE('',#13620,#13621);
#9424=FILL_AREA_STYLE_COLOUR('',#13622);
#9425=VERTEX_POINT('',#13623);
#9426=VERTEX_POINT('',#13624);
#9427=LINE('',#13625,#13626);
#9428=VERTEX_POINT('',#13627);
#9429=LINE('',#13628,#13629);
#9430=VERTEX_POINT('',#13630);
#9431=LINE('',#13631,#13632);
#9432=LINE('',#13633,#13634);
#9433=FILL_AREA_STYLE_COLOUR('',#13635);
#9434=VERTEX_POINT('',#13636);
#9435=VERTEX_POINT('',#13637);
#9436=LINE('',#13638,#13639);
#9437=VERTEX_POINT('',#13640);
#9438=LINE('',#13641,#13642);
#9439=VERTEX_POINT('',#13643);
#9440=LINE('',#13644,#13645);
#9441=LINE('',#13646,#13647);
#9442=FILL_AREA_STYLE_COLOUR('',#13648);
#9443=LINE('',#13649,#13650);
#9444=VERTEX_POINT('',#13651);
#9445=CIRCLE('',#13652,0.08);
#9446=VERTEX_POINT('',#13653);
#9447=LINE('',#13654,#13655);
#9448=CIRCLE('',#13656,0.08);
#9449=FILL_AREA_STYLE_COLOUR('',#13657);
#9450=LINE('',#13658,#13659);
#9451=FILL_AREA_STYLE_COLOUR('',#13660);
#9452=VERTEX_POINT('',#13661);
#9453=CIRCLE('',#13662,0.3527636339397);
#9454=CIRCLE('',#13663,0.37);
#9455=FILL_AREA_STYLE_COLOUR('',#13664);
#9456=VERTEX_POINT('',#13665);
#9457=LINE('',#13666,#13667);
#9458=CIRCLE('',#13668,0.37);
#9459=FILL_AREA_STYLE_COLOUR('',#13669);
#9460=CIRCLE('',#13670,0.3527636339397);
#9461=FILL_AREA_STYLE_COLOUR('',#13671);
#9462=LINE('',#13672,#13673);
#9463=LINE('',#13674,#13675);
#9464=FILL_AREA_STYLE_COLOUR('',#13676);
#9465=VERTEX_POINT('',#13677);
#9466=VERTEX_POINT('',#13678);
#9467=LINE('',#13679,#13680);
#9468=VERTEX_POINT('',#13681);
#9469=LINE('',#13682,#13683);
#9470=VERTEX_POINT('',#13684);
#9471=LINE('',#13685,#13686);
#9472=LINE('',#13687,#13688);
#9473=FILL_AREA_STYLE_COLOUR('',#13689);
#9474=VERTEX_POINT('',#13690);
#9475=VERTEX_POINT('',#13691);
#9476=LINE('',#13692,#13693);
#9477=VERTEX_POINT('',#13694);
#9478=LINE('',#13695,#13696);
#9479=VERTEX_POINT('',#13697);
#9480=LINE('',#13698,#13699);
#9481=LINE('',#13700,#13701);
#9482=FILL_AREA_STYLE_COLOUR('',#13702);
#9483=LINE('',#13703,#13704);
#9484=VERTEX_POINT('',#13705);
#9485=CIRCLE('',#13706,0.08);
#9486=VERTEX_POINT('',#13707);
#9487=LINE('',#13708,#13709);
#9488=CIRCLE('',#13710,0.08);
#9489=FILL_AREA_STYLE_COLOUR('',#13711);
#9490=LINE('',#13712,#13713);
#9491=FILL_AREA_STYLE_COLOUR('',#13714);
#9492=VERTEX_POINT('',#13715);
#9493=CIRCLE('',#13716,0.3527636339397);
#9494=CIRCLE('',#13717,0.37);
#9495=FILL_AREA_STYLE_COLOUR('',#13718);
#9496=VERTEX_POINT('',#13719);
#9497=LINE('',#13720,#13721);
#9498=CIRCLE('',#13722,0.37);
#9499=FILL_AREA_STYLE_COLOUR('',#13723);
#9500=CIRCLE('',#13724,0.3527636339397);
#9501=FILL_AREA_STYLE_COLOUR('',#13725);
#9502=LINE('',#13726,#13727);
#9503=LINE('',#13728,#13729);
#9504=FILL_AREA_STYLE_COLOUR('',#13730);
#9505=VERTEX_POINT('',#13731);
#9506=VERTEX_POINT('',#13732);
#9507=LINE('',#13733,#13734);
#9508=VERTEX_POINT('',#13735);
#9509=LINE('',#13736,#13737);
#9510=VERTEX_POINT('',#13738);
#9511=LINE('',#13739,#13740);
#9512=LINE('',#13741,#13742);
#9513=FILL_AREA_STYLE_COLOUR('',#13743);
#9514=VERTEX_POINT('',#13744);
#9515=VERTEX_POINT('',#13745);
#9516=LINE('',#13746,#13747);
#9517=VERTEX_POINT('',#13748);
#9518=LINE('',#13749,#13750);
#9519=VERTEX_POINT('',#13751);
#9520=LINE('',#13752,#13753);
#9521=LINE('',#13754,#13755);
#9522=FILL_AREA_STYLE_COLOUR('',#13756);
#9523=LINE('',#13757,#13758);
#9524=VERTEX_POINT('',#13759);
#9525=CIRCLE('',#13760,0.08);
#9526=VERTEX_POINT('',#13761);
#9527=LINE('',#13762,#13763);
#9528=CIRCLE('',#13764,0.08);
#9529=FILL_AREA_STYLE_COLOUR('',#13765);
#9530=LINE('',#13766,#13767);
#9531=FILL_AREA_STYLE_COLOUR('',#13768);
#9532=VERTEX_POINT('',#13769);
#9533=CIRCLE('',#13770,0.3527636339397);
#9534=CIRCLE('',#13771,0.370000000000005);
#9535=FILL_AREA_STYLE_COLOUR('',#13772);
#9536=VERTEX_POINT('',#13773);
#9537=LINE('',#13774,#13775);
#9538=CIRCLE('',#13776,0.370000000000005);
#9539=FILL_AREA_STYLE_COLOUR('',#13777);
#9540=CIRCLE('',#13778,0.3527636339397);
#9541=FILL_AREA_STYLE_COLOUR('',#13779);
#9542=LINE('',#13780,#13781);
#9543=LINE('',#13782,#13783);
#9544=FILL_AREA_STYLE_COLOUR('',#13784);
#9545=VERTEX_POINT('',#13785);
#9546=VERTEX_POINT('',#13786);
#9547=LINE('',#13787,#13788);
#9548=VERTEX_POINT('',#13789);
#9549=LINE('',#13790,#13791);
#9550=VERTEX_POINT('',#13792);
#9551=LINE('',#13793,#13794);
#9552=LINE('',#13795,#13796);
#9553=FILL_AREA_STYLE_COLOUR('',#13797);
#9554=VERTEX_POINT('',#13798);
#9555=VERTEX_POINT('',#13799);
#9556=LINE('',#13800,#13801);
#9557=VERTEX_POINT('',#13802);
#9558=LINE('',#13803,#13804);
#9559=VERTEX_POINT('',#13805);
#9560=LINE('',#13806,#13807);
#9561=LINE('',#13808,#13809);
#9562=FILL_AREA_STYLE_COLOUR('',#13810);
#9563=LINE('',#13811,#13812);
#9564=VERTEX_POINT('',#13813);
#9565=CIRCLE('',#13814,0.08);
#9566=VERTEX_POINT('',#13815);
#9567=LINE('',#13816,#13817);
#9568=CIRCLE('',#13818,0.08);
#9569=FILL_AREA_STYLE_COLOUR('',#13819);
#9570=LINE('',#13820,#13821);
#9571=FILL_AREA_STYLE_COLOUR('',#13822);
#9572=VERTEX_POINT('',#13823);
#9573=CIRCLE('',#13824,0.3527636339397);
#9574=CIRCLE('',#13825,0.37);
#9575=FILL_AREA_STYLE_COLOUR('',#13826);
#9576=VERTEX_POINT('',#13827);
#9577=LINE('',#13828,#13829);
#9578=CIRCLE('',#13830,0.37);
#9579=FILL_AREA_STYLE_COLOUR('',#13831);
#9580=CIRCLE('',#13832,0.3527636339397);
#9581=FILL_AREA_STYLE_COLOUR('',#13833);
#9582=LINE('',#13834,#13835);
#9583=LINE('',#13836,#13837);
#9584=FILL_AREA_STYLE_COLOUR('',#13838);
#9585=VERTEX_POINT('',#13839);
#9586=VERTEX_POINT('',#13840);
#9587=LINE('',#13841,#13842);
#9588=VERTEX_POINT('',#13843);
#9589=LINE('',#13844,#13845);
#9590=VERTEX_POINT('',#13846);
#9591=LINE('',#13847,#13848);
#9592=LINE('',#13849,#13850);
#9593=FILL_AREA_STYLE_COLOUR('',#13851);
#9594=VERTEX_POINT('',#13852);
#9595=LINE('',#13853,#13854);
#9596=VERTEX_POINT('',#13855);
#9597=LINE('',#13856,#13857);
#9598=LINE('',#13858,#13859);
#9599=FILL_AREA_STYLE_COLOUR('',#13860);
#9600=VERTEX_POINT('',#13861);
#9601=LINE('',#13862,#13863);
#9602=VERTEX_POINT('',#13864);
#9603=LINE('',#13865,#13866);
#9604=VERTEX_POINT('',#13867);
#9605=LINE('',#13868,#13869);
#9606=LINE('',#13870,#13871);
#9607=FILL_AREA_STYLE_COLOUR('',#13872);
#9608=VERTEX_POINT('',#13873);
#9609=LINE('',#13874,#13875);
#9610=VERTEX_POINT('',#13876);
#9611=LINE('',#13877,#13878);
#9612=VERTEX_POINT('',#13879);
#9613=LINE('',#13880,#13881);
#9614=LINE('',#13882,#13883);
#9615=FILL_AREA_STYLE_COLOUR('',#13884);
#9616=VERTEX_POINT('',#13885);
#9617=LINE('',#13886,#13887);
#9618=VERTEX_POINT('',#13888);
#9619=LINE('',#13889,#13890);
#9620=LINE('',#13891,#13892);
#9621=FILL_AREA_STYLE_COLOUR('',#13893);
#9622=VERTEX_POINT('',#13894);
#9623=LINE('',#13895,#13896);
#9624=VERTEX_POINT('',#13897);
#9625=LINE('',#13898,#13899);
#9626=LINE('',#13900,#13901);
#9627=FILL_AREA_STYLE_COLOUR('',#13902);
#9628=VERTEX_POINT('',#13903);
#9629=VERTEX_POINT('',#13904);
#9630=LINE('',#13905,#13906);
#9631=VERTEX_POINT('',#13907);
#9632=LINE('',#13908,#13909);
#9633=VERTEX_POINT('',#13910);
#9634=LINE('',#13911,#13912);
#9635=LINE('',#13913,#13914);
#9636=FILL_AREA_STYLE_COLOUR('',#13915);
#9637=VERTEX_POINT('',#13916);
#9638=VERTEX_POINT('',#13917);
#9639=LINE('',#13918,#13919);
#9640=VERTEX_POINT('',#13920);
#9641=LINE('',#13921,#13922);
#9642=VERTEX_POINT('',#13923);
#9643=LINE('',#13924,#13925);
#9644=LINE('',#13926,#13927);
#9645=FILL_AREA_STYLE_COLOUR('',#13928);
#9646=VERTEX_POINT('',#13929);
#9647=VERTEX_POINT('',#13930);
#9648=LINE('',#13931,#13932);
#9649=LINE('',#13933,#13934);
#9650=LINE('',#13935,#13936);
#9651=FILL_AREA_STYLE_COLOUR('',#13937);
#9652=VERTEX_POINT('',#13938);
#9653=VERTEX_POINT('',#13939);
#9654=LINE('',#13940,#13941);
#9655=LINE('',#13942,#13943);
#9656=LINE('',#13944,#13945);
#9657=FILL_AREA_STYLE_COLOUR('',#13946);
#9658=LINE('',#13947,#13948);
#9659=LINE('',#13949,#13950);
#9660=FILL_AREA_STYLE_COLOUR('',#13951);
#9661=LINE('',#13952,#13953);
#9662=LINE('',#13954,#13955);
#9663=FILL_AREA_STYLE_COLOUR('',#13956);
#9664=VERTEX_POINT('',#13957);
#9665=LINE('',#13958,#13959);
#9666=VERTEX_POINT('',#13960);
#9667=LINE('',#13961,#13962);
#9668=LINE('',#13963,#13964);
#9669=FILL_AREA_STYLE_COLOUR('',#13965);
#9670=VERTEX_POINT('',#13966);
#9671=LINE('',#13967,#13968);
#9672=VERTEX_POINT('',#13969);
#9673=LINE('',#13970,#13971);
#9674=LINE('',#13972,#13973);
#9675=FILL_AREA_STYLE_COLOUR('',#13974);
#9676=VERTEX_POINT('',#13975);
#9677=LINE('',#13976,#13977);
#9678=VERTEX_POINT('',#13978);
#9679=LINE('',#13979,#13980);
#9680=LINE('',#13981,#13982);
#9681=FILL_AREA_STYLE_COLOUR('',#13983);
#9682=LINE('',#13984,#13985);
#9683=LINE('',#13986,#13987);
#9684=FILL_AREA_STYLE_COLOUR('',#13988);
#9685=VERTEX_POINT('',#13989);
#9686=LINE('',#13990,#13991);
#9687=LINE('',#13992,#13993);
#9688=LINE('',#13994,#13995);
#9689=FILL_AREA_STYLE_COLOUR('',#13996);
#9690=LINE('',#13997,#13998);
#9691=FILL_AREA_STYLE_COLOUR('',#13999);
#9692=LINE('',#14000,#14001);
#9693=FILL_AREA_STYLE_COLOUR('',#14002);
#9694=VERTEX_POINT('',#14003);
#9695=VERTEX_POINT('',#14004);
#9696=LINE('',#14005,#14006);
#9697=VERTEX_POINT('',#14007);
#9698=LINE('',#14008,#14009);
#9699=VERTEX_POINT('',#14010);
#9700=LINE('',#14011,#14012);
#9701=LINE('',#14013,#14014);
#9702=FILL_AREA_STYLE_COLOUR('',#14015);
#9703=VERTEX_POINT('',#14016);
#9704=LINE('',#14017,#14018);
#9705=VERTEX_POINT('',#14019);
#9706=LINE('',#14020,#14021);
#9707=LINE('',#14022,#14023);
#9708=FILL_AREA_STYLE_COLOUR('',#14024);
#9709=VERTEX_POINT('',#14025);
#9710=LINE('',#14026,#14027);
#9711=VERTEX_POINT('',#14028);
#9712=LINE('',#14029,#14030);
#9713=LINE('',#14031,#14032);
#9714=FILL_AREA_STYLE_COLOUR('',#14033);
#9715=VERTEX_POINT('',#14034);
#9716=LINE('',#14035,#14036);
#9717=LINE('',#14037,#14038);
#9718=FILL_AREA_STYLE_COLOUR('',#14039);
#9719=VERTEX_POINT('',#14040);
#9720=LINE('',#14041,#14042);
#9721=VERTEX_POINT('',#14043);
#9722=LINE('',#14044,#14045);
#9723=LINE('',#14046,#14047);
#9724=FILL_AREA_STYLE_COLOUR('',#14048);
#9725=VERTEX_POINT('',#14049);
#9726=LINE('',#14050,#14051);
#9727=LINE('',#14052,#14053);
#9728=FILL_AREA_STYLE_COLOUR('',#14054);
#9729=LINE('',#14055,#14056);
#9730=LINE('',#14057,#14058);
#9731=FILL_AREA_STYLE_COLOUR('',#14059);
#9732=LINE('',#14060,#14061);
#9733=FILL_AREA_STYLE_COLOUR('',#14062);
#9734=VERTEX_POINT('',#14063);
#9735=VERTEX_POINT('',#14064);
#9736=LINE('',#14065,#14066);
#9737=VERTEX_POINT('',#14067);
#9738=CIRCLE('',#14068,0.500000000000027);
#9739=VERTEX_POINT('',#14069);
#9740=LINE('',#14070,#14071);
#9741=CIRCLE('',#14072,0.500000000000012);
#9742=FILL_AREA_STYLE_COLOUR('',#14073);
#9743=VERTEX_POINT('',#14074);
#9744=VERTEX_POINT('',#14075);
#9745=LINE('',#14076,#14077);
#9746=VERTEX_POINT('',#14078);
#9747=ELLIPSE('',#14079,0.424264068702717,0.299999999999977);
#9748=VERTEX_POINT('',#14080);
#9749=LINE('',#14081,#14082);
#9750=VERTEX_POINT('',#14083);
#9751=LINE('',#14084,#14085);
#9752=LINE('',#14086,#14087);
#9753=FILL_AREA_STYLE_COLOUR('',#14088);
#9754=VERTEX_POINT('',#14089);
#9755=LINE('',#14090,#14091);
#9756=VERTEX_POINT('',#14092);
#9757=LINE('',#14093,#14094);
#9758=VERTEX_POINT('',#14095);
#9759=LINE('',#14096,#14097);
#9760=LINE('',#14098,#14099);
#9761=FILL_AREA_STYLE_COLOUR('',#14100);
#9762=VERTEX_POINT('',#14101);
#9763=B_SPLINE_CURVE_WITH_KNOTS('',3,(#14102,#14103,#14104,#14105,#14106,#14107),.UNSPECIFIED.,.F.,.F.,(4,1,1,4),(0.13165181457216,0.364175211930762,0.596698609289439,0.829222006651263),.UNSPECIFIED.);
#9764=VERTEX_POINT('',#14108);
#9765=LINE('',#14109,#14110);
#9766=B_SPLINE_CURVE_WITH_KNOTS('',3,(#14111,#14112,#14113,#14114,#14115,#14116),.UNSPECIFIED.,.F.,.F.,(4,1,1,4),(0.0,0.3333333333333,0.6666666666667,1.0),.UNSPECIFIED.);
#9767=FILL_AREA_STYLE_COLOUR('',#14117);
#9768=VERTEX_POINT('',#14118);
#9769=LINE('',#14119,#14120);
#9770=VERTEX_POINT('',#14121);
#9771=LINE('',#14122,#14123);
#9772=LINE('',#14124,#14125);
#9773=FILL_AREA_STYLE_COLOUR('',#14126);
#9774=VERTEX_POINT('',#14127);
#9775=B_SPLINE_CURVE_WITH_KNOTS('',3,(#14128,#14129,#14130,#14131,#14132,#14133),.UNSPECIFIED.,.F.,.F.,(4,1,1,4),(0.131651814572158,0.364175211930762,0.596698609289439,0.829222006647154),.UNSPECIFIED.);
#9776=VERTEX_POINT('',#14134);
#9777=LINE('',#14135,#14136);
#9778=B_SPLINE_CURVE_WITH_KNOTS('',3,(#14137,#14138,#14139,#14140,#14141,#14142),.UNSPECIFIED.,.F.,.F.,(4,1,1,4),(0.0,0.3333333333333,0.6666666666667,1.0),.UNSPECIFIED.);
#9779=FILL_AREA_STYLE_COLOUR('',#14143);
#9780=VERTEX_POINT('',#14144);
#9781=LINE('',#14145,#14146);
#9782=VERTEX_POINT('',#14147);
#9783=LINE('',#14148,#14149);
#9784=LINE('',#14150,#14151);
#9785=FILL_AREA_STYLE_COLOUR('',#14152);
#9786=VERTEX_POINT('',#14153);
#9787=B_SPLINE_CURVE_WITH_KNOTS('',3,(#14154,#14155,#14156,#14157,#14158,#14159),.UNSPECIFIED.,.F.,.F.,(4,1,1,4),(0.13165181457173,0.364175211930762,0.596698609289439,0.829222006647939),.UNSPECIFIED.);
#9788=VERTEX_POINT('',#14160);
#9789=LINE('',#14161,#14162);
#9790=B_SPLINE_CURVE_WITH_KNOTS('',3,(#14163,#14164,#14165,#14166,#14167,#14168),.UNSPECIFIED.,.F.,.F.,(4,1,1,4),(0.0,0.3333333333333,0.6666666666667,1.0),.UNSPECIFIED.);
#9791=FILL_AREA_STYLE_COLOUR('',#14169);
#9792=VERTEX_POINT('',#14170);
#9793=LINE('',#14171,#14172);
#9794=VERTEX_POINT('',#14173);
#9795=LINE('',#14174,#14175);
#9796=LINE('',#14176,#14177);
#9797=FILL_AREA_STYLE_COLOUR('',#14178);
#9798=VERTEX_POINT('',#14179);
#9799=B_SPLINE_CURVE_WITH_KNOTS('',3,(#14180,#14181,#14182,#14183,#14184,#14185),.UNSPECIFIED.,.F.,.F.,(4,1,1,4),(0.131651814571805,0.364175211930762,0.596698609289439,0.829222006646388),.UNSPECIFIED.);
#9800=VERTEX_POINT('',#14186);
#9801=LINE('',#14187,#14188);
#9802=B_SPLINE_CURVE_WITH_KNOTS('',3,(#14189,#14190,#14191,#14192,#14193,#14194),.UNSPECIFIED.,.F.,.F.,(4,1,1,4),(0.0,0.3333333333333,0.6666666666667,1.0),.UNSPECIFIED.);
#9803=FILL_AREA_STYLE_COLOUR('',#14195);
#9804=VERTEX_POINT('',#14196);
#9805=LINE('',#14197,#14198);
#9806=VERTEX_POINT('',#14199);
#9807=LINE('',#14200,#14201);
#9808=LINE('',#14202,#14203);
#9809=FILL_AREA_STYLE_COLOUR('',#14204);
#9810=VERTEX_POINT('',#14205);
#9811=B_SPLINE_CURVE_WITH_KNOTS('',3,(#14206,#14207,#14208,#14209,#14210,#14211),.UNSPECIFIED.,.F.,.F.,(4,1,1,4),(0.131651814570792,0.364175211930762,0.596698609289439,0.829222006647978),.UNSPECIFIED.);
#9812=VERTEX_POINT('',#14212);
#9813=LINE('',#14213,#14214);
#9814=B_SPLINE_CURVE_WITH_KNOTS('',3,(#14215,#14216,#14217,#14218,#14219,#14220),.UNSPECIFIED.,.F.,.F.,(4,1,1,4),(0.0,0.3333333333333,0.6666666666667,1.0),.UNSPECIFIED.);
#9815=FILL_AREA_STYLE_COLOUR('',#14221);
#9816=VERTEX_POINT('',#14222);
#9817=LINE('',#14223,#14224);
#9818=VERTEX_POINT('',#14225);
#9819=LINE('',#14226,#14227);
#9820=LINE('',#14228,#14229);
#9821=FILL_AREA_STYLE_COLOUR('',#14230);
#9822=VERTEX_POINT('',#14231);
#9823=B_SPLINE_CURVE_WITH_KNOTS('',3,(#14232,#14233,#14234,#14235,#14236,#14237),.UNSPECIFIED.,.F.,.F.,(4,1,1,4),(0.131651814572161,0.364175211930762,0.596698609289439,0.829222006647978),.UNSPECIFIED.);
#9824=VERTEX_POINT('',#14238);
#9825=LINE('',#14239,#14240);
#9826=B_SPLINE_CURVE_WITH_KNOTS('',3,(#14241,#14242,#14243,#14244,#14245,#14246),.UNSPECIFIED.,.F.,.F.,(4,1,1,4),(0.0,0.3333333333333,0.6666666666667,1.0),.UNSPECIFIED.);
#9827=FILL_AREA_STYLE_COLOUR('',#14247);
#9828=VERTEX_POINT('',#14248);
#9829=LINE('',#14249,#14250);
#9830=VERTEX_POINT('',#14251);
#9831=LINE('',#14252,#14253);
#9832=LINE('',#14254,#14255);
#9833=FILL_AREA_STYLE_COLOUR('',#14256);
#9834=VERTEX_POINT('',#14257);
#9835=B_SPLINE_CURVE_WITH_KNOTS('',3,(#14258,#14259,#14260,#14261,#14262,#14263),.UNSPECIFIED.,.F.,.F.,(4,1,1,4),(0.131651814572352,0.364175211930806,0.596698609289467,0.829222006648885),.UNSPECIFIED.);
#9836=VERTEX_POINT('',#14264);
#9837=LINE('',#14265,#14266);
#9838=B_SPLINE_CURVE_WITH_KNOTS('',3,(#14267,#14268,#14269,#14270,#14271,#14272),.UNSPECIFIED.,.F.,.F.,(4,1,1,4),(0.0,0.3333333333333,0.6666666666667,1.0),.UNSPECIFIED.);
#9839=FILL_AREA_STYLE_COLOUR('',#14273);
#9840=VERTEX_POINT('',#14274);
#9841=LINE('',#14275,#14276);
#9842=VERTEX_POINT('',#14277);
#9843=LINE('',#14278,#14279);
#9844=LINE('',#14280,#14281);
#9845=FILL_AREA_STYLE_COLOUR('',#14282);
#9846=VERTEX_POINT('',#14283);
#9847=B_SPLINE_CURVE_WITH_KNOTS('',3,(#14284,#14285,#14286,#14287,#14288,#14289),.UNSPECIFIED.,.F.,.F.,(4,1,1,4),(0.131651814572979,0.364175211930806,0.596698609289467,0.829222006647951),.UNSPECIFIED.);
#9848=VERTEX_POINT('',#14290);
#9849=LINE('',#14291,#14292);
#9850=B_SPLINE_CURVE_WITH_KNOTS('',3,(#14293,#14294,#14295,#14296,#14297,#14298),.UNSPECIFIED.,.F.,.F.,(4,1,1,4),(0.0,0.3333333333333,0.6666666666667,1.0),.UNSPECIFIED.);
#9851=FILL_AREA_STYLE_COLOUR('',#14299);
#9852=VERTEX_POINT('',#14300);
#9853=VERTEX_POINT('',#14301);
#9854=LINE('',#14302,#14303);
#9855=VERTEX_POINT('',#14304);
#9856=LINE('',#14305,#14306);
#9857=VERTEX_POINT('',#14307);
#9858=LINE('',#14308,#14309);
#9859=VERTEX_POINT('',#14310);
#9860=LINE('',#14311,#14312);
#9861=LINE('',#14313,#14314);
#9862=LINE('',#14315,#14316);
#9863=FILL_AREA_STYLE_COLOUR('',#14317);
#9864=LINE('',#14318,#14319);
#9865=VERTEX_POINT('',#14320);
#9866=LINE('',#14321,#14322);
#9867=LINE('',#14323,#14324);
#9868=FILL_AREA_STYLE_COLOUR('',#14325);
#9869=VERTEX_POINT('',#14326);
#9870=CIRCLE('',#14327,0.300000000000171);
#9871=LINE('',#14328,#14329);
#9872=FILL_AREA_STYLE_COLOUR('',#14330);
#9873=VERTEX_POINT('',#14331);
#9874=LINE('',#14332,#14333);
#9875=VERTEX_POINT('',#14334);
#9876=LINE('',#14335,#14336);
#9877=LINE('',#14337,#14338);
#9878=FILL_AREA_STYLE_COLOUR('',#14339);
#9879=VERTEX_POINT('',#14340);
#9880=VERTEX_POINT('',#14341);
#9881=LINE('',#14342,#14343);
#9882=VERTEX_POINT('',#14344);
#9883=CIRCLE('',#14345,0.199999999999921);
#9884=VERTEX_POINT('',#14346);
#9885=LINE('',#14347,#14348);
#9886=VERTEX_POINT('',#14349);
#9887=CIRCLE('',#14350,0.199999999999831);
#9888=VERTEX_POINT('',#14351);
#9889=LINE('',#14352,#14353);
#9890=B_SPLINE_CURVE_WITH_KNOTS('',3,(#14354,#14355,#14356,#14357),.UNSPECIFIED.,.F.,.F.,(4,4),(0.000380263590058224,0.000404384720618785),.UNSPECIFIED.);
#9891=FILL_AREA_STYLE_COLOUR('',#14358);
#9892=B_SPLINE_CURVE_WITH_KNOTS('',3,(#14359,#14360,#14361,#14362),.UNSPECIFIED.,.F.,.F.,(4,4),(2.58026013815472E-07,2.24552827411572E-05),.UNSPECIFIED.);
#9893=VERTEX_POINT('',#14363);
#9894=CIRCLE('',#14364,0.400000000003829);
#9895=LINE('',#14365,#14366);
#9896=FILL_AREA_STYLE_COLOUR('',#14367);
#9897=VERTEX_POINT('',#14368);
#9898=LINE('',#14369,#14370);
#9899=LINE('',#14371,#14372);
#9900=LINE('',#14373,#14374);
#9901=FILL_AREA_STYLE_COLOUR('',#14375);
#9902=LINE('',#14376,#14377);
#9903=LINE('',#14378,#14379);
#9904=FILL_AREA_STYLE_COLOUR('',#14380);
#9905=LINE('',#14381,#14382);
#9906=LINE('',#14383,#14384);
#9907=FILL_AREA_STYLE_COLOUR('',#14385);
#9908=LINE('',#14386,#14387);
#9909=VERTEX_POINT('',#14388);
#9910=LINE('',#14389,#14390);
#9911=LINE('',#14391,#14392);
#9912=FILL_AREA_STYLE_COLOUR('',#14393);
#9913=VERTEX_POINT('',#14394);
#9914=CIRCLE('',#14395,1.0);
#9915=VERTEX_POINT('',#14396);
#9916=LINE('',#14397,#14398);
#9917=CIRCLE('',#14399,1.0);
#9918=FILL_AREA_STYLE_COLOUR('',#14400);
#9919=VERTEX_POINT('',#14401);
#9920=LINE('',#14402,#14403);
#9921=VERTEX_POINT('',#14404);
#9922=LINE('',#14405,#14406);
#9923=LINE('',#14407,#14408);
#9924=FILL_AREA_STYLE_COLOUR('',#14409);
#9925=VERTEX_POINT('',#14410);
#9926=LINE('',#14411,#14412);
#9927=VERTEX_POINT('',#14413);
#9928=LINE('',#14414,#14415);
#9929=VERTEX_POINT('',#14416);
#9930=LINE('',#14417,#14418);
#9931=LINE('',#14419,#14420);
#9932=FILL_AREA_STYLE_COLOUR('',#14421);
#9933=LINE('',#14422,#14423);
#9934=LINE('',#14424,#14425);
#9935=LINE('',#14426,#14427);
#9936=FILL_AREA_STYLE_COLOUR('',#14428);
#9937=LINE('',#14429,#14430);
#9938=FILL_AREA_STYLE_COLOUR('',#14431);
#9939=VERTEX_POINT('',#14432);
#9940=LINE('',#14433,#14434);
#9941=VERTEX_POINT('',#14435);
#9942=LINE('',#14436,#14437);
#9943=LINE('',#14438,#14439);
#9944=FILL_AREA_STYLE_COLOUR('',#14440);
#9945=LINE('',#14441,#14442);
#9946=LINE('',#14443,#14444);
#9947=FILL_AREA_STYLE_COLOUR('',#14445);
#9948=VERTEX_POINT('',#14446);
#9949=VERTEX_POINT('',#14447);
#9950=LINE('',#14448,#14449);
#9951=LINE('',#14450,#14451);
#9952=LINE('',#14452,#14453);
#9953=FILL_AREA_STYLE_COLOUR('',#14454);
#9954=VERTEX_POINT('',#14455);
#9955=LINE('',#14456,#14457);
#9956=LINE('',#14458,#14459);
#9957=FILL_AREA_STYLE_COLOUR('',#14460);
#9958=VERTEX_POINT('',#14461);
#9959=VERTEX_POINT('',#14462);
#9960=LINE('',#14463,#14464);
#9961=CIRCLE('',#14465,0.499999999999965);
#9962=CIRCLE('',#14466,0.499999999999938);
#9963=FILL_AREA_STYLE_COLOUR('',#14467);
#9964=VERTEX_POINT('',#14468);
#9965=CIRCLE('',#14469,0.200000000000086);
#9966=VERTEX_POINT('',#14470);
#9967=LINE('',#14471,#14472);
#9968=CIRCLE('',#14473,0.200000000000086);
#9969=FILL_AREA_STYLE_COLOUR('',#14474);
#9970=VERTEX_POINT('',#14475);
#9971=CIRCLE('',#14476,1.0);
#9972=VERTEX_POINT('',#14477);
#9973=LINE('',#14478,#14479);
#9974=CIRCLE('',#14480,1.0);
#9975=FILL_AREA_STYLE_COLOUR('',#14481);
#9976=VERTEX_POINT('',#14482);
#9977=LINE('',#14483,#14484);
#9978=CIRCLE('',#14485,0.299999999999935);
#9979=FILL_AREA_STYLE_COLOUR('',#14486);
#9980=VERTEX_POINT('',#14487);
#9981=VERTEX_POINT('',#14488);
#9982=LINE('',#14489,#14490);
#9983=LINE('',#14491,#14492);
#9984=LINE('',#14493,#14494);
#9985=FILL_AREA_STYLE_COLOUR('',#14495);
#9986=VERTEX_POINT('',#14496);
#9987=VERTEX_POINT('',#14497);
#9988=LINE('',#14498,#14499);
#9989=LINE('',#14500,#14501);
#9990=LINE('',#14502,#14503);
#9991=LINE('',#14504,#14505);
#9992=FILL_AREA_STYLE_COLOUR('',#14506);
#9993=LINE('',#14507,#14508);
#9994=VERTEX_POINT('',#14509);
#9995=VERTEX_POINT('',#14510);
#9996=LINE('',#14511,#14512);
#9997=VERTEX_POINT('',#14513);
#9998=LINE('',#14514,#14515);
#9999=VERTEX_POINT('',#14516);
#10000=LINE('',#14517,#14518);
#10001=LINE('',#14519,#14520);
#10002=VERTEX_POINT('',#14521);
#10003=LINE('',#14522,#14523);
#10004=VERTEX_POINT('',#14524);
#10005=LINE('',#14525,#14526);
#10006=LINE('',#14527,#14528);
#10007=FILL_AREA_STYLE_COLOUR('',#14529);
#10008=VERTEX_POINT('',#14530);
#10009=LINE('',#14531,#14532);
#10010=VERTEX_POINT('',#14533);
#10011=LINE('',#14534,#14535);
#10012=LINE('',#14536,#14537);
#10013=FILL_AREA_STYLE_COLOUR('',#14538);
#10014=VERTEX_POINT('',#14539);
#10015=LINE('',#14540,#14541);
#10016=LINE('',#14542,#14543);
#10017=FILL_AREA_STYLE_COLOUR('',#14544);
#10018=VERTEX_POINT('',#14545);
#10019=LINE('',#14546,#14547);
#10020=VERTEX_POINT('',#14548);
#10021=LINE('',#14549,#14550);
#10022=VERTEX_POINT('',#14551);
#10023=LINE('',#14552,#14553);
#10024=LINE('',#14554,#14555);
#10025=FILL_AREA_STYLE_COLOUR('',#14556);
#10026=LINE('',#14557,#14558);
#10027=FILL_AREA_STYLE_COLOUR('',#14559);
#10028=LINE('',#14560,#14561);
#10029=FILL_AREA_STYLE_COLOUR('',#14562);
#10030=VERTEX_POINT('',#14563);
#10031=LINE('',#14564,#14565);
#10032=LINE('',#14566,#14567);
#10033=FILL_AREA_STYLE_COLOUR('',#14568);
#10034=VERTEX_POINT('',#14569);
#10035=LINE('',#14570,#14571);
#10036=LINE('',#14572,#14573);
#10037=FILL_AREA_STYLE_COLOUR('',#14574);
#10038=LINE('',#14575,#14576);
#10039=FILL_AREA_STYLE_COLOUR('',#14577);
#10040=LINE('',#14578,#14579);
#10041=VERTEX_POINT('',#14580);
#10042=LINE('',#14581,#14582);
#10043=LINE('',#14583,#14584);
#10044=FILL_AREA_STYLE_COLOUR('',#14585);
#10045=VERTEX_POINT('',#14586);
#10046=LINE('',#14587,#14588);
#10047=VERTEX_POINT('',#14589);
#10048=LINE('',#14590,#14591);
#10049=VERTEX_POINT('',#14592);
#10050=LINE('',#14593,#14594);
#10051=LINE('',#14595,#14596);
#10052=FILL_AREA_STYLE_COLOUR('',#14597);
#10053=VERTEX_POINT('',#14598);
#10054=CIRCLE('',#14599,0.2);
#10055=VERTEX_POINT('',#14600);
#10056=CIRCLE('',#14601,0.500000000000068);
#10057=LINE('',#14602,#14603);
#10058=LINE('',#14604,#14605);
#10059=FILL_AREA_STYLE_COLOUR('',#14606);
#10060=VERTEX_POINT('',#14607);
#10061=CIRCLE('',#14608,0.2);
#10062=LINE('',#14609,#14610);
#10063=FILL_AREA_STYLE_COLOUR('',#14611);
#10064=VERTEX_POINT('',#14612);
#10065=LINE('',#14613,#14614);
#10066=LINE('',#14615,#14616);
#10067=FILL_AREA_STYLE_COLOUR('',#14617);
#10068=VERTEX_POINT('',#14618);
#10069=VERTEX_POINT('',#14619);
#10070=LINE('',#14620,#14621);
#10071=CIRCLE('',#14622,0.500000000000034);
#10072=CIRCLE('',#14623,0.299999999999932);
#10073=FILL_AREA_STYLE_COLOUR('',#14624);
#10074=LINE('',#14625,#14626);
#10075=FILL_AREA_STYLE_COLOUR('',#14627);
#10076=VERTEX_POINT('',#14628);
#10077=VERTEX_POINT('',#14629);
#10078=LINE('',#14630,#14631);
#10079=LINE('',#14632,#14633);
#10080=LINE('',#14634,#14635);
#10081=FILL_AREA_STYLE_COLOUR('',#14636);
#10082=VERTEX_POINT('',#14637);
#10083=CIRCLE('',#14638,0.500000000000059);
#10084=VERTEX_POINT('',#14639);
#10085=LINE('',#14640,#14641);
#10086=CIRCLE('',#14642,0.50000000000004);
#10087=FILL_AREA_STYLE_COLOUR('',#14643);
#10088=LINE('',#14644,#14645);
#10089=LINE('',#14646,#14647);
#10090=FILL_AREA_STYLE_COLOUR('',#14648);
#10091=VERTEX_POINT('',#14649);
#10092=VERTEX_POINT('',#14650);
#10093=LINE('',#14651,#14652);
#10094=VERTEX_POINT('',#14653);
#10095=LINE('',#14654,#14655);
#10096=VERTEX_POINT('',#14656);
#10097=LINE('',#14657,#14658);
#10098=LINE('',#14659,#14660);
#10099=FILL_AREA_STYLE_COLOUR('',#14661);
#10100=VERTEX_POINT('',#14662);
#10101=B_SPLINE_CURVE_WITH_KNOTS('',3,(#14663,#14664,#14665,#14666,#14667,#14668),.UNSPECIFIED.,.F.,.F.,(4,1,1,4),(0.122031007955057,0.363667687106751,0.605304366258808,0.846941045404379),.UNSPECIFIED.);
#10102=VERTEX_POINT('',#14669);
#10103=LINE('',#14670,#14671);
#10104=B_SPLINE_CURVE_WITH_KNOTS('',3,(#14672,#14673,#14674,#14675,#14676,#14677),.UNSPECIFIED.,.F.,.F.,(4,1,1,4),(0.0,0.3333333333333,0.6666666666667,1.0),.UNSPECIFIED.);
#10105=FILL_AREA_STYLE_COLOUR('',#14678);
#10106=VERTEX_POINT('',#14679);
#10107=LINE('',#14680,#14681);
#10108=VERTEX_POINT('',#14682);
#10109=LINE('',#14683,#14684);
#10110=LINE('',#14685,#14686);
#10111=FILL_AREA_STYLE_COLOUR('',#14687);
#10112=VERTEX_POINT('',#14688);
#10113=B_SPLINE_CURVE_WITH_KNOTS('',3,(#14689,#14690,#14691,#14692,#14693,#14694),.UNSPECIFIED.,.F.,.F.,(4,1,1,4),(0.142565343290903,0.363798042781889,0.585030742262318,0.806263441746143),.UNSPECIFIED.);
#10114=VERTEX_POINT('',#14695);
#10115=LINE('',#14696,#14697);
#10116=B_SPLINE_CURVE_WITH_KNOTS('',3,(#14698,#14699,#14700,#14701,#14702,#14703),.UNSPECIFIED.,.F.,.F.,(4,1,1,4),(0.0,0.3333333333333,0.6666666666667,1.0),.UNSPECIFIED.);
#10117=FILL_AREA_STYLE_COLOUR('',#14704);
#10118=VERTEX_POINT('',#14705);
#10119=LINE('',#14706,#14707);
#10120=VERTEX_POINT('',#14708);
#10121=LINE('',#14709,#14710);
#10122=VERTEX_POINT('',#14711);
#10123=LINE('',#14712,#14713);
#10124=LINE('',#14714,#14715);
#10125=FILL_AREA_STYLE_COLOUR('',#14716);
#10126=LINE('',#14717,#14718);
#10127=FILL_AREA_STYLE_COLOUR('',#14719);
#10128=LINE('',#14720,#14721);
#10129=VERTEX_POINT('',#14722);
#10130=LINE('',#14723,#14724);
#10131=VERTEX_POINT('',#14725);
#10132=CIRCLE('',#14726,0.40000000000383);
#10133=LINE('',#14727,#14728);
#10134=FILL_AREA_STYLE_COLOUR('',#14729);
#10135=VERTEX_POINT('',#14730);
#10136=LINE('',#14731,#14732);
#10137=VERTEX_POINT('',#14733);
#10138=ELLIPSE('',#14734,0.424264068702686,0.299999999999955);
#10139=LINE('',#14735,#14736);
#10140=FILL_AREA_STYLE_COLOUR('',#14737);
#10141=VERTEX_POINT('',#14738);
#10142=VERTEX_POINT('',#14739);
#10143=LINE('',#14740,#14741);
#10144=VERTEX_POINT('',#14742);
#10145=B_SPLINE_CURVE_WITH_KNOTS('',3,(#14743,#14744,#14745,#14746),.UNSPECIFIED.,.F.,.F.,(4,4),(1.0842021724855E-19,2.40424250018214E-05),.UNSPECIFIED.);
#10146=VERTEX_POINT('',#14747);
#10147=LINE('',#14748,#14749);
#10148=VERTEX_POINT('',#14750);
#10149=CIRCLE('',#14751,0.2);
#10150=VERTEX_POINT('',#14752);
#10151=LINE('',#14753,#14754);
#10152=CIRCLE('',#14755,0.2);
#10153=FILL_AREA_STYLE_COLOUR('',#14756);
#10154=B_SPLINE_CURVE_WITH_KNOTS('',3,(#14757,#14758,#14759,#14760),.UNSPECIFIED.,.F.,.F.,(4,4),(4.59154989546218E-07,2.26564117238529E-05),.UNSPECIFIED.);
#10155=LINE('',#14761,#14762);
#10156=FILL_AREA_STYLE_COLOUR('',#14763);
#10157=LINE('',#14764,#14765);
#10158=FILL_AREA_STYLE_COLOUR('',#14766);
#10159=LINE('',#14767,#14768);
#10160=FILL_AREA_STYLE_COLOUR('',#14769);
#10161=VERTEX_POINT('',#14770);
#10162=LINE('',#14771,#14772);
#10163=VERTEX_POINT('',#14773);
#10164=LINE('',#14774,#14775);
#10165=LINE('',#14776,#14777);
#10166=FILL_AREA_STYLE_COLOUR('',#14778);
#10167=VERTEX_POINT('',#14779);
#10168=LINE('',#14780,#14781);
#10169=LINE('',#14782,#14783);
#10170=FILL_AREA_STYLE_COLOUR('',#14784);
#10171=VERTEX_POINT('',#14785);
#10172=LINE('',#14786,#14787);
#10173=CIRCLE('',#14788,0.300000000000167);
#10174=FILL_AREA_STYLE_COLOUR('',#14789);
#10175=VERTEX_POINT('',#14790);
#10176=LINE('',#14791,#14792);
#10177=VERTEX_POINT('',#14793);
#10178=LINE('',#14794,#14795);
#10179=LINE('',#14796,#14797);
#10180=FILL_AREA_STYLE_COLOUR('',#14798);
#10181=VERTEX_POINT('',#14799);
#10182=LINE('',#14800,#14801);
#10183=VERTEX_POINT('',#14802);
#10184=LINE('',#14803,#14804);
#10185=LINE('',#14805,#14806);
#10186=LINE('',#14807,#14808);
#10187=FILL_AREA_STYLE_COLOUR('',#14809);
#10188=VERTEX_POINT('',#14810);
#10189=VERTEX_POINT('',#14811);
#10190=LINE('',#14812,#14813);
#10191=VERTEX_POINT('',#14814);
#10192=LINE('',#14815,#14816);
#10193=VERTEX_POINT('',#14817);
#10194=LINE('',#14818,#14819);
#10195=LINE('',#14820,#14821);
#10196=FILL_AREA_STYLE_COLOUR('',#14822);
#10197=VERTEX_POINT('',#14823);
#10198=B_SPLINE_CURVE_WITH_KNOTS('',3,(#14824,#14825,#14826,#14827,#14828,#14829),.UNSPECIFIED.,.F.,.F.,(4,1,1,4),(0.142565343301051,0.363798042781889,0.585030742262318,0.806263441741093),.UNSPECIFIED.);
#10199=VERTEX_POINT('',#14830);
#10200=B_SPLINE_CURVE_WITH_KNOTS('',3,(#14831,#14832,#14833,#14834,#14835,#14836),.UNSPECIFIED.,.F.,.F.,(4,1,1,4),(0.0,0.3333333333333,0.6666666666667,1.0),.UNSPECIFIED.);
#10201=LINE('',#14837,#14838);
#10202=FILL_AREA_STYLE_COLOUR('',#14839);
#10203=VERTEX_POINT('',#14840);
#10204=LINE('',#14841,#14842);
#10205=VERTEX_POINT('',#14843);
#10206=LINE('',#14844,#14845);
#10207=LINE('',#14846,#14847);
#10208=FILL_AREA_STYLE_COLOUR('',#14848);
#10209=VERTEX_POINT('',#14849);
#10210=B_SPLINE_CURVE_WITH_KNOTS('',3,(#14850,#14851,#14852,#14853,#14854,#14855),.UNSPECIFIED.,.F.,.F.,(4,1,1,4),(0.142565343299683,0.363798042781889,0.585030742262318,0.806263441743714),.UNSPECIFIED.);
#10211=VERTEX_POINT('',#14856);
#10212=B_SPLINE_CURVE_WITH_KNOTS('',3,(#14857,#14858,#14859,#14860,#14861,#14862),.UNSPECIFIED.,.F.,.F.,(4,1,1,4),(0.0,0.3333333333333,0.6666666666667,1.0),.UNSPECIFIED.);
#10213=LINE('',#14863,#14864);
#10214=FILL_AREA_STYLE_COLOUR('',#14865);
#10215=VERTEX_POINT('',#14866);
#10216=LINE('',#14867,#14868);
#10217=VERTEX_POINT('',#14869);
#10218=LINE('',#14870,#14871);
#10219=LINE('',#14872,#14873);
#10220=FILL_AREA_STYLE_COLOUR('',#14874);
#10221=VERTEX_POINT('',#14875);
#10222=VERTEX_POINT('',#14876);
#10223=LINE('',#14877,#14878);
#10224=B_SPLINE_CURVE_WITH_KNOTS('',3,(#14879,#14880,#14881,#14882,#14883,#14884),.UNSPECIFIED.,.F.,.F.,(4,1,1,4),(0.122031007954795,0.363667687106751,0.605304366258808,0.846941045411316),.UNSPECIFIED.);
#10225=B_SPLINE_CURVE_WITH_KNOTS('',3,(#14885,#14886,#14887,#14888,#14889,#14890),.UNSPECIFIED.,.F.,.F.,(4,1,1,4),(0.0,0.3333333333333,0.6666666666667,1.0),.UNSPECIFIED.);
#10226=FILL_AREA_STYLE_COLOUR('',#14891);
#10227=VERTEX_POINT('',#14892);
#10228=LINE('',#14893,#14894);
#10229=VERTEX_POINT('',#14895);
#10230=LINE('',#14896,#14897);
#10231=LINE('',#14898,#14899);
#10232=FILL_AREA_STYLE_COLOUR('',#14900);
#10233=VERTEX_POINT('',#14901);
#10234=VERTEX_POINT('',#14902);
#10235=LINE('',#14903,#14904);
#10236=B_SPLINE_CURVE_WITH_KNOTS('',3,(#14905,#14906,#14907,#14908,#14909,#14910),.UNSPECIFIED.,.F.,.F.,(4,1,1,4),(0.122031007954328,0.363667687106751,0.605304366258808,0.846941045410939),.UNSPECIFIED.);
#10237=B_SPLINE_CURVE_WITH_KNOTS('',3,(#14911,#14912,#14913,#14914,#14915,#14916),.UNSPECIFIED.,.F.,.F.,(4,1,1,4),(0.0,0.3333333333333,0.6666666666667,1.0),.UNSPECIFIED.);
#10238=FILL_AREA_STYLE_COLOUR('',#14917);
#10239=VERTEX_POINT('',#14918);
#10240=LINE('',#14919,#14920);
#10241=VERTEX_POINT('',#14921);
#10242=LINE('',#14922,#14923);
#10243=LINE('',#14924,#14925);
#10244=FILL_AREA_STYLE_COLOUR('',#14926);
#10245=VERTEX_POINT('',#14927);
#10246=B_SPLINE_CURVE_WITH_KNOTS('',3,(#14928,#14929,#14930,#14931,#14932,#14933),.UNSPECIFIED.,.F.,.F.,(4,1,1,4),(0.142565343301226,0.363798042781919,0.585030742262569,0.806263441743862),.UNSPECIFIED.);
#10247=VERTEX_POINT('',#14934);
#10248=B_SPLINE_CURVE_WITH_KNOTS('',3,(#14935,#14936,#14937,#14938,#14939,#14940),.UNSPECIFIED.,.F.,.F.,(4,1,1,4),(0.0,0.3333333333333,0.6666666666667,1.0),.UNSPECIFIED.);
#10249=LINE('',#14941,#14942);
#10250=FILL_AREA_STYLE_COLOUR('',#14943);
#10251=VERTEX_POINT('',#14944);
#10252=LINE('',#14945,#14946);
#10253=VERTEX_POINT('',#14947);
#10254=LINE('',#14948,#14949);
#10255=LINE('',#14950,#14951);
#10256=VERTEX_POINT('',#14952);
#10257=LINE('',#14953,#14954);
#10258=LINE('',#14955,#14956);
#10259=FILL_AREA_STYLE_COLOUR('',#14957);
#10260=LINE('',#14958,#14959);
#10261=FILL_AREA_STYLE_COLOUR('',#14960);
#10262=VERTEX_POINT('',#14961);
#10263=VERTEX_POINT('',#14962);
#10264=LINE('',#14963,#14964);
#10265=VERTEX_POINT('',#14965);
#10266=LINE('',#14966,#14967);
#10267=VERTEX_POINT('',#14968);
#10268=LINE('',#14969,#14970);
#10269=LINE('',#14971,#14972);
#10270=FILL_AREA_STYLE_COLOUR('',#14973);
#10271=VERTEX_POINT('',#14974);
#10272=LINE('',#14975,#14976);
#10273=VERTEX_POINT('',#14977);
#10274=LINE('',#14978,#14979);
#10275=LINE('',#14980,#14981);
#10276=FILL_AREA_STYLE_COLOUR('',#14982);
#10277=VERTEX_POINT('',#14983);
#10278=LINE('',#14984,#14985);
#10279=VERTEX_POINT('',#14986);
#10280=LINE('',#14987,#14988);
#10281=LINE('',#14989,#14990);
#10282=FILL_AREA_STYLE_COLOUR('',#14991);
#10283=VERTEX_POINT('',#14992);
#10284=LINE('',#14993,#14994);
#10285=LINE('',#14995,#14996);
#10286=FILL_AREA_STYLE_COLOUR('',#14997);
#10287=VERTEX_POINT('',#14998);
#10288=VERTEX_POINT('',#14999);
#10289=LINE('',#15000,#15001);
#10290=LINE('',#15002,#15003);
#10291=LINE('',#15004,#15005);
#10292=FILL_AREA_STYLE_COLOUR('',#15006);
#10293=VERTEX_POINT('',#15007);
#10294=LINE('',#15008,#15009);
#10295=LINE('',#15010,#15011);
#10296=FILL_AREA_STYLE_COLOUR('',#15012);
#10297=LINE('',#15013,#15014);
#10298=LINE('',#15015,#15016);
#10299=FILL_AREA_STYLE_COLOUR('',#15017);
#10300=LINE('',#15018,#15019);
#10301=FILL_AREA_STYLE_COLOUR('',#15020);
#10302=VERTEX_POINT('',#15021);
#10303=VERTEX_POINT('',#15022);
#10304=LINE('',#15023,#15024);
#10305=VERTEX_POINT('',#15025);
#10306=LINE('',#15026,#15027);
#10307=VERTEX_POINT('',#15028);
#10308=LINE('',#15029,#15030);
#10309=LINE('',#15031,#15032);
#10310=FILL_AREA_STYLE_COLOUR('',#15033);
#10311=VERTEX_POINT('',#15034);
#10312=VERTEX_POINT('',#15035);
#10313=LINE('',#15036,#15037);
#10314=LINE('',#15038,#15039);
#10315=VERTEX_POINT('',#15040);
#10316=LINE('',#15041,#15042);
#10317=LINE('',#15043,#15044);
#10318=FILL_AREA_STYLE_COLOUR('',#15045);
#10319=VERTEX_POINT('',#15046);
#10320=LINE('',#15047,#15048);
#10321=LINE('',#15049,#15050);
#10322=FILL_AREA_STYLE_COLOUR('',#15051);
#10323=VERTEX_POINT('',#15052);
#10324=LINE('',#15053,#15054);
#10325=VERTEX_POINT('',#15055);
#10326=LINE('',#15056,#15057);
#10327=LINE('',#15058,#15059);
#10328=FILL_AREA_STYLE_COLOUR('',#15060);
#10329=VERTEX_POINT('',#15061);
#10330=LINE('',#15062,#15063);
#10331=LINE('',#15064,#15065);
#10332=FILL_AREA_STYLE_COLOUR('',#15066);
#10333=VERTEX_POINT('',#15067);
#10334=LINE('',#15068,#15069);
#10335=LINE('',#15070,#15071);
#10336=FILL_AREA_STYLE_COLOUR('',#15072);
#10337=B_SPLINE_CURVE_WITH_KNOTS('',3,(#15073,#15074,#15075,#15076,#15077,#15078),.UNSPECIFIED.,.F.,.F.,(4,1,1,4),(0.0,0.3333333333333,0.6666666666667,1.0),.UNSPECIFIED.);
#10338=FILL_AREA_STYLE_COLOUR('',#15079);
#10339=LINE('',#15080,#15081);
#10340=FILL_AREA_STYLE_COLOUR('',#15082);
#10341=LINE('',#15083,#15084);
#10342=FILL_AREA_STYLE_COLOUR('',#15085);
#10343=LINE('',#15086,#15087);
#10344=FILL_AREA_STYLE_COLOUR('',#15088);
#10345=VERTEX_POINT('',#15089);
#10346=LINE('',#15090,#15091);
#10347=CIRCLE('',#15092,0.5);
#10348=FILL_AREA_STYLE_COLOUR('',#15093);
#10349=VERTEX_POINT('',#15094);
#10350=CIRCLE('',#15095,0.5);
#10351=LINE('',#15096,#15097);
#10352=FILL_AREA_STYLE_COLOUR('',#15098);
#10353=B_SPLINE_CURVE_WITH_KNOTS('',3,(#15099,#15100,#15101,#15102,#15103,#15104),.UNSPECIFIED.,.F.,.F.,(4,1,1,4),(0.12203100795482,0.363667687106751,0.605304366258808,0.846941045409973),.UNSPECIFIED.);
#10354=FILL_AREA_STYLE_COLOUR('',#15105);
#10355=ORIENTED_EDGE('',*,*,#15106,.F.);
#10356=ORIENTED_EDGE('',*,*,#15107,.F.);
#10357=ORIENTED_EDGE('',*,*,#15108,.F.);
#10358=ORIENTED_EDGE('',*,*,#15109,.F.);
#10359=ORIENTED_EDGE('',*,*,#15110,.F.);
#10360=CARTESIAN_POINT('',(2.25,-0.676725586542,-17.8));
#10361=DIRECTION('',(-0.0,-1.0,0.0));
#10362=DIRECTION('',(-1.0,0.0,0.0));
#10363=ORIENTED_EDGE('',*,*,#15111,.F.);
#10364=ORIENTED_EDGE('',*,*,#15112,.F.);
#10365=ORIENTED_EDGE('',*,*,#15113,.F.);
#10366=ORIENTED_EDGE('',*,*,#15114,.T.);
#10367=ORIENTED_EDGE('',*,*,#15108,.T.);
#10368=CARTESIAN_POINT('',(2.25000000000019,-0.65,-17.8000000000018));
#10369=DIRECTION('',(-6.40647292275985E-19,1.0,6.23040157937759E-18));
#10370=DIRECTION('',(0.994754962656063,0.0,0.102286676899464));
#10371=ORIENTED_EDGE('',*,*,#15115,.F.);
#10372=ORIENTED_EDGE('',*,*,#15116,.F.);
#10373=ORIENTED_EDGE('',*,*,#15117,.F.);
#10374=ORIENTED_EDGE('',*,*,#15118,.F.);
#10375=ORIENTED_EDGE('',*,*,#15119,.T.);
#10376=ORIENTED_EDGE('',*,*,#15120,.T.);
#10377=CARTESIAN_POINT('',(-2.25000000000018,-0.65,-17.7999999999982));
#10378=DIRECTION('',(-6.40647292276262E-19,1.0,6.23040157937899E-18));
#10379=DIRECTION('',(-0.994754962656061,0.0,-0.102286676899485));
#10380=ORIENTED_EDGE('',*,*,#15121,.F.);
#10381=ORIENTED_EDGE('',*,*,#15119,.F.);
#10382=ORIENTED_EDGE('',*,*,#15122,.F.);
#10383=ORIENTED_EDGE('',*,*,#15123,.F.);
#10384=ORIENTED_EDGE('',*,*,#15124,.F.);
#10385=CARTESIAN_POINT('',(-2.25,-0.676725586542,-17.8));
#10386=DIRECTION('',(-0.0,-1.0,0.0));
#10387=DIRECTION('',(-1.0,0.0,0.0));
#10388=ORIENTED_EDGE('',*,*,#15125,.F.);
#10389=ORIENTED_EDGE('',*,*,#7355,.T.);
#10390=ORIENTED_EDGE('',*,*,#7376,.F.);
#10391=ORIENTED_EDGE('',*,*,#7352,.T.);
#10392=ORIENTED_EDGE('',*,*,#15126,.F.);
#10393=ORIENTED_EDGE('',*,*,#7383,.T.);
#10394=ORIENTED_EDGE('',*,*,#7404,.F.);
#10395=ORIENTED_EDGE('',*,*,#7380,.T.);
#10396=ORIENTED_EDGE('',*,*,#15127,.F.);
#10397=ORIENTED_EDGE('',*,*,#7327,.T.);
#10398=ORIENTED_EDGE('',*,*,#7348,.F.);
#10399=ORIENTED_EDGE('',*,*,#7324,.T.);
#10400=ORIENTED_EDGE('',*,*,#15128,.F.);
#10401=ORIENTED_EDGE('',*,*,#7411,.T.);
#10402=ORIENTED_EDGE('',*,*,#7432,.F.);
#10403=ORIENTED_EDGE('',*,*,#7408,.T.);
#10404=ORIENTED_EDGE('',*,*,#15129,.F.);
#10405=ORIENTED_EDGE('',*,*,#15130,.F.);
#10406=ORIENTED_EDGE('',*,*,#15131,.T.);
#10407=ORIENTED_EDGE('',*,*,#15132,.F.);
#10408=ORIENTED_EDGE('',*,*,#15133,.F.);
#10409=ORIENTED_EDGE('',*,*,#15134,.F.);
#10410=ORIENTED_EDGE('',*,*,#7841,.F.);
#10411=ORIENTED_EDGE('',*,*,#7840,.F.);
#10412=ORIENTED_EDGE('',*,*,#7839,.F.);
#10413=ORIENTED_EDGE('',*,*,#15135,.F.);
#10414=ORIENTED_EDGE('',*,*,#15136,.T.);
#10415=ORIENTED_EDGE('',*,*,#7831,.F.);
#10416=ORIENTED_EDGE('',*,*,#7830,.F.);
#10417=ORIENTED_EDGE('',*,*,#7829,.F.);
#10418=ORIENTED_EDGE('',*,*,#15137,.T.);
#10419=ORIENTED_EDGE('',*,*,#15138,.F.);
#10420=ORIENTED_EDGE('',*,*,#15139,.T.);
#10421=ORIENTED_EDGE('',*,*,#15140,.T.);
#10422=ORIENTED_EDGE('',*,*,#15141,.T.);
#10423=CARTESIAN_POINT('',(-5.876,1.4346,-8.645));
#10424=DIRECTION('',(0.0,0.0,1.0));
#10425=DIRECTION('',(1.0,0.0,0.0));
#10426=ORIENTED_EDGE('',*,*,#7959,.T.);
#10427=ORIENTED_EDGE('',*,*,#7816,.T.);
#10428=ORIENTED_EDGE('',*,*,#15142,.F.);
#10429=ORIENTED_EDGE('',*,*,#15143,.F.);
#10430=ORIENTED_EDGE('',*,*,#15144,.F.);
#10431=ORIENTED_EDGE('',*,*,#15145,.T.);
#10432=CARTESIAN_POINT('',(5.15,-0.00222280922000011,-0.501));
#10433=DIRECTION('',(0.0,1.0,-0.0));
#10434=DIRECTION('',(1.0,0.0,0.0));
#10435=ORIENTED_EDGE('',*,*,#7956,.T.);
#10436=ORIENTED_EDGE('',*,*,#7612,.T.);
#10437=ORIENTED_EDGE('',*,*,#15146,.T.);
#10438=ORIENTED_EDGE('',*,*,#7890,.F.);
#10439=ORIENTED_EDGE('',*,*,#7960,.T.);
#10440=ORIENTED_EDGE('',*,*,#15145,.F.);
#10441=ORIENTED_EDGE('',*,*,#15147,.T.);
#10442=ORIENTED_EDGE('',*,*,#15148,.F.);
#10443=ORIENTED_EDGE('',*,*,#15149,.T.);
#10444=ORIENTED_EDGE('',*,*,#15150,.F.);
#10445=ORIENTED_EDGE('',*,*,#15151,.F.);
#10446=ORIENTED_EDGE('',*,*,#15152,.T.);
#10447=ORIENTED_EDGE('',*,*,#15153,.F.);
#10448=ORIENTED_EDGE('',*,*,#15154,.F.);
#10449=ORIENTED_EDGE('',*,*,#15155,.F.);
#10450=ORIENTED_EDGE('',*,*,#15156,.T.);
#10451=ORIENTED_EDGE('',*,*,#15157,.F.);
#10452=ORIENTED_EDGE('',*,*,#15158,.F.);
#10453=ORIENTED_EDGE('',*,*,#15159,.T.);
#10454=ORIENTED_EDGE('',*,*,#15160,.F.);
#10455=ORIENTED_EDGE('',*,*,#15161,.F.);
#10456=ORIENTED_EDGE('',*,*,#15162,.F.);
#10457=ORIENTED_EDGE('',*,*,#15163,.T.);
#10458=ORIENTED_EDGE('',*,*,#15164,.F.);
#10459=ORIENTED_EDGE('',*,*,#15165,.T.);
#10460=ORIENTED_EDGE('',*,*,#15166,.F.);
#10461=CARTESIAN_POINT('',(-5.356,-0.296671446506999,-0.001));
#10462=DIRECTION('',(0.0,0.0,1.0));
#10463=DIRECTION('',(1.0,0.0,0.0));
#10464=ORIENTED_EDGE('',*,*,#15167,.F.);
#10465=ORIENTED_EDGE('',*,*,#7635,.T.);
#10466=ORIENTED_EDGE('',*,*,#7957,.T.);
#10467=ORIENTED_EDGE('',*,*,#15166,.T.);
#10468=ORIENTED_EDGE('',*,*,#15168,.F.);
#10469=ORIENTED_EDGE('',*,*,#15169,.F.);
#10470=CARTESIAN_POINT('',(-5.15,-1.988191709623,-0.501));
#10471=DIRECTION('',(-0.0,-1.0,0.0));
#10472=DIRECTION('',(-1.0,0.0,0.0));
#10473=ORIENTED_EDGE('',*,*,#15170,.F.);
#10474=ORIENTED_EDGE('',*,*,#7307,.T.);
#10475=ORIENTED_EDGE('',*,*,#15171,.T.);
#10476=ORIENTED_EDGE('',*,*,#15172,.F.);
#10477=CARTESIAN_POINT('',(-4.2384,0.92,-14.214));
#10478=DIRECTION('',(-0.0,1.0,0.0));
#10479=DIRECTION('',(1.0,0.0,0.0));
#10480=ORIENTED_EDGE('',*,*,#15173,.F.);
#10481=ORIENTED_EDGE('',*,*,#6886,.T.);
#10482=ORIENTED_EDGE('',*,*,#15174,.T.);
#10483=ORIENTED_EDGE('',*,*,#15175,.F.);
#10484=CARTESIAN_POINT('',(-4.2384,0.92,-14.214));
#10485=DIRECTION('',(-0.0,1.0,0.0));
#10486=DIRECTION('',(1.0,0.0,0.0));
#10487=ORIENTED_EDGE('',*,*,#15176,.F.);
#10488=ORIENTED_EDGE('',*,*,#6985,.T.);
#10489=ORIENTED_EDGE('',*,*,#15177,.T.);
#10490=ORIENTED_EDGE('',*,*,#15178,.F.);
#10491=CARTESIAN_POINT('',(-4.2384,0.92,-14.214));
#10492=DIRECTION('',(-0.0,1.0,0.0));
#10493=DIRECTION('',(1.0,0.0,0.0));
#10494=ORIENTED_EDGE('',*,*,#15179,.F.);
#10495=ORIENTED_EDGE('',*,*,#7167,.T.);
#10496=ORIENTED_EDGE('',*,*,#15180,.T.);
#10497=ORIENTED_EDGE('',*,*,#15181,.F.);
#10498=CARTESIAN_POINT('',(-4.2384,0.92,-14.214));
#10499=DIRECTION('',(-0.0,1.0,0.0));
#10500=DIRECTION('',(1.0,0.0,0.0));
#10501=ORIENTED_EDGE('',*,*,#15182,.F.);
#10502=ORIENTED_EDGE('',*,*,#15183,.T.);
#10503=ORIENTED_EDGE('',*,*,#15184,.F.);
#10504=ORIENTED_EDGE('',*,*,#15185,.F.);
#10505=ORIENTED_EDGE('',*,*,#15186,.F.);
#10506=ORIENTED_EDGE('',*,*,#7322,.T.);
#10507=ORIENTED_EDGE('',*,*,#7347,.F.);
#10508=ORIENTED_EDGE('',*,*,#7329,.T.);
#10509=CARTESIAN_POINT('',(-0.3732744134578,-0.256725586542,-2.1));
#10510=DIRECTION('',(0.0,0.0,-1.0));
#10511=DIRECTION('',(0.0,-1.0,0.0));
#10512=ORIENTED_EDGE('',*,*,#15187,.F.);
#10513=ORIENTED_EDGE('',*,*,#15188,.T.);
#10514=ORIENTED_EDGE('',*,*,#15189,.F.);
#10515=ORIENTED_EDGE('',*,*,#15190,.F.);
#10516=ORIENTED_EDGE('',*,*,#15191,.F.);
#10517=ORIENTED_EDGE('',*,*,#7378,.T.);
#10518=ORIENTED_EDGE('',*,*,#7403,.F.);
#10519=ORIENTED_EDGE('',*,*,#7385,.T.);
#10520=CARTESIAN_POINT('',(-0.3732744134578,-0.256725586542,-2.1));
#10521=DIRECTION('',(0.0,0.0,-1.0));
#10522=DIRECTION('',(0.0,-1.0,0.0));
#10523=ORIENTED_EDGE('',*,*,#15192,.F.);
#10524=ORIENTED_EDGE('',*,*,#15193,.T.);
#10525=ORIENTED_EDGE('',*,*,#15194,.F.);
#10526=ORIENTED_EDGE('',*,*,#15195,.F.);
#10527=ORIENTED_EDGE('',*,*,#15196,.F.);
#10528=ORIENTED_EDGE('',*,*,#7406,.T.);
#10529=ORIENTED_EDGE('',*,*,#7431,.F.);
#10530=ORIENTED_EDGE('',*,*,#7413,.T.);
#10531=CARTESIAN_POINT('',(-2.873274413458,-0.256725586542,-1.1));
#10532=DIRECTION('',(0.0,0.0,-1.0));
#10533=DIRECTION('',(0.0,-1.0,0.0));
#10534=ORIENTED_EDGE('',*,*,#15197,.F.);
#10535=ORIENTED_EDGE('',*,*,#15198,.T.);
#10536=ORIENTED_EDGE('',*,*,#15199,.F.);
#10537=ORIENTED_EDGE('',*,*,#15200,.F.);
#10538=ORIENTED_EDGE('',*,*,#15201,.F.);
#10539=ORIENTED_EDGE('',*,*,#7350,.T.);
#10540=ORIENTED_EDGE('',*,*,#7375,.F.);
#10541=ORIENTED_EDGE('',*,*,#7357,.T.);
#10542=CARTESIAN_POINT('',(-2.873274413458,-0.256725586542,-1.1));
#10543=DIRECTION('',(0.0,0.0,-1.0));
#10544=DIRECTION('',(0.0,-1.0,0.0));
#10545=ORIENTED_EDGE('',*,*,#6858,.F.);
#10546=ORIENTED_EDGE('',*,*,#6845,.T.);
#10547=ORIENTED_EDGE('',*,*,#15202,.F.);
#10548=ORIENTED_EDGE('',*,*,#15203,.T.);
#10549=ORIENTED_EDGE('',*,*,#15204,.F.);
#10550=ORIENTED_EDGE('',*,*,#15205,.T.);
#10551=ORIENTED_EDGE('',*,*,#15206,.F.);
#10552=ORIENTED_EDGE('',*,*,#6832,.T.);
#10553=CARTESIAN_POINT('',(4.3784,0.0632744134580004,-14.3));
#10554=DIRECTION('',(0.0,0.0,-1.0));
#10555=DIRECTION('',(0.0,-1.0,0.0));
#10556=ORIENTED_EDGE('',*,*,#7033,.F.);
#10557=ORIENTED_EDGE('',*,*,#7020,.T.);
#10558=ORIENTED_EDGE('',*,*,#15207,.F.);
#10559=ORIENTED_EDGE('',*,*,#15208,.T.);
#10560=ORIENTED_EDGE('',*,*,#15209,.F.);
#10561=ORIENTED_EDGE('',*,*,#15210,.T.);
#10562=ORIENTED_EDGE('',*,*,#15211,.F.);
#10563=ORIENTED_EDGE('',*,*,#7007,.T.);
#10564=CARTESIAN_POINT('',(4.3784,0.0632744134580004,-14.3));
#10565=DIRECTION('',(0.0,0.0,-1.0));
#10566=DIRECTION('',(0.0,-1.0,0.0));
#10567=ORIENTED_EDGE('',*,*,#7138,.F.);
#10568=ORIENTED_EDGE('',*,*,#7125,.T.);
#10569=ORIENTED_EDGE('',*,*,#15212,.F.);
#10570=ORIENTED_EDGE('',*,*,#15213,.T.);
#10571=ORIENTED_EDGE('',*,*,#15214,.F.);
#10572=ORIENTED_EDGE('',*,*,#15215,.T.);
#10573=ORIENTED_EDGE('',*,*,#15216,.F.);
#10574=ORIENTED_EDGE('',*,*,#7112,.T.);
#10575=CARTESIAN_POINT('',(4.3784,0.0632744134580004,-14.3));
#10576=DIRECTION('',(0.0,0.0,-1.0));
#10577=DIRECTION('',(0.0,-1.0,0.0));
#10578=ORIENTED_EDGE('',*,*,#7278,.F.);
#10579=ORIENTED_EDGE('',*,*,#7269,.T.);
#10580=ORIENTED_EDGE('',*,*,#15217,.F.);
#10581=ORIENTED_EDGE('',*,*,#15218,.T.);
#10582=ORIENTED_EDGE('',*,*,#15219,.F.);
#10583=ORIENTED_EDGE('',*,*,#15220,.T.);
#10584=ORIENTED_EDGE('',*,*,#15221,.F.);
#10585=ORIENTED_EDGE('',*,*,#7256,.T.);
#10586=CARTESIAN_POINT('',(4.3784,0.0632744134580004,-14.3));
#10587=DIRECTION('',(0.0,0.0,-1.0));
#10588=DIRECTION('',(0.0,-1.0,0.0));
#10589=ORIENTED_EDGE('',*,*,#15217,.T.);
#10590=ORIENTED_EDGE('',*,*,#7268,.T.);
#10591=ORIENTED_EDGE('',*,*,#15222,.T.);
#10592=ORIENTED_EDGE('',*,*,#15223,.F.);
#10593=CARTESIAN_POINT('',(-4.212,-0.0299999999999967,-14.2));
#10594=DIRECTION('',(-1.0,0.0,-0.0));
#10595=DIRECTION('',(0.0,0.0,-1.0));
#10596=ORIENTED_EDGE('',*,*,#15224,.T.);
#10597=ORIENTED_EDGE('',*,*,#7257,.T.);
#10598=ORIENTED_EDGE('',*,*,#15221,.T.);
#10599=ORIENTED_EDGE('',*,*,#15225,.F.);
#10600=CARTESIAN_POINT('',(-4.212,-0.0299999999999967,-14.2));
#10601=DIRECTION('',(-1.0,0.0,-0.0));
#10602=DIRECTION('',(0.0,0.0,-1.0));
#10603=ORIENTED_EDGE('',*,*,#15226,.F.);
#10604=ORIENTED_EDGE('',*,*,#7266,.T.);
#10605=ORIENTED_EDGE('',*,*,#15227,.T.);
#10606=ORIENTED_EDGE('',*,*,#15228,.F.);
#10607=ORIENTED_EDGE('',*,*,#15229,.F.);
#10608=ORIENTED_EDGE('',*,*,#15230,.F.);
#10609=CARTESIAN_POINT('',(-4.212,0.52,-14.75));
#10610=DIRECTION('',(-1.0,0.0,-0.0));
#10611=DIRECTION('',(0.0,0.0,-1.0));
#10612=ORIENTED_EDGE('',*,*,#15231,.T.);
#10613=ORIENTED_EDGE('',*,*,#7259,.T.);
#10614=ORIENTED_EDGE('',*,*,#15232,.F.);
#10615=ORIENTED_EDGE('',*,*,#15233,.F.);
#10616=ORIENTED_EDGE('',*,*,#15234,.F.);
#10617=ORIENTED_EDGE('',*,*,#15235,.F.);
#10618=CARTESIAN_POINT('',(-4.212,0.52,-14.75));
#10619=DIRECTION('',(-1.0,0.0,-0.0));
#10620=DIRECTION('',(0.0,0.0,-1.0));
#10621=ORIENTED_EDGE('',*,*,#7249,.F.);
#10622=ORIENTED_EDGE('',*,*,#15236,.F.);
#10623=ORIENTED_EDGE('',*,*,#7242,.F.);
#10624=ORIENTED_EDGE('',*,*,#7245,.F.);
#10625=CARTESIAN_POINT('',(-4.212,0.87,-17.0946333304052));
#10626=DIRECTION('',(0.0,-1.0,0.0));
#10627=DIRECTION('',(0.0,0.0,-1.0));
#10628=ORIENTED_EDGE('',*,*,#7312,.F.);
#10629=ORIENTED_EDGE('',*,*,#15237,.F.);
#10630=ORIENTED_EDGE('',*,*,#15238,.T.);
#10631=ORIENTED_EDGE('',*,*,#7305,.F.);
#10632=CARTESIAN_POINT('',(-4.212,0.87,-17.0946333304052));
#10633=DIRECTION('',(0.0,-1.0,0.0));
#10634=DIRECTION('',(0.0,0.0,-1.0));
#10635=ORIENTED_EDGE('',*,*,#7275,.F.);
#10636=ORIENTED_EDGE('',*,*,#15239,.F.);
#10637=ORIENTED_EDGE('',*,*,#15227,.F.);
#10638=ORIENTED_EDGE('',*,*,#7265,.T.);
#10639=CARTESIAN_POINT('',(-4.212,0.87,-17.0946333304052));
#10640=DIRECTION('',(0.0,-1.0,0.0));
#10641=DIRECTION('',(0.0,0.0,-1.0));
#10642=ORIENTED_EDGE('',*,*,#7263,.F.);
#10643=ORIENTED_EDGE('',*,*,#7252,.T.);
#10644=ORIENTED_EDGE('',*,*,#15231,.F.);
#10645=ORIENTED_EDGE('',*,*,#15240,.F.);
#10646=CARTESIAN_POINT('',(-4.212,0.87,-17.0946333304052));
#10647=DIRECTION('',(0.0,-1.0,0.0));
#10648=DIRECTION('',(0.0,0.0,-1.0));
#10649=ORIENTED_EDGE('',*,*,#7291,.F.);
#10650=ORIENTED_EDGE('',*,*,#7285,.F.);
#10651=ORIENTED_EDGE('',*,*,#7281,.F.);
#10652=ORIENTED_EDGE('',*,*,#15241,.F.);
#10653=CARTESIAN_POINT('',(-4.212,0.87,-17.0946333304052));
#10654=DIRECTION('',(0.0,-1.0,0.0));
#10655=DIRECTION('',(0.0,0.0,-1.0));
#10656=ORIENTED_EDGE('',*,*,#7306,.F.);
#10657=ORIENTED_EDGE('',*,*,#15238,.F.);
#10658=ORIENTED_EDGE('',*,*,#15242,.F.);
#10659=ORIENTED_EDGE('',*,*,#15171,.F.);
#10660=CARTESIAN_POINT('',(-4.212,0.945226644109935,-18.5392666608095));
#10661=DIRECTION('',(0.0,0.0,-1.0));
#10662=DIRECTION('',(0.0,-1.0,0.0));
#10663=ORIENTED_EDGE('',*,*,#15222,.F.);
#10664=ORIENTED_EDGE('',*,*,#7267,.T.);
#10665=ORIENTED_EDGE('',*,*,#15226,.T.);
#10666=ORIENTED_EDGE('',*,*,#15243,.F.);
#10667=CARTESIAN_POINT('',(-4.212,0.245,-14.4));
#10668=DIRECTION('',(0.0,0.0,-1.0));
#10669=DIRECTION('',(0.0,-1.0,0.0));
#10670=ORIENTED_EDGE('',*,*,#15232,.T.);
#10671=ORIENTED_EDGE('',*,*,#7258,.T.);
#10672=ORIENTED_EDGE('',*,*,#15224,.F.);
#10673=ORIENTED_EDGE('',*,*,#15244,.F.);
#10674=CARTESIAN_POINT('',(-4.212,0.245,-14.4));
#10675=DIRECTION('',(0.0,0.0,-1.0));
#10676=DIRECTION('',(0.0,-1.0,0.0));
#10677=ORIENTED_EDGE('',*,*,#15212,.T.);
#10678=ORIENTED_EDGE('',*,*,#7132,.T.);
#10679=ORIENTED_EDGE('',*,*,#15245,.T.);
#10680=ORIENTED_EDGE('',*,*,#15246,.F.);
#10681=CARTESIAN_POINT('',(-4.212,-0.0299999999999967,-14.2));
#10682=DIRECTION('',(-1.0,0.0,-0.0));
#10683=DIRECTION('',(0.0,0.0,-1.0));
#10684=ORIENTED_EDGE('',*,*,#15247,.T.);
#10685=ORIENTED_EDGE('',*,*,#7113,.T.);
#10686=ORIENTED_EDGE('',*,*,#15216,.T.);
#10687=ORIENTED_EDGE('',*,*,#15248,.F.);
#10688=CARTESIAN_POINT('',(-4.212,-0.0299999999999967,-14.2));
#10689=DIRECTION('',(-1.0,0.0,-0.0));
#10690=DIRECTION('',(0.0,0.0,-1.0));
#10691=ORIENTED_EDGE('',*,*,#7109,.F.);
#10692=ORIENTED_EDGE('',*,*,#15249,.F.);
#10693=ORIENTED_EDGE('',*,*,#7102,.F.);
#10694=ORIENTED_EDGE('',*,*,#7105,.F.);
#10695=CARTESIAN_POINT('',(-4.212,0.87,-17.0946333304052));
#10696=DIRECTION('',(0.0,-1.0,0.0));
#10697=DIRECTION('',(0.0,0.0,-1.0));
#10698=ORIENTED_EDGE('',*,*,#15250,.F.);
#10699=ORIENTED_EDGE('',*,*,#7129,.T.);
#10700=ORIENTED_EDGE('',*,*,#7135,.F.);
#10701=ORIENTED_EDGE('',*,*,#15251,.F.);
#10702=CARTESIAN_POINT('',(-4.212,0.87,-17.0946333304052));
#10703=DIRECTION('',(0.0,-1.0,0.0));
#10704=DIRECTION('',(0.0,0.0,-1.0));
#10705=ORIENTED_EDGE('',*,*,#7172,.F.);
#10706=ORIENTED_EDGE('',*,*,#15252,.F.);
#10707=ORIENTED_EDGE('',*,*,#15253,.T.);
#10708=ORIENTED_EDGE('',*,*,#7165,.F.);
#10709=CARTESIAN_POINT('',(-4.212,0.87,-17.0946333304052));
#10710=DIRECTION('',(0.0,-1.0,0.0));
#10711=DIRECTION('',(0.0,0.0,-1.0));
#10712=ORIENTED_EDGE('',*,*,#7123,.F.);
#10713=ORIENTED_EDGE('',*,*,#7116,.T.);
#10714=ORIENTED_EDGE('',*,*,#15254,.F.);
#10715=ORIENTED_EDGE('',*,*,#15255,.F.);
#10716=CARTESIAN_POINT('',(-4.212,0.87,-17.0946333304052));
#10717=DIRECTION('',(0.0,-1.0,0.0));
#10718=DIRECTION('',(0.0,0.0,-1.0));
#10719=ORIENTED_EDGE('',*,*,#7154,.F.);
#10720=ORIENTED_EDGE('',*,*,#15256,.T.);
#10721=ORIENTED_EDGE('',*,*,#15257,.F.);
#10722=ORIENTED_EDGE('',*,*,#7162,.F.);
#10723=CARTESIAN_POINT('',(-4.212,0.87,-17.0946333304052));
#10724=DIRECTION('',(0.0,-1.0,0.0));
#10725=DIRECTION('',(0.0,0.0,-1.0));
#10726=ORIENTED_EDGE('',*,*,#15258,.F.);
#10727=ORIENTED_EDGE('',*,*,#7130,.T.);
#10728=ORIENTED_EDGE('',*,*,#15250,.T.);
#10729=ORIENTED_EDGE('',*,*,#15259,.F.);
#10730=ORIENTED_EDGE('',*,*,#15260,.F.);
#10731=ORIENTED_EDGE('',*,*,#15261,.F.);
#10732=CARTESIAN_POINT('',(-4.212,0.52,-14.75));
#10733=DIRECTION('',(-1.0,0.0,-0.0));
#10734=DIRECTION('',(0.0,0.0,-1.0));
#10735=ORIENTED_EDGE('',*,*,#15254,.T.);
#10736=ORIENTED_EDGE('',*,*,#7115,.T.);
#10737=ORIENTED_EDGE('',*,*,#15262,.F.);
#10738=ORIENTED_EDGE('',*,*,#15263,.F.);
#10739=ORIENTED_EDGE('',*,*,#15264,.F.);
#10740=ORIENTED_EDGE('',*,*,#15265,.F.);
#10741=CARTESIAN_POINT('',(-4.212,0.52,-14.75));
#10742=DIRECTION('',(-1.0,0.0,-0.0));
#10743=DIRECTION('',(0.0,0.0,-1.0));
#10744=ORIENTED_EDGE('',*,*,#7166,.F.);
#10745=ORIENTED_EDGE('',*,*,#15253,.F.);
#10746=ORIENTED_EDGE('',*,*,#15266,.F.);
#10747=ORIENTED_EDGE('',*,*,#15180,.F.);
#10748=CARTESIAN_POINT('',(-4.212,0.945226644109935,-18.5392666608095));
#10749=DIRECTION('',(0.0,0.0,-1.0));
#10750=DIRECTION('',(0.0,-1.0,0.0));
#10751=ORIENTED_EDGE('',*,*,#15245,.F.);
#10752=ORIENTED_EDGE('',*,*,#7131,.T.);
#10753=ORIENTED_EDGE('',*,*,#15258,.T.);
#10754=ORIENTED_EDGE('',*,*,#15267,.F.);
#10755=CARTESIAN_POINT('',(-4.212,0.245,-14.4));
#10756=DIRECTION('',(0.0,0.0,-1.0));
#10757=DIRECTION('',(0.0,-1.0,0.0));
#10758=ORIENTED_EDGE('',*,*,#15262,.T.);
#10759=ORIENTED_EDGE('',*,*,#7114,.T.);
#10760=ORIENTED_EDGE('',*,*,#15247,.F.);
#10761=ORIENTED_EDGE('',*,*,#15268,.F.);
#10762=CARTESIAN_POINT('',(-4.212,0.245,-14.4));
#10763=DIRECTION('',(0.0,0.0,-1.0));
#10764=DIRECTION('',(0.0,-1.0,0.0));
#10765=ORIENTED_EDGE('',*,*,#15207,.T.);
#10766=ORIENTED_EDGE('',*,*,#7027,.T.);
#10767=ORIENTED_EDGE('',*,*,#15269,.T.);
#10768=ORIENTED_EDGE('',*,*,#15270,.F.);
#10769=CARTESIAN_POINT('',(-4.212,-0.0299999999999967,-14.2));
#10770=DIRECTION('',(-1.0,0.0,-0.0));
#10771=DIRECTION('',(0.0,0.0,-1.0));
#10772=ORIENTED_EDGE('',*,*,#15271,.T.);
#10773=ORIENTED_EDGE('',*,*,#7008,.T.);
#10774=ORIENTED_EDGE('',*,*,#15211,.T.);
#10775=ORIENTED_EDGE('',*,*,#15272,.F.);
#10776=CARTESIAN_POINT('',(-4.212,-0.0299999999999967,-14.2));
#10777=DIRECTION('',(-1.0,0.0,-0.0));
#10778=DIRECTION('',(0.0,0.0,-1.0));
#10779=ORIENTED_EDGE('',*,*,#6984,.F.);
#10780=ORIENTED_EDGE('',*,*,#15273,.F.);
#10781=ORIENTED_EDGE('',*,*,#15274,.F.);
#10782=ORIENTED_EDGE('',*,*,#15177,.F.);
#10783=CARTESIAN_POINT('',(-4.212,0.945226644109935,-18.5392666608095));
#10784=DIRECTION('',(0.0,0.0,-1.0));
#10785=DIRECTION('',(0.0,-1.0,0.0));
#10786=ORIENTED_EDGE('',*,*,#7004,.F.);
#10787=ORIENTED_EDGE('',*,*,#15275,.F.);
#10788=ORIENTED_EDGE('',*,*,#6997,.F.);
#10789=ORIENTED_EDGE('',*,*,#7000,.F.);
#10790=CARTESIAN_POINT('',(-4.212,0.87,-17.0946333304052));
#10791=DIRECTION('',(0.0,-1.0,0.0));
#10792=DIRECTION('',(0.0,0.0,-1.0));
#10793=ORIENTED_EDGE('',*,*,#6991,.F.);
#10794=ORIENTED_EDGE('',*,*,#15276,.F.);
#10795=ORIENTED_EDGE('',*,*,#15273,.T.);
#10796=ORIENTED_EDGE('',*,*,#6983,.F.);
#10797=CARTESIAN_POINT('',(-4.212,0.87,-17.0946333304052));
#10798=DIRECTION('',(0.0,-1.0,0.0));
#10799=DIRECTION('',(0.0,0.0,-1.0));
#10800=ORIENTED_EDGE('',*,*,#7030,.F.);
#10801=ORIENTED_EDGE('',*,*,#15277,.F.);
#10802=ORIENTED_EDGE('',*,*,#15278,.F.);
#10803=ORIENTED_EDGE('',*,*,#7024,.T.);
#10804=CARTESIAN_POINT('',(-4.212,0.87,-17.0946333304052));
#10805=DIRECTION('',(0.0,-1.0,0.0));
#10806=DIRECTION('',(0.0,0.0,-1.0));
#10807=ORIENTED_EDGE('',*,*,#7018,.F.);
#10808=ORIENTED_EDGE('',*,*,#7011,.T.);
#10809=ORIENTED_EDGE('',*,*,#15279,.F.);
#10810=ORIENTED_EDGE('',*,*,#15280,.F.);
#10811=CARTESIAN_POINT('',(-4.212,0.87,-17.0946333304052));
#10812=DIRECTION('',(0.0,-1.0,0.0));
#10813=DIRECTION('',(0.0,0.0,-1.0));
#10814=ORIENTED_EDGE('',*,*,#6981,.F.);
#10815=ORIENTED_EDGE('',*,*,#6974,.F.);
#10816=ORIENTED_EDGE('',*,*,#15281,.T.);
#10817=ORIENTED_EDGE('',*,*,#15282,.F.);
#10818=CARTESIAN_POINT('',(-4.212,0.87,-17.0946333304052));
#10819=DIRECTION('',(0.0,-1.0,0.0));
#10820=DIRECTION('',(0.0,0.0,-1.0));
#10821=ORIENTED_EDGE('',*,*,#15283,.F.);
#10822=ORIENTED_EDGE('',*,*,#7025,.T.);
#10823=ORIENTED_EDGE('',*,*,#15278,.T.);
#10824=ORIENTED_EDGE('',*,*,#15284,.F.);
#10825=ORIENTED_EDGE('',*,*,#15285,.F.);
#10826=ORIENTED_EDGE('',*,*,#15286,.F.);
#10827=CARTESIAN_POINT('',(-4.212,0.52,-14.75));
#10828=DIRECTION('',(-1.0,0.0,-0.0));
#10829=DIRECTION('',(0.0,0.0,-1.0));
#10830=ORIENTED_EDGE('',*,*,#15279,.T.);
#10831=ORIENTED_EDGE('',*,*,#7010,.T.);
#10832=ORIENTED_EDGE('',*,*,#15287,.F.);
#10833=ORIENTED_EDGE('',*,*,#15288,.F.);
#10834=ORIENTED_EDGE('',*,*,#15289,.F.);
#10835=ORIENTED_EDGE('',*,*,#15290,.F.);
#10836=CARTESIAN_POINT('',(-4.212,0.52,-14.75));
#10837=DIRECTION('',(-1.0,0.0,-0.0));
#10838=DIRECTION('',(0.0,0.0,-1.0));
#10839=ORIENTED_EDGE('',*,*,#15269,.F.);
#10840=ORIENTED_EDGE('',*,*,#7026,.T.);
#10841=ORIENTED_EDGE('',*,*,#15283,.T.);
#10842=ORIENTED_EDGE('',*,*,#15291,.F.);
#10843=CARTESIAN_POINT('',(-4.212,0.245,-14.4));
#10844=DIRECTION('',(0.0,0.0,-1.0));
#10845=DIRECTION('',(0.0,-1.0,0.0));
#10846=ORIENTED_EDGE('',*,*,#15287,.T.);
#10847=ORIENTED_EDGE('',*,*,#7009,.T.);
#10848=ORIENTED_EDGE('',*,*,#15271,.F.);
#10849=ORIENTED_EDGE('',*,*,#15292,.F.);
#10850=CARTESIAN_POINT('',(-4.212,0.245,-14.4));
#10851=DIRECTION('',(0.0,0.0,-1.0));
#10852=DIRECTION('',(0.0,-1.0,0.0));
#10853=ORIENTED_EDGE('',*,*,#15293,.F.);
#10854=ORIENTED_EDGE('',*,*,#6851,.T.);
#10855=ORIENTED_EDGE('',*,*,#15294,.T.);
#10856=ORIENTED_EDGE('',*,*,#15295,.F.);
#10857=CARTESIAN_POINT('',(-4.212,0.245,-14.4));
#10858=DIRECTION('',(0.0,0.0,-1.0));
#10859=DIRECTION('',(0.0,-1.0,0.0));
#10860=ORIENTED_EDGE('',*,*,#15296,.T.);
#10861=ORIENTED_EDGE('',*,*,#6834,.T.);
#10862=ORIENTED_EDGE('',*,*,#15297,.F.);
#10863=ORIENTED_EDGE('',*,*,#15298,.F.);
#10864=CARTESIAN_POINT('',(-4.212,0.245,-14.4));
#10865=DIRECTION('',(0.0,0.0,-1.0));
#10866=DIRECTION('',(0.0,-1.0,0.0));
#10867=ORIENTED_EDGE('',*,*,#6879,.F.);
#10868=ORIENTED_EDGE('',*,*,#15299,.F.);
#10869=ORIENTED_EDGE('',*,*,#15300,.F.);
#10870=ORIENTED_EDGE('',*,*,#15301,.F.);
#10871=CARTESIAN_POINT('',(-4.212,0.945226644109935,-18.5392666608095));
#10872=DIRECTION('',(0.0,0.0,-1.0));
#10873=DIRECTION('',(0.0,-1.0,0.0));
#10874=ORIENTED_EDGE('',*,*,#6829,.F.);
#10875=ORIENTED_EDGE('',*,*,#15302,.T.);
#10876=ORIENTED_EDGE('',*,*,#6822,.F.);
#10877=ORIENTED_EDGE('',*,*,#6825,.F.);
#10878=CARTESIAN_POINT('',(-4.212,0.87,-17.0946333304052));
#10879=DIRECTION('',(0.0,-1.0,0.0));
#10880=DIRECTION('',(0.0,0.0,-1.0));
#10881=ORIENTED_EDGE('',*,*,#6892,.F.);
#10882=ORIENTED_EDGE('',*,*,#15303,.T.);
#10883=ORIENTED_EDGE('',*,*,#15304,.T.);
#10884=ORIENTED_EDGE('',*,*,#6884,.F.);
#10885=CARTESIAN_POINT('',(-4.212,0.87,-17.0946333304052));
#10886=DIRECTION('',(0.0,-1.0,0.0));
#10887=DIRECTION('',(0.0,0.0,-1.0));
#10888=ORIENTED_EDGE('',*,*,#6843,.F.);
#10889=ORIENTED_EDGE('',*,*,#6836,.T.);
#10890=ORIENTED_EDGE('',*,*,#15305,.F.);
#10891=ORIENTED_EDGE('',*,*,#15306,.T.);
#10892=CARTESIAN_POINT('',(-4.212,0.87,-17.0946333304052));
#10893=DIRECTION('',(0.0,-1.0,0.0));
#10894=DIRECTION('',(0.0,0.0,-1.0));
#10895=ORIENTED_EDGE('',*,*,#15307,.F.);
#10896=ORIENTED_EDGE('',*,*,#6849,.T.);
#10897=ORIENTED_EDGE('',*,*,#6855,.F.);
#10898=ORIENTED_EDGE('',*,*,#15308,.F.);
#10899=CARTESIAN_POINT('',(-4.212,0.87,-17.0946333304052));
#10900=DIRECTION('',(0.0,-1.0,0.0));
#10901=DIRECTION('',(0.0,0.0,-1.0));
#10902=ORIENTED_EDGE('',*,*,#6870,.F.);
#10903=ORIENTED_EDGE('',*,*,#15309,.F.);
#10904=ORIENTED_EDGE('',*,*,#6867,.F.);
#10905=ORIENTED_EDGE('',*,*,#6861,.F.);
#10906=CARTESIAN_POINT('',(-4.212,0.87,-17.0946333304052));
#10907=DIRECTION('',(0.0,-1.0,0.0));
#10908=DIRECTION('',(0.0,0.0,-1.0));
#10909=ORIENTED_EDGE('',*,*,#15202,.T.);
#10910=ORIENTED_EDGE('',*,*,#6852,.T.);
#10911=ORIENTED_EDGE('',*,*,#15293,.T.);
#10912=ORIENTED_EDGE('',*,*,#15310,.F.);
#10913=CARTESIAN_POINT('',(-4.212,-0.0299999999999967,-14.2));
#10914=DIRECTION('',(-1.0,0.0,-0.0));
#10915=DIRECTION('',(0.0,0.0,-1.0));
#10916=ORIENTED_EDGE('',*,*,#15297,.T.);
#10917=ORIENTED_EDGE('',*,*,#6833,.T.);
#10918=ORIENTED_EDGE('',*,*,#15206,.T.);
#10919=ORIENTED_EDGE('',*,*,#15311,.F.);
#10920=CARTESIAN_POINT('',(-4.212,-0.0299999999999967,-14.2));
#10921=DIRECTION('',(-1.0,0.0,-0.0));
#10922=DIRECTION('',(0.0,0.0,-1.0));
#10923=ORIENTED_EDGE('',*,*,#15294,.F.);
#10924=ORIENTED_EDGE('',*,*,#6850,.T.);
#10925=ORIENTED_EDGE('',*,*,#15307,.T.);
#10926=ORIENTED_EDGE('',*,*,#15312,.F.);
#10927=ORIENTED_EDGE('',*,*,#15313,.F.);
#10928=ORIENTED_EDGE('',*,*,#15314,.F.);
#10929=CARTESIAN_POINT('',(-4.212,0.52,-14.75));
#10930=DIRECTION('',(-1.0,0.0,-0.0));
#10931=DIRECTION('',(0.0,0.0,-1.0));
#10932=ORIENTED_EDGE('',*,*,#15305,.T.);
#10933=ORIENTED_EDGE('',*,*,#6835,.T.);
#10934=ORIENTED_EDGE('',*,*,#15296,.F.);
#10935=ORIENTED_EDGE('',*,*,#15315,.F.);
#10936=ORIENTED_EDGE('',*,*,#15316,.F.);
#10937=ORIENTED_EDGE('',*,*,#15317,.T.);
#10938=CARTESIAN_POINT('',(-4.212,0.52,-14.75));
#10939=DIRECTION('',(-1.0,0.0,-0.0));
#10940=DIRECTION('',(0.0,0.0,-1.0));
#10941=ORIENTED_EDGE('',*,*,#15292,.T.);
#10942=ORIENTED_EDGE('',*,*,#15272,.T.);
#10943=ORIENTED_EDGE('',*,*,#15210,.F.);
#10944=ORIENTED_EDGE('',*,*,#15318,.F.);
#10945=ORIENTED_EDGE('',*,*,#15319,.T.);
#10946=ORIENTED_EDGE('',*,*,#15320,.T.);
#10947=ORIENTED_EDGE('',*,*,#15321,.F.);
#10948=ORIENTED_EDGE('',*,*,#15322,.T.);
#10949=ORIENTED_EDGE('',*,*,#15288,.T.);
#10950=CARTESIAN_POINT('',(-1.6,-2.002,-1.413));
#10951=DIRECTION('',(-1.0,0.0,0.0));
#10952=DIRECTION('',(0.0,0.0,1.0));
#10953=ORIENTED_EDGE('',*,*,#15268,.T.);
#10954=ORIENTED_EDGE('',*,*,#15248,.T.);
#10955=ORIENTED_EDGE('',*,*,#15215,.F.);
#10956=ORIENTED_EDGE('',*,*,#15323,.F.);
#10957=ORIENTED_EDGE('',*,*,#15324,.T.);
#10958=ORIENTED_EDGE('',*,*,#15325,.T.);
#10959=ORIENTED_EDGE('',*,*,#15326,.F.);
#10960=ORIENTED_EDGE('',*,*,#15327,.T.);
#10961=ORIENTED_EDGE('',*,*,#15263,.T.);
#10962=CARTESIAN_POINT('',(0.4,-2.002,-1.413));
#10963=DIRECTION('',(-1.0,0.0,0.0));
#10964=DIRECTION('',(0.0,0.0,1.0));
#10965=ORIENTED_EDGE('',*,*,#15298,.T.);
#10966=ORIENTED_EDGE('',*,*,#15311,.T.);
#10967=ORIENTED_EDGE('',*,*,#15205,.F.);
#10968=ORIENTED_EDGE('',*,*,#15328,.T.);
#10969=ORIENTED_EDGE('',*,*,#15329,.T.);
#10970=ORIENTED_EDGE('',*,*,#15330,.T.);
#10971=ORIENTED_EDGE('',*,*,#15331,.F.);
#10972=ORIENTED_EDGE('',*,*,#15332,.T.);
#10973=ORIENTED_EDGE('',*,*,#15315,.T.);
#10974=CARTESIAN_POINT('',(-4.1,-2.002,-0.393));
#10975=DIRECTION('',(-1.0,0.0,0.0));
#10976=DIRECTION('',(0.0,0.0,1.0));
#10977=ORIENTED_EDGE('',*,*,#15244,.T.);
#10978=ORIENTED_EDGE('',*,*,#15225,.T.);
#10979=ORIENTED_EDGE('',*,*,#15220,.F.);
#10980=ORIENTED_EDGE('',*,*,#15333,.F.);
#10981=ORIENTED_EDGE('',*,*,#15334,.T.);
#10982=ORIENTED_EDGE('',*,*,#15335,.T.);
#10983=ORIENTED_EDGE('',*,*,#15336,.F.);
#10984=ORIENTED_EDGE('',*,*,#15337,.T.);
#10985=ORIENTED_EDGE('',*,*,#15233,.T.);
#10986=CARTESIAN_POINT('',(2.9,-2.002,-0.393));
#10987=DIRECTION('',(-1.0,0.0,0.0));
#10988=DIRECTION('',(0.0,0.0,1.0));
#10989=ORIENTED_EDGE('',*,*,#15208,.F.);
#10990=ORIENTED_EDGE('',*,*,#15270,.T.);
#10991=ORIENTED_EDGE('',*,*,#15291,.T.);
#10992=ORIENTED_EDGE('',*,*,#15286,.T.);
#10993=ORIENTED_EDGE('',*,*,#15338,.F.);
#10994=ORIENTED_EDGE('',*,*,#15339,.F.);
#10995=ORIENTED_EDGE('',*,*,#15340,.T.);
#10996=ORIENTED_EDGE('',*,*,#15341,.T.);
#10997=ORIENTED_EDGE('',*,*,#15342,.T.);
#10998=CARTESIAN_POINT('',(-0.4,0.702,-1.413));
#10999=DIRECTION('',(1.0,0.0,0.0));
#11000=DIRECTION('',(0.0,1.0,0.0));
#11001=ORIENTED_EDGE('',*,*,#15213,.F.);
#11002=ORIENTED_EDGE('',*,*,#15246,.T.);
#11003=ORIENTED_EDGE('',*,*,#15267,.T.);
#11004=ORIENTED_EDGE('',*,*,#15261,.T.);
#11005=ORIENTED_EDGE('',*,*,#15343,.F.);
#11006=ORIENTED_EDGE('',*,*,#15344,.F.);
#11007=ORIENTED_EDGE('',*,*,#15345,.T.);
#11008=ORIENTED_EDGE('',*,*,#15346,.T.);
#11009=ORIENTED_EDGE('',*,*,#15347,.T.);
#11010=CARTESIAN_POINT('',(1.6,0.702,-1.413));
#11011=DIRECTION('',(1.0,0.0,0.0));
#11012=DIRECTION('',(0.0,1.0,0.0));
#11013=ORIENTED_EDGE('',*,*,#15203,.F.);
#11014=ORIENTED_EDGE('',*,*,#15310,.T.);
#11015=ORIENTED_EDGE('',*,*,#15295,.T.);
#11016=ORIENTED_EDGE('',*,*,#15314,.T.);
#11017=ORIENTED_EDGE('',*,*,#15348,.F.);
#11018=ORIENTED_EDGE('',*,*,#15349,.F.);
#11019=ORIENTED_EDGE('',*,*,#15350,.T.);
#11020=ORIENTED_EDGE('',*,*,#15351,.T.);
#11021=ORIENTED_EDGE('',*,*,#15352,.T.);
#11022=CARTESIAN_POINT('',(-2.9,0.702,-0.393));
#11023=DIRECTION('',(1.0,0.0,0.0));
#11024=DIRECTION('',(0.0,1.0,0.0));
#11025=ORIENTED_EDGE('',*,*,#15218,.F.);
#11026=ORIENTED_EDGE('',*,*,#15223,.T.);
#11027=ORIENTED_EDGE('',*,*,#15243,.T.);
#11028=ORIENTED_EDGE('',*,*,#15230,.T.);
#11029=ORIENTED_EDGE('',*,*,#15353,.F.);
#11030=ORIENTED_EDGE('',*,*,#15354,.F.);
#11031=ORIENTED_EDGE('',*,*,#15355,.T.);
#11032=ORIENTED_EDGE('',*,*,#15356,.T.);
#11033=ORIENTED_EDGE('',*,*,#15357,.F.);
#11034=CARTESIAN_POINT('',(4.1,0.702,-0.393));
#11035=DIRECTION('',(1.0,0.0,0.0));
#11036=DIRECTION('',(0.0,1.0,0.0));
#11037=ORIENTED_EDGE('',*,*,#6898,.T.);
#11038=ORIENTED_EDGE('',*,*,#6841,.T.);
#11039=ORIENTED_EDGE('',*,*,#15306,.F.);
#11040=ORIENTED_EDGE('',*,*,#15317,.F.);
#11041=ORIENTED_EDGE('',*,*,#15358,.F.);
#11042=ORIENTED_EDGE('',*,*,#15359,.F.);
#11043=ORIENTED_EDGE('',*,*,#15175,.T.);
#11044=ORIENTED_EDGE('',*,*,#15360,.F.);
#11045=ORIENTED_EDGE('',*,*,#15303,.F.);
#11046=ORIENTED_EDGE('',*,*,#6891,.T.);
#11047=ORIENTED_EDGE('',*,*,#6895,.T.);
#11048=ORIENTED_EDGE('',*,*,#6819,.T.);
#11049=ORIENTED_EDGE('',*,*,#15302,.F.);
#11050=ORIENTED_EDGE('',*,*,#6828,.T.);
#11051=CARTESIAN_POINT('',(-4.21,0.623274413458,-14.214));
#11052=DIRECTION('',(-1.0,0.0,0.0));
#11053=DIRECTION('',(0.0,0.0,1.0));
#11054=ORIENTED_EDGE('',*,*,#15333,.T.);
#11055=ORIENTED_EDGE('',*,*,#15219,.T.);
#11056=ORIENTED_EDGE('',*,*,#15357,.T.);
#11057=ORIENTED_EDGE('',*,*,#15361,.F.);
#11058=CARTESIAN_POINT('',(-2.873274413458,-0.43,-1.493));
#11059=DIRECTION('',(0.0,-1.0,0.0));
#11060=DIRECTION('',(0.0,0.0,-1.0));
#11061=ORIENTED_EDGE('',*,*,#15323,.T.);
#11062=ORIENTED_EDGE('',*,*,#15214,.T.);
#11063=ORIENTED_EDGE('',*,*,#15347,.F.);
#11064=ORIENTED_EDGE('',*,*,#15362,.F.);
#11065=CARTESIAN_POINT('',(-2.873274413458,-0.43,-1.493));
#11066=DIRECTION('',(0.0,-1.0,0.0));
#11067=DIRECTION('',(0.0,0.0,-1.0));
#11068=ORIENTED_EDGE('',*,*,#15318,.T.);
#11069=ORIENTED_EDGE('',*,*,#15209,.T.);
#11070=ORIENTED_EDGE('',*,*,#15342,.F.);
#11071=ORIENTED_EDGE('',*,*,#15363,.F.);
#11072=CARTESIAN_POINT('',(-2.873274413458,-0.43,-1.493));
#11073=DIRECTION('',(0.0,-1.0,0.0));
#11074=DIRECTION('',(0.0,0.0,-1.0));
#11075=ORIENTED_EDGE('',*,*,#15328,.F.);
#11076=ORIENTED_EDGE('',*,*,#15204,.T.);
#11077=ORIENTED_EDGE('',*,*,#15352,.F.);
#11078=ORIENTED_EDGE('',*,*,#15364,.F.);
#11079=CARTESIAN_POINT('',(-2.873274413458,-0.43,-1.493));
#11080=DIRECTION('',(0.0,-1.0,0.0));
#11081=DIRECTION('',(0.0,0.0,-1.0));
#11082=ORIENTED_EDGE('',*,*,#7318,.T.);
#11083=ORIENTED_EDGE('',*,*,#7261,.T.);
#11084=ORIENTED_EDGE('',*,*,#15240,.T.);
#11085=ORIENTED_EDGE('',*,*,#15235,.T.);
#11086=ORIENTED_EDGE('',*,*,#15365,.F.);
#11087=ORIENTED_EDGE('',*,*,#15366,.F.);
#11088=ORIENTED_EDGE('',*,*,#15172,.T.);
#11089=ORIENTED_EDGE('',*,*,#15242,.T.);
#11090=ORIENTED_EDGE('',*,*,#15237,.T.);
#11091=ORIENTED_EDGE('',*,*,#7311,.T.);
#11092=ORIENTED_EDGE('',*,*,#7315,.T.);
#11093=ORIENTED_EDGE('',*,*,#7239,.T.);
#11094=ORIENTED_EDGE('',*,*,#15236,.T.);
#11095=ORIENTED_EDGE('',*,*,#7248,.T.);
#11096=CARTESIAN_POINT('',(2.79,0.623274413458,-14.214));
#11097=DIRECTION('',(-1.0,0.0,0.0));
#11098=DIRECTION('',(0.0,0.0,1.0));
#11099=ORIENTED_EDGE('',*,*,#15367,.T.);
#11100=ORIENTED_EDGE('',*,*,#7298,.T.);
#11101=ORIENTED_EDGE('',*,*,#15368,.F.);
#11102=ORIENTED_EDGE('',*,*,#15369,.T.);
#11103=CARTESIAN_POINT('',(-4.2384,0.92,-14.214));
#11104=DIRECTION('',(-0.0,1.0,0.0));
#11105=DIRECTION('',(1.0,0.0,0.0));
#11106=ORIENTED_EDGE('',*,*,#15239,.T.);
#11107=ORIENTED_EDGE('',*,*,#7274,.T.);
#11108=ORIENTED_EDGE('',*,*,#7317,.T.);
#11109=ORIENTED_EDGE('',*,*,#7289,.T.);
#11110=ORIENTED_EDGE('',*,*,#15241,.T.);
#11111=ORIENTED_EDGE('',*,*,#7280,.T.);
#11112=ORIENTED_EDGE('',*,*,#7316,.T.);
#11113=ORIENTED_EDGE('',*,*,#7300,.T.);
#11114=ORIENTED_EDGE('',*,*,#15370,.T.);
#11115=ORIENTED_EDGE('',*,*,#15371,.T.);
#11116=ORIENTED_EDGE('',*,*,#15369,.F.);
#11117=ORIENTED_EDGE('',*,*,#15372,.F.);
#11118=ORIENTED_EDGE('',*,*,#15373,.T.);
#11119=ORIENTED_EDGE('',*,*,#15228,.T.);
#11120=CARTESIAN_POINT('',(4.21,0.946725586542,-14.214));
#11121=DIRECTION('',(1.0,0.0,0.0));
#11122=DIRECTION('',(0.0,1.0,0.0));
#11123=ORIENTED_EDGE('',*,*,#15353,.T.);
#11124=ORIENTED_EDGE('',*,*,#15229,.T.);
#11125=ORIENTED_EDGE('',*,*,#15373,.F.);
#11126=ORIENTED_EDGE('',*,*,#15374,.F.);
#11127=CARTESIAN_POINT('',(-4.073274413458,0.65,-14.214));
#11128=DIRECTION('',(0.0,-1.0,0.0));
#11129=DIRECTION('',(0.0,0.0,-1.0));
#11130=ORIENTED_EDGE('',*,*,#15375,.F.);
#11131=ORIENTED_EDGE('',*,*,#15141,.F.);
#11132=ORIENTED_EDGE('',*,*,#15376,.T.);
#11133=ORIENTED_EDGE('',*,*,#15377,.T.);
#11134=ORIENTED_EDGE('',*,*,#15164,.T.);
#11135=CARTESIAN_POINT('',(-4.825,-0.356725586542,-8.82303153533));
#11136=DIRECTION('',(-1.0,0.0,0.0));
#11137=DIRECTION('',(0.0,0.0,1.0));
#11138=ORIENTED_EDGE('',*,*,#7542,.F.);
#11139=ORIENTED_EDGE('',*,*,#7637,.T.);
#11140=ORIENTED_EDGE('',*,*,#7630,.T.);
#11141=ORIENTED_EDGE('',*,*,#15167,.T.);
#11142=ORIENTED_EDGE('',*,*,#15378,.F.);
#11143=ORIENTED_EDGE('',*,*,#15379,.F.);
#11144=ORIENTED_EDGE('',*,*,#15380,.T.);
#11145=CARTESIAN_POINT('',(-5.35,-1.70000000000008,-15.09516515139));
#11146=DIRECTION('',(-0.0,0.0,-1.0));
#11147=DIRECTION('',(-1.0,0.0,0.0));
#11148=ORIENTED_EDGE('',*,*,#15381,.F.);
#11149=ORIENTED_EDGE('',*,*,#15329,.F.);
#11150=ORIENTED_EDGE('',*,*,#15382,.T.);
#11151=ORIENTED_EDGE('',*,*,#15383,.T.);
#11152=CARTESIAN_POINT('',(-4.081102156525,-0.656725586542,-14.58110215652));
#11153=DIRECTION('',(0.707106781201415,0.0,-0.70710678117168));
#11154=DIRECTION('',(0.0,-1.0,0.0));
#11155=ORIENTED_EDGE('',*,*,#15384,.F.);
#11156=ORIENTED_EDGE('',*,*,#15385,.T.);
#11157=ORIENTED_EDGE('',*,*,#15386,.F.);
#11158=ORIENTED_EDGE('',*,*,#15351,.F.);
#11159=CARTESIAN_POINT('',(-2.918897843475,0.176725586542,-14.58110215652));
#11160=DIRECTION('',(-0.707106781201416,0.0,-0.707106781171679));
#11161=DIRECTION('',(-0.707106781171679,0.0,0.707106781201416));
#11162=ORIENTED_EDGE('',*,*,#15358,.T.);
#11163=ORIENTED_EDGE('',*,*,#15316,.T.);
#11164=ORIENTED_EDGE('',*,*,#15332,.F.);
#11165=ORIENTED_EDGE('',*,*,#15387,.F.);
#11166=CARTESIAN_POINT('',(-4.073274413458,0.65,-14.214));
#11167=DIRECTION('',(0.0,-1.0,0.0));
#11168=DIRECTION('',(0.0,0.0,-1.0));
#11169=ORIENTED_EDGE('',*,*,#15388,.F.);
#11170=ORIENTED_EDGE('',*,*,#15389,.F.);
#11171=ORIENTED_EDGE('',*,*,#15331,.T.);
#11172=ORIENTED_EDGE('',*,*,#15390,.F.);
#11173=CARTESIAN_POINT('',(-4.318897843475,0.676725586542,-18.81889784348));
#11174=DIRECTION('',(0.707106781201413,0.0,-0.707106781171682));
#11175=DIRECTION('',(0.0,-1.0,0.0));
#11176=ORIENTED_EDGE('',*,*,#15391,.F.);
#11177=ORIENTED_EDGE('',*,*,#15387,.T.);
#11178=ORIENTED_EDGE('',*,*,#15389,.T.);
#11179=ORIENTED_EDGE('',*,*,#15392,.F.);
#11180=CARTESIAN_POINT('',(-4.436725586542,0.431102156525001,-18.81889784348));
#11181=DIRECTION('',(0.0,0.707106781201413,-0.707106781171682));
#11182=DIRECTION('',(-1.0,0.0,0.0));
#11183=ORIENTED_EDGE('',*,*,#15391,.T.);
#11184=ORIENTED_EDGE('',*,*,#15393,.F.);
#11185=ORIENTED_EDGE('',*,*,#15394,.F.);
#11186=ORIENTED_EDGE('',*,*,#15359,.T.);
#11187=CARTESIAN_POINT('',(-4.428897843475,1.146725586542,-18.81889784348));
#11188=DIRECTION('',(0.707106781201413,0.0,-0.707106781171682));
#11189=DIRECTION('',(0.0,-1.0,0.0));
#11190=ORIENTED_EDGE('',*,*,#15299,.T.);
#11191=ORIENTED_EDGE('',*,*,#6878,.T.);
#11192=ORIENTED_EDGE('',*,*,#15395,.F.);
#11193=ORIENTED_EDGE('',*,*,#15396,.T.);
#11194=CARTESIAN_POINT('',(-4.2384,0.92,-14.214));
#11195=DIRECTION('',(-0.0,1.0,0.0));
#11196=DIRECTION('',(1.0,0.0,0.0));
#11197=ORIENTED_EDGE('',*,*,#15394,.T.);
#11198=ORIENTED_EDGE('',*,*,#15397,.F.);
#11199=ORIENTED_EDGE('',*,*,#15398,.F.);
#11200=ORIENTED_EDGE('',*,*,#15395,.T.);
#11201=ORIENTED_EDGE('',*,*,#6900,.T.);
#11202=ORIENTED_EDGE('',*,*,#15173,.T.);
#11203=CARTESIAN_POINT('',(-2.5536,1.1388978434775,-18.8188978434775));
#11204=DIRECTION('',(0.0,-0.707106781186547,-0.707106781186547));
#11205=DIRECTION('',(0.0,-0.707106781186547,0.707106781186547));
#11206=ORIENTED_EDGE('',*,*,#15399,.F.);
#11207=ORIENTED_EDGE('',*,*,#15400,.T.);
#11208=ORIENTED_EDGE('',*,*,#15398,.T.);
#11209=ORIENTED_EDGE('',*,*,#15401,.F.);
#11210=CARTESIAN_POINT('',(-2.571102156525,0.423274413458,-18.81889784348));
#11211=DIRECTION('',(-0.707106781201413,0.0,-0.707106781171682));
#11212=DIRECTION('',(-0.707106781171682,0.0,0.707106781201413));
#11213=ORIENTED_EDGE('',*,*,#6897,.T.);
#11214=ORIENTED_EDGE('',*,*,#6865,.T.);
#11215=ORIENTED_EDGE('',*,*,#15309,.T.);
#11216=ORIENTED_EDGE('',*,*,#6869,.T.);
#11217=ORIENTED_EDGE('',*,*,#6896,.T.);
#11218=ORIENTED_EDGE('',*,*,#6873,.T.);
#11219=ORIENTED_EDGE('',*,*,#15402,.T.);
#11220=ORIENTED_EDGE('',*,*,#15300,.T.);
#11221=ORIENTED_EDGE('',*,*,#15396,.F.);
#11222=ORIENTED_EDGE('',*,*,#15400,.F.);
#11223=ORIENTED_EDGE('',*,*,#15403,.T.);
#11224=ORIENTED_EDGE('',*,*,#15312,.T.);
#11225=ORIENTED_EDGE('',*,*,#15308,.T.);
#11226=ORIENTED_EDGE('',*,*,#6854,.T.);
#11227=CARTESIAN_POINT('',(-2.79,0.946725586542,-14.214));
#11228=DIRECTION('',(1.0,0.0,0.0));
#11229=DIRECTION('',(0.0,1.0,0.0));
#11230=ORIENTED_EDGE('',*,*,#15348,.T.);
#11231=ORIENTED_EDGE('',*,*,#15313,.T.);
#11232=ORIENTED_EDGE('',*,*,#15403,.F.);
#11233=ORIENTED_EDGE('',*,*,#15404,.F.);
#11234=CARTESIAN_POINT('',(-4.073274413458,0.65,-14.214));
#11235=DIRECTION('',(0.0,-1.0,0.0));
#11236=DIRECTION('',(0.0,0.0,-1.0));
#11237=ORIENTED_EDGE('',*,*,#15399,.T.);
#11238=ORIENTED_EDGE('',*,*,#15405,.F.);
#11239=ORIENTED_EDGE('',*,*,#15406,.F.);
#11240=ORIENTED_EDGE('',*,*,#15404,.T.);
#11241=CARTESIAN_POINT('',(-4.436725586542,0.431102156525001,-18.81889784348));
#11242=DIRECTION('',(0.0,0.707106781201413,-0.707106781171682));
#11243=DIRECTION('',(-1.0,0.0,0.0));
#11244=ORIENTED_EDGE('',*,*,#15349,.T.);
#11245=ORIENTED_EDGE('',*,*,#15406,.T.);
#11246=ORIENTED_EDGE('',*,*,#15407,.F.);
#11247=ORIENTED_EDGE('',*,*,#15408,.F.);
#11248=CARTESIAN_POINT('',(-2.681102156525,0.123274413458,-18.81889784348));
#11249=DIRECTION('',(-0.707106781201414,0.0,-0.707106781171682));
#11250=DIRECTION('',(-0.707106781171682,0.0,0.707106781201413));
#11251=ORIENTED_EDGE('',*,*,#15354,.T.);
#11252=ORIENTED_EDGE('',*,*,#15409,.T.);
#11253=ORIENTED_EDGE('',*,*,#15410,.F.);
#11254=ORIENTED_EDGE('',*,*,#15411,.F.);
#11255=CARTESIAN_POINT('',(4.318897843475,0.123274413458,-18.81889784348));
#11256=DIRECTION('',(-0.707106781201413,0.0,-0.707106781171682));
#11257=DIRECTION('',(-0.707106781171682,0.0,0.707106781201413));
#11258=ORIENTED_EDGE('',*,*,#7178,.T.);
#11259=ORIENTED_EDGE('',*,*,#7121,.T.);
#11260=ORIENTED_EDGE('',*,*,#15255,.T.);
#11261=ORIENTED_EDGE('',*,*,#15265,.T.);
#11262=ORIENTED_EDGE('',*,*,#15412,.F.);
#11263=ORIENTED_EDGE('',*,*,#15413,.F.);
#11264=ORIENTED_EDGE('',*,*,#15181,.T.);
#11265=ORIENTED_EDGE('',*,*,#15266,.T.);
#11266=ORIENTED_EDGE('',*,*,#15252,.T.);
#11267=ORIENTED_EDGE('',*,*,#7171,.T.);
#11268=ORIENTED_EDGE('',*,*,#7175,.T.);
#11269=ORIENTED_EDGE('',*,*,#7099,.T.);
#11270=ORIENTED_EDGE('',*,*,#15249,.T.);
#11271=ORIENTED_EDGE('',*,*,#7108,.T.);
#11272=CARTESIAN_POINT('',(0.29,0.623274413458,-14.214));
#11273=DIRECTION('',(-1.0,0.0,0.0));
#11274=DIRECTION('',(0.0,0.0,1.0));
#11275=ORIENTED_EDGE('',*,*,#15414,.F.);
#11276=ORIENTED_EDGE('',*,*,#15415,.F.);
#11277=ORIENTED_EDGE('',*,*,#15326,.T.);
#11278=ORIENTED_EDGE('',*,*,#15416,.F.);
#11279=CARTESIAN_POINT('',(0.1811021565248,0.676725586542,-18.81889784348));
#11280=DIRECTION('',(0.707106781200818,0.0,-0.707106781172277));
#11281=DIRECTION('',(0.0,-1.0,0.0));
#11282=ORIENTED_EDGE('',*,*,#15343,.T.);
#11283=ORIENTED_EDGE('',*,*,#15260,.T.);
#11284=ORIENTED_EDGE('',*,*,#15417,.F.);
#11285=ORIENTED_EDGE('',*,*,#15418,.F.);
#11286=CARTESIAN_POINT('',(-4.073274413458,0.65,-14.214));
#11287=DIRECTION('',(0.0,-1.0,0.0));
#11288=DIRECTION('',(0.0,0.0,-1.0));
#11289=ORIENTED_EDGE('',*,*,#15419,.F.);
#11290=ORIENTED_EDGE('',*,*,#15324,.F.);
#11291=ORIENTED_EDGE('',*,*,#15420,.T.);
#11292=ORIENTED_EDGE('',*,*,#15421,.T.);
#11293=CARTESIAN_POINT('',(0.4188978434752,-0.656725586542,-14.58110215652));
#11294=DIRECTION('',(0.707106781200821,0.0,-0.707106781172274));
#11295=DIRECTION('',(0.0,-1.0,0.0));
#11296=ORIENTED_EDGE('',*,*,#15422,.F.);
#11297=ORIENTED_EDGE('',*,*,#15423,.T.);
#11298=ORIENTED_EDGE('',*,*,#15424,.F.);
#11299=ORIENTED_EDGE('',*,*,#15346,.F.);
#11300=CARTESIAN_POINT('',(1.581102156525,0.176725586542,-14.58110215652));
#11301=DIRECTION('',(-0.707106781201416,0.0,-0.707106781171679));
#11302=DIRECTION('',(-0.707106781171679,0.0,0.707106781201416));
#11303=ORIENTED_EDGE('',*,*,#15420,.F.);
#11304=ORIENTED_EDGE('',*,*,#15362,.T.);
#11305=ORIENTED_EDGE('',*,*,#15424,.T.);
#11306=ORIENTED_EDGE('',*,*,#15425,.F.);
#11307=CARTESIAN_POINT('',(-4.332,-0.648897843474999,-14.81889784348));
#11308=DIRECTION('',(0.0,0.707106781201416,-0.707106781171679));
#11309=DIRECTION('',(-1.0,0.0,0.0));
#11310=ORIENTED_EDGE('',*,*,#15338,.T.);
#11311=ORIENTED_EDGE('',*,*,#15285,.T.);
#11312=ORIENTED_EDGE('',*,*,#15426,.F.);
#11313=ORIENTED_EDGE('',*,*,#15427,.F.);
#11314=CARTESIAN_POINT('',(-4.073274413458,0.65,-14.214));
#11315=DIRECTION('',(0.0,-1.0,0.0));
#11316=DIRECTION('',(0.0,0.0,-1.0));
#11317=ORIENTED_EDGE('',*,*,#7038,.T.);
#11318=ORIENTED_EDGE('',*,*,#6979,.T.);
#11319=ORIENTED_EDGE('',*,*,#15282,.T.);
#11320=ORIENTED_EDGE('',*,*,#15428,.T.);
#11321=ORIENTED_EDGE('',*,*,#15429,.F.);
#11322=ORIENTED_EDGE('',*,*,#15430,.F.);
#11323=ORIENTED_EDGE('',*,*,#15426,.T.);
#11324=ORIENTED_EDGE('',*,*,#15284,.T.);
#11325=ORIENTED_EDGE('',*,*,#15277,.T.);
#11326=ORIENTED_EDGE('',*,*,#7029,.T.);
#11327=ORIENTED_EDGE('',*,*,#7035,.T.);
#11328=ORIENTED_EDGE('',*,*,#6959,.T.);
#11329=ORIENTED_EDGE('',*,*,#15431,.T.);
#11330=ORIENTED_EDGE('',*,*,#6964,.T.);
#11331=CARTESIAN_POINT('',(-0.29,0.946725586542,-14.214));
#11332=DIRECTION('',(1.0,0.0,0.0));
#11333=DIRECTION('',(0.0,1.0,0.0));
#11334=ORIENTED_EDGE('',*,*,#15432,.F.);
#11335=ORIENTED_EDGE('',*,*,#15433,.F.);
#11336=ORIENTED_EDGE('',*,*,#15321,.T.);
#11337=ORIENTED_EDGE('',*,*,#15434,.F.);
#11338=CARTESIAN_POINT('',(-1.818897843475,0.676725586542,-18.81889784348));
#11339=DIRECTION('',(0.707106781201413,0.0,-0.707106781171682));
#11340=DIRECTION('',(0.0,-1.0,0.0));
#11341=ORIENTED_EDGE('',*,*,#15435,.T.);
#11342=ORIENTED_EDGE('',*,*,#15289,.T.);
#11343=ORIENTED_EDGE('',*,*,#15322,.F.);
#11344=ORIENTED_EDGE('',*,*,#15436,.F.);
#11345=CARTESIAN_POINT('',(-4.073274413458,0.65,-14.214));
#11346=DIRECTION('',(0.0,-1.0,0.0));
#11347=DIRECTION('',(0.0,0.0,-1.0));
#11348=ORIENTED_EDGE('',*,*,#15433,.T.);
#11349=ORIENTED_EDGE('',*,*,#15437,.F.);
#11350=ORIENTED_EDGE('',*,*,#15438,.F.);
#11351=ORIENTED_EDGE('',*,*,#15436,.T.);
#11352=CARTESIAN_POINT('',(-4.436725586542,0.431102156525001,-18.81889784348));
#11353=DIRECTION('',(0.0,0.707106781201413,-0.707106781171682));
#11354=DIRECTION('',(-1.0,0.0,0.0));
#11355=ORIENTED_EDGE('',*,*,#15438,.T.);
#11356=ORIENTED_EDGE('',*,*,#15439,.F.);
#11357=ORIENTED_EDGE('',*,*,#15440,.F.);
#11358=ORIENTED_EDGE('',*,*,#15441,.T.);
#11359=CARTESIAN_POINT('',(-1.928897843475,1.146725586542,-18.81889784348));
#11360=DIRECTION('',(0.707106781201413,0.0,-0.707106781171682));
#11361=DIRECTION('',(0.0,-1.0,0.0));
#11362=ORIENTED_EDGE('',*,*,#7036,.T.);
#11363=ORIENTED_EDGE('',*,*,#7016,.T.);
#11364=ORIENTED_EDGE('',*,*,#15280,.T.);
#11365=ORIENTED_EDGE('',*,*,#15290,.T.);
#11366=ORIENTED_EDGE('',*,*,#15435,.F.);
#11367=ORIENTED_EDGE('',*,*,#15441,.F.);
#11368=ORIENTED_EDGE('',*,*,#15178,.T.);
#11369=ORIENTED_EDGE('',*,*,#15274,.T.);
#11370=ORIENTED_EDGE('',*,*,#15276,.T.);
#11371=ORIENTED_EDGE('',*,*,#6990,.T.);
#11372=ORIENTED_EDGE('',*,*,#7037,.T.);
#11373=ORIENTED_EDGE('',*,*,#6994,.T.);
#11374=ORIENTED_EDGE('',*,*,#15275,.T.);
#11375=ORIENTED_EDGE('',*,*,#7003,.T.);
#11376=CARTESIAN_POINT('',(-1.71,0.623274413458,-14.214));
#11377=DIRECTION('',(-1.0,0.0,0.0));
#11378=DIRECTION('',(0.0,0.0,1.0));
#11379=ORIENTED_EDGE('',*,*,#15442,.T.);
#11380=ORIENTED_EDGE('',*,*,#6972,.T.);
#11381=ORIENTED_EDGE('',*,*,#15443,.F.);
#11382=ORIENTED_EDGE('',*,*,#15429,.T.);
#11383=CARTESIAN_POINT('',(-4.2384,0.92,-14.214));
#11384=DIRECTION('',(-0.0,1.0,0.0));
#11385=DIRECTION('',(1.0,0.0,0.0));
#11386=ORIENTED_EDGE('',*,*,#15440,.T.);
#11387=ORIENTED_EDGE('',*,*,#15444,.F.);
#11388=ORIENTED_EDGE('',*,*,#15445,.F.);
#11389=ORIENTED_EDGE('',*,*,#15443,.T.);
#11390=ORIENTED_EDGE('',*,*,#7040,.T.);
#11391=ORIENTED_EDGE('',*,*,#15176,.T.);
#11392=CARTESIAN_POINT('',(-2.5536,1.1388978434775,-18.8188978434775));
#11393=DIRECTION('',(0.0,-0.707106781186547,-0.707106781186547));
#11394=DIRECTION('',(0.0,-0.707106781186547,0.707106781186547));
#11395=ORIENTED_EDGE('',*,*,#15446,.F.);
#11396=ORIENTED_EDGE('',*,*,#15430,.T.);
#11397=ORIENTED_EDGE('',*,*,#15445,.T.);
#11398=ORIENTED_EDGE('',*,*,#15447,.F.);
#11399=CARTESIAN_POINT('',(-0.07110215652481,0.423274413458,-18.81889784348));
#11400=DIRECTION('',(-0.707106781200833,0.0,-0.707106781172262));
#11401=DIRECTION('',(-0.707106781172262,0.0,0.707106781200833));
#11402=ORIENTED_EDGE('',*,*,#15448,.F.);
#11403=ORIENTED_EDGE('',*,*,#15427,.T.);
#11404=ORIENTED_EDGE('',*,*,#15446,.T.);
#11405=ORIENTED_EDGE('',*,*,#15449,.F.);
#11406=CARTESIAN_POINT('',(-4.436725586542,0.431102156525001,-18.81889784348));
#11407=DIRECTION('',(0.0,0.707106781201413,-0.707106781171682));
#11408=DIRECTION('',(-1.0,0.0,0.0));
#11409=ORIENTED_EDGE('',*,*,#15339,.T.);
#11410=ORIENTED_EDGE('',*,*,#15448,.T.);
#11411=ORIENTED_EDGE('',*,*,#15450,.F.);
#11412=ORIENTED_EDGE('',*,*,#15451,.F.);
#11413=CARTESIAN_POINT('',(-0.1811021565248,0.123274413458,-18.81889784348));
#11414=DIRECTION('',(-0.707106781200818,0.0,-0.707106781172277));
#11415=DIRECTION('',(-0.707106781172277,0.0,0.707106781200818));
#11416=ORIENTED_EDGE('',*,*,#15452,.F.);
#11417=ORIENTED_EDGE('',*,*,#15319,.F.);
#11418=ORIENTED_EDGE('',*,*,#15453,.T.);
#11419=ORIENTED_EDGE('',*,*,#15454,.T.);
#11420=CARTESIAN_POINT('',(-1.581102156525,-0.656725586542,-14.58110215652));
#11421=DIRECTION('',(0.707106781201416,0.0,-0.707106781171679));
#11422=DIRECTION('',(0.0,-1.0,0.0));
#11423=ORIENTED_EDGE('',*,*,#15455,.F.);
#11424=ORIENTED_EDGE('',*,*,#15456,.T.);
#11425=ORIENTED_EDGE('',*,*,#15457,.F.);
#11426=ORIENTED_EDGE('',*,*,#15341,.F.);
#11427=CARTESIAN_POINT('',(-0.4188978434752,0.176725586542,-14.58110215652));
#11428=DIRECTION('',(-0.707106781200821,0.0,-0.707106781172274));
#11429=DIRECTION('',(-0.707106781172274,0.0,0.707106781200821));
#11430=ORIENTED_EDGE('',*,*,#15453,.F.);
#11431=ORIENTED_EDGE('',*,*,#15363,.T.);
#11432=ORIENTED_EDGE('',*,*,#15457,.T.);
#11433=ORIENTED_EDGE('',*,*,#15458,.F.);
#11434=CARTESIAN_POINT('',(-4.332,-0.648897843474999,-14.81889784348));
#11435=DIRECTION('',(0.0,0.707106781201416,-0.707106781171679));
#11436=DIRECTION('',(-1.0,0.0,0.0));
#11437=ORIENTED_EDGE('',*,*,#15459,.T.);
#11438=ORIENTED_EDGE('',*,*,#15460,.F.);
#11439=ORIENTED_EDGE('',*,*,#15183,.F.);
#11440=ORIENTED_EDGE('',*,*,#15461,.F.);
#11441=ORIENTED_EDGE('',*,*,#15155,.T.);
#11442=CARTESIAN_POINT('',(0.4,-2.002,-1.413));
#11443=DIRECTION('',(-1.0,0.0,0.0));
#11444=DIRECTION('',(0.0,0.0,1.0));
#11445=ORIENTED_EDGE('',*,*,#15462,.F.);
#11446=ORIENTED_EDGE('',*,*,#15130,.T.);
#11447=ORIENTED_EDGE('',*,*,#15463,.F.);
#11448=ORIENTED_EDGE('',*,*,#15148,.T.);
#11449=ORIENTED_EDGE('',*,*,#15464,.T.);
#11450=CARTESIAN_POINT('',(4.825,-0.356725586542,0.1746083018277));
#11451=DIRECTION('',(1.0,0.0,0.0));
#11452=DIRECTION('',(0.0,1.0,0.0));
#11453=ORIENTED_EDGE('',*,*,#15465,.F.);
#11454=ORIENTED_EDGE('',*,*,#15137,.F.);
#11455=ORIENTED_EDGE('',*,*,#6738,.F.);
#11456=ORIENTED_EDGE('',*,*,#6729,.F.);
#11457=ORIENTED_EDGE('',*,*,#7651,.F.);
#11458=ORIENTED_EDGE('',*,*,#6724,.F.);
#11459=ORIENTED_EDGE('',*,*,#6720,.F.);
#11460=ORIENTED_EDGE('',*,*,#15136,.F.);
#11461=ORIENTED_EDGE('',*,*,#15135,.T.);
#11462=ORIENTED_EDGE('',*,*,#7762,.T.);
#11463=ORIENTED_EDGE('',*,*,#6733,.T.);
#11464=ORIENTED_EDGE('',*,*,#7626,.F.);
#11465=ORIENTED_EDGE('',*,*,#7779,.T.);
#11466=ORIENTED_EDGE('',*,*,#7707,.T.);
#11467=ORIENTED_EDGE('',*,*,#15134,.T.);
#11468=ORIENTED_EDGE('',*,*,#15466,.F.);
#11469=ORIENTED_EDGE('',*,*,#15467,.F.);
#11470=ORIENTED_EDGE('',*,*,#6753,.T.);
#11471=ORIENTED_EDGE('',*,*,#6742,.T.);
#11472=ORIENTED_EDGE('',*,*,#6750,.F.);
#11473=ORIENTED_EDGE('',*,*,#6757,.T.);
#11474=CARTESIAN_POINT('',(-5.564,1.9,-18.987));
#11475=DIRECTION('',(-0.0,1.0,0.0));
#11476=DIRECTION('',(1.0,0.0,0.0));
#11477=ORIENTED_EDGE('',*,*,#15468,.F.);
#11478=ORIENTED_EDGE('',*,*,#15469,.F.);
#11479=ORIENTED_EDGE('',*,*,#15466,.T.);
#11480=ORIENTED_EDGE('',*,*,#15133,.T.);
#11481=ORIENTED_EDGE('',*,*,#15470,.T.);
#11482=CARTESIAN_POINT('',(5.35,1.60000000000009,-18.98));
#11483=DIRECTION('',(-0.0,0.0,-1.0));
#11484=DIRECTION('',(-1.0,0.0,0.0));
#11485=ORIENTED_EDGE('',*,*,#15470,.F.);
#11486=ORIENTED_EDGE('',*,*,#15132,.T.);
#11487=ORIENTED_EDGE('',*,*,#15471,.T.);
#11488=ORIENTED_EDGE('',*,*,#15472,.T.);
#11489=ORIENTED_EDGE('',*,*,#15143,.T.);
#11490=ORIENTED_EDGE('',*,*,#15473,.T.);
#11491=ORIENTED_EDGE('',*,*,#15474,.T.);
#11492=ORIENTED_EDGE('',*,*,#15475,.T.);
#11493=ORIENTED_EDGE('',*,*,#15476,.T.);
#11494=ORIENTED_EDGE('',*,*,#15468,.T.);
#11495=CARTESIAN_POINT('',(5.65,1.665,-0.134));
#11496=DIRECTION('',(1.0,0.0,0.0));
#11497=DIRECTION('',(0.0,1.0,0.0));
#11498=ORIENTED_EDGE('',*,*,#7812,.F.);
#11499=ORIENTED_EDGE('',*,*,#15477,.T.);
#11500=ORIENTED_EDGE('',*,*,#15478,.F.);
#11501=ORIENTED_EDGE('',*,*,#15473,.F.);
#11502=ORIENTED_EDGE('',*,*,#15142,.T.);
#11503=ORIENTED_EDGE('',*,*,#7815,.T.);
#11504=ORIENTED_EDGE('',*,*,#7822,.T.);
#11505=CARTESIAN_POINT('',(5.35,-1.7,0.2534227208855));
#11506=DIRECTION('',(-0.0,0.0,1.0));
#11507=DIRECTION('',(1.0,0.0,0.0));
#11508=ORIENTED_EDGE('',*,*,#15472,.F.);
#11509=ORIENTED_EDGE('',*,*,#15479,.T.);
#11510=ORIENTED_EDGE('',*,*,#15464,.F.);
#11511=ORIENTED_EDGE('',*,*,#15147,.F.);
#11512=ORIENTED_EDGE('',*,*,#15144,.T.);
#11513=CARTESIAN_POINT('',(-4.126725586542,0.0133627932709999,-0.5931450368766));
#11514=DIRECTION('',(0.0,0.866025403784624,0.499999999999679));
#11515=DIRECTION('',(1.0,0.0,-0.0));
#11516=ORIENTED_EDGE('',*,*,#15480,.T.);
#11517=ORIENTED_EDGE('',*,*,#15481,.F.);
#11518=ORIENTED_EDGE('',*,*,#15188,.F.);
#11519=ORIENTED_EDGE('',*,*,#15482,.F.);
#11520=ORIENTED_EDGE('',*,*,#15158,.T.);
#11521=CARTESIAN_POINT('',(-1.6,-2.002,-1.413));
#11522=DIRECTION('',(-1.0,0.0,0.0));
#11523=DIRECTION('',(0.0,0.0,1.0));
#11524=ORIENTED_EDGE('',*,*,#15483,.F.);
#11525=ORIENTED_EDGE('',*,*,#15484,.T.);
#11526=ORIENTED_EDGE('',*,*,#15485,.T.);
#11527=ORIENTED_EDGE('',*,*,#15190,.T.);
#11528=CARTESIAN_POINT('',(-0.4,0.702,-1.413));
#11529=DIRECTION('',(1.0,0.0,0.0));
#11530=DIRECTION('',(0.0,1.0,0.0));
#11531=ORIENTED_EDGE('',*,*,#15486,.F.);
#11532=ORIENTED_EDGE('',*,*,#15480,.F.);
#11533=ORIENTED_EDGE('',*,*,#15157,.T.);
#11534=ORIENTED_EDGE('',*,*,#15484,.F.);
#11535=CARTESIAN_POINT('',(-4.126725586542,0.0133627932709999,-0.5931450368766));
#11536=DIRECTION('',(0.0,0.866025403784624,0.499999999999679));
#11537=DIRECTION('',(1.0,0.0,-0.0));
#11538=ORIENTED_EDGE('',*,*,#15487,.T.);
#11539=ORIENTED_EDGE('',*,*,#15488,.F.);
#11540=ORIENTED_EDGE('',*,*,#15198,.F.);
#11541=ORIENTED_EDGE('',*,*,#15489,.F.);
#11542=ORIENTED_EDGE('',*,*,#15162,.T.);
#11543=CARTESIAN_POINT('',(-4.1,-2.002,-0.393));
#11544=DIRECTION('',(-1.0,0.0,0.0));
#11545=DIRECTION('',(0.0,0.0,1.0));
#11546=ORIENTED_EDGE('',*,*,#15490,.F.);
#11547=ORIENTED_EDGE('',*,*,#15487,.F.);
#11548=ORIENTED_EDGE('',*,*,#15161,.T.);
#11549=ORIENTED_EDGE('',*,*,#15491,.F.);
#11550=CARTESIAN_POINT('',(-4.126725586542,0.0133627932709999,-0.5931450368766));
#11551=DIRECTION('',(0.0,0.866025403784624,0.499999999999679));
#11552=DIRECTION('',(1.0,0.0,-0.0));
#11553=ORIENTED_EDGE('',*,*,#15492,.F.);
#11554=ORIENTED_EDGE('',*,*,#15459,.F.);
#11555=ORIENTED_EDGE('',*,*,#15154,.T.);
#11556=ORIENTED_EDGE('',*,*,#15493,.F.);
#11557=CARTESIAN_POINT('',(-4.126725586542,0.0133627932709999,-0.5931450368766));
#11558=DIRECTION('',(0.0,0.866025403784624,0.499999999999679));
#11559=DIRECTION('',(1.0,0.0,-0.0));
#11560=ORIENTED_EDGE('',*,*,#15494,.F.);
#11561=ORIENTED_EDGE('',*,*,#15493,.T.);
#11562=ORIENTED_EDGE('',*,*,#15153,.T.);
#11563=ORIENTED_EDGE('',*,*,#15495,.T.);
#11564=ORIENTED_EDGE('',*,*,#15185,.T.);
#11565=CARTESIAN_POINT('',(1.6,0.702,-1.413));
#11566=DIRECTION('',(1.0,0.0,0.0));
#11567=DIRECTION('',(0.0,1.0,0.0));
#11568=ORIENTED_EDGE('',*,*,#15412,.T.);
#11569=ORIENTED_EDGE('',*,*,#15264,.T.);
#11570=ORIENTED_EDGE('',*,*,#15327,.F.);
#11571=ORIENTED_EDGE('',*,*,#15496,.F.);
#11572=CARTESIAN_POINT('',(-4.073274413458,0.65,-14.214));
#11573=DIRECTION('',(0.0,-1.0,0.0));
#11574=DIRECTION('',(0.0,0.0,-1.0));
#11575=ORIENTED_EDGE('',*,*,#15415,.T.);
#11576=ORIENTED_EDGE('',*,*,#15497,.F.);
#11577=ORIENTED_EDGE('',*,*,#15498,.F.);
#11578=ORIENTED_EDGE('',*,*,#15496,.T.);
#11579=CARTESIAN_POINT('',(-4.436725586542,0.431102156525001,-18.81889784348));
#11580=DIRECTION('',(0.0,0.707106781201413,-0.707106781171682));
#11581=DIRECTION('',(-1.0,0.0,0.0));
#11582=ORIENTED_EDGE('',*,*,#15499,.F.);
#11583=ORIENTED_EDGE('',*,*,#15413,.T.);
#11584=ORIENTED_EDGE('',*,*,#15498,.T.);
#11585=ORIENTED_EDGE('',*,*,#15500,.F.);
#11586=CARTESIAN_POINT('',(0.07110215652481,1.146725586542,-18.81889784348));
#11587=DIRECTION('',(0.707106781200833,0.0,-0.707106781172262));
#11588=DIRECTION('',(0.0,-1.0,0.0));
#11589=ORIENTED_EDGE('',*,*,#15499,.T.);
#11590=ORIENTED_EDGE('',*,*,#15501,.F.);
#11591=ORIENTED_EDGE('',*,*,#15502,.F.);
#11592=ORIENTED_EDGE('',*,*,#15503,.T.);
#11593=ORIENTED_EDGE('',*,*,#7180,.T.);
#11594=ORIENTED_EDGE('',*,*,#15179,.T.);
#11595=CARTESIAN_POINT('',(-2.5536,1.1388978434775,-18.8188978434775));
#11596=DIRECTION('',(0.0,-0.707106781186547,-0.707106781186547));
#11597=DIRECTION('',(0.0,-0.707106781186547,0.707106781186547));
#11598=ORIENTED_EDGE('',*,*,#15504,.T.);
#11599=ORIENTED_EDGE('',*,*,#7158,.T.);
#11600=ORIENTED_EDGE('',*,*,#15503,.F.);
#11601=ORIENTED_EDGE('',*,*,#15505,.T.);
#11602=CARTESIAN_POINT('',(-4.2384,0.92,-14.214));
#11603=DIRECTION('',(-0.0,1.0,0.0));
#11604=DIRECTION('',(1.0,0.0,0.0));
#11605=ORIENTED_EDGE('',*,*,#7177,.T.);
#11606=ORIENTED_EDGE('',*,*,#7149,.T.);
#11607=ORIENTED_EDGE('',*,*,#15506,.T.);
#11608=ORIENTED_EDGE('',*,*,#7140,.T.);
#11609=ORIENTED_EDGE('',*,*,#7176,.T.);
#11610=ORIENTED_EDGE('',*,*,#7160,.T.);
#11611=ORIENTED_EDGE('',*,*,#15257,.T.);
#11612=ORIENTED_EDGE('',*,*,#15507,.T.);
#11613=ORIENTED_EDGE('',*,*,#15505,.F.);
#11614=ORIENTED_EDGE('',*,*,#15508,.F.);
#11615=ORIENTED_EDGE('',*,*,#15417,.T.);
#11616=ORIENTED_EDGE('',*,*,#15259,.T.);
#11617=ORIENTED_EDGE('',*,*,#15251,.T.);
#11618=ORIENTED_EDGE('',*,*,#7134,.T.);
#11619=CARTESIAN_POINT('',(1.71,0.946725586542,-14.214));
#11620=DIRECTION('',(1.0,0.0,0.0));
#11621=DIRECTION('',(0.0,1.0,0.0));
#11622=ORIENTED_EDGE('',*,*,#15502,.T.);
#11623=ORIENTED_EDGE('',*,*,#15509,.F.);
#11624=ORIENTED_EDGE('',*,*,#15510,.F.);
#11625=ORIENTED_EDGE('',*,*,#15508,.T.);
#11626=CARTESIAN_POINT('',(1.928897843475,0.423274413458,-18.81889784348));
#11627=DIRECTION('',(-0.707106781201413,0.0,-0.707106781171682));
#11628=DIRECTION('',(-0.707106781171682,0.0,0.707106781201413));
#11629=ORIENTED_EDGE('',*,*,#15511,.F.);
#11630=ORIENTED_EDGE('',*,*,#15418,.T.);
#11631=ORIENTED_EDGE('',*,*,#15510,.T.);
#11632=ORIENTED_EDGE('',*,*,#15512,.F.);
#11633=CARTESIAN_POINT('',(-4.436725586542,0.431102156525001,-18.81889784348));
#11634=DIRECTION('',(0.0,0.707106781201413,-0.707106781171682));
#11635=DIRECTION('',(-1.0,0.0,0.0));
#11636=ORIENTED_EDGE('',*,*,#15344,.T.);
#11637=ORIENTED_EDGE('',*,*,#15511,.T.);
#11638=ORIENTED_EDGE('',*,*,#15513,.F.);
#11639=ORIENTED_EDGE('',*,*,#15514,.F.);
#11640=CARTESIAN_POINT('',(1.818897843475,0.123274413458,-18.81889784348));
#11641=DIRECTION('',(-0.707106781201413,0.0,-0.707106781171682));
#11642=DIRECTION('',(-0.707106781171682,0.0,0.707106781201413));
#11643=ORIENTED_EDGE('',*,*,#15515,.F.);
#11644=ORIENTED_EDGE('',*,*,#15516,.F.);
#11645=ORIENTED_EDGE('',*,*,#15336,.T.);
#11646=ORIENTED_EDGE('',*,*,#15517,.F.);
#11647=CARTESIAN_POINT('',(2.681102156525,0.676725586542,-18.81889784348));
#11648=DIRECTION('',(0.707106781201413,0.0,-0.707106781171682));
#11649=DIRECTION('',(0.0,-1.0,0.0));
#11650=ORIENTED_EDGE('',*,*,#15518,.F.);
#11651=ORIENTED_EDGE('',*,*,#15334,.F.);
#11652=ORIENTED_EDGE('',*,*,#15519,.T.);
#11653=ORIENTED_EDGE('',*,*,#15520,.T.);
#11654=CARTESIAN_POINT('',(2.918897843475,-0.656725586542,-14.58110215652));
#11655=DIRECTION('',(0.707106781201416,0.0,-0.707106781171679));
#11656=DIRECTION('',(0.0,-1.0,0.0));
#11657=ORIENTED_EDGE('',*,*,#15121,.T.);
#11658=ORIENTED_EDGE('',*,*,#15521,.F.);
#11659=ORIENTED_EDGE('',*,*,#15123,.T.);
#11660=ORIENTED_EDGE('',*,*,#15522,.F.);
#11661=ORIENTED_EDGE('',*,*,#15120,.F.);
#11662=CARTESIAN_POINT('',(-2.25,-0.676725586542,-17.8));
#11663=DIRECTION('',(-0.0,-1.0,0.0));
#11664=DIRECTION('',(-1.0,0.0,0.0));
#11665=ORIENTED_EDGE('',*,*,#15115,.T.);
#11666=ORIENTED_EDGE('',*,*,#15522,.T.);
#11667=ORIENTED_EDGE('',*,*,#15122,.T.);
#11668=ORIENTED_EDGE('',*,*,#15118,.T.);
#11669=ORIENTED_EDGE('',*,*,#15523,.F.);
#11670=CARTESIAN_POINT('',(-2.25000000000018,-0.65,-17.7999999999982));
#11671=DIRECTION('',(-6.40647292276262E-19,1.0,6.23040157937899E-18));
#11672=DIRECTION('',(-0.994754962656061,0.0,-0.102286676899485));
#11673=ORIENTED_EDGE('',*,*,#15116,.T.);
#11674=ORIENTED_EDGE('',*,*,#15523,.T.);
#11675=ORIENTED_EDGE('',*,*,#15117,.T.);
#11676=CARTESIAN_POINT('',(2.652,-0.85,-18.12758369777));
#11677=DIRECTION('',(-0.0,1.0,0.0));
#11678=DIRECTION('',(1.0,0.0,0.0));
#11679=ORIENTED_EDGE('',*,*,#15524,.T.);
#11680=ORIENTED_EDGE('',*,*,#15112,.T.);
#11681=ORIENTED_EDGE('',*,*,#15525,.T.);
#11682=CARTESIAN_POINT('',(2.652,-0.85,-18.12758369777));
#11683=DIRECTION('',(-0.0,1.0,0.0));
#11684=DIRECTION('',(1.0,0.0,0.0));
#11685=ORIENTED_EDGE('',*,*,#15111,.T.);
#11686=ORIENTED_EDGE('',*,*,#15107,.T.);
#11687=ORIENTED_EDGE('',*,*,#15526,.T.);
#11688=ORIENTED_EDGE('',*,*,#15113,.T.);
#11689=ORIENTED_EDGE('',*,*,#15524,.F.);
#11690=ORIENTED_EDGE('',*,*,#15525,.F.);
#11691=CARTESIAN_POINT('',(2.25000000000019,-0.65,-17.8000000000018));
#11692=DIRECTION('',(-6.40647292275985E-19,1.0,6.23040157937759E-18));
#11693=DIRECTION('',(0.994754962656063,0.0,0.102286676899464));
#11694=ORIENTED_EDGE('',*,*,#15106,.T.);
#11695=ORIENTED_EDGE('',*,*,#15527,.F.);
#11696=ORIENTED_EDGE('',*,*,#15109,.T.);
#11697=ORIENTED_EDGE('',*,*,#15114,.F.);
#11698=ORIENTED_EDGE('',*,*,#15526,.F.);
#11699=CARTESIAN_POINT('',(2.25,-0.676725586542,-17.8));
#11700=DIRECTION('',(-0.0,-1.0,0.0));
#11701=DIRECTION('',(-1.0,0.0,0.0));
#11702=ORIENTED_EDGE('',*,*,#15528,.T.);
#11703=ORIENTED_EDGE('',*,*,#15529,.T.);
#11704=ORIENTED_EDGE('',*,*,#15390,.T.);
#11705=ORIENTED_EDGE('',*,*,#15330,.F.);
#11706=ORIENTED_EDGE('',*,*,#15381,.T.);
#11707=ORIENTED_EDGE('',*,*,#15530,.F.);
#11708=CARTESIAN_POINT('',(-5.876,0.15,-14.516));
#11709=DIRECTION('',(0.0,-1.0,0.0));
#11710=DIRECTION('',(0.0,0.0,-1.0));
#11711=ORIENTED_EDGE('',*,*,#15521,.T.);
#11712=ORIENTED_EDGE('',*,*,#15124,.T.);
#11713=ORIENTED_EDGE('',*,*,#15384,.T.);
#11714=ORIENTED_EDGE('',*,*,#15350,.F.);
#11715=ORIENTED_EDGE('',*,*,#15408,.T.);
#11716=ORIENTED_EDGE('',*,*,#15531,.T.);
#11717=ORIENTED_EDGE('',*,*,#15434,.T.);
#11718=ORIENTED_EDGE('',*,*,#15320,.F.);
#11719=ORIENTED_EDGE('',*,*,#15452,.T.);
#11720=ORIENTED_EDGE('',*,*,#15532,.F.);
#11721=CARTESIAN_POINT('',(-5.876,0.15,-14.516));
#11722=DIRECTION('',(0.0,-1.0,0.0));
#11723=DIRECTION('',(0.0,0.0,-1.0));
#11724=ORIENTED_EDGE('',*,*,#15455,.T.);
#11725=ORIENTED_EDGE('',*,*,#15340,.F.);
#11726=ORIENTED_EDGE('',*,*,#15451,.T.);
#11727=ORIENTED_EDGE('',*,*,#15533,.T.);
#11728=ORIENTED_EDGE('',*,*,#15416,.T.);
#11729=ORIENTED_EDGE('',*,*,#15325,.F.);
#11730=ORIENTED_EDGE('',*,*,#15419,.T.);
#11731=ORIENTED_EDGE('',*,*,#15534,.F.);
#11732=CARTESIAN_POINT('',(-5.876,0.15,-14.516));
#11733=DIRECTION('',(0.0,-1.0,0.0));
#11734=DIRECTION('',(0.0,0.0,-1.0));
#11735=ORIENTED_EDGE('',*,*,#15411,.T.);
#11736=ORIENTED_EDGE('',*,*,#15535,.T.);
#11737=ORIENTED_EDGE('',*,*,#15475,.F.);
#11738=ORIENTED_EDGE('',*,*,#15536,.F.);
#11739=ORIENTED_EDGE('',*,*,#15537,.T.);
#11740=ORIENTED_EDGE('',*,*,#15355,.F.);
#11741=CARTESIAN_POINT('',(-5.876,0.15,-14.516));
#11742=DIRECTION('',(0.0,-1.0,0.0));
#11743=DIRECTION('',(0.0,0.0,-1.0));
#11744=ORIENTED_EDGE('',*,*,#15527,.T.);
#11745=ORIENTED_EDGE('',*,*,#15110,.T.);
#11746=ORIENTED_EDGE('',*,*,#15422,.T.);
#11747=ORIENTED_EDGE('',*,*,#15345,.F.);
#11748=ORIENTED_EDGE('',*,*,#15514,.T.);
#11749=ORIENTED_EDGE('',*,*,#15538,.T.);
#11750=ORIENTED_EDGE('',*,*,#15517,.T.);
#11751=ORIENTED_EDGE('',*,*,#15335,.F.);
#11752=ORIENTED_EDGE('',*,*,#15518,.T.);
#11753=ORIENTED_EDGE('',*,*,#15539,.F.);
#11754=CARTESIAN_POINT('',(-5.876,0.15,-14.516));
#11755=DIRECTION('',(0.0,-1.0,0.0));
#11756=DIRECTION('',(0.0,0.0,-1.0));
#11757=ORIENTED_EDGE('',*,*,#15537,.F.);
#11758=ORIENTED_EDGE('',*,*,#15540,.T.);
#11759=ORIENTED_EDGE('',*,*,#15541,.F.);
#11760=ORIENTED_EDGE('',*,*,#15356,.F.);
#11761=CARTESIAN_POINT('',(4.081102156525,0.176725586542,-14.58110215652));
#11762=DIRECTION('',(-0.707106781201415,0.0,-0.70710678117168));
#11763=DIRECTION('',(-0.707106781171679,0.0,0.707106781201415));
#11764=ORIENTED_EDGE('',*,*,#15519,.F.);
#11765=ORIENTED_EDGE('',*,*,#15361,.T.);
#11766=ORIENTED_EDGE('',*,*,#15541,.T.);
#11767=ORIENTED_EDGE('',*,*,#15542,.F.);
#11768=CARTESIAN_POINT('',(-4.332,-0.648897843474999,-14.81889784348));
#11769=DIRECTION('',(0.0,0.707106781201416,-0.707106781171679));
#11770=DIRECTION('',(-1.0,0.0,0.0));
#11771=ORIENTED_EDGE('',*,*,#15540,.F.);
#11772=ORIENTED_EDGE('',*,*,#15536,.T.);
#11773=ORIENTED_EDGE('',*,*,#15474,.F.);
#11774=ORIENTED_EDGE('',*,*,#15478,.T.);
#11775=ORIENTED_EDGE('',*,*,#15543,.F.);
#11776=ORIENTED_EDGE('',*,*,#15379,.T.);
#11777=ORIENTED_EDGE('',*,*,#15544,.T.);
#11778=ORIENTED_EDGE('',*,*,#15530,.T.);
#11779=ORIENTED_EDGE('',*,*,#15383,.F.);
#11780=ORIENTED_EDGE('',*,*,#15545,.T.);
#11781=ORIENTED_EDGE('',*,*,#15385,.F.);
#11782=ORIENTED_EDGE('',*,*,#15532,.T.);
#11783=ORIENTED_EDGE('',*,*,#15454,.F.);
#11784=ORIENTED_EDGE('',*,*,#15458,.T.);
#11785=ORIENTED_EDGE('',*,*,#15456,.F.);
#11786=ORIENTED_EDGE('',*,*,#15534,.T.);
#11787=ORIENTED_EDGE('',*,*,#15421,.F.);
#11788=ORIENTED_EDGE('',*,*,#15425,.T.);
#11789=ORIENTED_EDGE('',*,*,#15423,.F.);
#11790=ORIENTED_EDGE('',*,*,#15539,.T.);
#11791=ORIENTED_EDGE('',*,*,#15520,.F.);
#11792=ORIENTED_EDGE('',*,*,#15542,.T.);
#11793=CARTESIAN_POINT('',(-5.876,-1.992,-14.8));
#11794=DIRECTION('',(0.0,0.0,-1.0));
#11795=DIRECTION('',(0.0,-1.0,0.0));
#11796=ORIENTED_EDGE('',*,*,#15382,.F.);
#11797=ORIENTED_EDGE('',*,*,#15364,.T.);
#11798=ORIENTED_EDGE('',*,*,#15386,.T.);
#11799=ORIENTED_EDGE('',*,*,#15545,.F.);
#11800=CARTESIAN_POINT('',(-4.332,-0.648897843474999,-14.81889784348));
#11801=DIRECTION('',(0.0,0.707106781201416,-0.707106781171679));
#11802=DIRECTION('',(-1.0,0.0,0.0));
#11803=ORIENTED_EDGE('',*,*,#7543,.F.);
#11804=ORIENTED_EDGE('',*,*,#15380,.F.);
#11805=ORIENTED_EDGE('',*,*,#15543,.T.);
#11806=ORIENTED_EDGE('',*,*,#15477,.F.);
#11807=ORIENTED_EDGE('',*,*,#7811,.F.);
#11808=ORIENTED_EDGE('',*,*,#7799,.T.);
#11809=ORIENTED_EDGE('',*,*,#7795,.T.);
#11810=ORIENTED_EDGE('',*,*,#7791,.T.);
#11811=ORIENTED_EDGE('',*,*,#7787,.F.);
#11812=ORIENTED_EDGE('',*,*,#7782,.T.);
#11813=ORIENTED_EDGE('',*,*,#7962,.F.);
#11814=ORIENTED_EDGE('',*,*,#7848,.T.);
#11815=ORIENTED_EDGE('',*,*,#7853,.T.);
#11816=ORIENTED_EDGE('',*,*,#7857,.T.);
#11817=ORIENTED_EDGE('',*,*,#7861,.T.);
#11818=ORIENTED_EDGE('',*,*,#7865,.T.);
#11819=ORIENTED_EDGE('',*,*,#7870,.F.);
#11820=ORIENTED_EDGE('',*,*,#7873,.T.);
#11821=ORIENTED_EDGE('',*,*,#7878,.F.);
#11822=ORIENTED_EDGE('',*,*,#7881,.T.);
#11823=ORIENTED_EDGE('',*,*,#7885,.T.);
#11824=ORIENTED_EDGE('',*,*,#7891,.F.);
#11825=ORIENTED_EDGE('',*,*,#15146,.F.);
#11826=ORIENTED_EDGE('',*,*,#7617,.T.);
#11827=ORIENTED_EDGE('',*,*,#7608,.F.);
#11828=ORIENTED_EDGE('',*,*,#7604,.T.);
#11829=ORIENTED_EDGE('',*,*,#7600,.T.);
#11830=ORIENTED_EDGE('',*,*,#7596,.T.);
#11831=ORIENTED_EDGE('',*,*,#7592,.T.);
#11832=ORIENTED_EDGE('',*,*,#7588,.T.);
#11833=ORIENTED_EDGE('',*,*,#7584,.F.);
#11834=ORIENTED_EDGE('',*,*,#7580,.T.);
#11835=ORIENTED_EDGE('',*,*,#7576,.F.);
#11836=ORIENTED_EDGE('',*,*,#7572,.T.);
#11837=ORIENTED_EDGE('',*,*,#7568,.T.);
#11838=ORIENTED_EDGE('',*,*,#7564,.T.);
#11839=ORIENTED_EDGE('',*,*,#7560,.T.);
#11840=ORIENTED_EDGE('',*,*,#7556,.T.);
#11841=ORIENTED_EDGE('',*,*,#7552,.F.);
#11842=ORIENTED_EDGE('',*,*,#7547,.F.);
#11843=CARTESIAN_POINT('',(-5.564,-2.0,0.296));
#11844=DIRECTION('',(0.0,-1.0,0.0));
#11845=DIRECTION('',(0.0,0.0,-1.0));
#11846=ORIENTED_EDGE('',*,*,#15546,.T.);
#11847=ORIENTED_EDGE('',*,*,#15547,.F.);
#11848=ORIENTED_EDGE('',*,*,#15193,.F.);
#11849=ORIENTED_EDGE('',*,*,#15548,.F.);
#11850=ORIENTED_EDGE('',*,*,#15151,.T.);
#11851=CARTESIAN_POINT('',(2.9,-2.002,-0.393));
#11852=DIRECTION('',(-1.0,0.0,0.0));
#11853=DIRECTION('',(0.0,0.0,1.0));
#11854=ORIENTED_EDGE('',*,*,#15549,.F.);
#11855=ORIENTED_EDGE('',*,*,#15550,.T.);
#11856=ORIENTED_EDGE('',*,*,#15551,.T.);
#11857=ORIENTED_EDGE('',*,*,#15195,.T.);
#11858=CARTESIAN_POINT('',(4.1,0.702,-0.393));
#11859=DIRECTION('',(1.0,0.0,0.0));
#11860=DIRECTION('',(0.0,1.0,0.0));
#11861=ORIENTED_EDGE('',*,*,#15552,.F.);
#11862=ORIENTED_EDGE('',*,*,#15546,.F.);
#11863=ORIENTED_EDGE('',*,*,#15150,.T.);
#11864=ORIENTED_EDGE('',*,*,#15550,.F.);
#11865=CARTESIAN_POINT('',(-4.126725586542,0.0133627932709999,-0.5931450368766));
#11866=DIRECTION('',(0.0,0.866025403784624,0.499999999999679));
#11867=DIRECTION('',(1.0,0.0,-0.0));
#11868=ORIENTED_EDGE('',*,*,#15553,.T.);
#11869=ORIENTED_EDGE('',*,*,#15199,.T.);
#11870=ORIENTED_EDGE('',*,*,#15488,.T.);
#11871=ORIENTED_EDGE('',*,*,#15490,.T.);
#11872=CARTESIAN_POINT('',(-5.876,4.33680868994202E-16,-8.8116));
#11873=DIRECTION('',(-0.0,1.0,0.0));
#11874=DIRECTION('',(1.0,0.0,0.0));
#11875=ORIENTED_EDGE('',*,*,#15483,.T.);
#11876=ORIENTED_EDGE('',*,*,#15189,.T.);
#11877=ORIENTED_EDGE('',*,*,#15481,.T.);
#11878=ORIENTED_EDGE('',*,*,#15486,.T.);
#11879=CARTESIAN_POINT('',(-5.876,4.33680868994202E-16,-8.8116));
#11880=DIRECTION('',(-0.0,1.0,0.0));
#11881=DIRECTION('',(1.0,0.0,0.0));
#11882=ORIENTED_EDGE('',*,*,#15494,.T.);
#11883=ORIENTED_EDGE('',*,*,#15184,.T.);
#11884=ORIENTED_EDGE('',*,*,#15460,.T.);
#11885=ORIENTED_EDGE('',*,*,#15492,.T.);
#11886=CARTESIAN_POINT('',(-5.876,4.33680868994202E-16,-8.8116));
#11887=DIRECTION('',(-0.0,1.0,0.0));
#11888=DIRECTION('',(1.0,0.0,0.0));
#11889=ORIENTED_EDGE('',*,*,#15549,.T.);
#11890=ORIENTED_EDGE('',*,*,#15194,.T.);
#11891=ORIENTED_EDGE('',*,*,#15547,.T.);
#11892=ORIENTED_EDGE('',*,*,#15552,.T.);
#11893=CARTESIAN_POINT('',(-5.876,4.33680868994202E-16,-8.8116));
#11894=DIRECTION('',(-0.0,1.0,0.0));
#11895=DIRECTION('',(1.0,0.0,0.0));
#11896=ORIENTED_EDGE('',*,*,#15553,.F.);
#11897=ORIENTED_EDGE('',*,*,#15491,.T.);
#11898=ORIENTED_EDGE('',*,*,#15160,.T.);
#11899=ORIENTED_EDGE('',*,*,#15554,.T.);
#11900=ORIENTED_EDGE('',*,*,#15200,.T.);
#11901=CARTESIAN_POINT('',(-2.9,0.702,-0.393));
#11902=DIRECTION('',(1.0,0.0,0.0));
#11903=DIRECTION('',(0.0,1.0,0.0));
#11904=ORIENTED_EDGE('',*,*,#15548,.T.);
#11905=ORIENTED_EDGE('',*,*,#15192,.T.);
#11906=ORIENTED_EDGE('',*,*,#7412,.F.);
#11907=ORIENTED_EDGE('',*,*,#15128,.T.);
#11908=ORIENTED_EDGE('',*,*,#7323,.F.);
#11909=ORIENTED_EDGE('',*,*,#15186,.T.);
#11910=ORIENTED_EDGE('',*,*,#15495,.F.);
#11911=ORIENTED_EDGE('',*,*,#15152,.F.);
#11912=CARTESIAN_POINT('',(5.018,-0.33,-8.823));
#11913=DIRECTION('',(-0.0,1.0,0.0));
#11914=DIRECTION('',(1.0,0.0,0.0));
#11915=ORIENTED_EDGE('',*,*,#15149,.F.);
#11916=ORIENTED_EDGE('',*,*,#15463,.T.);
#11917=ORIENTED_EDGE('',*,*,#15129,.T.);
#11918=ORIENTED_EDGE('',*,*,#7407,.F.);
#11919=ORIENTED_EDGE('',*,*,#15196,.T.);
#11920=ORIENTED_EDGE('',*,*,#15551,.F.);
#11921=CARTESIAN_POINT('',(5.018,-0.33,-8.823));
#11922=DIRECTION('',(-0.0,1.0,0.0));
#11923=DIRECTION('',(1.0,0.0,0.0));
#11924=ORIENTED_EDGE('',*,*,#15461,.T.);
#11925=ORIENTED_EDGE('',*,*,#15182,.T.);
#11926=ORIENTED_EDGE('',*,*,#7328,.F.);
#11927=ORIENTED_EDGE('',*,*,#15127,.T.);
#11928=ORIENTED_EDGE('',*,*,#7379,.F.);
#11929=ORIENTED_EDGE('',*,*,#15191,.T.);
#11930=ORIENTED_EDGE('',*,*,#15485,.F.);
#11931=ORIENTED_EDGE('',*,*,#15156,.F.);
#11932=CARTESIAN_POINT('',(5.018,-0.33,-8.823));
#11933=DIRECTION('',(-0.0,1.0,0.0));
#11934=DIRECTION('',(1.0,0.0,0.0));
#11935=ORIENTED_EDGE('',*,*,#15489,.T.);
#11936=ORIENTED_EDGE('',*,*,#15197,.T.);
#11937=ORIENTED_EDGE('',*,*,#7356,.F.);
#11938=ORIENTED_EDGE('',*,*,#15125,.T.);
#11939=ORIENTED_EDGE('',*,*,#15375,.T.);
#11940=ORIENTED_EDGE('',*,*,#15163,.F.);
#11941=CARTESIAN_POINT('',(5.018,-0.33,-8.823));
#11942=DIRECTION('',(-0.0,1.0,0.0));
#11943=DIRECTION('',(1.0,0.0,0.0));
#11944=ORIENTED_EDGE('',*,*,#15482,.T.);
#11945=ORIENTED_EDGE('',*,*,#15187,.T.);
#11946=ORIENTED_EDGE('',*,*,#7384,.F.);
#11947=ORIENTED_EDGE('',*,*,#15126,.T.);
#11948=ORIENTED_EDGE('',*,*,#7351,.F.);
#11949=ORIENTED_EDGE('',*,*,#15201,.T.);
#11950=ORIENTED_EDGE('',*,*,#15554,.F.);
#11951=ORIENTED_EDGE('',*,*,#15159,.F.);
#11952=CARTESIAN_POINT('',(5.018,-0.33,-8.823));
#11953=DIRECTION('',(-0.0,1.0,0.0));
#11954=DIRECTION('',(1.0,0.0,0.0));
#11955=ORIENTED_EDGE('',*,*,#15365,.T.);
#11956=ORIENTED_EDGE('',*,*,#15234,.T.);
#11957=ORIENTED_EDGE('',*,*,#15337,.F.);
#11958=ORIENTED_EDGE('',*,*,#15555,.F.);
#11959=CARTESIAN_POINT('',(-4.073274413458,0.65,-14.214));
#11960=DIRECTION('',(0.0,-1.0,0.0));
#11961=DIRECTION('',(0.0,0.0,-1.0));
#11962=ORIENTED_EDGE('',*,*,#15516,.T.);
#11963=ORIENTED_EDGE('',*,*,#15556,.F.);
#11964=ORIENTED_EDGE('',*,*,#15557,.F.);
#11965=ORIENTED_EDGE('',*,*,#15555,.T.);
#11966=CARTESIAN_POINT('',(-4.436725586542,0.431102156525001,-18.81889784348));
#11967=DIRECTION('',(0.0,0.707106781201413,-0.707106781171682));
#11968=DIRECTION('',(-1.0,0.0,0.0));
#11969=ORIENTED_EDGE('',*,*,#15558,.F.);
#11970=ORIENTED_EDGE('',*,*,#15366,.T.);
#11971=ORIENTED_EDGE('',*,*,#15557,.T.);
#11972=ORIENTED_EDGE('',*,*,#15559,.F.);
#11973=CARTESIAN_POINT('',(2.571102156525,1.146725586542,-18.81889784348));
#11974=DIRECTION('',(0.707106781201413,0.0,-0.707106781171682));
#11975=DIRECTION('',(0.0,-1.0,0.0));
#11976=ORIENTED_EDGE('',*,*,#15560,.F.);
#11977=ORIENTED_EDGE('',*,*,#15368,.T.);
#11978=ORIENTED_EDGE('',*,*,#7320,.T.);
#11979=ORIENTED_EDGE('',*,*,#15170,.T.);
#11980=ORIENTED_EDGE('',*,*,#15558,.T.);
#11981=ORIENTED_EDGE('',*,*,#15561,.F.);
#11982=CARTESIAN_POINT('',(-2.5536,1.1388978434775,-18.8188978434775));
#11983=DIRECTION('',(0.0,-0.707106781186547,-0.707106781186547));
#11984=DIRECTION('',(0.0,-0.707106781186547,0.707106781186547));
#11985=ORIENTED_EDGE('',*,*,#15562,.F.);
#11986=ORIENTED_EDGE('',*,*,#15372,.T.);
#11987=ORIENTED_EDGE('',*,*,#15560,.T.);
#11988=ORIENTED_EDGE('',*,*,#15563,.F.);
#11989=CARTESIAN_POINT('',(4.428897843475,0.423274413458,-18.81889784348));
#11990=DIRECTION('',(-0.707106781201413,0.0,-0.707106781171682));
#11991=DIRECTION('',(-0.707106781171682,0.0,0.707106781201413));
#11992=ORIENTED_EDGE('',*,*,#15409,.F.);
#11993=ORIENTED_EDGE('',*,*,#15374,.T.);
#11994=ORIENTED_EDGE('',*,*,#15562,.T.);
#11995=ORIENTED_EDGE('',*,*,#15564,.F.);
#11996=CARTESIAN_POINT('',(-4.436725586542,0.431102156525001,-18.81889784348));
#11997=DIRECTION('',(0.0,0.707106781201413,-0.707106781171682));
#11998=DIRECTION('',(-1.0,0.0,0.0));
#11999=ORIENTED_EDGE('',*,*,#15563,.T.);
#12000=ORIENTED_EDGE('',*,*,#15561,.T.);
#12001=ORIENTED_EDGE('',*,*,#15559,.T.);
#12002=ORIENTED_EDGE('',*,*,#15556,.T.);
#12003=ORIENTED_EDGE('',*,*,#15515,.T.);
#12004=ORIENTED_EDGE('',*,*,#15538,.F.);
#12005=ORIENTED_EDGE('',*,*,#15513,.T.);
#12006=ORIENTED_EDGE('',*,*,#15512,.T.);
#12007=ORIENTED_EDGE('',*,*,#15509,.T.);
#12008=ORIENTED_EDGE('',*,*,#15501,.T.);
#12009=ORIENTED_EDGE('',*,*,#15500,.T.);
#12010=ORIENTED_EDGE('',*,*,#15497,.T.);
#12011=ORIENTED_EDGE('',*,*,#15414,.T.);
#12012=ORIENTED_EDGE('',*,*,#15533,.F.);
#12013=ORIENTED_EDGE('',*,*,#15450,.T.);
#12014=ORIENTED_EDGE('',*,*,#15449,.T.);
#12015=ORIENTED_EDGE('',*,*,#15447,.T.);
#12016=ORIENTED_EDGE('',*,*,#15444,.T.);
#12017=ORIENTED_EDGE('',*,*,#15439,.T.);
#12018=ORIENTED_EDGE('',*,*,#15437,.T.);
#12019=ORIENTED_EDGE('',*,*,#15432,.T.);
#12020=ORIENTED_EDGE('',*,*,#15531,.F.);
#12021=ORIENTED_EDGE('',*,*,#15407,.T.);
#12022=ORIENTED_EDGE('',*,*,#15405,.T.);
#12023=ORIENTED_EDGE('',*,*,#15401,.T.);
#12024=ORIENTED_EDGE('',*,*,#15397,.T.);
#12025=ORIENTED_EDGE('',*,*,#15393,.T.);
#12026=ORIENTED_EDGE('',*,*,#15392,.T.);
#12027=ORIENTED_EDGE('',*,*,#15388,.T.);
#12028=ORIENTED_EDGE('',*,*,#15529,.F.);
#12029=ORIENTED_EDGE('',*,*,#15565,.T.);
#12030=ORIENTED_EDGE('',*,*,#15566,.T.);
#12031=ORIENTED_EDGE('',*,*,#15467,.T.);
#12032=ORIENTED_EDGE('',*,*,#15469,.T.);
#12033=ORIENTED_EDGE('',*,*,#15476,.F.);
#12034=ORIENTED_EDGE('',*,*,#15535,.F.);
#12035=ORIENTED_EDGE('',*,*,#15410,.T.);
#12036=ORIENTED_EDGE('',*,*,#15564,.T.);
#12037=CARTESIAN_POINT('',(-5.876,0.115,-18.8));
#12038=DIRECTION('',(0.0,0.0,-1.0));
#12039=DIRECTION('',(0.0,-1.0,0.0));
#12040=ORIENTED_EDGE('',*,*,#15567,.F.);
#12041=ORIENTED_EDGE('',*,*,#15138,.T.);
#12042=ORIENTED_EDGE('',*,*,#15465,.T.);
#12043=ORIENTED_EDGE('',*,*,#15566,.F.);
#12044=CARTESIAN_POINT('',(-5.34999999999994,1.59999999999986,-9.62));
#12045=DIRECTION('',(-0.0,0.0,1.0));
#12046=DIRECTION('',(1.0,0.0,0.0));
#12047=ORIENTED_EDGE('',*,*,#15471,.F.);
#12048=ORIENTED_EDGE('',*,*,#15131,.F.);
#12049=ORIENTED_EDGE('',*,*,#15462,.T.);
#12050=ORIENTED_EDGE('',*,*,#15479,.F.);
#12051=CARTESIAN_POINT('',(-5.876,4.33680868994202E-16,-8.8116));
#12052=DIRECTION('',(-0.0,1.0,0.0));
#12053=DIRECTION('',(1.0,0.0,0.0));
#12054=ORIENTED_EDGE('',*,*,#15376,.F.);
#12055=ORIENTED_EDGE('',*,*,#15140,.F.);
#12056=ORIENTED_EDGE('',*,*,#15568,.T.);
#12057=ORIENTED_EDGE('',*,*,#15569,.F.);
#12058=CARTESIAN_POINT('',(-5.876,4.33680868994202E-16,-8.8116));
#12059=DIRECTION('',(-0.0,1.0,0.0));
#12060=DIRECTION('',(1.0,0.0,0.0));
#12061=ORIENTED_EDGE('',*,*,#15165,.F.);
#12062=ORIENTED_EDGE('',*,*,#15377,.F.);
#12063=ORIENTED_EDGE('',*,*,#15569,.T.);
#12064=ORIENTED_EDGE('',*,*,#15570,.F.);
#12065=ORIENTED_EDGE('',*,*,#15168,.T.);
#12066=CARTESIAN_POINT('',(-4.126725586542,0.0133627932709999,-0.5931450368766));
#12067=DIRECTION('',(0.0,0.866025403784624,0.499999999999679));
#12068=DIRECTION('',(1.0,0.0,-0.0));
#12069=ORIENTED_EDGE('',*,*,#15139,.F.);
#12070=ORIENTED_EDGE('',*,*,#15567,.T.);
#12071=ORIENTED_EDGE('',*,*,#15565,.F.);
#12072=ORIENTED_EDGE('',*,*,#15528,.F.);
#12073=ORIENTED_EDGE('',*,*,#15544,.F.);
#12074=ORIENTED_EDGE('',*,*,#15378,.T.);
#12075=ORIENTED_EDGE('',*,*,#15169,.T.);
#12076=ORIENTED_EDGE('',*,*,#15570,.T.);
#12077=ORIENTED_EDGE('',*,*,#15568,.F.);
#12078=CARTESIAN_POINT('',(-5.65,1.665,-0.134));
#12079=DIRECTION('',(1.0,0.0,0.0));
#12080=DIRECTION('',(0.0,1.0,0.0));
#12081=ORIENTED_EDGE('',*,*,#7302,.F.);
#12082=ORIENTED_EDGE('',*,*,#7294,.F.);
#12083=ORIENTED_EDGE('',*,*,#15571,.T.);
#12084=ORIENTED_EDGE('',*,*,#15370,.F.);
#12085=CARTESIAN_POINT('',(-4.212,0.87,-17.0946333304052));
#12086=DIRECTION('',(0.0,-1.0,0.0));
#12087=DIRECTION('',(0.0,0.0,-1.0));
#12088=ORIENTED_EDGE('',*,*,#7293,.F.);
#12089=ORIENTED_EDGE('',*,*,#15367,.F.);
#12090=ORIENTED_EDGE('',*,*,#15371,.F.);
#12091=ORIENTED_EDGE('',*,*,#15571,.F.);
#12092=CARTESIAN_POINT('',(-4.212,0.945226644109935,-18.5392666608095));
#12093=DIRECTION('',(0.0,0.0,-1.0));
#12094=DIRECTION('',(0.0,-1.0,0.0));
#12095=ORIENTED_EDGE('',*,*,#7151,.F.);
#12096=ORIENTED_EDGE('',*,*,#7145,.F.);
#12097=ORIENTED_EDGE('',*,*,#7141,.F.);
#12098=ORIENTED_EDGE('',*,*,#15506,.F.);
#12099=CARTESIAN_POINT('',(-4.212,0.87,-17.0946333304052));
#12100=DIRECTION('',(0.0,-1.0,0.0));
#12101=DIRECTION('',(0.0,0.0,-1.0));
#12102=ORIENTED_EDGE('',*,*,#7153,.F.);
#12103=ORIENTED_EDGE('',*,*,#15504,.F.);
#12104=ORIENTED_EDGE('',*,*,#15507,.F.);
#12105=ORIENTED_EDGE('',*,*,#15256,.F.);
#12106=CARTESIAN_POINT('',(-4.212,0.945226644109935,-18.5392666608095));
#12107=DIRECTION('',(0.0,0.0,-1.0));
#12108=DIRECTION('',(0.0,-1.0,0.0));
#12109=ORIENTED_EDGE('',*,*,#6973,.F.);
#12110=ORIENTED_EDGE('',*,*,#15442,.F.);
#12111=ORIENTED_EDGE('',*,*,#15428,.F.);
#12112=ORIENTED_EDGE('',*,*,#15281,.F.);
#12113=CARTESIAN_POINT('',(-4.212,0.945226644109935,-18.5392666608095));
#12114=DIRECTION('',(0.0,0.0,-1.0));
#12115=DIRECTION('',(0.0,-1.0,0.0));
#12116=ORIENTED_EDGE('',*,*,#6965,.F.);
#12117=ORIENTED_EDGE('',*,*,#15431,.F.);
#12118=ORIENTED_EDGE('',*,*,#6962,.F.);
#12119=ORIENTED_EDGE('',*,*,#6969,.F.);
#12120=CARTESIAN_POINT('',(-4.212,0.87,-17.0946333304052));
#12121=DIRECTION('',(0.0,-1.0,0.0));
#12122=DIRECTION('',(0.0,0.0,-1.0));
#12123=ORIENTED_EDGE('',*,*,#6885,.F.);
#12124=ORIENTED_EDGE('',*,*,#15304,.F.);
#12125=ORIENTED_EDGE('',*,*,#15360,.T.);
#12126=ORIENTED_EDGE('',*,*,#15174,.F.);
#12127=CARTESIAN_POINT('',(-4.212,0.945226644109935,-18.5392666608095));
#12128=DIRECTION('',(0.0,0.0,-1.0));
#12129=DIRECTION('',(0.0,-1.0,0.0));
#12130=ORIENTED_EDGE('',*,*,#6880,.F.);
#12131=ORIENTED_EDGE('',*,*,#15301,.T.);
#12132=ORIENTED_EDGE('',*,*,#15402,.F.);
#12133=ORIENTED_EDGE('',*,*,#6876,.F.);
#12134=CARTESIAN_POINT('',(-4.212,0.87,-17.0946333304052));
#12135=DIRECTION('',(0.0,-1.0,0.0));
#12136=DIRECTION('',(0.0,0.0,-1.0));
#12137=ORIENTED_EDGE('',*,*,#7954,.T.);
#12138=ORIENTED_EDGE('',*,*,#7925,.T.);
#12139=ORIENTED_EDGE('',*,*,#7935,.T.);
#12140=ORIENTED_EDGE('',*,*,#7938,.T.);
#12141=CARTESIAN_POINT('',(-5.564,-1.95,0.296));
#12142=DIRECTION('',(0.0,-1.0,0.0));
#12143=DIRECTION('',(0.0,0.0,-1.0));
#12144=ORIENTED_EDGE('',*,*,#7902,.T.);
#12145=ORIENTED_EDGE('',*,*,#7897,.T.);
#12146=ORIENTED_EDGE('',*,*,#7917,.T.);
#12147=ORIENTED_EDGE('',*,*,#7920,.T.);
#12148=CARTESIAN_POINT('',(-5.564,-1.95,0.296));
#12149=DIRECTION('',(0.0,-1.0,0.0));
#12150=DIRECTION('',(0.0,0.0,-1.0));
#12151=COLOUR_RGB('',0.701960802078247,0.701960802078247,0.701960802078247);
#12152=CARTESIAN_POINT('',(6.0,-1.55,-17.8));
#12153=CARTESIAN_POINT('',(5.7,-1.55,-17.8));
#12154=CARTESIAN_POINT('',(5.85,-1.55,-17.8));
#12155=VECTOR('',#15572,1.0);
#12156=CARTESIAN_POINT('',(6.0,-0.55,-16.8));
#12157=AXIS2_PLACEMENT_3D('',#15573,#15574,#15575);
#12158=CARTESIAN_POINT('',(5.7,-0.55,-16.8));
#12159=CARTESIAN_POINT('',(5.7,-0.55,-16.8));
#12160=VECTOR('',#15576,1000.0);
#12161=AXIS2_PLACEMENT_3D('',#15577,#15578,#15579);
#12162=COLOUR_RGB('',0.701960802078247,0.701960802078247,0.701960802078247);
#12163=CARTESIAN_POINT('',(-5.7,-1.55,-17.8));
#12164=CARTESIAN_POINT('',(-6.0,-1.55,-17.8));
#12165=CARTESIAN_POINT('',(-5.85,-1.55,-17.8));
#12166=VECTOR('',#15580,1.0);
#12167=CARTESIAN_POINT('',(-5.7,-0.55,-16.8));
#12168=AXIS2_PLACEMENT_3D('',#15581,#15582,#15583);
#12169=CARTESIAN_POINT('',(-6.0,-0.55,-16.8));
#12170=CARTESIAN_POINT('',(-5.7,-0.55,-16.8));
#12171=VECTOR('',#15584,1000.0);
#12172=AXIS2_PLACEMENT_3D('',#15585,#15586,#15587);
#12173=COLOUR_RGB('',0.764705896377563,0.705882370471954,0.239215686917305);
#12174=CARTESIAN_POINT('',(3.5,-0.18,-2.5472363660603));
#12175=CARTESIAN_POINT('',(3.5,-0.06,-2.82));
#12176=AXIS2_PLACEMENT_3D('',#15588,#15589,#15590);
#12177=CARTESIAN_POINT('',(3.85276363394,-0.18,-2.9));
#12178=AXIS2_PLACEMENT_3D('',#15591,#15592,#15593);
#12179=CARTESIAN_POINT('',(3.58,-0.06,-2.9));
#12180=AXIS2_PLACEMENT_3D('',#15594,#15595,#15596);
#12181=AXIS2_PLACEMENT_3D('',#15597,#15598,#15599);
#12182=COLOUR_RGB('',0.764705896377563,0.705882370471954,0.239215686917305);
#12183=CARTESIAN_POINT('',(3.5,-0.06,-5.08));
#12184=CARTESIAN_POINT('',(3.5,-0.18,-5.3527636339397));
#12185=AXIS2_PLACEMENT_3D('',#15600,#15601,#15602);
#12186=CARTESIAN_POINT('',(3.58,-0.06,-5.0));
#12187=AXIS2_PLACEMENT_3D('',#15603,#15604,#15605);
#12188=CARTESIAN_POINT('',(3.85276363394,-0.18,-5.0));
#12189=AXIS2_PLACEMENT_3D('',#15606,#15607,#15608);
#12190=AXIS2_PLACEMENT_3D('',#15609,#15610,#15611);
#12191=COLOUR_RGB('',0.764705896377563,0.705882370471954,0.239215686917305);
#12192=CARTESIAN_POINT('',(-1.0,-0.18,-2.5472363660603));
#12193=CARTESIAN_POINT('',(-1.0,-0.06,-2.82));
#12194=AXIS2_PLACEMENT_3D('',#15612,#15613,#15614);
#12195=CARTESIAN_POINT('',(-0.6472363660603,-0.18,-2.9));
#12196=AXIS2_PLACEMENT_3D('',#15615,#15616,#15617);
#12197=CARTESIAN_POINT('',(-0.92,-0.06,-2.9));
#12198=AXIS2_PLACEMENT_3D('',#15618,#15619,#15620);
#12199=AXIS2_PLACEMENT_3D('',#15621,#15622,#15623);
#12200=COLOUR_RGB('',0.764705896377563,0.705882370471954,0.239215686917305);
#12201=CARTESIAN_POINT('',(-1.0,-0.06,-5.08));
#12202=CARTESIAN_POINT('',(-1.0,-0.18,-5.3527636339397));
#12203=AXIS2_PLACEMENT_3D('',#15624,#15625,#15626);
#12204=CARTESIAN_POINT('',(-0.92,-0.06,-5.0));
#12205=AXIS2_PLACEMENT_3D('',#15627,#15628,#15629);
#12206=CARTESIAN_POINT('',(-0.6472363660603,-0.18,-5.0));
#12207=AXIS2_PLACEMENT_3D('',#15630,#15631,#15632);
#12208=AXIS2_PLACEMENT_3D('',#15633,#15634,#15635);
#12209=COLOUR_RGB('',0.764705896377563,0.705882370471954,0.239215686917305);
#12210=CARTESIAN_POINT('',(-3.5,-0.18,-2.5472363660603));
#12211=CARTESIAN_POINT('',(-3.5,-0.06,-2.82));
#12212=AXIS2_PLACEMENT_3D('',#15636,#15637,#15638);
#12213=CARTESIAN_POINT('',(-3.14723636606,-0.18,-2.9));
#12214=AXIS2_PLACEMENT_3D('',#15639,#15640,#15641);
#12215=CARTESIAN_POINT('',(-3.42,-0.06,-2.9));
#12216=AXIS2_PLACEMENT_3D('',#15642,#15643,#15644);
#12217=AXIS2_PLACEMENT_3D('',#15645,#15646,#15647);
#12218=COLOUR_RGB('',0.764705896377563,0.705882370471954,0.239215686917305);
#12219=CARTESIAN_POINT('',(-3.5,-0.06,-5.08));
#12220=CARTESIAN_POINT('',(-3.5,-0.18,-5.3527636339397));
#12221=AXIS2_PLACEMENT_3D('',#15648,#15649,#15650);
#12222=CARTESIAN_POINT('',(-3.42,-0.06,-5.0));
#12223=AXIS2_PLACEMENT_3D('',#15651,#15652,#15653);
#12224=CARTESIAN_POINT('',(-3.14723636606,-0.18,-5.0));
#12225=AXIS2_PLACEMENT_3D('',#15654,#15655,#15656);
#12226=AXIS2_PLACEMENT_3D('',#15657,#15658,#15659);
#12227=COLOUR_RGB('',0.764705896377563,0.705882370471954,0.239215686917305);
#12228=CARTESIAN_POINT('',(1.0,-0.18,-2.5472363660603));
#12229=CARTESIAN_POINT('',(1.0,-0.06,-2.82));
#12230=AXIS2_PLACEMENT_3D('',#15660,#15661,#15662);
#12231=CARTESIAN_POINT('',(1.35276363394,-0.18,-2.9));
#12232=AXIS2_PLACEMENT_3D('',#15663,#15664,#15665);
#12233=CARTESIAN_POINT('',(1.08,-0.06,-2.9));
#12234=AXIS2_PLACEMENT_3D('',#15666,#15667,#15668);
#12235=AXIS2_PLACEMENT_3D('',#15669,#15670,#15671);
#12236=COLOUR_RGB('',0.764705896377563,0.705882370471954,0.239215686917305);
#12237=CARTESIAN_POINT('',(1.0,-0.06,-5.08));
#12238=CARTESIAN_POINT('',(1.0,-0.18,-5.3527636339397));
#12239=AXIS2_PLACEMENT_3D('',#15672,#15673,#15674);
#12240=CARTESIAN_POINT('',(1.08,-0.06,-5.0));
#12241=AXIS2_PLACEMENT_3D('',#15675,#15676,#15677);
#12242=CARTESIAN_POINT('',(1.35276363394,-0.18,-5.0));
#12243=AXIS2_PLACEMENT_3D('',#15678,#15679,#15680);
#12244=AXIS2_PLACEMENT_3D('',#15681,#15682,#15683);
#12245=COLOUR_RGB('',0.764705896377563,0.705882370471954,0.239215686917305);
#12246=CARTESIAN_POINT('',(3.2,0.919999999999976,-18.80177243528));
#12247=CARTESIAN_POINT('',(3.8,0.919999999999976,-18.80177243528));
#12248=CARTESIAN_POINT('',(3.5,0.919999999999976,-18.80177243528));
#12249=VECTOR('',#15684,1.0);
#12250=CARTESIAN_POINT('',(3.2,0.92,-18.8));
#12251=AXIS2_PLACEMENT_3D('',#15685,#15686,#15687);
#12252=CARTESIAN_POINT('',(3.8,0.919998036536096,-18.8));
#12253=CARTESIAN_POINT('',(3.2,0.92,-18.8));
#12254=VECTOR('',#15688,1000.0);
#12255=AXIS2_PLACEMENT_3D('',#15689,#15690,#15691);
#12256=COLOUR_RGB('',0.764705896377563,0.705882370471954,0.239215686917305);
#12257=CARTESIAN_POINT('',(0.7,0.919999999999985,-18.80177243528));
#12258=CARTESIAN_POINT('',(1.3,0.919999999999985,-18.80177243528));
#12259=CARTESIAN_POINT('',(1.0,0.919999999999985,-18.80177243528));
#12260=VECTOR('',#15692,1.0);
#12261=CARTESIAN_POINT('',(0.7,0.92,-18.8));
#12262=AXIS2_PLACEMENT_3D('',#15693,#15694,#15695);
#12263=CARTESIAN_POINT('',(1.3,0.919998036536096,-18.8));
#12264=CARTESIAN_POINT('',(0.7,0.92,-18.8));
#12265=VECTOR('',#15696,1000.0);
#12266=AXIS2_PLACEMENT_3D('',#15697,#15698,#15699);
#12267=COLOUR_RGB('',0.764705896377563,0.705882370471954,0.239215686917305);
#12268=CARTESIAN_POINT('',(-1.3,0.919999999999985,-18.80177243528));
#12269=CARTESIAN_POINT('',(-0.7,0.919999999999985,-18.80177243528));
#12270=CARTESIAN_POINT('',(-1.0,0.919999999999985,-18.80177243528));
#12271=VECTOR('',#15700,1.0);
#12272=CARTESIAN_POINT('',(-1.3,0.92,-18.8));
#12273=AXIS2_PLACEMENT_3D('',#15701,#15702,#15703);
#12274=CARTESIAN_POINT('',(-0.7,0.919998036536096,-18.8));
#12275=CARTESIAN_POINT('',(-1.3,0.92,-18.8));
#12276=VECTOR('',#15704,1000.0);
#12277=AXIS2_PLACEMENT_3D('',#15705,#15706,#15707);
#12278=COLOUR_RGB('',0.764705896377563,0.705882370471954,0.239215686917305);
#12279=CARTESIAN_POINT('',(-3.8,0.919999999999993,-18.80177243528));
#12280=CARTESIAN_POINT('',(-3.2,0.919999999999993,-18.80177243528));
#12281=CARTESIAN_POINT('',(-3.5,0.919999999999993,-18.80177243528));
#12282=VECTOR('',#15708,1.0);
#12283=CARTESIAN_POINT('',(-3.8,0.92,-18.8));
#12284=AXIS2_PLACEMENT_3D('',#15709,#15710,#15711);
#12285=CARTESIAN_POINT('',(-3.2,0.9199980365361,-18.8));
#12286=CARTESIAN_POINT('',(-3.8,0.92,-18.8));
#12287=VECTOR('',#15712,1000.0);
#12288=AXIS2_PLACEMENT_3D('',#15713,#15714,#15715);
#12289=COLOUR_RGB('',0.701960802078247,0.701960802078247,0.701960802078247);
#12290=CARTESIAN_POINT('',(-2.07229108932138,1.9,-8.6475));
#12291=CARTESIAN_POINT('',(-1.94371966074996,1.95,-8.65));
#12292=CARTESIAN_POINT('',(0.0,2.70589097918042,-8.65));
#12293=VECTOR('',#15716,1000.0);
#12294=CARTESIAN_POINT('',(-2.07229108932138,1.9,-9.45));
#12295=CARTESIAN_POINT('',(-2.07229108932138,1.9,-9.60000600024));
#12296=VECTOR('',#15717,1000.0);
#12297=CARTESIAN_POINT('',(-1.94371966074996,1.95,-9.45));
#12298=CARTESIAN_POINT('',(0.0,2.70589097918042,-9.45));
#12299=VECTOR('',#15718,1000.0);
#12300=CARTESIAN_POINT('',(-1.94371966074993,1.95,0.0));
#12301=VECTOR('',#15719,1000.0);
#12302=COLOUR_RGB('',0.701960802078247,0.701960802078247,0.701960802078247);
#12303=CARTESIAN_POINT('',(-2.88714285714292,1.9025,-9.45));
#12304=CARTESIAN_POINT('',(-3.070843160205,1.9,-9.45));
#12305=VECTOR('',#15720,1000.0);
#12306=CARTESIAN_POINT('',(-1.99999999999997,2.25,-9.45));
#12307=CARTESIAN_POINT('',(0.0,3.02777777777764,-9.45));
#12308=VECTOR('',#15721,1000.0);
#12309=CARTESIAN_POINT('',(-1.88342205620397,1.62858613496526,-9.45));
#12310=VECTOR('',#15722,1000.0);
#12311=COLOUR_RGB('',0.701960802078247,0.701960802078247,0.701960802078247);
#12312=CARTESIAN_POINT('',(-3.11285714285706,1.9025,-9.45));
#12313=CARTESIAN_POINT('',(-4.0,2.25,-9.45));
#12314=CARTESIAN_POINT('',(0.0,0.69444444444465,-9.45));
#12315=VECTOR('',#15723,1000.0);
#12316=CARTESIAN_POINT('',(-3.92770891067862,1.9,-9.45));
#12317=CARTESIAN_POINT('',(-3.070843160205,1.9,-9.45));
#12318=VECTOR('',#15724,1000.0);
#12319=CARTESIAN_POINT('',(-4.05628033925003,1.95,-9.45));
#12320=CARTESIAN_POINT('',(0.0,0.37255764584743,-9.45));
#12321=VECTOR('',#15725,1000.0);
#12322=CARTESIAN_POINT('',(-4.0,2.25,-9.45));
#12323=VECTOR('',#15726,1000.0);
#12324=COLOUR_RGB('',0.701960802078247,0.701960802078247,0.701960802078247);
#12325=CARTESIAN_POINT('',(2.07229108932138,1.9,-9.45));
#12326=CARTESIAN_POINT('',(2.88714285714292,1.9025,-9.45));
#12327=CARTESIAN_POINT('',(-3.070843160205,1.9,-9.45));
#12328=VECTOR('',#15727,1000.0);
#12329=CARTESIAN_POINT('',(1.94371966074996,1.95,-9.45));
#12330=CARTESIAN_POINT('',(0.0,2.70589097918042,-9.45));
#12331=VECTOR('',#15728,1000.0);
#12332=CARTESIAN_POINT('',(1.99999999999996,2.25,-9.45));
#12333=CARTESIAN_POINT('',(2.0,2.25,-9.45));
#12334=VECTOR('',#15729,1000.0);
#12335=CARTESIAN_POINT('',(0.0,3.02777777777764,-9.45));
#12336=VECTOR('',#15730,1000.0);
#12337=COLOUR_RGB('',0.701960802078247,0.701960802078247,0.701960802078247);
#12338=CARTESIAN_POINT('',(-3.92770891067862,1.9,-8.6475));
#12339=CARTESIAN_POINT('',(-3.92770891067862,1.9,-8.49999399976));
#12340=VECTOR('',#15731,1000.0);
#12341=CARTESIAN_POINT('',(-4.05628033925003,1.95,-8.65));
#12342=CARTESIAN_POINT('',(0.0,0.37255764584743,-8.65));
#12343=VECTOR('',#15732,1000.0);
#12344=CARTESIAN_POINT('',(-4.05628033925007,1.95,0.0));
#12345=VECTOR('',#15733,1000.0);
#12346=COLOUR_RGB('',0.701960802078247,0.701960802078247,0.701960802078247);
#12347=CARTESIAN_POINT('',(-0.59,1.9,-12.6185832856547));
#12348=CARTESIAN_POINT('',(-0.59,1.9,-13.2373828875404));
#12349=CARTESIAN_POINT('',(-0.59,1.9,-12.6369690340889));
#12350=VECTOR('',#15734,1000.0);
#12351=CARTESIAN_POINT('',(-0.59,2.19357886821273,-13.14821358385));
#12352=CARTESIAN_POINT('',(-0.59,2.26630322022376,-13.27941178785));
#12353=VECTOR('',#15735,1000.0);
#12354=CARTESIAN_POINT('',(-0.59,2.25,-13.36637791296));
#12355=AXIS2_PLACEMENT_3D('',#15736,#15737,#15738);
#12356=CARTESIAN_POINT('',(-0.59,1.95,-13.36637791296));
#12357=CARTESIAN_POINT('',(-0.59,2.25,-13.36637791296));
#12358=VECTOR('',#15739,1000.0);
#12359=CARTESIAN_POINT('',(-0.59,1.9311929560709,-13.29365646992));
#12360=AXIS2_PLACEMENT_3D('',#15740,#15741,#15742);
#12361=CARTESIAN_POINT('',(-0.59,2.0039173080819,-13.42485467392));
#12362=VECTOR('',#15743,1000.0);
#12363=COLOUR_RGB('',0.701960802078247,0.701960802078247,0.701960802078247);
#12364=CARTESIAN_POINT('',(0.59,1.9311929560709,-13.29365646992));
#12365=CARTESIAN_POINT('',(0.59,1.9,-13.2373828875404));
#12366=CARTESIAN_POINT('',(0.59,1.99037728270723,-13.4004278215364));
#12367=VECTOR('',#15744,1000.0);
#12368=CARTESIAN_POINT('',(0.75000600024,1.9,-13.2373828875404));
#12369=VECTOR('',#15745,1000.0);
#12370=CARTESIAN_POINT('',(0.6,1.9311929560709,-13.29365646992));
#12371=VECTOR('',#15746,1000.0);
#12372=COLOUR_RGB('',0.701960802078247,0.701960802078247,0.701960802078247);
#12373=CARTESIAN_POINT('',(0.59,1.9,-12.6185832856547));
#12374=CARTESIAN_POINT('',(0.75000600024,1.9,-12.6185832856547));
#12375=VECTOR('',#15747,1000.0);
#12376=CARTESIAN_POINT('',(0.59,2.19357886821273,-13.14821358385));
#12377=CARTESIAN_POINT('',(0.59,2.2527631948476,-13.2549849354637));
#12378=VECTOR('',#15748,1000.0);
#12379=CARTESIAN_POINT('',(0.6,2.19357886821273,-13.14821358385));
#12380=VECTOR('',#15749,1000.0);
#12381=COLOUR_RGB('',0.701960802078247,0.701960802078247,0.701960802078247);
#12382=CARTESIAN_POINT('',(0.59,1.9,-13.5163839132));
#12383=VECTOR('',#15750,1000.0);
#12384=CARTESIAN_POINT('',(0.59,1.95,-13.36637791296));
#12385=AXIS2_PLACEMENT_3D('',#15751,#15752,#15753);
#12386=CARTESIAN_POINT('',(0.59,2.25,-13.36637791296));
#12387=CARTESIAN_POINT('',(0.59,1.7811869558309,-13.36637791296));
#12388=VECTOR('',#15754,1000.0);
#12389=AXIS2_PLACEMENT_3D('',#15755,#15756,#15757);
#12390=COLOUR_RGB('',0.764705896377563,0.705882370471954,0.239215686917305);
#12391=CARTESIAN_POINT('',(-3.8,0.1,-19.84434033677));
#12392=CARTESIAN_POINT('',(-3.2,0.1,-19.84434033677));
#12393=CARTESIAN_POINT('',(-3.8,0.1,-19.84434033677));
#12394=VECTOR('',#15758,1000.0);
#12395=CARTESIAN_POINT('',(-3.2,0.164273766011,-19.6268825344));
#12396=AXIS2_PLACEMENT_3D('',#15759,#15760,#15761);
#12397=CARTESIAN_POINT('',(-3.8,0.164273766011,-19.6268825344));
#12398=CARTESIAN_POINT('',(-3.8,0.164273766011,-19.6268825344));
#12399=VECTOR('',#15762,1000.0);
#12400=AXIS2_PLACEMENT_3D('',#15763,#15764,#15765);
#12401=COLOUR_RGB('',0.764705896377563,0.705882370471954,0.239215686917305);
#12402=CARTESIAN_POINT('',(-3.8,0.1,-21.000005));
#12403=CARTESIAN_POINT('',(-3.2,0.1,-21.000005));
#12404=CARTESIAN_POINT('',(0.0,0.1,-21.000005));
#12405=VECTOR('',#15766,1000.0);
#12406=CARTESIAN_POINT('',(-3.2,0.1,0.0));
#12407=VECTOR('',#15767,1000.0);
#12408=CARTESIAN_POINT('',(-3.8,0.1,0.0));
#12409=VECTOR('',#15768,1000.0);
#12410=COLOUR_RGB('',0.764705896377563,0.705882370471954,0.239215686917305);
#12411=CARTESIAN_POINT('',(-3.2,0.35,-21.000005));
#12412=CARTESIAN_POINT('',(-3.2,2.25,-21.000005));
#12413=VECTOR('',#15769,1000.0);
#12414=CARTESIAN_POINT('',(-3.8,0.35,-21.000005));
#12415=CARTESIAN_POINT('',(-3.8,2.25,-21.000005));
#12416=VECTOR('',#15770,1000.0);
#12417=CARTESIAN_POINT('',(0.0,0.35,-21.000005));
#12418=VECTOR('',#15771,1000.0);
#12419=COLOUR_RGB('',0.764705896377563,0.705882370471954,0.239215686917305);
#12420=CARTESIAN_POINT('',(-3.8,0.35,-19.84434033677));
#12421=CARTESIAN_POINT('',(-3.2,0.35,-19.84434033677));
#12422=CARTESIAN_POINT('',(-3.8,0.35,-19.84434033677));
#12423=VECTOR('',#15772,1000.0);
#12424=CARTESIAN_POINT('',(-3.2,0.35,0.0));
#12425=VECTOR('',#15773,1000.0);
#12426=CARTESIAN_POINT('',(-3.8,0.35,0.0));
#12427=VECTOR('',#15774,1000.0);
#12428=COLOUR_RGB('',0.764705896377563,0.705882370471954,0.239215686917305);
#12429=CARTESIAN_POINT('',(-3.8,0.374102662254,-19.76279366088));
#12430=CARTESIAN_POINT('',(-3.2,0.374102662254,-19.76279366088));
#12431=CARTESIAN_POINT('',(-3.8,0.374102662254,-19.76279366088));
#12432=VECTOR('',#15775,1000.0);
#12433=AXIS2_PLACEMENT_3D('',#15776,#15777,#15778);
#12434=AXIS2_PLACEMENT_3D('',#15779,#15780,#15781);
#12435=COLOUR_RGB('',0.764705896377563,0.705882370471954,0.239215686917305);
#12436=CARTESIAN_POINT('',(-3.8,0.855726233989,-19.01923023765));
#12437=CARTESIAN_POINT('',(-3.2,0.855726233989,-19.01923023765));
#12438=CARTESIAN_POINT('',(-3.8,0.855726233989,-19.01923023765));
#12439=VECTOR('',#15782,1000.0);
#12440=CARTESIAN_POINT('',(-3.2,13.1749303696886,0.0));
#12441=VECTOR('',#15783,1000.0);
#12442=CARTESIAN_POINT('',(-3.8,13.1749303696886,0.0));
#12443=VECTOR('',#15784,1000.0);
#12444=COLOUR_RGB('',0.764705896377563,0.705882370471954,0.239215686917305);
#12445=CARTESIAN_POINT('',(-3.2,0.64589733774438,-18.8833191111681));
#12446=CARTESIAN_POINT('',(-3.2,12.8770686303442,0.0));
#12447=VECTOR('',#15785,1000.0);
#12448=CARTESIAN_POINT('',(-3.8,0.64589733774438,-18.8833191111681));
#12449=CARTESIAN_POINT('',(-3.8,0.645897337746,-18.88331911117));
#12450=VECTOR('',#15786,1000.0);
#12451=CARTESIAN_POINT('',(-3.8,12.8770686303442,0.0));
#12452=VECTOR('',#15787,1000.0);
#12453=COLOUR_RGB('',0.764705896377563,0.705882370471954,0.239215686917305);
#12454=CARTESIAN_POINT('',(-3.2,0.66999651049563,-18.8005912189272));
#12455=CARTESIAN_POINT('',(-3.2,2.25,-18.8));
#12456=VECTOR('',#15788,1000.0);
#12457=AXIS2_PLACEMENT_3D('',#15789,#15790,#15791);
#12458=AXIS2_PLACEMENT_3D('',#15792,#15793,#15794);
#12459=COLOUR_RGB('',0.764705896377563,0.705882370471954,0.239215686917305);
#12460=CARTESIAN_POINT('',(-3.8,0.67,-18.80064121764));
#12461=AXIS2_PLACEMENT_3D('',#15795,#15796,#15797);
#12462=CARTESIAN_POINT('',(-3.8,2.25,-18.8));
#12463=VECTOR('',#15798,1000.0);
#12464=AXIS2_PLACEMENT_3D('',#15799,#15800,#15801);
#12465=COLOUR_RGB('',0.764705896377563,0.705882370471954,0.239215686917305);
#12466=COLOUR_RGB('',0.764705896377563,0.705882370471954,0.239215686917305);
#12467=CARTESIAN_POINT('',(-3.95000600024,0.67,-18.80177243528));
#12468=VECTOR('',#15802,1000.0);
#12469=COLOUR_RGB('',0.764705896377563,0.705882370471954,0.239215686917305);
#12470=CARTESIAN_POINT('',(-2.84,0.92,-18.8));
#12471=CARTESIAN_POINT('',(0.0,0.92,-18.8));
#12472=VECTOR('',#15803,1000.0);
#12473=CARTESIAN_POINT('',(-2.84,0.67,-18.8));
#12474=CARTESIAN_POINT('',(-2.84,2.25,-18.8));
#12475=VECTOR('',#15804,1000.0);
#12476=CARTESIAN_POINT('',(0.0,0.67,-18.8));
#12477=VECTOR('',#15805,1000.0);
#12478=COLOUR_RGB('',0.764705896377563,0.705882370471954,0.239215686917305);
#12479=CARTESIAN_POINT('',(-4.16,0.67,-18.8));
#12480=CARTESIAN_POINT('',(0.0,0.67,-18.8));
#12481=VECTOR('',#15806,1000.0);
#12482=CARTESIAN_POINT('',(-4.16,0.92,-18.8));
#12483=CARTESIAN_POINT('',(-4.16,2.25,-18.8));
#12484=VECTOR('',#15807,1000.0);
#12485=CARTESIAN_POINT('',(0.0,0.92,-18.8));
#12486=VECTOR('',#15808,1000.0);
#12487=COLOUR_RGB('',0.764705896377563,0.705882370471954,0.239215686917305);
#12488=CARTESIAN_POINT('',(-4.05,0.52,-14.6));
#12489=CARTESIAN_POINT('',(-2.95,0.52,-14.6));
#12490=CARTESIAN_POINT('',(-4.05,0.52,-14.6));
#12491=VECTOR('',#15809,1000.0);
#12492=CARTESIAN_POINT('',(-2.95,-0.0299999999999996,-14.6));
#12493=CARTESIAN_POINT('',(-2.95,2.25,-14.6));
#12494=VECTOR('',#15810,1000.0);
#12495=CARTESIAN_POINT('',(-4.05,-0.0299999999999996,-14.6));
#12496=CARTESIAN_POINT('',(-4.05,-0.0299999999999996,-14.6));
#12497=VECTOR('',#15811,1000.0);
#12498=CARTESIAN_POINT('',(-4.05,2.25,-14.6));
#12499=VECTOR('',#15812,1000.0);
#12500=COLOUR_RGB('',0.764705896377563,0.705882370471954,0.239215686917305);
#12501=CARTESIAN_POINT('',(-4.05,0.67,-14.75));
#12502=CARTESIAN_POINT('',(-2.95,0.67,-14.75));
#12503=CARTESIAN_POINT('',(-4.05,0.67,-14.75));
#12504=VECTOR('',#15813,1000.0);
#12505=AXIS2_PLACEMENT_3D('',#15814,#15815,#15816);
#12506=AXIS2_PLACEMENT_3D('',#15817,#15818,#15819);
#12507=COLOUR_RGB('',0.764705896377563,0.705882370471954,0.239215686917305);
#12508=CARTESIAN_POINT('',(-4.21,0.67,-17.3400000000005));
#12509=CARTESIAN_POINT('',(-4.21,0.87,-17.3400000000005));
#12510=CARTESIAN_POINT('',(-4.21,0.623274413458,-17.3400000000005));
#12511=VECTOR('',#15820,1000.0);
#12512=CARTESIAN_POINT('',(-4.125,0.67,-17.0));
#12513=CARTESIAN_POINT('',(0.124999999978191,0.67,0.0));
#12514=VECTOR('',#15821,1000.0);
#12515=CARTESIAN_POINT('',(-4.125,0.87,-16.9999999999987));
#12516=CARTESIAN_POINT('',(-4.125,2.25,-16.9999999999987));
#12517=VECTOR('',#15822,1000.0);
#12518=CARTESIAN_POINT('',(-4.15238431303667,0.87,-17.109537252146));
#12519=VECTOR('',#15823,1000.0);
#12520=COLOUR_RGB('',0.764705896377563,0.705882370471954,0.239215686917305);
#12521=CARTESIAN_POINT('',(-4.125,0.87,-16.45));
#12522=CARTESIAN_POINT('',(-4.125,0.67,-16.45));
#12523=CARTESIAN_POINT('',(-4.125,2.25,-16.45));
#12524=VECTOR('',#15824,1000.0);
#12525=CARTESIAN_POINT('',(-4.125,0.87,-17.0946333304052));
#12526=VECTOR('',#15825,1000.0);
#12527=CARTESIAN_POINT('',(-4.125,0.67,0.0));
#12528=VECTOR('',#15826,1000.0);
#12529=COLOUR_RGB('',0.764705896377563,0.705882370471954,0.239215686917305);
#12530=CARTESIAN_POINT('',(-4.21,0.87,-16.45));
#12531=CARTESIAN_POINT('',(-4.21,0.67,-16.45));
#12532=CARTESIAN_POINT('',(-4.21,0.623274413458,-16.45));
#12533=VECTOR('',#15827,1000.0);
#12534=CARTESIAN_POINT('',(-4.212,0.87,-16.45));
#12535=VECTOR('',#15828,1000.0);
#12536=CARTESIAN_POINT('',(0.0,0.67,-16.45));
#12537=VECTOR('',#15829,1000.0);
#12538=COLOUR_RGB('',0.764705896377563,0.705882370471954,0.239215686917305);
#12539=CARTESIAN_POINT('',(-4.05,-0.203205080756886,-14.3));
#12540=CARTESIAN_POINT('',(-4.05,-0.417298334620742,-14.3));
#12541=CARTESIAN_POINT('',(-4.05,0.0632744134580004,-14.3));
#12542=VECTOR('',#15830,1000.0);
#12543=CARTESIAN_POINT('',(-4.05,-0.03,-14.4));
#12544=AXIS2_PLACEMENT_3D('',#15831,#15832,#15833);
#12545=CARTESIAN_POINT('',(-4.05,0.52,-14.4));
#12546=CARTESIAN_POINT('',(-4.05,0.245,-14.4));
#12547=VECTOR('',#15834,1000.0);
#12548=CARTESIAN_POINT('',(-4.05,0.87,-14.75));
#12549=AXIS2_PLACEMENT_3D('',#15835,#15836,#15837);
#12550=CARTESIAN_POINT('',(-4.05,0.87,-15.6500000000009));
#12551=CARTESIAN_POINT('',(-4.05,0.87,-17.0946333304052));
#12552=VECTOR('',#15838,1000.0);
#12553=CARTESIAN_POINT('',(-4.05,0.67,-15.6500000000006));
#12554=CARTESIAN_POINT('',(-4.05,2.25,-15.6500000000009));
#12555=VECTOR('',#15839,1000.0);
#12556=CARTESIAN_POINT('',(-4.05,0.67,0.0));
#12557=VECTOR('',#15840,1000.0);
#12558=AXIS2_PLACEMENT_3D('',#15841,#15842,#15843);
#12559=COLOUR_RGB('',0.764705896377563,0.705882370471954,0.239215686917305);
#12560=CARTESIAN_POINT('',(-4.21,0.67,-16.1071428571421));
#12561=CARTESIAN_POINT('',(-4.21,0.87,-16.1071428571421));
#12562=CARTESIAN_POINT('',(-4.21,0.623274413458,-16.1071428571421));
#12563=VECTOR('',#15844,1000.0);
#12564=CARTESIAN_POINT('',(1.42750000002032,0.67,0.0));
#12565=VECTOR('',#15845,1000.0);
#12566=CARTESIAN_POINT('',(-4.51812175112969,0.87,-16.9874907175095));
#12567=VECTOR('',#15846,1000.0);
#12568=COLOUR_RGB('',0.764705896377563,0.705882370471954,0.239215686917305);
#12569=CARTESIAN_POINT('',(-2.95,-0.417298334620742,-14.3));
#12570=CARTESIAN_POINT('',(-2.95,-0.203205080756886,-14.3));
#12571=CARTESIAN_POINT('',(-2.95,0.0632744134580004,-14.3));
#12572=VECTOR('',#15847,1000.0);
#12573=AXIS2_PLACEMENT_3D('',#15848,#15849,#15850);
#12574=CARTESIAN_POINT('',(-2.95,0.67,-15.6500000000006));
#12575=CARTESIAN_POINT('',(-2.95,0.67,0.0));
#12576=VECTOR('',#15851,1000.0);
#12577=CARTESIAN_POINT('',(-2.95,0.87,-15.6500000000009));
#12578=CARTESIAN_POINT('',(-2.95,2.25,-15.6500000000009));
#12579=VECTOR('',#15852,1000.0);
#12580=CARTESIAN_POINT('',(-2.95,0.87,-14.75));
#12581=CARTESIAN_POINT('',(-2.95,0.87,-17.0946333304052));
#12582=VECTOR('',#15853,1000.0);
#12583=CARTESIAN_POINT('',(-2.95,0.52,-14.4));
#12584=AXIS2_PLACEMENT_3D('',#15854,#15855,#15856);
#12585=CARTESIAN_POINT('',(-2.95,-0.03,-14.4));
#12586=CARTESIAN_POINT('',(-2.95,0.245,-14.4));
#12587=VECTOR('',#15857,1000.0);
#12588=AXIS2_PLACEMENT_3D('',#15858,#15859,#15860);
#12589=COLOUR_RGB('',0.764705896377563,0.705882370471954,0.239215686917305);
#12590=CARTESIAN_POINT('',(-2.79,0.87,-16.1071428571421));
#12591=CARTESIAN_POINT('',(-2.79,0.67,-16.1071428571421));
#12592=CARTESIAN_POINT('',(-2.79,0.946725586542,-16.1071428571421));
#12593=VECTOR('',#15861,1000.0);
#12594=CARTESIAN_POINT('',(-2.63728136691141,0.87,-16.5434818088222));
#12595=VECTOR('',#15862,1000.0);
#12596=CARTESIAN_POINT('',(-8.42750000002032,0.67,0.0));
#12597=VECTOR('',#15863,1000.0);
#12598=COLOUR_RGB('',0.764705896377563,0.705882370471954,0.239215686917305);
#12599=CARTESIAN_POINT('',(-4.20000600024,-0.417298334620742,-14.3));
#12600=VECTOR('',#15864,1000.0);
#12601=COLOUR_RGB('',0.764705896377563,0.705882370471954,0.239215686917305);
#12602=CARTESIAN_POINT('',(-2.875,0.87,-16.9999999999987));
#12603=CARTESIAN_POINT('',(-2.875,0.67,-17.0));
#12604=CARTESIAN_POINT('',(-2.875,2.25,-16.9999999999987));
#12605=VECTOR('',#15865,1000.0);
#12606=CARTESIAN_POINT('',(-2.875,0.87,-16.45));
#12607=CARTESIAN_POINT('',(-2.875,0.87,-17.0946333304052));
#12608=VECTOR('',#15866,1000.0);
#12609=CARTESIAN_POINT('',(-2.875,0.67,-16.45));
#12610=CARTESIAN_POINT('',(-2.875,2.25,-16.45));
#12611=VECTOR('',#15867,1000.0);
#12612=CARTESIAN_POINT('',(-2.875,0.67,0.0));
#12613=VECTOR('',#15868,1000.0);
#12614=COLOUR_RGB('',0.764705896377563,0.705882370471954,0.239215686917305);
#12615=CARTESIAN_POINT('',(-2.79,0.67,-16.45));
#12616=CARTESIAN_POINT('',(-2.79,0.87,-16.45));
#12617=CARTESIAN_POINT('',(-2.79,0.946725586542,-16.45));
#12618=VECTOR('',#15869,1000.0);
#12619=CARTESIAN_POINT('',(0.0,0.67,-16.45));
#12620=VECTOR('',#15870,1000.0);
#12621=CARTESIAN_POINT('',(-4.212,0.87,-16.45));
#12622=VECTOR('',#15871,1000.0);
#12623=COLOUR_RGB('',0.764705896377563,0.705882370471954,0.239215686917305);
#12624=CARTESIAN_POINT('',(-2.79,0.87,-17.3400000000005));
#12625=CARTESIAN_POINT('',(-2.79,0.67,-17.3400000000005));
#12626=CARTESIAN_POINT('',(-2.79,0.946725586542,-17.3400000000005));
#12627=VECTOR('',#15872,1000.0);
#12628=CARTESIAN_POINT('',(-2.93138039284489,0.87,-16.774478428618));
#12629=VECTOR('',#15873,1000.0);
#12630=CARTESIAN_POINT('',(-7.12499999997821,0.67,0.0));
#12631=VECTOR('',#15874,1000.0);
#12632=COLOUR_RGB('',0.764705896377563,0.705882370471954,0.239215686917305);
#12633=CARTESIAN_POINT('',(-2.79,0.67,-17.8));
#12634=CARTESIAN_POINT('',(-2.79,0.87,-17.8));
#12635=CARTESIAN_POINT('',(-2.79,0.946725586542,-17.8));
#12636=VECTOR('',#15875,1000.0);
#12637=CARTESIAN_POINT('',(-2.84,0.67,-17.8));
#12638=CARTESIAN_POINT('',(0.0,0.67,-17.8));
#12639=VECTOR('',#15876,1000.0);
#12640=CARTESIAN_POINT('',(-2.84,0.87,-17.8));
#12641=CARTESIAN_POINT('',(-2.84,2.25,-17.8));
#12642=VECTOR('',#15877,1000.0);
#12643=CARTESIAN_POINT('',(-4.212,0.87,-17.8));
#12644=VECTOR('',#15878,1000.0);
#12645=COLOUR_RGB('',0.764705896377563,0.705882370471954,0.239215686917305);
#12646=CARTESIAN_POINT('',(-2.84,0.92,-18.5392666608095));
#12647=CARTESIAN_POINT('',(-2.84,0.92,-18.6));
#12648=CARTESIAN_POINT('',(-2.84,0.92,0.0));
#12649=VECTOR('',#15879,1000.0);
#12650=CARTESIAN_POINT('',(-2.84,0.87,-18.5392666608095));
#12651=CARTESIAN_POINT('',(-2.84,0.945226644109935,-18.5392666608095));
#12652=VECTOR('',#15880,1000.0);
#12653=CARTESIAN_POINT('',(-2.84,0.87,-17.0946333304052));
#12654=VECTOR('',#15881,1000.0);
#12655=CARTESIAN_POINT('',(-2.84,0.67,0.0));
#12656=VECTOR('',#15882,1000.0);
#12657=CARTESIAN_POINT('',(-2.84,0.92,0.0));
#12658=VECTOR('',#15883,1000.0);
#12659=COLOUR_RGB('',0.764705896377563,0.705882370471954,0.239215686917305);
#12660=CARTESIAN_POINT('',(-4.16,0.87,-17.8));
#12661=CARTESIAN_POINT('',(-4.16,0.87,-18.5392666608095));
#12662=CARTESIAN_POINT('',(-4.16,0.87,-17.0946333304052));
#12663=VECTOR('',#15884,1000.0);
#12664=CARTESIAN_POINT('',(-4.16,0.92,-18.5392666608095));
#12665=CARTESIAN_POINT('',(-4.16,0.945226644109935,-18.5392666608095));
#12666=VECTOR('',#15885,1000.0);
#12667=CARTESIAN_POINT('',(-4.16,0.92,-18.6));
#12668=CARTESIAN_POINT('',(-4.16,0.92,0.0));
#12669=VECTOR('',#15886,1000.0);
#12670=CARTESIAN_POINT('',(-4.16,0.92,0.0));
#12671=VECTOR('',#15887,1000.0);
#12672=CARTESIAN_POINT('',(-4.16,0.67,-17.8));
#12673=CARTESIAN_POINT('',(-4.16,0.67,0.0));
#12674=VECTOR('',#15888,1000.0);
#12675=CARTESIAN_POINT('',(-4.16,2.25,-17.8));
#12676=VECTOR('',#15889,1000.0);
#12677=COLOUR_RGB('',0.764705896377563,0.705882370471954,0.239215686917305);
#12678=CARTESIAN_POINT('',(-4.21,0.87,-17.8));
#12679=CARTESIAN_POINT('',(-4.21,0.67,-17.8));
#12680=CARTESIAN_POINT('',(-4.21,0.623274413458,-17.8));
#12681=VECTOR('',#15890,1000.0);
#12682=CARTESIAN_POINT('',(-4.212,0.87,-17.8));
#12683=VECTOR('',#15891,1000.0);
#12684=CARTESIAN_POINT('',(0.0,0.67,-17.8));
#12685=VECTOR('',#15892,1000.0);
#12686=COLOUR_RGB('',0.764705896377563,0.705882370471954,0.239215686917305);
#12687=CARTESIAN_POINT('',(-4.21,0.67,-14.214));
#12688=VECTOR('',#15893,1000.0);
#12689=CARTESIAN_POINT('',(-2.79,0.67,-14.214));
#12690=VECTOR('',#15894,1000.0);
#12691=CARTESIAN_POINT('',(-2.79,0.67,-14.214));
#12692=VECTOR('',#15895,1000.0);
#12693=CARTESIAN_POINT('',(-4.21,0.67,-14.214));
#12694=VECTOR('',#15896,1000.0);
#12695=COLOUR_RGB('',0.764705896377563,0.705882370471954,0.239215686917305);
#12696=CARTESIAN_POINT('',(0.0,0.92,-18.5999999999958));
#12697=VECTOR('',#15897,1000.0);
#12698=COLOUR_RGB('',0.764705896377563,0.705882370471954,0.239215686917305);
#12699=CARTESIAN_POINT('',(-1.3,0.374102662254,-19.76279366088));
#12700=CARTESIAN_POINT('',(-0.7,0.374102662254,-19.76279366088));
#12701=CARTESIAN_POINT('',(-1.3,0.374102662254,-19.76279366088));
#12702=VECTOR('',#15898,1000.0);
#12703=CARTESIAN_POINT('',(-0.7,0.35,-19.84434033677));
#12704=AXIS2_PLACEMENT_3D('',#15899,#15900,#15901);
#12705=CARTESIAN_POINT('',(-1.3,0.35,-19.84434033677));
#12706=CARTESIAN_POINT('',(-1.3,0.35,-19.84434033677));
#12707=VECTOR('',#15902,1000.0);
#12708=AXIS2_PLACEMENT_3D('',#15903,#15904,#15905);
#12709=COLOUR_RGB('',0.764705896377563,0.705882370471954,0.239215686917305);
#12710=CARTESIAN_POINT('',(-0.7,0.35,-21.000005));
#12711=CARTESIAN_POINT('',(-0.7,0.35,0.0));
#12712=VECTOR('',#15906,1000.0);
#12713=CARTESIAN_POINT('',(-1.3,0.35,-21.000005));
#12714=CARTESIAN_POINT('',(0.0,0.35,-21.000005));
#12715=VECTOR('',#15907,1000.0);
#12716=CARTESIAN_POINT('',(-1.3,0.35,0.0));
#12717=VECTOR('',#15908,1000.0);
#12718=COLOUR_RGB('',0.764705896377563,0.705882370471954,0.239215686917305);
#12719=CARTESIAN_POINT('',(-0.7,0.1,-21.000005));
#12720=CARTESIAN_POINT('',(-0.7,2.25,-21.000005));
#12721=VECTOR('',#15909,1000.0);
#12722=CARTESIAN_POINT('',(-1.3,0.1,-21.000005));
#12723=CARTESIAN_POINT('',(0.0,0.1,-21.000005));
#12724=VECTOR('',#15910,1000.0);
#12725=CARTESIAN_POINT('',(-1.3,2.25,-21.000005));
#12726=VECTOR('',#15911,1000.0);
#12727=COLOUR_RGB('',0.764705896377563,0.705882370471954,0.239215686917305);
#12728=CARTESIAN_POINT('',(-0.7,0.1,-19.84434033677));
#12729=CARTESIAN_POINT('',(-0.7,0.1,0.0));
#12730=VECTOR('',#15912,1000.0);
#12731=CARTESIAN_POINT('',(-1.3,0.1,-19.84434033677));
#12732=CARTESIAN_POINT('',(-1.3,0.1,-19.84434033677));
#12733=VECTOR('',#15913,1000.0);
#12734=CARTESIAN_POINT('',(-1.3,0.1,0.0));
#12735=VECTOR('',#15914,1000.0);
#12736=COLOUR_RGB('',0.764705896377563,0.705882370471954,0.239215686917305);
#12737=CARTESIAN_POINT('',(-0.7,0.164273766011,-19.6268825344));
#12738=AXIS2_PLACEMENT_3D('',#15915,#15916,#15917);
#12739=CARTESIAN_POINT('',(-1.3,0.164273766011,-19.6268825344));
#12740=CARTESIAN_POINT('',(-1.3,0.164273766011,-19.6268825344));
#12741=VECTOR('',#15918,1000.0);
#12742=AXIS2_PLACEMENT_3D('',#15919,#15920,#15921);
#12743=COLOUR_RGB('',0.764705896377563,0.705882370471954,0.239215686917305);
#12744=CARTESIAN_POINT('',(-1.3,0.855726233989,-19.01923023765));
#12745=CARTESIAN_POINT('',(-0.7,0.855726233989,-19.01923023765));
#12746=CARTESIAN_POINT('',(-1.3,0.855726233989,-19.01923023765));
#12747=VECTOR('',#15922,1000.0);
#12748=CARTESIAN_POINT('',(-0.7,13.1749303696886,0.0));
#12749=VECTOR('',#15923,1000.0);
#12750=CARTESIAN_POINT('',(-1.3,13.1749303696886,0.0));
#12751=VECTOR('',#15924,1000.0);
#12752=COLOUR_RGB('',0.764705896377563,0.705882370471954,0.239215686917305);
#12753=CARTESIAN_POINT('',(-0.7,0.64589733774437,-18.8833191111681));
#12754=CARTESIAN_POINT('',(-0.7,12.8770686303442,0.0));
#12755=VECTOR('',#15925,1000.0);
#12756=CARTESIAN_POINT('',(-1.3,0.64589733774437,-18.8833191111681));
#12757=CARTESIAN_POINT('',(-1.3,0.645897337746,-18.88331911117));
#12758=VECTOR('',#15926,1000.0);
#12759=CARTESIAN_POINT('',(-1.3,12.8770686303442,0.0));
#12760=VECTOR('',#15927,1000.0);
#12761=COLOUR_RGB('',0.764705896377563,0.705882370471954,0.239215686917305);
#12762=CARTESIAN_POINT('',(-1.3,0.67,-18.80064121764));
#12763=AXIS2_PLACEMENT_3D('',#15928,#15929,#15930);
#12764=CARTESIAN_POINT('',(-1.3,2.25,-18.8));
#12765=VECTOR('',#15931,1000.0);
#12766=AXIS2_PLACEMENT_3D('',#15932,#15933,#15934);
#12767=COLOUR_RGB('',0.764705896377563,0.705882370471954,0.239215686917305);
#12768=CARTESIAN_POINT('',(-0.7,0.66999651049563,-18.8005912189272));
#12769=CARTESIAN_POINT('',(-0.7,2.25,-18.8));
#12770=VECTOR('',#15935,1000.0);
#12771=AXIS2_PLACEMENT_3D('',#15936,#15937,#15938);
#12772=AXIS2_PLACEMENT_3D('',#15939,#15940,#15941);
#12773=COLOUR_RGB('',0.764705896377563,0.705882370471954,0.239215686917305);
#12774=COLOUR_RGB('',0.764705896377563,0.705882370471954,0.239215686917305);
#12775=CARTESIAN_POINT('',(-1.45000600024,0.67,-18.80177243528));
#12776=VECTOR('',#15942,1000.0);
#12777=COLOUR_RGB('',0.764705896377563,0.705882370471954,0.239215686917305);
#12778=CARTESIAN_POINT('',(-1.66,0.67,-18.8));
#12779=CARTESIAN_POINT('',(0.0,0.67,-18.8));
#12780=VECTOR('',#15943,1000.0);
#12781=CARTESIAN_POINT('',(-1.66,0.92,-18.8));
#12782=CARTESIAN_POINT('',(-1.66,2.25,-18.8));
#12783=VECTOR('',#15944,1000.0);
#12784=CARTESIAN_POINT('',(0.0,0.92,-18.8));
#12785=VECTOR('',#15945,1000.0);
#12786=COLOUR_RGB('',0.764705896377563,0.705882370471954,0.239215686917305);
#12787=CARTESIAN_POINT('',(-0.34,0.92,-18.8));
#12788=CARTESIAN_POINT('',(0.0,0.92,-18.8));
#12789=VECTOR('',#15946,1000.0);
#12790=CARTESIAN_POINT('',(-0.34,0.67,-18.8));
#12791=CARTESIAN_POINT('',(-0.34,2.25,-18.8));
#12792=VECTOR('',#15947,1000.0);
#12793=CARTESIAN_POINT('',(0.0,0.67,-18.8));
#12794=VECTOR('',#15948,1000.0);
#12795=COLOUR_RGB('',0.764705896377563,0.705882370471954,0.239215686917305);
#12796=CARTESIAN_POINT('',(-1.55,0.52,-14.6));
#12797=CARTESIAN_POINT('',(-0.45,0.52,-14.6));
#12798=CARTESIAN_POINT('',(-1.55,0.52,-14.6));
#12799=VECTOR('',#15949,1000.0);
#12800=CARTESIAN_POINT('',(-0.45,-0.0299999999999996,-14.6));
#12801=CARTESIAN_POINT('',(-0.45,2.25,-14.6));
#12802=VECTOR('',#15950,1000.0);
#12803=CARTESIAN_POINT('',(-1.55,-0.0299999999999996,-14.6));
#12804=CARTESIAN_POINT('',(-1.55,-0.0299999999999996,-14.6));
#12805=VECTOR('',#15951,1000.0);
#12806=CARTESIAN_POINT('',(-1.55,2.25,-14.6));
#12807=VECTOR('',#15952,1000.0);
#12808=COLOUR_RGB('',0.764705896377563,0.705882370471954,0.239215686917305);
#12809=CARTESIAN_POINT('',(-1.55,0.67,-14.75));
#12810=CARTESIAN_POINT('',(-0.45,0.67,-14.75));
#12811=CARTESIAN_POINT('',(-1.55,0.67,-14.75));
#12812=VECTOR('',#15953,1000.0);
#12813=AXIS2_PLACEMENT_3D('',#15954,#15955,#15956);
#12814=AXIS2_PLACEMENT_3D('',#15957,#15958,#15959);
#12815=COLOUR_RGB('',0.764705896377563,0.705882370471954,0.239215686917305);
#12816=CARTESIAN_POINT('',(-0.29,0.67,-16.45));
#12817=CARTESIAN_POINT('',(-0.29,0.87,-16.45));
#12818=CARTESIAN_POINT('',(-0.29,0.946725586542,-16.45));
#12819=VECTOR('',#15960,1000.0);
#12820=CARTESIAN_POINT('',(-0.375,0.67,-16.45));
#12821=CARTESIAN_POINT('',(0.0,0.67,-16.45));
#12822=VECTOR('',#15961,1000.0);
#12823=CARTESIAN_POINT('',(-0.375,0.87,-16.45));
#12824=CARTESIAN_POINT('',(-0.375,2.25,-16.45));
#12825=VECTOR('',#15962,1000.0);
#12826=CARTESIAN_POINT('',(-4.212,0.87,-16.45));
#12827=VECTOR('',#15963,1000.0);
#12828=COLOUR_RGB('',0.764705896377563,0.705882370471954,0.239215686917305);
#12829=CARTESIAN_POINT('',(-0.29,0.87,-17.34));
#12830=CARTESIAN_POINT('',(-0.289999999999997,0.67,-17.34));
#12831=CARTESIAN_POINT('',(-0.29,0.946725586542,-17.34));
#12832=VECTOR('',#15964,1000.0);
#12833=CARTESIAN_POINT('',(-0.375000000000005,0.87,-16.9999999999997));
#12834=CARTESIAN_POINT('',(-0.578439216374777,0.87,-16.1862431344998));
#12835=VECTOR('',#15965,1000.0);
#12836=CARTESIAN_POINT('',(-0.375,0.67,-17.0));
#12837=CARTESIAN_POINT('',(-0.375,2.25,-16.9999999999997));
#12838=VECTOR('',#15966,1000.0);
#12839=CARTESIAN_POINT('',(-4.62499999999565,0.67,0.0));
#12840=VECTOR('',#15967,1000.0);
#12841=COLOUR_RGB('',0.764705896377563,0.705882370471954,0.239215686917305);
#12842=CARTESIAN_POINT('',(-0.375,0.87,-17.0946333304052));
#12843=VECTOR('',#15968,1000.0);
#12844=CARTESIAN_POINT('',(-0.375,0.67,0.0));
#12845=VECTOR('',#15969,1000.0);
#12846=COLOUR_RGB('',0.764705896377563,0.705882370471954,0.239215686917305);
#12847=CARTESIAN_POINT('',(-0.34,0.92,-18.5392666608095));
#12848=CARTESIAN_POINT('',(-0.34,0.92,-18.6));
#12849=CARTESIAN_POINT('',(-0.34,0.92,0.0));
#12850=VECTOR('',#15970,1000.0);
#12851=CARTESIAN_POINT('',(-0.34,0.87,-18.5392666608095));
#12852=CARTESIAN_POINT('',(-0.34,0.945226644109935,-18.5392666608095));
#12853=VECTOR('',#15971,1000.0);
#12854=CARTESIAN_POINT('',(-0.34,0.87,-17.8));
#12855=CARTESIAN_POINT('',(-0.34,0.87,-17.0946333304052));
#12856=VECTOR('',#15972,1000.0);
#12857=CARTESIAN_POINT('',(-0.34,0.67,-17.8));
#12858=CARTESIAN_POINT('',(-0.34,2.25,-17.8));
#12859=VECTOR('',#15973,1000.0);
#12860=CARTESIAN_POINT('',(-0.34,0.67,0.0));
#12861=VECTOR('',#15974,1000.0);
#12862=CARTESIAN_POINT('',(-0.34,0.92,0.0));
#12863=VECTOR('',#15975,1000.0);
#12864=COLOUR_RGB('',0.764705896377563,0.705882370471954,0.239215686917305);
#12865=CARTESIAN_POINT('',(-0.29,0.67,-17.8));
#12866=CARTESIAN_POINT('',(-0.29,0.87,-17.8));
#12867=CARTESIAN_POINT('',(-0.29,0.946725586542,-17.8));
#12868=VECTOR('',#15976,1000.0);
#12869=CARTESIAN_POINT('',(0.0,0.67,-17.8));
#12870=VECTOR('',#15977,1000.0);
#12871=CARTESIAN_POINT('',(-4.212,0.87,-17.8));
#12872=VECTOR('',#15978,1000.0);
#12873=COLOUR_RGB('',0.764705896377563,0.705882370471954,0.239215686917305);
#12874=CARTESIAN_POINT('',(-1.66,0.87,-17.8));
#12875=CARTESIAN_POINT('',(-1.66,0.87,-18.5392666608095));
#12876=CARTESIAN_POINT('',(-1.66,0.87,-17.0946333304052));
#12877=VECTOR('',#15979,1000.0);
#12878=CARTESIAN_POINT('',(-1.66,0.92,-18.5392666608095));
#12879=CARTESIAN_POINT('',(-1.66,0.945226644109935,-18.5392666608095));
#12880=VECTOR('',#15980,1000.0);
#12881=CARTESIAN_POINT('',(-1.66,0.92,-18.6));
#12882=CARTESIAN_POINT('',(-1.66,0.92,0.0));
#12883=VECTOR('',#15981,1000.0);
#12884=CARTESIAN_POINT('',(-1.66,0.92,0.0));
#12885=VECTOR('',#15982,1000.0);
#12886=CARTESIAN_POINT('',(-1.66,0.67,-17.8));
#12887=CARTESIAN_POINT('',(-1.66,0.67,0.0));
#12888=VECTOR('',#15983,1000.0);
#12889=CARTESIAN_POINT('',(-1.66,2.25,-17.8));
#12890=VECTOR('',#15984,1000.0);
#12891=COLOUR_RGB('',0.764705896377563,0.705882370471954,0.239215686917305);
#12892=CARTESIAN_POINT('',(-1.71,0.87,-17.8));
#12893=CARTESIAN_POINT('',(-1.71,0.67,-17.8));
#12894=CARTESIAN_POINT('',(-1.71,0.623274413458,-17.8));
#12895=VECTOR('',#15985,1000.0);
#12896=CARTESIAN_POINT('',(-4.212,0.87,-17.8));
#12897=VECTOR('',#15986,1000.0);
#12898=CARTESIAN_POINT('',(0.0,0.67,-17.8));
#12899=VECTOR('',#15987,1000.0);
#12900=COLOUR_RGB('',0.764705896377563,0.705882370471954,0.239215686917305);
#12901=CARTESIAN_POINT('',(-1.71,0.67,-17.3400000000005));
#12902=CARTESIAN_POINT('',(-1.71,0.87,-17.3400000000005));
#12903=CARTESIAN_POINT('',(-1.71,0.623274413458,-17.3400000000005));
#12904=VECTOR('',#15988,1000.0);
#12905=CARTESIAN_POINT('',(-1.625,0.67,-17.0));
#12906=CARTESIAN_POINT('',(2.6249999999782,0.67,0.0));
#12907=VECTOR('',#15989,1000.0);
#12908=CARTESIAN_POINT('',(-1.625,0.87,-16.9999999999987));
#12909=CARTESIAN_POINT('',(-1.625,2.25,-16.9999999999987));
#12910=VECTOR('',#15990,1000.0);
#12911=CARTESIAN_POINT('',(-1.79944313656468,0.87,-17.697772546261));
#12912=VECTOR('',#15991,1000.0);
#12913=COLOUR_RGB('',0.764705896377563,0.705882370471954,0.239215686917305);
#12914=CARTESIAN_POINT('',(-1.625,0.87,-16.45));
#12915=CARTESIAN_POINT('',(-1.625,0.67,-16.45));
#12916=CARTESIAN_POINT('',(-1.625,2.25,-16.45));
#12917=VECTOR('',#15992,1000.0);
#12918=CARTESIAN_POINT('',(-1.625,0.87,-17.0946333304052));
#12919=VECTOR('',#15993,1000.0);
#12920=CARTESIAN_POINT('',(-1.625,0.67,0.0));
#12921=VECTOR('',#15994,1000.0);
#12922=COLOUR_RGB('',0.764705896377563,0.705882370471954,0.239215686917305);
#12923=CARTESIAN_POINT('',(-1.71,0.87,-16.45));
#12924=CARTESIAN_POINT('',(-1.71,0.67,-16.45));
#12925=CARTESIAN_POINT('',(-1.71,0.623274413458,-16.45));
#12926=VECTOR('',#15995,1000.0);
#12927=CARTESIAN_POINT('',(-4.212,0.87,-16.45));
#12928=VECTOR('',#15996,1000.0);
#12929=CARTESIAN_POINT('',(0.0,0.67,-16.45));
#12930=VECTOR('',#15997,1000.0);
#12931=COLOUR_RGB('',0.764705896377563,0.705882370471954,0.239215686917305);
#12932=CARTESIAN_POINT('',(-1.55,-0.203205080756887,-14.3));
#12933=CARTESIAN_POINT('',(-1.55,-0.417298334620742,-14.3));
#12934=CARTESIAN_POINT('',(-1.55,0.0632744134580004,-14.3));
#12935=VECTOR('',#15998,1000.0);
#12936=CARTESIAN_POINT('',(-1.55,-0.0299999999999996,-14.4));
#12937=AXIS2_PLACEMENT_3D('',#15999,#16000,#16001);
#12938=CARTESIAN_POINT('',(-1.55,0.52,-14.4));
#12939=CARTESIAN_POINT('',(-1.55,0.245,-14.4));
#12940=VECTOR('',#16002,1000.0);
#12941=CARTESIAN_POINT('',(-1.55,0.87,-14.75));
#12942=AXIS2_PLACEMENT_3D('',#16003,#16004,#16005);
#12943=CARTESIAN_POINT('',(-1.55,0.87,-15.6500000000009));
#12944=CARTESIAN_POINT('',(-1.55,0.87,-17.0946333304052));
#12945=VECTOR('',#16006,1000.0);
#12946=CARTESIAN_POINT('',(-1.55,0.67,-15.6500000000009));
#12947=CARTESIAN_POINT('',(-1.55,2.25,-15.6500000000009));
#12948=VECTOR('',#16007,1000.0);
#12949=CARTESIAN_POINT('',(-1.55,0.67,0.0));
#12950=VECTOR('',#16008,1000.0);
#12951=AXIS2_PLACEMENT_3D('',#16009,#16010,#16011);
#12952=COLOUR_RGB('',0.764705896377563,0.705882370471954,0.239215686917305);
#12953=CARTESIAN_POINT('',(-1.71,0.67,-16.1071428571421));
#12954=CARTESIAN_POINT('',(-1.71,0.87,-16.1071428571421));
#12955=CARTESIAN_POINT('',(-1.71,0.623274413458,-16.1071428571421));
#12956=VECTOR('',#16012,1000.0);
#12957=CARTESIAN_POINT('',(3.92750000002031,0.67,0.0));
#12958=VECTOR('',#16013,1000.0);
#12959=CARTESIAN_POINT('',(-2.29095025892656,0.87,-17.7670007397834));
#12960=VECTOR('',#16014,1000.0);
#12961=COLOUR_RGB('',0.764705896377563,0.705882370471954,0.239215686917305);
#12962=CARTESIAN_POINT('',(-0.45,-0.417298334620742,-14.3));
#12963=CARTESIAN_POINT('',(-0.45,-0.203205080756887,-14.3));
#12964=CARTESIAN_POINT('',(-0.45,0.0632744134580004,-14.3));
#12965=VECTOR('',#16015,1000.0);
#12966=AXIS2_PLACEMENT_3D('',#16016,#16017,#16018);
#12967=CARTESIAN_POINT('',(-0.45,0.67,-15.6500000000011));
#12968=CARTESIAN_POINT('',(-0.45,0.67,0.0));
#12969=VECTOR('',#16019,1000.0);
#12970=CARTESIAN_POINT('',(-0.45,0.87,-15.6500000000011));
#12971=CARTESIAN_POINT('',(-0.45,2.25,-15.6500000000011));
#12972=VECTOR('',#16020,1000.0);
#12973=CARTESIAN_POINT('',(-0.45,0.87,-14.75));
#12974=CARTESIAN_POINT('',(-0.45,0.87,-17.0946333304052));
#12975=VECTOR('',#16021,1000.0);
#12976=CARTESIAN_POINT('',(-0.45,0.52,-14.4));
#12977=AXIS2_PLACEMENT_3D('',#16022,#16023,#16024);
#12978=CARTESIAN_POINT('',(-0.45,-0.03,-14.4));
#12979=CARTESIAN_POINT('',(-0.45,0.245,-14.4));
#12980=VECTOR('',#16025,1000.0);
#12981=AXIS2_PLACEMENT_3D('',#16026,#16027,#16028);
#12982=COLOUR_RGB('',0.764705896377563,0.705882370471954,0.239215686917305);
#12983=CARTESIAN_POINT('',(-0.29,0.87,-16.1071428571419));
#12984=CARTESIAN_POINT('',(-0.29,0.67,-16.1071428571419));
#12985=CARTESIAN_POINT('',(-0.29,0.946725586542,-16.1071428571419));
#12986=VECTOR('',#16029,1000.0);
#12987=CARTESIAN_POINT('',(-0.410109874708621,0.87,-15.7639717865474));
#12988=VECTOR('',#16030,1000.0);
#12989=CARTESIAN_POINT('',(-5.92750000002438,0.67,0.0));
#12990=VECTOR('',#16031,1000.0);
#12991=COLOUR_RGB('',0.764705896377563,0.705882370471954,0.239215686917305);
#12992=CARTESIAN_POINT('',(-1.70000600024,-0.417298334620742,-14.3));
#12993=VECTOR('',#16032,1000.0);
#12994=COLOUR_RGB('',0.764705896377563,0.705882370471954,0.239215686917305);
#12995=CARTESIAN_POINT('',(-0.29,0.67,-14.214));
#12996=VECTOR('',#16033,1000.0);
#12997=CARTESIAN_POINT('',(-1.71,0.67,-14.214));
#12998=VECTOR('',#16034,1000.0);
#12999=CARTESIAN_POINT('',(-1.71,0.67,-14.214));
#13000=VECTOR('',#16035,1000.0);
#13001=CARTESIAN_POINT('',(-0.29,0.67,-14.214));
#13002=VECTOR('',#16036,1000.0);
#13003=COLOUR_RGB('',0.764705896377563,0.705882370471954,0.239215686917305);
#13004=CARTESIAN_POINT('',(0.0,0.92,-18.5999999999958));
#13005=VECTOR('',#16037,1000.0);
#13006=COLOUR_RGB('',0.764705896377563,0.705882370471954,0.239215686917305);
#13007=CARTESIAN_POINT('',(0.7,0.374102662254,-19.76279366088));
#13008=CARTESIAN_POINT('',(1.3,0.374102662254,-19.76279366088));
#13009=CARTESIAN_POINT('',(0.7,0.374102662254,-19.76279366088));
#13010=VECTOR('',#16038,1000.0);
#13011=CARTESIAN_POINT('',(1.3,0.35,-19.84434033677));
#13012=AXIS2_PLACEMENT_3D('',#16039,#16040,#16041);
#13013=CARTESIAN_POINT('',(0.7,0.35,-19.84434033677));
#13014=CARTESIAN_POINT('',(0.7,0.35,-19.84434033677));
#13015=VECTOR('',#16042,1000.0);
#13016=AXIS2_PLACEMENT_3D('',#16043,#16044,#16045);
#13017=COLOUR_RGB('',0.764705896377563,0.705882370471954,0.239215686917305);
#13018=CARTESIAN_POINT('',(1.3,0.35,-21.000005));
#13019=CARTESIAN_POINT('',(1.3,0.35,0.0));
#13020=VECTOR('',#16046,1000.0);
#13021=CARTESIAN_POINT('',(0.7,0.35,-21.000005));
#13022=CARTESIAN_POINT('',(0.0,0.35,-21.000005));
#13023=VECTOR('',#16047,1000.0);
#13024=CARTESIAN_POINT('',(0.7,0.35,0.0));
#13025=VECTOR('',#16048,1000.0);
#13026=COLOUR_RGB('',0.764705896377563,0.705882370471954,0.239215686917305);
#13027=CARTESIAN_POINT('',(1.3,0.1,-21.000005));
#13028=CARTESIAN_POINT('',(1.3,2.25,-21.000005));
#13029=VECTOR('',#16049,1000.0);
#13030=CARTESIAN_POINT('',(0.7,0.1,-21.000005));
#13031=CARTESIAN_POINT('',(0.0,0.1,-21.000005));
#13032=VECTOR('',#16050,1000.0);
#13033=CARTESIAN_POINT('',(0.7,2.25,-21.000005));
#13034=VECTOR('',#16051,1000.0);
#13035=COLOUR_RGB('',0.764705896377563,0.705882370471954,0.239215686917305);
#13036=CARTESIAN_POINT('',(1.3,0.1,-19.84434033677));
#13037=CARTESIAN_POINT('',(1.3,0.1,0.0));
#13038=VECTOR('',#16052,1000.0);
#13039=CARTESIAN_POINT('',(0.7,0.1,-19.84434033677));
#13040=CARTESIAN_POINT('',(0.7,0.1,-19.84434033677));
#13041=VECTOR('',#16053,1000.0);
#13042=CARTESIAN_POINT('',(0.7,0.1,0.0));
#13043=VECTOR('',#16054,1000.0);
#13044=COLOUR_RGB('',0.764705896377563,0.705882370471954,0.239215686917305);
#13045=CARTESIAN_POINT('',(1.3,0.164273766011,-19.6268825344));
#13046=AXIS2_PLACEMENT_3D('',#16055,#16056,#16057);
#13047=CARTESIAN_POINT('',(0.7,0.164273766011,-19.6268825344));
#13048=CARTESIAN_POINT('',(0.7,0.164273766011,-19.6268825344));
#13049=VECTOR('',#16058,1000.0);
#13050=AXIS2_PLACEMENT_3D('',#16059,#16060,#16061);
#13051=COLOUR_RGB('',0.764705896377563,0.705882370471954,0.239215686917305);
#13052=CARTESIAN_POINT('',(0.7,0.855726233989,-19.01923023765));
#13053=CARTESIAN_POINT('',(1.3,0.855726233989,-19.01923023765));
#13054=CARTESIAN_POINT('',(0.7,0.855726233989,-19.01923023765));
#13055=VECTOR('',#16062,1000.0);
#13056=CARTESIAN_POINT('',(1.3,13.1749303696886,0.0));
#13057=VECTOR('',#16063,1000.0);
#13058=CARTESIAN_POINT('',(0.7,13.1749303696886,0.0));
#13059=VECTOR('',#16064,1000.0);
#13060=COLOUR_RGB('',0.764705896377563,0.705882370471954,0.239215686917305);
#13061=CARTESIAN_POINT('',(1.3,0.64589733774437,-18.8833191111681));
#13062=CARTESIAN_POINT('',(1.3,12.8770686303442,0.0));
#13063=VECTOR('',#16065,1000.0);
#13064=CARTESIAN_POINT('',(0.7,0.64589733774437,-18.8833191111681));
#13065=CARTESIAN_POINT('',(0.7,0.645897337746,-18.88331911117));
#13066=VECTOR('',#16066,1000.0);
#13067=CARTESIAN_POINT('',(0.7,12.8770686303442,0.0));
#13068=VECTOR('',#16067,1000.0);
#13069=COLOUR_RGB('',0.764705896377563,0.705882370471954,0.239215686917305);
#13070=CARTESIAN_POINT('',(0.7,0.67,-18.80064121764));
#13071=AXIS2_PLACEMENT_3D('',#16068,#16069,#16070);
#13072=CARTESIAN_POINT('',(0.7,2.25,-18.8));
#13073=VECTOR('',#16071,1000.0);
#13074=AXIS2_PLACEMENT_3D('',#16072,#16073,#16074);
#13075=COLOUR_RGB('',0.764705896377563,0.705882370471954,0.239215686917305);
#13076=CARTESIAN_POINT('',(1.3,0.66999651049563,-18.8005912189272));
#13077=CARTESIAN_POINT('',(1.3,2.25,-18.8));
#13078=VECTOR('',#16075,1000.0);
#13079=AXIS2_PLACEMENT_3D('',#16076,#16077,#16078);
#13080=AXIS2_PLACEMENT_3D('',#16079,#16080,#16081);
#13081=COLOUR_RGB('',0.764705896377563,0.705882370471954,0.239215686917305);
#13082=COLOUR_RGB('',0.764705896377563,0.705882370471954,0.239215686917305);
#13083=CARTESIAN_POINT('',(0.54999399976,0.67,-18.80177243528));
#13084=VECTOR('',#16082,1000.0);
#13085=COLOUR_RGB('',0.764705896377563,0.705882370471954,0.239215686917305);
#13086=CARTESIAN_POINT('',(0.34,0.67,-18.8));
#13087=CARTESIAN_POINT('',(0.0,0.67,-18.8));
#13088=VECTOR('',#16083,1000.0);
#13089=CARTESIAN_POINT('',(0.34,0.92,-18.8));
#13090=CARTESIAN_POINT('',(0.34,2.25,-18.8));
#13091=VECTOR('',#16084,1000.0);
#13092=CARTESIAN_POINT('',(0.0,0.92,-18.8));
#13093=VECTOR('',#16085,1000.0);
#13094=COLOUR_RGB('',0.764705896377563,0.705882370471954,0.239215686917305);
#13095=CARTESIAN_POINT('',(1.66,0.92,-18.8));
#13096=CARTESIAN_POINT('',(0.0,0.92,-18.8));
#13097=VECTOR('',#16086,1000.0);
#13098=CARTESIAN_POINT('',(1.66,0.67,-18.8));
#13099=CARTESIAN_POINT('',(1.66,2.25,-18.8));
#13100=VECTOR('',#16087,1000.0);
#13101=CARTESIAN_POINT('',(0.0,0.67,-18.8));
#13102=VECTOR('',#16088,1000.0);
#13103=COLOUR_RGB('',0.764705896377563,0.705882370471954,0.239215686917305);
#13104=CARTESIAN_POINT('',(0.45,0.52,-14.6));
#13105=CARTESIAN_POINT('',(1.55,0.52,-14.6));
#13106=CARTESIAN_POINT('',(0.45,0.52,-14.6));
#13107=VECTOR('',#16089,1000.0);
#13108=CARTESIAN_POINT('',(1.55,-0.0299999999999996,-14.6));
#13109=CARTESIAN_POINT('',(1.55,2.25,-14.6));
#13110=VECTOR('',#16090,1000.0);
#13111=CARTESIAN_POINT('',(0.45,-0.0299999999999996,-14.6));
#13112=CARTESIAN_POINT('',(0.45,-0.0299999999999996,-14.6));
#13113=VECTOR('',#16091,1000.0);
#13114=CARTESIAN_POINT('',(0.45,2.25,-14.6));
#13115=VECTOR('',#16092,1000.0);
#13116=COLOUR_RGB('',0.764705896377563,0.705882370471954,0.239215686917305);
#13117=CARTESIAN_POINT('',(0.45,0.67,-14.75));
#13118=CARTESIAN_POINT('',(1.55,0.67,-14.75));
#13119=CARTESIAN_POINT('',(0.45,0.67,-14.75));
#13120=VECTOR('',#16093,1000.0);
#13121=AXIS2_PLACEMENT_3D('',#16094,#16095,#16096);
#13122=AXIS2_PLACEMENT_3D('',#16097,#16098,#16099);
#13123=COLOUR_RGB('',0.764705896377563,0.705882370471954,0.239215686917305);
#13124=CARTESIAN_POINT('',(0.289999999999996,0.67,-17.34));
#13125=CARTESIAN_POINT('',(0.29,0.87,-17.34));
#13126=CARTESIAN_POINT('',(0.29,0.623274413458,-17.34));
#13127=VECTOR('',#16100,1000.0);
#13128=CARTESIAN_POINT('',(0.375,0.67,-17.0));
#13129=CARTESIAN_POINT('',(4.62499999999565,0.67,0.0));
#13130=VECTOR('',#16101,1000.0);
#13131=CARTESIAN_POINT('',(0.375000000000006,0.87,-16.9999999999997));
#13132=CARTESIAN_POINT('',(0.375,2.25,-16.9999999999997));
#13133=VECTOR('',#16102,1000.0);
#13134=CARTESIAN_POINT('',(0.0829098046110114,0.87,-18.1683607815569));
#13135=VECTOR('',#16103,1000.0);
#13136=COLOUR_RGB('',0.764705896377563,0.705882370471954,0.239215686917305);
#13137=CARTESIAN_POINT('',(0.375,0.87,-16.45));
#13138=CARTESIAN_POINT('',(0.375,0.67,-16.45));
#13139=CARTESIAN_POINT('',(0.375,2.25,-16.45));
#13140=VECTOR('',#16104,1000.0);
#13141=CARTESIAN_POINT('',(0.375,0.87,-17.0946333304052));
#13142=VECTOR('',#16105,1000.0);
#13143=CARTESIAN_POINT('',(0.375,0.67,0.0));
#13144=VECTOR('',#16106,1000.0);
#13145=COLOUR_RGB('',0.764705896377563,0.705882370471954,0.239215686917305);
#13146=CARTESIAN_POINT('',(0.29,0.87,-16.45));
#13147=CARTESIAN_POINT('',(0.29,0.67,-16.45));
#13148=CARTESIAN_POINT('',(0.29,0.623274413458,-16.45));
#13149=VECTOR('',#16107,1000.0);
#13150=CARTESIAN_POINT('',(-4.212,0.87,-16.45));
#13151=VECTOR('',#16108,1000.0);
#13152=CARTESIAN_POINT('',(0.0,0.67,-16.45));
#13153=VECTOR('',#16109,1000.0);
#13154=COLOUR_RGB('',0.764705896377563,0.705882370471954,0.239215686917305);
#13155=CARTESIAN_POINT('',(0.45,-0.203205080756887,-14.3));
#13156=CARTESIAN_POINT('',(0.45,-0.417298334620742,-14.3));
#13157=CARTESIAN_POINT('',(0.45,0.0632744134580004,-14.3));
#13158=VECTOR('',#16110,1000.0);
#13159=CARTESIAN_POINT('',(0.45,-0.0299999999999996,-14.4));
#13160=AXIS2_PLACEMENT_3D('',#16111,#16112,#16113);
#13161=CARTESIAN_POINT('',(0.45,0.52,-14.4));
#13162=CARTESIAN_POINT('',(0.45,0.245,-14.4));
#13163=VECTOR('',#16114,1000.0);
#13164=CARTESIAN_POINT('',(0.45,0.87,-14.75));
#13165=AXIS2_PLACEMENT_3D('',#16115,#16116,#16117);
#13166=CARTESIAN_POINT('',(0.45,0.87,-15.6500000000011));
#13167=CARTESIAN_POINT('',(0.45,0.87,-17.0946333304052));
#13168=VECTOR('',#16118,1000.0);
#13169=CARTESIAN_POINT('',(0.45,0.67,-15.6500000000011));
#13170=CARTESIAN_POINT('',(0.45,2.25,-15.6500000000011));
#13171=VECTOR('',#16119,1000.0);
#13172=CARTESIAN_POINT('',(0.45,0.67,0.0));
#13173=VECTOR('',#16120,1000.0);
#13174=AXIS2_PLACEMENT_3D('',#16121,#16122,#16123);
#13175=COLOUR_RGB('',0.764705896377563,0.705882370471954,0.239215686917305);
#13176=CARTESIAN_POINT('',(0.29,0.67,-16.1071428571419));
#13177=CARTESIAN_POINT('',(0.29,0.87,-16.1071428571419));
#13178=CARTESIAN_POINT('',(0.29,0.623274413458,-16.1071428571419));
#13179=VECTOR('',#16124,1000.0);
#13180=CARTESIAN_POINT('',(5.92750000002438,0.67,0.0));
#13181=VECTOR('',#16125,1000.0);
#13182=CARTESIAN_POINT('',(-0.509213065164925,0.87,-18.3906087576031));
#13183=VECTOR('',#16126,1000.0);
#13184=COLOUR_RGB('',0.764705896377563,0.705882370471954,0.239215686917305);
#13185=CARTESIAN_POINT('',(1.55,-0.417298334620742,-14.3));
#13186=CARTESIAN_POINT('',(1.55,-0.203205080756887,-14.3));
#13187=CARTESIAN_POINT('',(1.55,0.0632744134580004,-14.3));
#13188=VECTOR('',#16127,1000.0);
#13189=AXIS2_PLACEMENT_3D('',#16128,#16129,#16130);
#13190=CARTESIAN_POINT('',(1.55,0.67,-15.6500000000009));
#13191=CARTESIAN_POINT('',(1.55,0.67,0.0));
#13192=VECTOR('',#16131,1000.0);
#13193=CARTESIAN_POINT('',(1.55,0.87,-15.6500000000009));
#13194=CARTESIAN_POINT('',(1.55,2.25,-15.6500000000009));
#13195=VECTOR('',#16132,1000.0);
#13196=CARTESIAN_POINT('',(1.55,0.87,-14.75));
#13197=CARTESIAN_POINT('',(1.55,0.87,-17.0946333304052));
#13198=VECTOR('',#16133,1000.0);
#13199=CARTESIAN_POINT('',(1.55,0.52,-14.4));
#13200=AXIS2_PLACEMENT_3D('',#16134,#16135,#16136);
#13201=CARTESIAN_POINT('',(1.55,-0.03,-14.4));
#13202=CARTESIAN_POINT('',(1.55,0.245,-14.4));
#13203=VECTOR('',#16137,1000.0);
#13204=AXIS2_PLACEMENT_3D('',#16138,#16139,#16140);
#13205=COLOUR_RGB('',0.764705896377563,0.705882370471954,0.239215686917305);
#13206=CARTESIAN_POINT('',(1.71,0.87,-16.1071428571421));
#13207=CARTESIAN_POINT('',(1.71,0.67,-16.1071428571421));
#13208=CARTESIAN_POINT('',(1.71,0.946725586542,-16.1071428571421));
#13209=VECTOR('',#16141,1000.0);
#13210=CARTESIAN_POINT('',(1.37162731905422,0.87,-15.1403637687291));
#13211=VECTOR('',#16142,1000.0);
#13212=CARTESIAN_POINT('',(-3.92750000002031,0.67,0.0));
#13213=VECTOR('',#16143,1000.0);
#13214=COLOUR_RGB('',0.764705896377563,0.705882370471954,0.239215686917305);
#13215=CARTESIAN_POINT('',(0.29999399976,-0.417298334620742,-14.3));
#13216=VECTOR('',#16144,1000.0);
#13217=COLOUR_RGB('',0.764705896377563,0.705882370471954,0.239215686917305);
#13218=CARTESIAN_POINT('',(1.71,0.87,-17.3400000000005));
#13219=CARTESIAN_POINT('',(1.71,0.67,-17.3400000000005));
#13220=CARTESIAN_POINT('',(1.71,0.946725586542,-17.3400000000005));
#13221=VECTOR('',#16145,1000.0);
#13222=CARTESIAN_POINT('',(1.625,0.87,-16.9999999999987));
#13223=CARTESIAN_POINT('',(1.30391372480469,0.87,-15.715654899211));
#13224=VECTOR('',#16146,1000.0);
#13225=CARTESIAN_POINT('',(1.625,0.67,-17.0));
#13226=CARTESIAN_POINT('',(1.625,2.25,-16.9999999999987));
#13227=VECTOR('',#16147,1000.0);
#13228=CARTESIAN_POINT('',(-2.6249999999782,0.67,0.0));
#13229=VECTOR('',#16148,1000.0);
#13230=COLOUR_RGB('',0.764705896377563,0.705882370471954,0.239215686917305);
#13231=CARTESIAN_POINT('',(1.625,0.87,-16.45));
#13232=CARTESIAN_POINT('',(1.625,0.87,-17.0946333304052));
#13233=VECTOR('',#16149,1000.0);
#13234=CARTESIAN_POINT('',(1.625,0.67,-16.45));
#13235=CARTESIAN_POINT('',(1.625,2.25,-16.45));
#13236=VECTOR('',#16150,1000.0);
#13237=CARTESIAN_POINT('',(1.625,0.67,0.0));
#13238=VECTOR('',#16151,1000.0);
#13239=COLOUR_RGB('',0.764705896377563,0.705882370471954,0.239215686917305);
#13240=CARTESIAN_POINT('',(1.71,0.67,-16.45));
#13241=CARTESIAN_POINT('',(1.71,0.87,-16.45));
#13242=CARTESIAN_POINT('',(1.71,0.946725586542,-16.45));
#13243=VECTOR('',#16152,1000.0);
#13244=CARTESIAN_POINT('',(0.0,0.67,-16.45));
#13245=VECTOR('',#16153,1000.0);
#13246=CARTESIAN_POINT('',(-4.212,0.87,-16.45));
#13247=VECTOR('',#16154,1000.0);
#13248=COLOUR_RGB('',0.764705896377563,0.705882370471954,0.239215686917305);
#13249=CARTESIAN_POINT('',(1.66,0.92,-18.5392666608095));
#13250=CARTESIAN_POINT('',(1.66,0.87,-18.5392666608095));
#13251=CARTESIAN_POINT('',(1.66,0.945226644109935,-18.5392666608095));
#13252=VECTOR('',#16155,1000.0);
#13253=CARTESIAN_POINT('',(1.66,0.87,-17.8));
#13254=CARTESIAN_POINT('',(1.66,0.87,-17.0946333304052));
#13255=VECTOR('',#16156,1000.0);
#13256=CARTESIAN_POINT('',(1.66,0.67,-17.8));
#13257=CARTESIAN_POINT('',(1.66,2.25,-17.8));
#13258=VECTOR('',#16157,1000.0);
#13259=CARTESIAN_POINT('',(1.66,0.67,0.0));
#13260=VECTOR('',#16158,1000.0);
#13261=CARTESIAN_POINT('',(1.66,0.92,-18.6));
#13262=CARTESIAN_POINT('',(1.66,0.92,0.0));
#13263=VECTOR('',#16159,1000.0);
#13264=CARTESIAN_POINT('',(1.66,0.92,0.0));
#13265=VECTOR('',#16160,1000.0);
#13266=COLOUR_RGB('',0.764705896377563,0.705882370471954,0.239215686917305);
#13267=CARTESIAN_POINT('',(1.71,0.67,-17.8));
#13268=CARTESIAN_POINT('',(1.71,0.87,-17.8));
#13269=CARTESIAN_POINT('',(1.71,0.946725586542,-17.8));
#13270=VECTOR('',#16161,1000.0);
#13271=CARTESIAN_POINT('',(0.0,0.67,-17.8));
#13272=VECTOR('',#16162,1000.0);
#13273=CARTESIAN_POINT('',(-4.212,0.87,-17.8));
#13274=VECTOR('',#16163,1000.0);
#13275=COLOUR_RGB('',0.764705896377563,0.705882370471954,0.239215686917305);
#13276=CARTESIAN_POINT('',(0.34,0.87,-17.8));
#13277=CARTESIAN_POINT('',(0.34,0.67,-17.8));
#13278=CARTESIAN_POINT('',(0.34,2.25,-17.8));
#13279=VECTOR('',#16164,1000.0);
#13280=CARTESIAN_POINT('',(0.34,0.87,-18.5392666608095));
#13281=CARTESIAN_POINT('',(0.34,0.87,-17.0946333304052));
#13282=VECTOR('',#16165,1000.0);
#13283=CARTESIAN_POINT('',(0.34,0.92,-18.5392666608095));
#13284=CARTESIAN_POINT('',(0.34,0.945226644109935,-18.5392666608095));
#13285=VECTOR('',#16166,1000.0);
#13286=CARTESIAN_POINT('',(0.34,0.92,-18.6));
#13287=CARTESIAN_POINT('',(0.34,0.92,0.0));
#13288=VECTOR('',#16167,1000.0);
#13289=CARTESIAN_POINT('',(0.34,0.92,0.0));
#13290=VECTOR('',#16168,1000.0);
#13291=CARTESIAN_POINT('',(0.34,0.67,0.0));
#13292=VECTOR('',#16169,1000.0);
#13293=COLOUR_RGB('',0.764705896377563,0.705882370471954,0.239215686917305);
#13294=CARTESIAN_POINT('',(0.29,0.87,-17.8));
#13295=CARTESIAN_POINT('',(0.29,0.67,-17.8));
#13296=CARTESIAN_POINT('',(0.29,0.623274413458,-17.8));
#13297=VECTOR('',#16170,1000.0);
#13298=CARTESIAN_POINT('',(-4.212,0.87,-17.8));
#13299=VECTOR('',#16171,1000.0);
#13300=CARTESIAN_POINT('',(0.0,0.67,-17.8));
#13301=VECTOR('',#16172,1000.0);
#13302=COLOUR_RGB('',0.764705896377563,0.705882370471954,0.239215686917305);
#13303=CARTESIAN_POINT('',(0.29,0.67,-14.214));
#13304=VECTOR('',#16173,1000.0);
#13305=CARTESIAN_POINT('',(1.71,0.67,-14.214));
#13306=VECTOR('',#16174,1000.0);
#13307=CARTESIAN_POINT('',(1.71,0.67,-14.214));
#13308=VECTOR('',#16175,1000.0);
#13309=CARTESIAN_POINT('',(0.29,0.67,-14.214));
#13310=VECTOR('',#16176,1000.0);
#13311=COLOUR_RGB('',0.764705896377563,0.705882370471954,0.239215686917305);
#13312=CARTESIAN_POINT('',(0.0,0.92,-18.5999999999958));
#13313=VECTOR('',#16177,1000.0);
#13314=COLOUR_RGB('',0.764705896377563,0.705882370471954,0.239215686917305);
#13315=CARTESIAN_POINT('',(3.2,0.1,-19.84434033677));
#13316=CARTESIAN_POINT('',(3.8,0.1,-19.84434033677));
#13317=CARTESIAN_POINT('',(3.2,0.1,-19.84434033677));
#13318=VECTOR('',#16178,1000.0);
#13319=CARTESIAN_POINT('',(3.8,0.164273766011,-19.6268825344));
#13320=AXIS2_PLACEMENT_3D('',#16179,#16180,#16181);
#13321=CARTESIAN_POINT('',(3.2,0.164273766011,-19.6268825344));
#13322=CARTESIAN_POINT('',(3.2,0.164273766011,-19.6268825344));
#13323=VECTOR('',#16182,1000.0);
#13324=AXIS2_PLACEMENT_3D('',#16183,#16184,#16185);
#13325=COLOUR_RGB('',0.764705896377563,0.705882370471954,0.239215686917305);
#13326=CARTESIAN_POINT('',(3.2,0.374102662254,-19.76279366088));
#13327=CARTESIAN_POINT('',(3.8,0.374102662254,-19.76279366088));
#13328=CARTESIAN_POINT('',(3.2,0.374102662254,-19.76279366088));
#13329=VECTOR('',#16186,1000.0);
#13330=CARTESIAN_POINT('',(3.8,0.35,-19.84434033677));
#13331=AXIS2_PLACEMENT_3D('',#16187,#16188,#16189);
#13332=CARTESIAN_POINT('',(3.2,0.35,-19.84434033677));
#13333=CARTESIAN_POINT('',(3.2,0.35,-19.84434033677));
#13334=VECTOR('',#16190,1000.0);
#13335=AXIS2_PLACEMENT_3D('',#16191,#16192,#16193);
#13336=COLOUR_RGB('',0.764705896377563,0.705882370471954,0.239215686917305);
#13337=CARTESIAN_POINT('',(3.8,0.35,-21.000005));
#13338=CARTESIAN_POINT('',(3.8,0.35,0.0));
#13339=VECTOR('',#16194,1000.0);
#13340=CARTESIAN_POINT('',(3.2,0.35,-21.000005));
#13341=CARTESIAN_POINT('',(0.0,0.35,-21.000005));
#13342=VECTOR('',#16195,1000.0);
#13343=CARTESIAN_POINT('',(3.2,0.35,0.0));
#13344=VECTOR('',#16196,1000.0);
#13345=COLOUR_RGB('',0.764705896377563,0.705882370471954,0.239215686917305);
#13346=CARTESIAN_POINT('',(3.8,0.1,-21.000005));
#13347=CARTESIAN_POINT('',(3.8,2.25,-21.000005));
#13348=VECTOR('',#16197,1000.0);
#13349=CARTESIAN_POINT('',(3.2,0.1,-21.000005));
#13350=CARTESIAN_POINT('',(0.0,0.1,-21.000005));
#13351=VECTOR('',#16198,1000.0);
#13352=CARTESIAN_POINT('',(3.2,2.25,-21.000005));
#13353=VECTOR('',#16199,1000.0);
#13354=COLOUR_RGB('',0.764705896377563,0.705882370471954,0.239215686917305);
#13355=CARTESIAN_POINT('',(3.8,0.1,0.0));
#13356=VECTOR('',#16200,1000.0);
#13357=CARTESIAN_POINT('',(3.2,0.1,0.0));
#13358=VECTOR('',#16201,1000.0);
#13359=COLOUR_RGB('',0.764705896377563,0.705882370471954,0.239215686917305);
#13360=CARTESIAN_POINT('',(3.2,0.855726233989,-19.01923023765));
#13361=CARTESIAN_POINT('',(3.8,0.855726233989,-19.01923023765));
#13362=CARTESIAN_POINT('',(3.2,0.855726233989,-19.01923023765));
#13363=VECTOR('',#16202,1000.0);
#13364=CARTESIAN_POINT('',(3.8,13.1749303696886,0.0));
#13365=VECTOR('',#16203,1000.0);
#13366=CARTESIAN_POINT('',(3.2,13.1749303696886,0.0));
#13367=VECTOR('',#16204,1000.0);
#13368=COLOUR_RGB('',0.764705896377563,0.705882370471954,0.239215686917305);
#13369=CARTESIAN_POINT('',(3.8,0.64589733774438,-18.8833191111681));
#13370=CARTESIAN_POINT('',(3.8,12.8770686303442,0.0));
#13371=VECTOR('',#16205,1000.0);
#13372=CARTESIAN_POINT('',(3.2,0.64589733774438,-18.8833191111681));
#13373=CARTESIAN_POINT('',(3.2,0.645897337746,-18.88331911117));
#13374=VECTOR('',#16206,1000.0);
#13375=CARTESIAN_POINT('',(3.2,12.8770686303442,0.0));
#13376=VECTOR('',#16207,1000.0);
#13377=COLOUR_RGB('',0.764705896377563,0.705882370471954,0.239215686917305);
#13378=CARTESIAN_POINT('',(3.2,0.67,-18.80064121764));
#13379=AXIS2_PLACEMENT_3D('',#16208,#16209,#16210);
#13380=CARTESIAN_POINT('',(3.2,2.25,-18.8));
#13381=VECTOR('',#16211,1000.0);
#13382=AXIS2_PLACEMENT_3D('',#16212,#16213,#16214);
#13383=COLOUR_RGB('',0.764705896377563,0.705882370471954,0.239215686917305);
#13384=AXIS2_PLACEMENT_3D('',#16215,#16216,#16217);
#13385=CARTESIAN_POINT('',(3.8,0.66999651049563,-18.8005912189272));
#13386=CARTESIAN_POINT('',(3.8,2.25,-18.8));
#13387=VECTOR('',#16218,1000.0);
#13388=AXIS2_PLACEMENT_3D('',#16219,#16220,#16221);
#13389=COLOUR_RGB('',0.764705896377563,0.705882370471954,0.239215686917305);
#13390=COLOUR_RGB('',0.764705896377563,0.705882370471954,0.239215686917305);
#13391=CARTESIAN_POINT('',(3.04999399976,0.67,-18.80177243528));
#13392=VECTOR('',#16222,1000.0);
#13393=COLOUR_RGB('',0.764705896377563,0.705882370471954,0.239215686917305);
#13394=CARTESIAN_POINT('',(2.84,0.67,-18.8));
#13395=CARTESIAN_POINT('',(0.0,0.67,-18.8));
#13396=VECTOR('',#16223,1000.0);
#13397=CARTESIAN_POINT('',(2.84,0.92,-18.8));
#13398=CARTESIAN_POINT('',(2.84,2.25,-18.8));
#13399=VECTOR('',#16224,1000.0);
#13400=CARTESIAN_POINT('',(0.0,0.92,-18.8));
#13401=VECTOR('',#16225,1000.0);
#13402=COLOUR_RGB('',0.764705896377563,0.705882370471954,0.239215686917305);
#13403=CARTESIAN_POINT('',(4.16,0.92,-18.8));
#13404=CARTESIAN_POINT('',(0.0,0.92,-18.8));
#13405=VECTOR('',#16226,1000.0);
#13406=CARTESIAN_POINT('',(4.16,0.67,-18.8));
#13407=CARTESIAN_POINT('',(4.16,2.25,-18.8));
#13408=VECTOR('',#16227,1000.0);
#13409=CARTESIAN_POINT('',(0.0,0.67,-18.8));
#13410=VECTOR('',#16228,1000.0);
#13411=COLOUR_RGB('',0.764705896377563,0.705882370471954,0.239215686917305);
#13412=CARTESIAN_POINT('',(2.95,0.52,-14.6));
#13413=CARTESIAN_POINT('',(4.05,0.52,-14.6));
#13414=CARTESIAN_POINT('',(2.95,0.52,-14.6));
#13415=VECTOR('',#16229,1000.0);
#13416=CARTESIAN_POINT('',(4.05,-0.0299999999999996,-14.6));
#13417=CARTESIAN_POINT('',(4.05,2.25,-14.6));
#13418=VECTOR('',#16230,1000.0);
#13419=CARTESIAN_POINT('',(2.95,-0.0299999999999996,-14.6));
#13420=CARTESIAN_POINT('',(2.95,-0.0299999999999996,-14.6));
#13421=VECTOR('',#16231,1000.0);
#13422=CARTESIAN_POINT('',(2.95,2.25,-14.6));
#13423=VECTOR('',#16232,1000.0);
#13424=COLOUR_RGB('',0.764705896377563,0.705882370471954,0.239215686917305);
#13425=CARTESIAN_POINT('',(2.95,0.67,-14.75));
#13426=CARTESIAN_POINT('',(4.05,0.67,-14.75));
#13427=CARTESIAN_POINT('',(2.95,0.67,-14.75));
#13428=VECTOR('',#16233,1000.0);
#13429=AXIS2_PLACEMENT_3D('',#16234,#16235,#16236);
#13430=AXIS2_PLACEMENT_3D('',#16237,#16238,#16239);
#13431=COLOUR_RGB('',0.764705896377563,0.705882370471954,0.239215686917305);
#13432=CARTESIAN_POINT('',(2.79,0.67,-17.3400000000005));
#13433=CARTESIAN_POINT('',(2.79,0.87,-17.3400000000005));
#13434=CARTESIAN_POINT('',(2.79,0.623274413458,-17.3400000000005));
#13435=VECTOR('',#16240,1000.0);
#13436=CARTESIAN_POINT('',(2.875,0.67,-17.0));
#13437=CARTESIAN_POINT('',(7.12499999997821,0.67,0.0));
#13438=VECTOR('',#16241,1000.0);
#13439=CARTESIAN_POINT('',(2.875,0.87,-16.9999999999987));
#13440=CARTESIAN_POINT('',(2.875,2.25,-16.9999999999987));
#13441=VECTOR('',#16242,1000.0);
#13442=CARTESIAN_POINT('',(2.4358509810849,0.87,-18.756596075668));
#13443=VECTOR('',#16243,1000.0);
#13444=COLOUR_RGB('',0.764705896377563,0.705882370471954,0.239215686917305);
#13445=CARTESIAN_POINT('',(2.875,0.87,-16.45));
#13446=CARTESIAN_POINT('',(2.875,0.67,-16.45));
#13447=CARTESIAN_POINT('',(2.875,2.25,-16.45));
#13448=VECTOR('',#16244,1000.0);
#13449=CARTESIAN_POINT('',(2.875,0.87,-17.0946333304052));
#13450=VECTOR('',#16245,1000.0);
#13451=CARTESIAN_POINT('',(2.875,0.67,0.0));
#13452=VECTOR('',#16246,1000.0);
#13453=COLOUR_RGB('',0.764705896377563,0.705882370471954,0.239215686917305);
#13454=CARTESIAN_POINT('',(2.79,0.87,-16.45));
#13455=CARTESIAN_POINT('',(2.79,0.67,-16.45));
#13456=CARTESIAN_POINT('',(2.79,0.623274413458,-16.45));
#13457=VECTOR('',#16247,1000.0);
#13458=CARTESIAN_POINT('',(-4.212,0.87,-16.45));
#13459=VECTOR('',#16248,1000.0);
#13460=CARTESIAN_POINT('',(0.0,0.67,-16.45));
#13461=VECTOR('',#16249,1000.0);
#13462=COLOUR_RGB('',0.764705896377563,0.705882370471954,0.239215686917305);
#13463=CARTESIAN_POINT('',(2.95,0.87,-15.6500000000009));
#13464=CARTESIAN_POINT('',(2.95,0.87,-14.75));
#13465=CARTESIAN_POINT('',(2.95,0.87,-17.0946333304052));
#13466=VECTOR('',#16250,1000.0);
#13467=CARTESIAN_POINT('',(2.95,0.67,-15.6500000000006));
#13468=CARTESIAN_POINT('',(2.95,2.25,-15.6500000000009));
#13469=VECTOR('',#16251,1000.0);
#13470=CARTESIAN_POINT('',(2.95,0.67,0.0));
#13471=VECTOR('',#16252,1000.0);
#13472=CARTESIAN_POINT('',(2.95,-0.417298334620742,-14.3));
#13473=AXIS2_PLACEMENT_3D('',#16253,#16254,#16255);
#13474=CARTESIAN_POINT('',(2.95,-0.203205080756886,-14.3));
#13475=CARTESIAN_POINT('',(2.95,0.0632744134580004,-14.3));
#13476=VECTOR('',#16256,1000.0);
#13477=CARTESIAN_POINT('',(2.95,-0.0299999999999996,-14.4));
#13478=AXIS2_PLACEMENT_3D('',#16257,#16258,#16259);
#13479=CARTESIAN_POINT('',(2.95,0.52,-14.4));
#13480=CARTESIAN_POINT('',(2.95,0.245,-14.4));
#13481=VECTOR('',#16260,1000.0);
#13482=AXIS2_PLACEMENT_3D('',#16261,#16262,#16263);
#13483=COLOUR_RGB('',0.764705896377563,0.705882370471954,0.239215686917305);
#13484=CARTESIAN_POINT('',(2.79,0.67,-16.1071428571421));
#13485=CARTESIAN_POINT('',(2.79,0.87,-16.1071428571421));
#13486=CARTESIAN_POINT('',(2.79,0.623274413458,-16.1071428571421));
#13487=VECTOR('',#16264,1000.0);
#13488=CARTESIAN_POINT('',(8.42750000002032,0.67,0.0));
#13489=VECTOR('',#16265,1000.0);
#13490=CARTESIAN_POINT('',(1.71795842703906,0.87,-19.1701187798765));
#13491=VECTOR('',#16266,1000.0);
#13492=COLOUR_RGB('',0.764705896377563,0.705882370471954,0.239215686917305);
#13493=CARTESIAN_POINT('',(4.05,0.87,-14.75));
#13494=CARTESIAN_POINT('',(4.05,0.87,-15.6500000000009));
#13495=CARTESIAN_POINT('',(4.05,0.87,-17.0946333304052));
#13496=VECTOR('',#16267,1000.0);
#13497=CARTESIAN_POINT('',(4.05,0.52,-14.4));
#13498=AXIS2_PLACEMENT_3D('',#16268,#16269,#16270);
#13499=CARTESIAN_POINT('',(4.05,-0.03,-14.4));
#13500=CARTESIAN_POINT('',(4.05,0.245,-14.4));
#13501=VECTOR('',#16271,1000.0);
#13502=CARTESIAN_POINT('',(4.05,-0.203205080756886,-14.3));
#13503=AXIS2_PLACEMENT_3D('',#16272,#16273,#16274);
#13504=CARTESIAN_POINT('',(4.05,-0.417298334620742,-14.3));
#13505=CARTESIAN_POINT('',(4.05,0.0632744134580004,-14.3));
#13506=VECTOR('',#16275,1000.0);
#13507=AXIS2_PLACEMENT_3D('',#16276,#16277,#16278);
#13508=CARTESIAN_POINT('',(4.05,0.67,-15.6500000000006));
#13509=CARTESIAN_POINT('',(4.05,0.67,0.0));
#13510=VECTOR('',#16279,1000.0);
#13511=CARTESIAN_POINT('',(4.05,2.25,-15.6500000000009));
#13512=VECTOR('',#16280,1000.0);
#13513=COLOUR_RGB('',0.764705896377563,0.705882370471954,0.239215686917305);
#13514=CARTESIAN_POINT('',(4.21,0.87,-16.1071428571421));
#13515=CARTESIAN_POINT('',(4.21,0.67,-16.1071428571421));
#13516=CARTESIAN_POINT('',(4.21,0.946725586542,-16.1071428571421));
#13517=VECTOR('',#16281,1000.0);
#13518=CARTESIAN_POINT('',(3.59879881125734,0.87,-14.3608537464552));
#13519=VECTOR('',#16282,1000.0);
#13520=CARTESIAN_POINT('',(-1.42750000002032,0.67,0.0));
#13521=VECTOR('',#16283,1000.0);
#13522=COLOUR_RGB('',0.764705896377563,0.705882370471954,0.239215686917305);
#13523=CARTESIAN_POINT('',(2.79999399976,-0.417298334620742,-14.3));
#13524=VECTOR('',#16284,1000.0);
#13525=COLOUR_RGB('',0.764705896377563,0.705882370471954,0.239215686917305);
#13526=CARTESIAN_POINT('',(4.21,0.87,-17.3400000000005));
#13527=CARTESIAN_POINT('',(4.21,0.67,-17.3400000000005));
#13528=CARTESIAN_POINT('',(4.21,0.946725586542,-17.3400000000005));
#13529=VECTOR('',#16285,1000.0);
#13530=CARTESIAN_POINT('',(4.125,0.87,-16.9999999999987));
#13531=CARTESIAN_POINT('',(3.65685490127668,0.87,-15.127419605096));
#13532=VECTOR('',#16286,1000.0);
#13533=CARTESIAN_POINT('',(4.125,0.67,-17.0));
#13534=CARTESIAN_POINT('',(4.125,2.25,-16.9999999999987));
#13535=VECTOR('',#16287,1000.0);
#13536=CARTESIAN_POINT('',(-0.124999999978192,0.67,0.0));
#13537=VECTOR('',#16288,1000.0);
#13538=COLOUR_RGB('',0.764705896377563,0.705882370471954,0.239215686917305);
#13539=CARTESIAN_POINT('',(4.125,0.87,-16.45));
#13540=CARTESIAN_POINT('',(4.125,0.87,-17.0946333304052));
#13541=VECTOR('',#16289,1000.0);
#13542=CARTESIAN_POINT('',(4.125,0.67,-16.45));
#13543=CARTESIAN_POINT('',(4.125,2.25,-16.45));
#13544=VECTOR('',#16290,1000.0);
#13545=CARTESIAN_POINT('',(4.125,0.67,0.0));
#13546=VECTOR('',#16291,1000.0);
#13547=COLOUR_RGB('',0.764705896377563,0.705882370471954,0.239215686917305);
#13548=CARTESIAN_POINT('',(4.21,0.67,-16.45));
#13549=CARTESIAN_POINT('',(4.21,0.87,-16.45));
#13550=CARTESIAN_POINT('',(4.21,0.946725586542,-16.45));
#13551=VECTOR('',#16292,1000.0);
#13552=CARTESIAN_POINT('',(0.0,0.67,-16.45));
#13553=VECTOR('',#16293,1000.0);
#13554=CARTESIAN_POINT('',(-4.212,0.87,-16.45));
#13555=VECTOR('',#16294,1000.0);
#13556=COLOUR_RGB('',0.764705896377563,0.705882370471954,0.239215686917305);
#13557=CARTESIAN_POINT('',(4.16,0.92,-18.5392666608095));
#13558=CARTESIAN_POINT('',(4.16,0.87,-18.5392666608095));
#13559=CARTESIAN_POINT('',(4.16,0.945226644109935,-18.5392666608095));
#13560=VECTOR('',#16295,1000.0);
#13561=CARTESIAN_POINT('',(4.16,0.87,-17.8));
#13562=CARTESIAN_POINT('',(4.16,0.87,-17.0946333304052));
#13563=VECTOR('',#16296,1000.0);
#13564=CARTESIAN_POINT('',(4.16,0.67,-17.8));
#13565=CARTESIAN_POINT('',(4.16,2.25,-17.8));
#13566=VECTOR('',#16297,1000.0);
#13567=CARTESIAN_POINT('',(4.16,0.67,0.0));
#13568=VECTOR('',#16298,1000.0);
#13569=CARTESIAN_POINT('',(4.16,0.92,-18.6));
#13570=CARTESIAN_POINT('',(4.16,0.92,0.0));
#13571=VECTOR('',#16299,1000.0);
#13572=CARTESIAN_POINT('',(4.16,0.92,0.0));
#13573=VECTOR('',#16300,1000.0);
#13574=COLOUR_RGB('',0.764705896377563,0.705882370471954,0.239215686917305);
#13575=CARTESIAN_POINT('',(4.21,0.67,-17.8));
#13576=CARTESIAN_POINT('',(4.21,0.87,-17.8));
#13577=CARTESIAN_POINT('',(4.21,0.946725586542,-17.8));
#13578=VECTOR('',#16301,1000.0);
#13579=CARTESIAN_POINT('',(0.0,0.67,-17.8));
#13580=VECTOR('',#16302,1000.0);
#13581=CARTESIAN_POINT('',(-4.212,0.87,-17.8));
#13582=VECTOR('',#16303,1000.0);
#13583=COLOUR_RGB('',0.764705896377563,0.705882370471954,0.239215686917305);
#13584=CARTESIAN_POINT('',(2.84,0.87,-17.8));
#13585=CARTESIAN_POINT('',(2.84,0.67,-17.8));
#13586=CARTESIAN_POINT('',(2.84,2.25,-17.8));
#13587=VECTOR('',#16304,1000.0);
#13588=CARTESIAN_POINT('',(2.84,0.87,-18.5392666608095));
#13589=CARTESIAN_POINT('',(2.84,0.87,-17.0946333304052));
#13590=VECTOR('',#16305,1000.0);
#13591=CARTESIAN_POINT('',(2.84,0.92,-18.5392666608095));
#13592=CARTESIAN_POINT('',(2.84,0.945226644109935,-18.5392666608095));
#13593=VECTOR('',#16306,1000.0);
#13594=CARTESIAN_POINT('',(2.84,0.92,-18.6));
#13595=CARTESIAN_POINT('',(2.84,0.92,0.0));
#13596=VECTOR('',#16307,1000.0);
#13597=CARTESIAN_POINT('',(2.84,0.92,0.0));
#13598=VECTOR('',#16308,1000.0);
#13599=CARTESIAN_POINT('',(2.84,0.67,0.0));
#13600=VECTOR('',#16309,1000.0);
#13601=COLOUR_RGB('',0.764705896377563,0.705882370471954,0.239215686917305);
#13602=CARTESIAN_POINT('',(2.79,0.87,-17.8));
#13603=CARTESIAN_POINT('',(2.79,0.67,-17.8));
#13604=CARTESIAN_POINT('',(2.79,0.623274413458,-17.8));
#13605=VECTOR('',#16310,1000.0);
#13606=CARTESIAN_POINT('',(-4.212,0.87,-17.8));
#13607=VECTOR('',#16311,1000.0);
#13608=CARTESIAN_POINT('',(0.0,0.67,-17.8));
#13609=VECTOR('',#16312,1000.0);
#13610=COLOUR_RGB('',0.764705896377563,0.705882370471954,0.239215686917305);
#13611=CARTESIAN_POINT('',(2.79,0.67,-14.214));
#13612=VECTOR('',#16313,1000.0);
#13613=CARTESIAN_POINT('',(4.21,0.67,-14.214));
#13614=VECTOR('',#16314,1000.0);
#13615=CARTESIAN_POINT('',(4.21,0.67,-14.214));
#13616=VECTOR('',#16315,1000.0);
#13617=CARTESIAN_POINT('',(2.79,0.67,-14.214));
#13618=VECTOR('',#16316,1000.0);
#13619=COLOUR_RGB('',0.764705896377563,0.705882370471954,0.239215686917305);
#13620=CARTESIAN_POINT('',(0.0,0.92,-18.5999999999958));
#13621=VECTOR('',#16317,1000.0);
#13622=COLOUR_RGB('',0.764705896377563,0.705882370471954,0.239215686917305);
#13623=CARTESIAN_POINT('',(1.5,-0.33,-2.1));
#13624=CARTESIAN_POINT('',(1.5,-0.18,-2.1));
#13625=CARTESIAN_POINT('',(1.5,-0.256725586542,-2.1));
#13626=VECTOR('',#16318,1000.0);
#13627=CARTESIAN_POINT('',(1.5,-0.33,-8.645));
#13628=CARTESIAN_POINT('',(1.5,-0.33,-1.84999399976));
#13629=VECTOR('',#16319,1000.0);
#13630=CARTESIAN_POINT('',(1.5,-0.18,-8.645));
#13631=CARTESIAN_POINT('',(1.5,1.4346,-8.645));
#13632=VECTOR('',#16320,1000.0);
#13633=CARTESIAN_POINT('',(1.5,-0.18,0.0));
#13634=VECTOR('',#16321,1000.0);
#13635=COLOUR_RGB('',0.764705896377563,0.705882370471954,0.239215686917305);
#13636=CARTESIAN_POINT('',(0.5,-0.33,-8.645));
#13637=CARTESIAN_POINT('',(0.5,-0.18,-8.645));
#13638=CARTESIAN_POINT('',(0.5,1.4346,-8.645));
#13639=VECTOR('',#16322,1000.0);
#13640=CARTESIAN_POINT('',(0.5,-0.33,-2.1));
#13641=CARTESIAN_POINT('',(0.5,-0.33,-9.65000600024));
#13642=VECTOR('',#16323,1000.0);
#13643=CARTESIAN_POINT('',(0.5,-0.18,-2.1));
#13644=CARTESIAN_POINT('',(0.5,-0.256725586542,-2.1));
#13645=VECTOR('',#16324,1000.0);
#13646=CARTESIAN_POINT('',(0.5,-0.18,0.0));
#13647=VECTOR('',#16325,1000.0);
#13648=COLOUR_RGB('',0.764705896377563,0.705882370471954,0.239215686917305);
#13649=CARTESIAN_POINT('',(1.08,-0.06,-2.9));
#13650=VECTOR('',#16326,1000.0);
#13651=CARTESIAN_POINT('',(0.92,-0.06,-5.0));
#13652=AXIS2_PLACEMENT_3D('',#16327,#16328,#16329);
#13653=CARTESIAN_POINT('',(0.92,-0.06,-2.9));
#13654=CARTESIAN_POINT('',(0.92,-0.06,-5.0));
#13655=VECTOR('',#16330,1000.0);
#13656=AXIS2_PLACEMENT_3D('',#16331,#16332,#16333);
#13657=COLOUR_RGB('',0.764705896377563,0.705882370471954,0.239215686917305);
#13658=CARTESIAN_POINT('',(1.35276363393972,-0.18,-2.858));
#13659=VECTOR('',#16334,1000.0);
#13660=COLOUR_RGB('',0.764705896377563,0.705882370471954,0.239215686917305);
#13661=CARTESIAN_POINT('',(0.6472363660603,-0.18,-5.0));
#13662=AXIS2_PLACEMENT_3D('',#16335,#16336,#16337);
#13663=AXIS2_PLACEMENT_3D('',#16338,#16339,#16340);
#13664=COLOUR_RGB('',0.764705896377563,0.705882370471954,0.239215686917305);
#13665=CARTESIAN_POINT('',(0.6472363660603,-0.18,-2.9));
#13666=CARTESIAN_POINT('',(0.647236366060282,-0.18,-5.042));
#13667=VECTOR('',#16341,1000.0);
#13668=AXIS2_PLACEMENT_3D('',#16342,#16343,#16344);
#13669=COLOUR_RGB('',0.764705896377563,0.705882370471954,0.239215686917305);
#13670=AXIS2_PLACEMENT_3D('',#16345,#16346,#16347);
#13671=COLOUR_RGB('',0.764705896377563,0.705882370471954,0.239215686917305);
#13672=CARTESIAN_POINT('',(-0.3732744134578,-0.18,-2.1));
#13673=VECTOR('',#16348,1000.0);
#13674=CARTESIAN_POINT('',(-5.876,-0.18,-8.645));
#13675=VECTOR('',#16349,1000.0);
#13676=COLOUR_RGB('',0.764705896377563,0.705882370471954,0.239215686917305);
#13677=CARTESIAN_POINT('',(-3.0,-0.33,-1.1));
#13678=CARTESIAN_POINT('',(-3.0,-0.18,-1.1));
#13679=CARTESIAN_POINT('',(-3.0,-0.256725586542,-1.1));
#13680=VECTOR('',#16350,1000.0);
#13681=CARTESIAN_POINT('',(-3.0,-0.33,-8.645));
#13682=CARTESIAN_POINT('',(-3.0,-0.33,-0.83));
#13683=VECTOR('',#16351,1000.0);
#13684=CARTESIAN_POINT('',(-3.0,-0.18,-8.645));
#13685=CARTESIAN_POINT('',(-3.0,1.4346,-8.645));
#13686=VECTOR('',#16352,1000.0);
#13687=CARTESIAN_POINT('',(-3.0,-0.18,0.0));
#13688=VECTOR('',#16353,1000.0);
#13689=COLOUR_RGB('',0.764705896377563,0.705882370471954,0.239215686917305);
#13690=CARTESIAN_POINT('',(-4.0,-0.33,-8.645));
#13691=CARTESIAN_POINT('',(-4.0,-0.18,-8.645));
#13692=CARTESIAN_POINT('',(-4.0,1.4346,-8.645));
#13693=VECTOR('',#16354,1000.0);
#13694=CARTESIAN_POINT('',(-4.0,-0.33,-1.1));
#13695=CARTESIAN_POINT('',(-4.0,-0.33,-9.67));
#13696=VECTOR('',#16355,1000.0);
#13697=CARTESIAN_POINT('',(-4.0,-0.18,-1.1));
#13698=CARTESIAN_POINT('',(-4.0,-0.256725586542,-1.1));
#13699=VECTOR('',#16356,1000.0);
#13700=CARTESIAN_POINT('',(-4.0,-0.18,0.0));
#13701=VECTOR('',#16357,1000.0);
#13702=COLOUR_RGB('',0.764705896377563,0.705882370471954,0.239215686917305);
#13703=CARTESIAN_POINT('',(-3.42,-0.06,-2.9));
#13704=VECTOR('',#16358,1000.0);
#13705=CARTESIAN_POINT('',(-3.58,-0.06,-5.0));
#13706=AXIS2_PLACEMENT_3D('',#16359,#16360,#16361);
#13707=CARTESIAN_POINT('',(-3.58,-0.06,-2.9));
#13708=CARTESIAN_POINT('',(-3.58,-0.06,-5.0));
#13709=VECTOR('',#16362,1000.0);
#13710=AXIS2_PLACEMENT_3D('',#16363,#16364,#16365);
#13711=COLOUR_RGB('',0.764705896377563,0.705882370471954,0.239215686917305);
#13712=CARTESIAN_POINT('',(-3.14723636606028,-0.18,-2.858));
#13713=VECTOR('',#16366,1000.0);
#13714=COLOUR_RGB('',0.764705896377563,0.705882370471954,0.239215686917305);
#13715=CARTESIAN_POINT('',(-3.85276363394,-0.18,-5.0));
#13716=AXIS2_PLACEMENT_3D('',#16367,#16368,#16369);
#13717=AXIS2_PLACEMENT_3D('',#16370,#16371,#16372);
#13718=COLOUR_RGB('',0.764705896377563,0.705882370471954,0.239215686917305);
#13719=CARTESIAN_POINT('',(-3.85276363394,-0.18,-2.9));
#13720=CARTESIAN_POINT('',(-3.85276363393972,-0.18,-5.042));
#13721=VECTOR('',#16373,1000.0);
#13722=AXIS2_PLACEMENT_3D('',#16374,#16375,#16376);
#13723=COLOUR_RGB('',0.764705896377563,0.705882370471954,0.239215686917305);
#13724=AXIS2_PLACEMENT_3D('',#16377,#16378,#16379);
#13725=COLOUR_RGB('',0.764705896377563,0.705882370471954,0.239215686917305);
#13726=CARTESIAN_POINT('',(-2.873274413458,-0.18,-1.1));
#13727=VECTOR('',#16380,1000.0);
#13728=CARTESIAN_POINT('',(-5.876,-0.18,-8.645));
#13729=VECTOR('',#16381,1000.0);
#13730=COLOUR_RGB('',0.764705896377563,0.705882370471954,0.239215686917305);
#13731=CARTESIAN_POINT('',(-0.5,-0.33,-2.1));
#13732=CARTESIAN_POINT('',(-0.5,-0.18,-2.1));
#13733=CARTESIAN_POINT('',(-0.5,-0.256725586542,-2.1));
#13734=VECTOR('',#16382,1000.0);
#13735=CARTESIAN_POINT('',(-0.5,-0.33,-8.645));
#13736=CARTESIAN_POINT('',(-0.5,-0.33,-1.84999399976));
#13737=VECTOR('',#16383,1000.0);
#13738=CARTESIAN_POINT('',(-0.5,-0.18,-8.645));
#13739=CARTESIAN_POINT('',(-0.5,1.4346,-8.645));
#13740=VECTOR('',#16384,1000.0);
#13741=CARTESIAN_POINT('',(-0.5,-0.18,0.0));
#13742=VECTOR('',#16385,1000.0);
#13743=COLOUR_RGB('',0.764705896377563,0.705882370471954,0.239215686917305);
#13744=CARTESIAN_POINT('',(-1.5,-0.33,-8.645));
#13745=CARTESIAN_POINT('',(-1.5,-0.18,-8.645));
#13746=CARTESIAN_POINT('',(-1.5,1.4346,-8.645));
#13747=VECTOR('',#16386,1000.0);
#13748=CARTESIAN_POINT('',(-1.5,-0.33,-2.1));
#13749=CARTESIAN_POINT('',(-1.5,-0.33,-9.65000600024));
#13750=VECTOR('',#16387,1000.0);
#13751=CARTESIAN_POINT('',(-1.5,-0.18,-2.1));
#13752=CARTESIAN_POINT('',(-1.5,-0.256725586542,-2.1));
#13753=VECTOR('',#16388,1000.0);
#13754=CARTESIAN_POINT('',(-1.5,-0.18,0.0));
#13755=VECTOR('',#16389,1000.0);
#13756=COLOUR_RGB('',0.764705896377563,0.705882370471954,0.239215686917305);
#13757=CARTESIAN_POINT('',(-0.92,-0.06,-2.9));
#13758=VECTOR('',#16390,1000.0);
#13759=CARTESIAN_POINT('',(-1.08,-0.06,-5.0));
#13760=AXIS2_PLACEMENT_3D('',#16391,#16392,#16393);
#13761=CARTESIAN_POINT('',(-1.08,-0.06,-2.9));
#13762=CARTESIAN_POINT('',(-1.08,-0.06,-5.0));
#13763=VECTOR('',#16394,1000.0);
#13764=AXIS2_PLACEMENT_3D('',#16395,#16396,#16397);
#13765=COLOUR_RGB('',0.764705896377563,0.705882370471954,0.239215686917305);
#13766=CARTESIAN_POINT('',(-0.647236366060282,-0.18,-2.858));
#13767=VECTOR('',#16398,1000.0);
#13768=COLOUR_RGB('',0.764705896377563,0.705882370471954,0.239215686917305);
#13769=CARTESIAN_POINT('',(-1.35276363394,-0.18,-5.0));
#13770=AXIS2_PLACEMENT_3D('',#16399,#16400,#16401);
#13771=AXIS2_PLACEMENT_3D('',#16402,#16403,#16404);
#13772=COLOUR_RGB('',0.764705896377563,0.705882370471954,0.239215686917305);
#13773=CARTESIAN_POINT('',(-1.35276363394,-0.18,-2.9));
#13774=CARTESIAN_POINT('',(-1.35276363393972,-0.18,-5.042));
#13775=VECTOR('',#16405,1000.0);
#13776=AXIS2_PLACEMENT_3D('',#16406,#16407,#16408);
#13777=COLOUR_RGB('',0.764705896377563,0.705882370471954,0.239215686917305);
#13778=AXIS2_PLACEMENT_3D('',#16409,#16410,#16411);
#13779=COLOUR_RGB('',0.764705896377563,0.705882370471954,0.239215686917305);
#13780=CARTESIAN_POINT('',(-0.3732744134578,-0.18,-2.1));
#13781=VECTOR('',#16412,1000.0);
#13782=CARTESIAN_POINT('',(-5.876,-0.18,-8.645));
#13783=VECTOR('',#16413,1000.0);
#13784=COLOUR_RGB('',0.764705896377563,0.705882370471954,0.239215686917305);
#13785=CARTESIAN_POINT('',(4.0,-0.33,-1.1));
#13786=CARTESIAN_POINT('',(4.0,-0.18,-1.1));
#13787=CARTESIAN_POINT('',(4.0,-0.256725586542,-1.1));
#13788=VECTOR('',#16414,1000.0);
#13789=CARTESIAN_POINT('',(4.0,-0.33,-8.645));
#13790=CARTESIAN_POINT('',(4.0,-0.33,-0.83));
#13791=VECTOR('',#16415,1000.0);
#13792=CARTESIAN_POINT('',(4.0,-0.18,-8.645));
#13793=CARTESIAN_POINT('',(4.0,1.4346,-8.645));
#13794=VECTOR('',#16416,1000.0);
#13795=CARTESIAN_POINT('',(4.0,-0.18,0.0));
#13796=VECTOR('',#16417,1000.0);
#13797=COLOUR_RGB('',0.764705896377563,0.705882370471954,0.239215686917305);
#13798=CARTESIAN_POINT('',(3.0,-0.33,-8.645));
#13799=CARTESIAN_POINT('',(3.0,-0.18,-8.645));
#13800=CARTESIAN_POINT('',(3.0,1.4346,-8.645));
#13801=VECTOR('',#16418,1000.0);
#13802=CARTESIAN_POINT('',(3.0,-0.33,-1.1));
#13803=CARTESIAN_POINT('',(3.0,-0.33,-9.67));
#13804=VECTOR('',#16419,1000.0);
#13805=CARTESIAN_POINT('',(3.0,-0.18,-1.1));
#13806=CARTESIAN_POINT('',(3.0,-0.256725586542,-1.1));
#13807=VECTOR('',#16420,1000.0);
#13808=CARTESIAN_POINT('',(3.0,-0.18,0.0));
#13809=VECTOR('',#16421,1000.0);
#13810=COLOUR_RGB('',0.764705896377563,0.705882370471954,0.239215686917305);
#13811=CARTESIAN_POINT('',(3.58,-0.06,-2.9));
#13812=VECTOR('',#16422,1000.0);
#13813=CARTESIAN_POINT('',(3.42,-0.06,-5.0));
#13814=AXIS2_PLACEMENT_3D('',#16423,#16424,#16425);
#13815=CARTESIAN_POINT('',(3.42,-0.06,-2.9));
#13816=CARTESIAN_POINT('',(3.42,-0.06,-5.0));
#13817=VECTOR('',#16426,1000.0);
#13818=AXIS2_PLACEMENT_3D('',#16427,#16428,#16429);
#13819=COLOUR_RGB('',0.764705896377563,0.705882370471954,0.239215686917305);
#13820=CARTESIAN_POINT('',(3.85276363393972,-0.18,-2.858));
#13821=VECTOR('',#16430,1000.0);
#13822=COLOUR_RGB('',0.764705896377563,0.705882370471954,0.239215686917305);
#13823=CARTESIAN_POINT('',(3.14723636606,-0.18,-5.0));
#13824=AXIS2_PLACEMENT_3D('',#16431,#16432,#16433);
#13825=AXIS2_PLACEMENT_3D('',#16434,#16435,#16436);
#13826=COLOUR_RGB('',0.764705896377563,0.705882370471954,0.239215686917305);
#13827=CARTESIAN_POINT('',(3.14723636606,-0.18,-2.9));
#13828=CARTESIAN_POINT('',(3.14723636606028,-0.18,-5.042));
#13829=VECTOR('',#16437,1000.0);
#13830=AXIS2_PLACEMENT_3D('',#16438,#16439,#16440);
#13831=COLOUR_RGB('',0.764705896377563,0.705882370471954,0.239215686917305);
#13832=AXIS2_PLACEMENT_3D('',#16441,#16442,#16443);
#13833=COLOUR_RGB('',0.764705896377563,0.705882370471954,0.239215686917305);
#13834=CARTESIAN_POINT('',(-2.873274413458,-0.18,-1.1));
#13835=VECTOR('',#16444,1000.0);
#13836=CARTESIAN_POINT('',(-5.876,-0.18,-8.645));
#13837=VECTOR('',#16445,1000.0);
#13838=COLOUR_RGB('',0.701960802078247,0.701960802078247,0.701960802078247);
#13839=CARTESIAN_POINT('',(4.05628033925003,1.95,-9.45));
#13840=CARTESIAN_POINT('',(4.0,2.25,-9.45));
#13841=CARTESIAN_POINT('',(4.11657794379603,1.62858613496525,-9.45));
#13842=VECTOR('',#16446,1000.0);
#13843=CARTESIAN_POINT('',(4.00000000000007,2.25,-9.46));
#13844=CARTESIAN_POINT('',(4.0,2.25,-19.16907179677));
#13845=VECTOR('',#16447,1000.0);
#13846=CARTESIAN_POINT('',(4.05628033925,1.95,-9.46));
#13847=CARTESIAN_POINT('',(4.0,2.25,-9.46));
#13848=VECTOR('',#16448,1000.0);
#13849=CARTESIAN_POINT('',(4.05628033925,1.95,-19.176));
#13850=VECTOR('',#16449,1000.0);
#13851=COLOUR_RGB('',0.701960802078247,0.701960802078247,0.701960802078247);
#13852=CARTESIAN_POINT('',(1.94371966074994,1.95,-9.46));
#13853=CARTESIAN_POINT('',(1.94371966075,1.95,-19.176));
#13854=VECTOR('',#16450,1000.0);
#13855=CARTESIAN_POINT('',(2.0,2.25,-9.46));
#13856=CARTESIAN_POINT('',(1.99345708602193,2.21512327005169,-9.46));
#13857=VECTOR('',#16451,1000.0);
#13858=CARTESIAN_POINT('',(2.0,2.25,-19.16907179677));
#13859=VECTOR('',#16452,1000.0);
#13860=COLOUR_RGB('',0.701960802078247,0.701960802078247,0.701960802078247);
#13861=CARTESIAN_POINT('',(-4.0,2.25,-8.65));
#13862=CARTESIAN_POINT('',(-4.0,2.25,-8.65));
#13863=VECTOR('',#16453,1000.0);
#13864=CARTESIAN_POINT('',(-4.00000000000007,2.25,-8.64));
#13865=CARTESIAN_POINT('',(-4.0,2.25,-19.16907179677));
#13866=VECTOR('',#16454,1000.0);
#13867=CARTESIAN_POINT('',(-4.05628033925,1.95,-8.64));
#13868=CARTESIAN_POINT('',(-4.08856474984759,1.77790929641958,-8.64));
#13869=VECTOR('',#16455,1000.0);
#13870=CARTESIAN_POINT('',(-4.05628033925,1.95,-19.176));
#13871=VECTOR('',#16456,1000.0);
#13872=COLOUR_RGB('',0.701960802078247,0.701960802078247,0.701960802078247);
#13873=CARTESIAN_POINT('',(-1.99999999999996,2.25,-8.65));
#13874=CARTESIAN_POINT('',(-1.87860505225674,1.60290929642045,-8.65));
#13875=VECTOR('',#16457,1000.0);
#13876=CARTESIAN_POINT('',(-1.94371966074994,1.95,-8.64));
#13877=CARTESIAN_POINT('',(-1.94371966075,1.95,-19.176));
#13878=VECTOR('',#16458,1000.0);
#13879=CARTESIAN_POINT('',(-2.0,2.25,-8.64));
#13880=CARTESIAN_POINT('',(-2.0,2.25,-8.64));
#13881=VECTOR('',#16459,1000.0);
#13882=CARTESIAN_POINT('',(-2.0,2.25,-19.16907179677));
#13883=VECTOR('',#16460,1000.0);
#13884=COLOUR_RGB('',0.701960802078247,0.701960802078247,0.701960802078247);
#13885=CARTESIAN_POINT('',(-1.99999999999993,2.25,-9.46));
#13886=CARTESIAN_POINT('',(-2.0,2.25,-19.16907179677));
#13887=VECTOR('',#16461,1000.0);
#13888=CARTESIAN_POINT('',(-1.94371966075,1.95,-9.46));
#13889=CARTESIAN_POINT('',(-2.0,2.25,-9.46));
#13890=VECTOR('',#16462,1000.0);
#13891=CARTESIAN_POINT('',(-1.94371966075,1.95,-19.176));
#13892=VECTOR('',#16463,1000.0);
#13893=COLOUR_RGB('',0.701960802078247,0.701960802078247,0.701960802078247);
#13894=CARTESIAN_POINT('',(-4.05628033925007,1.95,-9.46));
#13895=CARTESIAN_POINT('',(-4.05628033925,1.95,-19.176));
#13896=VECTOR('',#16464,1000.0);
#13897=CARTESIAN_POINT('',(-4.0,2.25,-9.46));
#13898=CARTESIAN_POINT('',(-4.00654291397807,2.21512327005169,-9.46));
#13899=VECTOR('',#16465,1000.0);
#13900=CARTESIAN_POINT('',(-4.0,2.25,-19.16907179677));
#13901=VECTOR('',#16466,1000.0);
#13902=COLOUR_RGB('',0.701960802078247,0.701960802078247,0.701960802078247);
#13903=CARTESIAN_POINT('',(1.99999999999997,2.25,-8.65));
#13904=CARTESIAN_POINT('',(1.94371966074996,1.95,-8.65));
#13905=CARTESIAN_POINT('',(2.0,2.25,-8.65));
#13906=VECTOR('',#16467,1000.0);
#13907=CARTESIAN_POINT('',(1.99999999999993,2.25,-8.64));
#13908=CARTESIAN_POINT('',(2.0,2.25,-19.16907179677));
#13909=VECTOR('',#16468,1000.0);
#13910=CARTESIAN_POINT('',(1.94371966075,1.95,-8.64));
#13911=CARTESIAN_POINT('',(1.91143525015241,1.77790929641958,-8.64));
#13912=VECTOR('',#16469,1000.0);
#13913=CARTESIAN_POINT('',(1.94371966075,1.95,-19.176));
#13914=VECTOR('',#16470,1000.0);
#13915=COLOUR_RGB('',0.701960802078247,0.701960802078247,0.701960802078247);
#13916=CARTESIAN_POINT('',(4.0,2.25,-8.65));
#13917=CARTESIAN_POINT('',(4.05628033925003,1.95,-8.65));
#13918=CARTESIAN_POINT('',(4.12139494774326,1.60290929642045,-8.65));
#13919=VECTOR('',#16471,1000.0);
#13920=CARTESIAN_POINT('',(4.05628033925007,1.95,-8.64));
#13921=CARTESIAN_POINT('',(4.05628033925,1.95,-19.176));
#13922=VECTOR('',#16472,1000.0);
#13923=CARTESIAN_POINT('',(4.0,2.25,-8.64));
#13924=CARTESIAN_POINT('',(4.0,2.25,-8.64));
#13925=VECTOR('',#16473,1000.0);
#13926=CARTESIAN_POINT('',(4.0,2.25,-19.16907179677));
#13927=VECTOR('',#16474,1000.0);
#13928=COLOUR_RGB('',0.701960802078247,0.701960802078247,0.701960802078247);
#13929=CARTESIAN_POINT('',(-0.6,2.25,-13.36637791296));
#13930=CARTESIAN_POINT('',(-0.6,1.95,-13.36637791296));
#13931=CARTESIAN_POINT('',(-0.6,2.25,-13.36637791296));
#13932=VECTOR('',#16475,1000.0);
#13933=CARTESIAN_POINT('',(5.72,1.95,-13.36637791296));
#13934=VECTOR('',#16476,1000.0);
#13935=CARTESIAN_POINT('',(5.72,2.25,-13.36637791296));
#13936=VECTOR('',#16477,1000.0);
#13937=COLOUR_RGB('',0.701960802078247,0.701960802078247,0.701960802078247);
#13938=CARTESIAN_POINT('',(0.6,2.25,-13.36637791296));
#13939=CARTESIAN_POINT('',(0.6,1.95,-13.36637791296));
#13940=CARTESIAN_POINT('',(0.6,2.25,-13.36637791296));
#13941=VECTOR('',#16478,1000.0);
#13942=CARTESIAN_POINT('',(5.72,2.25,-13.36637791296));
#13943=VECTOR('',#16479,1000.0);
#13944=CARTESIAN_POINT('',(0.6,1.95,-13.36637791296));
#13945=VECTOR('',#16480,1000.0);
#13946=COLOUR_RGB('',0.701960802078247,0.701960802078247,0.701960802078247);
#13947=CARTESIAN_POINT('',(5.72,1.95,-9.46));
#13948=VECTOR('',#16481,1000.0);
#13949=CARTESIAN_POINT('',(5.72,2.25,-9.46));
#13950=VECTOR('',#16482,1000.0);
#13951=COLOUR_RGB('',0.701960802078247,0.701960802078247,0.701960802078247);
#13952=CARTESIAN_POINT('',(5.72,1.95,-8.64));
#13953=VECTOR('',#16483,1000.0);
#13954=CARTESIAN_POINT('',(5.72,2.25,-8.64));
#13955=VECTOR('',#16484,1000.0);
#13956=COLOUR_RGB('',0.701960802078247,0.701960802078247,0.701960802078247);
#13957=CARTESIAN_POINT('',(0.6,1.95,-12.45));
#13958=CARTESIAN_POINT('',(0.6,1.95,0.0));
#13959=VECTOR('',#16485,1000.0);
#13960=CARTESIAN_POINT('',(0.6,2.25,-12.45));
#13961=CARTESIAN_POINT('',(0.6,2.25,-12.45));
#13962=VECTOR('',#16486,1000.0);
#13963=CARTESIAN_POINT('',(0.6,2.25,0.0));
#13964=VECTOR('',#16487,1000.0);
#13965=COLOUR_RGB('',0.701960802078247,0.701960802078247,0.701960802078247);
#13966=CARTESIAN_POINT('',(-0.6,1.95,-12.45));
#13967=CARTESIAN_POINT('',(0.0,1.95,-12.45));
#13968=VECTOR('',#16488,1000.0);
#13969=CARTESIAN_POINT('',(-0.6,2.25,-12.45));
#13970=CARTESIAN_POINT('',(-0.6,2.25,-12.45));
#13971=VECTOR('',#16489,1000.0);
#13972=CARTESIAN_POINT('',(0.0,2.25,-12.45));
#13973=VECTOR('',#16490,1000.0);
#13974=COLOUR_RGB('',0.701960802078247,0.701960802078247,0.701960802078247);
#13975=CARTESIAN_POINT('',(6.0,0.45,-16.8));
#13976=CARTESIAN_POINT('',(6.0,2.25,-16.8));
#13977=VECTOR('',#16491,1000.0);
#13978=CARTESIAN_POINT('',(5.7,0.45,-16.8));
#13979=CARTESIAN_POINT('',(0.0,0.45,-16.8));
#13980=VECTOR('',#16492,1000.0);
#13981=CARTESIAN_POINT('',(5.7,2.25,-16.8));
#13982=VECTOR('',#16493,1000.0);
#13983=COLOUR_RGB('',0.701960802078247,0.701960802078247,0.701960802078247);
#13984=CARTESIAN_POINT('',(-0.6,1.95,0.0));
#13985=VECTOR('',#16494,1000.0);
#13986=CARTESIAN_POINT('',(-0.6,2.25,0.0));
#13987=VECTOR('',#16495,1000.0);
#13988=COLOUR_RGB('',0.701960802078247,0.701960802078247,0.701960802078247);
#13989=CARTESIAN_POINT('',(2.88714285714292,1.905,-8.65));
#13990=CARTESIAN_POINT('',(0.0,3.02777777777764,-8.65));
#13991=VECTOR('',#16496,1000.0);
#13992=CARTESIAN_POINT('',(2.88714285714292,1.905,-8.49999399976));
#13993=VECTOR('',#16497,1000.0);
#13994=CARTESIAN_POINT('',(1.99999999999994,2.25,0.0));
#13995=VECTOR('',#16498,1000.0);
#13996=COLOUR_RGB('',0.701960802078247,0.701960802078247,0.701960802078247);
#13997=CARTESIAN_POINT('',(0.6,2.25,-13.36637791296));
#13998=VECTOR('',#16499,1000.0);
#13999=COLOUR_RGB('',0.701960802078247,0.701960802078247,0.701960802078247);
#14000=CARTESIAN_POINT('',(0.6,1.95,-13.36637791296));
#14001=VECTOR('',#16500,1000.0);
#14002=COLOUR_RGB('',0.701960802078247,0.701960802078247,0.701960802078247);
#14003=CARTESIAN_POINT('',(-1.75,2.04999999999987,-7.16));
#14004=CARTESIAN_POINT('',(-1.75,1.95,-7.16));
#14005=CARTESIAN_POINT('',(-1.75,2.25,-7.16));
#14006=VECTOR('',#16501,1000.0);
#14007=CARTESIAN_POINT('',(-1.75,1.95,-5.16));
#14008=CARTESIAN_POINT('',(-1.75,1.95,0.0));
#14009=VECTOR('',#16502,1000.0);
#14010=CARTESIAN_POINT('',(-1.75,2.04999999999987,-5.16));
#14011=CARTESIAN_POINT('',(-1.75,2.25,-5.16));
#14012=VECTOR('',#16503,1000.0);
#14013=CARTESIAN_POINT('',(-1.75,2.04999999999981,0.0));
#14014=VECTOR('',#16504,1000.0);
#14015=COLOUR_RGB('',0.701960802078247,0.701960802078247,0.701960802078247);
#14016=CARTESIAN_POINT('',(-1.55000000000019,2.25,-4.96000000000019));
#14017=CARTESIAN_POINT('',(-1.55000000000019,2.25,-4.96000000000019));
#14018=VECTOR('',#16505,1000.0);
#14019=CARTESIAN_POINT('',(-1.55000000000019,2.25,-7.35999999999981));
#14020=CARTESIAN_POINT('',(-1.55000000000019,2.25,0.0));
#14021=VECTOR('',#16506,1000.0);
#14022=CARTESIAN_POINT('',(-1.55000000000019,2.25,-7.35999999999981));
#14023=VECTOR('',#16507,1000.0);
#14024=COLOUR_RGB('',0.701960802078247,0.701960802078247,0.701960802078247);
#14025=CARTESIAN_POINT('',(-4.25,2.04999999999987,-5.16));
#14026=CARTESIAN_POINT('',(0.0,2.04999999999981,-5.16));
#14027=VECTOR('',#16508,1000.0);
#14028=CARTESIAN_POINT('',(-4.44999999999981,2.25,-4.96000000000019));
#14029=CARTESIAN_POINT('',(-4.44999999999981,2.25,-4.96000000000019));
#14030=VECTOR('',#16509,1000.0);
#14031=CARTESIAN_POINT('',(0.0,2.25,-4.96000000000019));
#14032=VECTOR('',#16510,1000.0);
#14033=COLOUR_RGB('',0.701960802078247,0.701960802078247,0.701960802078247);
#14034=CARTESIAN_POINT('',(-4.25,1.95,-5.16));
#14035=CARTESIAN_POINT('',(0.0,1.95,-5.16));
#14036=VECTOR('',#16511,1000.0);
#14037=CARTESIAN_POINT('',(-4.25,2.25,-5.16));
#14038=VECTOR('',#16512,1000.0);
#14039=COLOUR_RGB('',0.701960802078247,0.701960802078247,0.701960802078247);
#14040=CARTESIAN_POINT('',(-4.25,1.95,-7.16));
#14041=CARTESIAN_POINT('',(-4.25,1.95,0.0));
#14042=VECTOR('',#16513,1000.0);
#14043=CARTESIAN_POINT('',(-4.25,2.04999999999987,-7.16));
#14044=CARTESIAN_POINT('',(-4.25,2.25,-7.16));
#14045=VECTOR('',#16514,1000.0);
#14046=CARTESIAN_POINT('',(-4.25,2.04999999999981,0.0));
#14047=VECTOR('',#16515,1000.0);
#14048=COLOUR_RGB('',0.701960802078247,0.701960802078247,0.701960802078247);
#14049=CARTESIAN_POINT('',(-4.44999999999981,2.25,-7.35999999999981));
#14050=CARTESIAN_POINT('',(-4.44999999999981,2.25,-7.35999999999981));
#14051=VECTOR('',#16516,1000.0);
#14052=CARTESIAN_POINT('',(-4.44999999999981,2.25,0.0));
#14053=VECTOR('',#16517,1000.0);
#14054=COLOUR_RGB('',0.701960802078247,0.701960802078247,0.701960802078247);
#14055=CARTESIAN_POINT('',(0.0,2.25,-7.35999999999981));
#14056=VECTOR('',#16518,1000.0);
#14057=CARTESIAN_POINT('',(0.0,2.04999999999981,-7.16));
#14058=VECTOR('',#16519,1000.0);
#14059=COLOUR_RGB('',0.701960802078247,0.701960802078247,0.701960802078247);
#14060=CARTESIAN_POINT('',(0.0,1.95,-7.16));
#14061=VECTOR('',#16520,1000.0);
#14062=COLOUR_RGB('',0.701960802078247,0.701960802078247,0.701960802078247);
#14063=CARTESIAN_POINT('',(-5.999999850126,-1.750002219782,-0.3464099019578));
#14064=CARTESIAN_POINT('',(-6.0,-1.75,-14.8));
#14065=CARTESIAN_POINT('',(-5.999999850126,-1.750002219782,-0.3464099019578));
#14066=VECTOR('',#16521,1000.0);
#14067=CARTESIAN_POINT('',(-5.5,-2.25,-14.8));
#14068=AXIS2_PLACEMENT_3D('',#16522,#16523,#16524);
#14069=CARTESIAN_POINT('',(-5.5,-2.25,-0.3464101615138));
#14070=CARTESIAN_POINT('',(-5.5,-2.25,-0.3464101615138));
#14071=VECTOR('',#16525,1000.0);
#14072=AXIS2_PLACEMENT_3D('',#16526,#16527,#16528);
#14073=COLOUR_RGB('',0.701960802078247,0.701960802078247,0.701960802078247);
#14074=CARTESIAN_POINT('',(-5.5,-1.95980762113539,-14.6098076211354));
#14075=CARTESIAN_POINT('',(-5.5,-2.15000000000071,-14.8));
#14076=CARTESIAN_POINT('',(-5.5,-1.95,-14.6));
#14077=VECTOR('',#16529,1000.0);
#14078=CARTESIAN_POINT('',(-5.35,-2.0,-14.6500000000002));
#14079=AXIS2_PLACEMENT_3D('',#16530,#16531,#16532);
#14080=CARTESIAN_POINT('',(-0.0099999999999998,-2.0,-14.6499999999998));
#14081=CARTESIAN_POINT('',(-5.564,-2.0,-14.6500000000002));
#14082=VECTOR('',#16533,1000.0);
#14083=CARTESIAN_POINT('',(-0.01,-2.14999999930732,-14.7999999996541));
#14084=CARTESIAN_POINT('',(-0.01,12.6499999998221,0.0));
#14085=VECTOR('',#16534,1000.0);
#14086=CARTESIAN_POINT('',(0.0,-2.14999999999829,-14.8));
#14087=VECTOR('',#16535,1000.0);
#14088=COLOUR_RGB('',0.701960802078247,0.701960802078247,0.701960802078247);
#14089=CARTESIAN_POINT('',(-0.01,-2.0,-11.58905989232));
#14090=CARTESIAN_POINT('',(-0.00999999999999959,-2.0,0.296));
#14091=VECTOR('',#16536,1000.0);
#14092=CARTESIAN_POINT('',(-0.01,-2.25,-11.58905989232));
#14093=CARTESIAN_POINT('',(-0.01,-1.95,-11.58905989232));
#14094=VECTOR('',#16537,1000.0);
#14095=CARTESIAN_POINT('',(-0.01,-2.25,-14.8));
#14096=CARTESIAN_POINT('',(-0.01,-2.25,0.0));
#14097=VECTOR('',#16538,1000.0);
#14098=CARTESIAN_POINT('',(-0.01,2.25,-14.8));
#14099=VECTOR('',#16539,1000.0);
#14100=COLOUR_RGB('',0.701960802078247,0.701960802078247,0.701960802078247);
#14101=CARTESIAN_POINT('',(0.215000000000245,-2.0,-11.4591560817597));
#14102=CARTESIAN_POINT('',(-0.00999999999999932,-2.0,-11.58905989232));
#14103=CARTESIAN_POINT('',(-0.00726323987022346,-2.0,-11.5494013251766));
#14104=CARTESIAN_POINT('',(0.01336042785433,-2.0,-11.48672291447));
#14105=CARTESIAN_POINT('',(0.1146933635082,-2.0,-11.4282183168));
#14106=CARTESIAN_POINT('',(0.179286293311849,-2.0,-11.4416969019848));
#14107=CARTESIAN_POINT('',(0.215000000001141,-2.0,-11.4591560817578));
#14108=CARTESIAN_POINT('',(0.2150000000001,-2.25,-11.45915608176));
#14109=CARTESIAN_POINT('',(0.2150000000001,-1.95,-11.45915608176));
#14110=VECTOR('',#16540,1000.0);
#14111=CARTESIAN_POINT('',(-0.01,-2.25,-11.58905989232));
#14112=CARTESIAN_POINT('',(-0.007263239870222,-2.25,-11.54940132518));
#14113=CARTESIAN_POINT('',(0.01336042785433,-2.25,-11.48672291447));
#14114=CARTESIAN_POINT('',(0.1146933635082,-2.25,-11.4282183168));
#14115=CARTESIAN_POINT('',(0.1792862933113,-2.25,-11.44169690198));
#14116=CARTESIAN_POINT('',(0.2150000000001,-2.25,-11.45915608176));
#14117=COLOUR_RGB('',0.701960802078247,0.701960802078247,0.701960802078247);
#14118=CARTESIAN_POINT('',(0.7649999999999,-2.0,-11.77669872981));
#14119=CARTESIAN_POINT('',(-9.20938189612398,-2.0,-6.0179866571347));
#14120=VECTOR('',#16541,1000.0);
#14121=CARTESIAN_POINT('',(0.7649999999999,-2.25,-11.77669872981));
#14122=CARTESIAN_POINT('',(0.7649999999999,-1.95,-11.77669872981));
#14123=VECTOR('',#16542,1000.0);
#14124=CARTESIAN_POINT('',(0.0,-2.25,-11.3350257738846));
#14125=VECTOR('',#16543,1000.0);
#14126=COLOUR_RGB('',0.701960802078247,0.701960802078247,0.701960802078247);
#14127=CARTESIAN_POINT('',(0.99,-2.0,-11.64679491924));
#14128=CARTESIAN_POINT('',(0.989999999999984,-2.0,-11.64679491924));
#14129=CARTESIAN_POINT('',(0.987263239870191,-2.0,-11.6864534863834));
#14130=CARTESIAN_POINT('',(0.9666395721457,-2.0,-11.74913189709));
#14131=CARTESIAN_POINT('',(0.8653066364918,-2.0,-11.80763649477));
#14132=CARTESIAN_POINT('',(0.800713706688722,-2.0,-11.7941579095854));
#14133=CARTESIAN_POINT('',(0.76500000000012,-2.0,-11.7766987298095));
#14134=CARTESIAN_POINT('',(0.99,-2.25,-11.64679491924));
#14135=CARTESIAN_POINT('',(0.99,-1.95,-11.64679491924));
#14136=VECTOR('',#16544,1000.0);
#14137=CARTESIAN_POINT('',(0.99,-2.25,-11.64679491924));
#14138=CARTESIAN_POINT('',(0.9872632398702,-2.25,-11.68645348639));
#14139=CARTESIAN_POINT('',(0.9666395721457,-2.25,-11.74913189709));
#14140=CARTESIAN_POINT('',(0.8653066364918,-2.25,-11.80763649477));
#14141=CARTESIAN_POINT('',(0.8007137066887,-2.25,-11.79415790959));
#14142=CARTESIAN_POINT('',(0.7649999999999,-2.25,-11.77669872981));
#14143=COLOUR_RGB('',0.701960802078247,0.701960802078247,0.701960802078247);
#14144=CARTESIAN_POINT('',(0.99,-2.0,-9.686794919242));
#14145=CARTESIAN_POINT('',(0.99,-2.0,0.296));
#14146=VECTOR('',#16545,1000.0);
#14147=CARTESIAN_POINT('',(0.99,-2.25,-9.686794919242));
#14148=CARTESIAN_POINT('',(0.99,-1.95,-9.686794919242));
#14149=VECTOR('',#16546,1000.0);
#14150=CARTESIAN_POINT('',(0.99,-2.25,0.0));
#14151=VECTOR('',#16547,1000.0);
#14152=COLOUR_RGB('',0.701960802078247,0.701960802078247,0.701960802078247);
#14153=CARTESIAN_POINT('',(0.764999999999709,-2.0,-9.55689110867467));
#14154=CARTESIAN_POINT('',(0.764999999999773,-2.0,-9.55689110867479));
#14155=CARTESIAN_POINT('',(0.800713706688566,-2.0,-9.5394319288996));
#14156=CARTESIAN_POINT('',(0.8653066364918,-2.0,-9.525953343715));
#14157=CARTESIAN_POINT('',(0.9666395721457,-2.0,-9.584457941392));
#14158=CARTESIAN_POINT('',(0.987263239870223,-2.0,-9.64713635209847));
#14159=CARTESIAN_POINT('',(0.990000000000004,-2.0,-9.686794919242));
#14160=CARTESIAN_POINT('',(0.7649999999999,-2.25,-9.556891108675));
#14161=CARTESIAN_POINT('',(0.7649999999999,-1.95,-9.556891108675));
#14162=VECTOR('',#16548,1000.0);
#14163=CARTESIAN_POINT('',(0.7649999999999,-2.25,-9.556891108675));
#14164=CARTESIAN_POINT('',(0.8007137066887,-2.25,-9.539431928899));
#14165=CARTESIAN_POINT('',(0.8653066364918,-2.25,-9.525953343715));
#14166=CARTESIAN_POINT('',(0.9666395721457,-2.25,-9.584457941392));
#14167=CARTESIAN_POINT('',(0.9872632398702,-2.25,-9.647136352099));
#14168=CARTESIAN_POINT('',(0.99,-2.25,-9.686794919242));
#14169=COLOUR_RGB('',0.701960802078247,0.701960802078247,0.701960802078247);
#14170=CARTESIAN_POINT('',(0.2150000000001,-2.0,-9.874433756729));
#14171=CARTESIAN_POINT('',(0.284677000424865,-2.0,-9.83420572177723));
#14172=VECTOR('',#16549,1000.0);
#14173=CARTESIAN_POINT('',(0.2150000000001,-2.25,-9.874433756729));
#14174=CARTESIAN_POINT('',(0.2150000000001,-1.95,-9.874433756729));
#14175=VECTOR('',#16550,1000.0);
#14176=CARTESIAN_POINT('',(0.0,-2.25,-9.99856406460491));
#14177=VECTOR('',#16551,1000.0);
#14178=COLOUR_RGB('',0.701960802078247,0.701960802078247,0.701960802078247);
#14179=CARTESIAN_POINT('',(-0.0099999999999998,-2.0,-9.744529946162));
#14180=CARTESIAN_POINT('',(0.215000000000204,-2.0,-9.87443375672922));
#14181=CARTESIAN_POINT('',(0.179286293311424,-2.0,-9.89189293650441));
#14182=CARTESIAN_POINT('',(0.1146933635082,-2.0,-9.905371521689));
#14183=CARTESIAN_POINT('',(0.01336042785433,-2.0,-9.846866924012));
#14184=CARTESIAN_POINT('',(-0.00726323987015346,-2.0,-9.784188513305));
#14185=CARTESIAN_POINT('',(-0.00999999999996227,-2.0,-9.74452994616198));
#14186=CARTESIAN_POINT('',(-0.01,-2.25,-9.744529946162));
#14187=CARTESIAN_POINT('',(-0.01,-1.95,-9.744529946162));
#14188=VECTOR('',#16552,1000.0);
#14189=CARTESIAN_POINT('',(0.2150000000001,-2.25,-9.874433756729));
#14190=CARTESIAN_POINT('',(0.1792862933113,-2.25,-9.891892936504));
#14191=CARTESIAN_POINT('',(0.1146933635082,-2.25,-9.905371521689));
#14192=CARTESIAN_POINT('',(0.01336042785433,-2.25,-9.846866924012));
#14193=CARTESIAN_POINT('',(-0.007263239870222,-2.25,-9.784188513305));
#14194=CARTESIAN_POINT('',(-0.01,-2.25,-9.744529946162));
#14195=COLOUR_RGB('',0.701960802078247,0.701960802078247,0.701960802078247);
#14196=CARTESIAN_POINT('',(-0.01,-2.0,-3.804529946162));
#14197=CARTESIAN_POINT('',(-0.00999999999999959,-2.0,0.296));
#14198=VECTOR('',#16553,1000.0);
#14199=CARTESIAN_POINT('',(-0.01,-2.25,-3.804529946162));
#14200=CARTESIAN_POINT('',(-0.01,-1.95,-3.804529946162));
#14201=VECTOR('',#16554,1000.0);
#14202=CARTESIAN_POINT('',(-0.01,-2.25,0.0));
#14203=VECTOR('',#16555,1000.0);
#14204=COLOUR_RGB('',0.701960802078247,0.701960802078247,0.701960802078247);
#14205=CARTESIAN_POINT('',(0.215000000000071,-2.0,-3.67462613559406));
#14206=CARTESIAN_POINT('',(-0.0100000000000315,-2.0,-3.80452994616198));
#14207=CARTESIAN_POINT('',(-0.00726323987028415,-2.0,-3.76487137901856));
#14208=CARTESIAN_POINT('',(0.01336042785433,-2.0,-3.702192968311));
#14209=CARTESIAN_POINT('',(0.1146933635082,-2.0,-3.643688370634));
#14210=CARTESIAN_POINT('',(0.179286293311393,-2.0,-3.65716695581866));
#14211=CARTESIAN_POINT('',(0.215000000000132,-2.0,-3.67462613559394));
#14212=CARTESIAN_POINT('',(0.2150000000001,-2.25,-3.674626135594));
#14213=CARTESIAN_POINT('',(0.2150000000001,-1.95,-3.674626135594));
#14214=VECTOR('',#16556,1000.0);
#14215=CARTESIAN_POINT('',(-0.01,-2.25,-3.804529946162));
#14216=CARTESIAN_POINT('',(-0.007263239870222,-2.25,-3.764871379018));
#14217=CARTESIAN_POINT('',(0.01336042785433,-2.25,-3.702192968311));
#14218=CARTESIAN_POINT('',(0.1146933635082,-2.25,-3.643688370634));
#14219=CARTESIAN_POINT('',(0.1792862933113,-2.25,-3.657166955819));
#14220=CARTESIAN_POINT('',(0.2150000000001,-2.25,-3.674626135594));
#14221=COLOUR_RGB('',0.701960802078247,0.701960802078247,0.701960802078247);
#14222=CARTESIAN_POINT('',(0.7649999999999,-2.0,-3.992168783648));
#14223=CARTESIAN_POINT('',(-5.83858155117511,-2.0,-0.179589197455515));
#14224=VECTOR('',#16557,1000.0);
#14225=CARTESIAN_POINT('',(0.7649999999999,-2.25,-3.992168783648));
#14226=CARTESIAN_POINT('',(0.7649999999999,-1.95,-3.992168783648));
#14227=VECTOR('',#16558,1000.0);
#14228=CARTESIAN_POINT('',(0.0,-2.25,-3.55049582771809));
#14229=VECTOR('',#16559,1000.0);
#14230=COLOUR_RGB('',0.701960802078247,0.701960802078247,0.701960802078247);
#14231=CARTESIAN_POINT('',(0.99,-2.0,-3.862264973081));
#14232=CARTESIAN_POINT('',(0.989999999999984,-2.0,-3.862264973081));
#14233=CARTESIAN_POINT('',(0.987263239870191,-2.0,-3.9019235402244));
#14234=CARTESIAN_POINT('',(0.9666395721457,-2.0,-3.964601950931));
#14235=CARTESIAN_POINT('',(0.8653066364918,-2.0,-4.023106548608));
#14236=CARTESIAN_POINT('',(0.800713706688607,-2.0,-4.00962796342334));
#14237=CARTESIAN_POINT('',(0.764999999999868,-2.0,-3.99216878364806));
#14238=CARTESIAN_POINT('',(0.99,-2.25,-3.862264973081));
#14239=CARTESIAN_POINT('',(0.99,-1.95,-3.862264973081));
#14240=VECTOR('',#16560,1000.0);
#14241=CARTESIAN_POINT('',(0.99,-2.25,-3.862264973081));
#14242=CARTESIAN_POINT('',(0.9872632398702,-2.25,-3.901923540224));
#14243=CARTESIAN_POINT('',(0.9666395721457,-2.25,-3.964601950931));
#14244=CARTESIAN_POINT('',(0.8653066364918,-2.25,-4.023106548608));
#14245=CARTESIAN_POINT('',(0.8007137066887,-2.25,-4.009627963424));
#14246=CARTESIAN_POINT('',(0.7649999999999,-2.25,-3.992168783648));
#14247=COLOUR_RGB('',0.701960802078247,0.701960802078247,0.701960802078247);
#14248=CARTESIAN_POINT('',(0.99,-2.0,-1.902264973081));
#14249=CARTESIAN_POINT('',(0.99,-2.0,0.296));
#14250=VECTOR('',#16561,1000.0);
#14251=CARTESIAN_POINT('',(0.99,-2.25,-1.902264973081));
#14252=CARTESIAN_POINT('',(0.99,-1.95,-1.902264973081));
#14253=VECTOR('',#16562,1000.0);
#14254=CARTESIAN_POINT('',(0.99,-2.25,0.0));
#14255=VECTOR('',#16563,1000.0);
#14256=COLOUR_RGB('',0.701960802078247,0.701960802078247,0.701960802078247);
#14257=CARTESIAN_POINT('',(0.765000000000022,-2.0,-1.77236116251304));
#14258=CARTESIAN_POINT('',(0.765000000000052,-2.0,-1.7723611625131));
#14259=CARTESIAN_POINT('',(0.800713706688729,-2.0,-1.75490198273758));
#14260=CARTESIAN_POINT('',(0.8653066364918,-2.0,-1.741423397553));
#14261=CARTESIAN_POINT('',(0.9666395721457,-2.0,-1.799927995231));
#14262=CARTESIAN_POINT('',(0.987263239870264,-2.0,-1.8626064059376));
#14263=CARTESIAN_POINT('',(0.990000000000026,-2.0,-1.90226497308099));
#14264=CARTESIAN_POINT('',(0.765,-2.25,-1.772361162513));
#14265=CARTESIAN_POINT('',(0.765,-1.95,-1.772361162513));
#14266=VECTOR('',#16564,1000.0);
#14267=CARTESIAN_POINT('',(0.765,-2.25,-1.772361162513));
#14268=CARTESIAN_POINT('',(0.8007137066887,-2.25,-1.754901982738));
#14269=CARTESIAN_POINT('',(0.8653066364918,-2.25,-1.741423397553));
#14270=CARTESIAN_POINT('',(0.9666395721457,-2.25,-1.799927995231));
#14271=CARTESIAN_POINT('',(0.9872632398702,-2.25,-1.862606405938));
#14272=CARTESIAN_POINT('',(0.99,-2.25,-1.902264973081));
#14273=COLOUR_RGB('',0.701960802078247,0.701960802078247,0.701960802078247);
#14274=CARTESIAN_POINT('',(0.215,-2.0,-2.089903810568));
#14275=CARTESIAN_POINT('',(-3.08612334452677,-2.0,-3.99580826216163));
#14276=VECTOR('',#16565,1000.0);
#14277=CARTESIAN_POINT('',(0.215,-2.25,-2.089903810568));
#14278=CARTESIAN_POINT('',(0.215,-1.95,-2.089903810568));
#14279=VECTOR('',#16566,1000.0);
#14280=CARTESIAN_POINT('',(0.0,-2.25,-2.21403411844387));
#14281=VECTOR('',#16567,1000.0);
#14282=COLOUR_RGB('',0.701960802078247,0.701960802078247,0.701960802078247);
#14283=CARTESIAN_POINT('',(-0.01,-2.0,-1.96));
#14284=CARTESIAN_POINT('',(0.214999999999756,-2.0,-2.08990381056748));
#14285=CARTESIAN_POINT('',(0.179286293311184,-2.0,-2.10736299034266));
#14286=CARTESIAN_POINT('',(0.1146933635082,-2.0,-2.120841575528));
#14287=CARTESIAN_POINT('',(0.01336042785432,-2.0,-2.06233697785));
#14288=CARTESIAN_POINT('',(-0.00726323987023228,-2.0,-1.99965856714353));
#14289=CARTESIAN_POINT('',(-0.0100000000000048,-2.0,-1.96));
#14290=CARTESIAN_POINT('',(-0.01,-2.25,-1.96));
#14291=CARTESIAN_POINT('',(-0.01,-1.95,-1.96));
#14292=VECTOR('',#16568,1000.0);
#14293=CARTESIAN_POINT('',(0.215,-2.25,-2.089903810568));
#14294=CARTESIAN_POINT('',(0.1792862933113,-2.25,-2.107362990343));
#14295=CARTESIAN_POINT('',(0.1146933635082,-2.25,-2.120841575528));
#14296=CARTESIAN_POINT('',(0.01336042785432,-2.25,-2.06233697785));
#14297=CARTESIAN_POINT('',(-0.007263239870223,-2.25,-1.999658567143));
#14298=CARTESIAN_POINT('',(-0.01,-2.25,-1.96));
#14299=COLOUR_RGB('',0.701960802078247,0.701960802078247,0.701960802078247);
#14300=CARTESIAN_POINT('',(-0.01,-1.95,-0.001));
#14301=CARTESIAN_POINT('',(-0.00999999999999959,-2.0,-0.00099999999999997));
#14302=CARTESIAN_POINT('',(-0.00999999999999959,-0.296671446506999,-0.001));
#14303=VECTOR('',#16569,1000.0);
#14304=CARTESIAN_POINT('',(-0.01,-1.95,0.0));
#14305=CARTESIAN_POINT('',(-0.01,-1.95,0.0));
#14306=VECTOR('',#16570,1000.0);
#14307=CARTESIAN_POINT('',(-0.01,-2.05,-1.4084199363161E-15));
#14308=CARTESIAN_POINT('',(-0.01,2.25,0.0));
#14309=VECTOR('',#16571,1000.0);
#14310=CARTESIAN_POINT('',(-0.01,-2.25,-0.346410161513771));
#14311=CARTESIAN_POINT('',(-0.01,-2.05,0.0));
#14312=VECTOR('',#16572,1000.0);
#14313=CARTESIAN_POINT('',(-0.01,-2.25,0.0));
#14314=VECTOR('',#16573,1000.0);
#14315=CARTESIAN_POINT('',(-0.00999999999999959,-2.0,0.296));
#14316=VECTOR('',#16574,1000.0);
#14317=COLOUR_RGB('',0.701960802078247,0.701960802078247,0.701960802078247);
#14318=CARTESIAN_POINT('',(0.0,-2.25,-0.346410161513776));
#14319=VECTOR('',#16575,1000.0);
#14320=CARTESIAN_POINT('',(-5.5,-2.05,0.0));
#14321=CARTESIAN_POINT('',(0.0,-2.05,0.0));
#14322=VECTOR('',#16576,1000.0);
#14323=CARTESIAN_POINT('',(-5.5,-2.05,0.0));
#14324=VECTOR('',#16577,1000.0);
#14325=COLOUR_RGB('',0.701960802078247,0.701960802078247,0.701960802078247);
#14326=CARTESIAN_POINT('',(-5.799999910075,-1.750001331869,1.557335983157E-07));
#14327=AXIS2_PLACEMENT_3D('',#16578,#16579,#16580);
#14328=CARTESIAN_POINT('',(-5.799999910075,-1.750001331869,1.557335983157E-07));
#14329=VECTOR('',#16581,1000.0);
#14330=COLOUR_RGB('',0.701960802078247,0.701960802078247,0.701960802078247);
#14331=CARTESIAN_POINT('',(3.11285714285706,1.9025,-9.45));
#14332=CARTESIAN_POINT('',(-3.25000600024,1.905,-9.45));
#14333=VECTOR('',#16582,1000.0);
#14334=CARTESIAN_POINT('',(3.11285714285706,1.905,-8.65));
#14335=CARTESIAN_POINT('',(-3.25000600024,1.905,-8.65));
#14336=VECTOR('',#16583,1000.0);
#14337=CARTESIAN_POINT('',(3.11285714285708,1.905,-9.60000600024));
#14338=VECTOR('',#16584,1000.0);
#14339=COLOUR_RGB('',0.701960802078247,0.701960802078247,0.701960802078247);
#14340=CARTESIAN_POINT('',(-5.51690524980696,-1.94928425057933,-14.6000000000048));
#14341=CARTESIAN_POINT('',(-5.51690524980718,-1.94928425058011,-0.161322892051062));
#14342=CARTESIAN_POINT('',(-5.51690524980697,-1.94928425057933,-7.30000000000111));
#14343=VECTOR('',#16585,1000.0);
#14344=CARTESIAN_POINT('',(-5.69999996709536,-1.75000135314412,-14.5999999835546));
#14345=AXIS2_PLACEMENT_3D('',#16586,#16587,#16588);
#14346=CARTESIAN_POINT('',(-5.7,-1.75,0.0));
#14347=CARTESIAN_POINT('',(-5.7,-1.75,0.0));
#14348=VECTOR('',#16589,1000.0);
#14349=CARTESIAN_POINT('',(-5.5,-1.95,0.0));
#14350=AXIS2_PLACEMENT_3D('',#16590,#16591,#16592);
#14351=CARTESIAN_POINT('',(-5.5,-1.95,-0.143928578572857));
#14352=CARTESIAN_POINT('',(-5.5,-1.95,0.0));
#14353=VECTOR('',#16593,1000.0);
#14354=CARTESIAN_POINT('',(-5.51690524980662,-1.94928425057936,-0.161322892051377));
#14355=CARTESIAN_POINT('',(-5.51144476409631,-1.94974746267329,-0.155424699836692));
#14356=CARTESIAN_POINT('',(-5.50581289989784,-1.95000000000001,-0.149626360143028));
#14357=CARTESIAN_POINT('',(-5.5,-1.95,-0.143928578572857));
#14358=COLOUR_RGB('',0.701960802078247,0.701960802078247,0.701960802078247);
#14359=CARTESIAN_POINT('',(-5.5000000000015,-1.95980762113452,-14.6098076211389));
#14360=CARTESIAN_POINT('',(-5.50573399363988,-1.95649709836382,-14.6064970983684));
#14361=CARTESIAN_POINT('',(-5.51136884822962,-1.95299108117995,-14.6032255935375));
#14362=CARTESIAN_POINT('',(-5.51690524980697,-1.94928425057933,-14.6000000000048));
#14363=CARTESIAN_POINT('',(-5.89999995612835,-1.750000902096,-14.79999995614));
#14364=AXIS2_PLACEMENT_3D('',#16594,#16595,#16596);
#14365=CARTESIAN_POINT('',(-5.699999934193,-1.750001353144,-14.59999993421));
#14366=VECTOR('',#16597,1000.0);
#14367=COLOUR_RGB('',0.701960802078247,0.701960802078247,0.701960802078247);
#14368=CARTESIAN_POINT('',(-2.88714285714292,1.905,-8.65));
#14369=CARTESIAN_POINT('',(-2.88714285714292,1.905,-9.60000600024));
#14370=VECTOR('',#16598,1000.0);
#14371=CARTESIAN_POINT('',(0.0,3.02777777777764,-8.65));
#14372=VECTOR('',#16599,1000.0);
#14373=CARTESIAN_POINT('',(-1.99999999999994,2.25,0.0));
#14374=VECTOR('',#16600,1000.0);
#14375=COLOUR_RGB('',0.701960802078247,0.701960802078247,0.701960802078247);
#14376=CARTESIAN_POINT('',(5.72,1.95,-9.46));
#14377=VECTOR('',#16601,1000.0);
#14378=CARTESIAN_POINT('',(5.72,2.25,-9.46));
#14379=VECTOR('',#16602,1000.0);
#14380=COLOUR_RGB('',0.701960802078247,0.701960802078247,0.701960802078247);
#14381=CARTESIAN_POINT('',(5.72,1.95,-8.64));
#14382=VECTOR('',#16603,1000.0);
#14383=CARTESIAN_POINT('',(5.72,2.25,-8.64));
#14384=VECTOR('',#16604,1000.0);
#14385=COLOUR_RGB('',0.701960802078247,0.701960802078247,0.701960802078247);
#14386=CARTESIAN_POINT('',(-3.25000600024,1.905,-9.45));
#14387=VECTOR('',#16605,1000.0);
#14388=CARTESIAN_POINT('',(-3.11285714285706,1.905,-8.65));
#14389=CARTESIAN_POINT('',(-3.11285714285708,1.905,-8.49999399976));
#14390=VECTOR('',#16606,1000.0);
#14391=CARTESIAN_POINT('',(-3.25000600024,1.905,-8.65));
#14392=VECTOR('',#16607,1000.0);
#14393=COLOUR_RGB('',0.701960802078247,0.701960802078247,0.701960802078247);
#14394=CARTESIAN_POINT('',(-6.0,-0.55,-18.8));
#14395=AXIS2_PLACEMENT_3D('',#16608,#16609,#16610);
#14396=CARTESIAN_POINT('',(-5.7,-0.55,-18.8));
#14397=CARTESIAN_POINT('',(-5.7,-0.55,-18.8));
#14398=VECTOR('',#16611,1000.0);
#14399=AXIS2_PLACEMENT_3D('',#16612,#16613,#16614);
#14400=COLOUR_RGB('',0.701960802078247,0.701960802078247,0.701960802078247);
#14401=CARTESIAN_POINT('',(-5.7,0.45,-16.8));
#14402=CARTESIAN_POINT('',(-5.7,2.25,-16.8));
#14403=VECTOR('',#16615,1000.0);
#14404=CARTESIAN_POINT('',(-6.0,0.45,-16.8));
#14405=CARTESIAN_POINT('',(0.0,0.45,-16.8));
#14406=VECTOR('',#16616,1000.0);
#14407=CARTESIAN_POINT('',(-6.0,2.25,-16.8));
#14408=VECTOR('',#16617,1000.0);
#14409=COLOUR_RGB('',0.701960802078247,0.701960802078247,0.701960802078247);
#14410=CARTESIAN_POINT('',(-6.0,0.45,-14.8));
#14411=CARTESIAN_POINT('',(-6.0,0.45,0.0));
#14412=VECTOR('',#16618,1000.0);
#14413=CARTESIAN_POINT('',(-5.70000000000016,0.45,-14.5999999999995));
#14414=CARTESIAN_POINT('',(-5.7,0.45,0.0));
#14415=VECTOR('',#16619,1000.0);
#14416=CARTESIAN_POINT('',(-5.89999999999903,0.45,-14.8));
#14417=CARTESIAN_POINT('',(8.89999999985729,0.45,0.0));
#14418=VECTOR('',#16620,1000.0);
#14419=CARTESIAN_POINT('',(0.0,0.45,-14.8));
#14420=VECTOR('',#16621,1000.0);
#14421=COLOUR_RGB('',0.701960802078247,0.701960802078247,0.701960802078247);
#14422=CARTESIAN_POINT('',(-6.0,2.25,-14.8));
#14423=VECTOR('',#16622,1000.0);
#14424=CARTESIAN_POINT('',(-5.89999999999903,2.25,-14.8));
#14425=VECTOR('',#16623,1000.0);
#14426=CARTESIAN_POINT('',(0.0,-2.25,-14.8));
#14427=VECTOR('',#16624,1000.0);
#14428=COLOUR_RGB('',0.701960802078247,0.701960802078247,0.701960802078247);
#14429=CARTESIAN_POINT('',(-5.7,2.25,-14.599999999999));
#14430=VECTOR('',#16625,1000.0);
#14431=COLOUR_RGB('',0.701960802078247,0.701960802078247,0.701960802078247);
#14432=CARTESIAN_POINT('',(-5.7,1.75,-18.8));
#14433=CARTESIAN_POINT('',(-5.7,2.25,-18.8));
#14434=VECTOR('',#16626,1000.0);
#14435=CARTESIAN_POINT('',(-5.7,1.75,0.0));
#14436=CARTESIAN_POINT('',(-5.7,1.75,0.0));
#14437=VECTOR('',#16627,1000.0);
#14438=CARTESIAN_POINT('',(-5.7,2.25,0.0));
#14439=VECTOR('',#16628,1000.0);
#14440=COLOUR_RGB('',0.701960802078247,0.701960802078247,0.701960802078247);
#14441=CARTESIAN_POINT('',(0.0,0.69444444444465,-8.65));
#14442=VECTOR('',#16629,1000.0);
#14443=CARTESIAN_POINT('',(-4.00000000000006,2.25,0.0));
#14444=VECTOR('',#16630,1000.0);
#14445=COLOUR_RGB('',0.701960802078247,0.701960802078247,0.701960802078247);
#14446=CARTESIAN_POINT('',(-5.8,1.75,0.0));
#14447=CARTESIAN_POINT('',(-6.0,1.75,-0.3464101615138));
#14448=CARTESIAN_POINT('',(-5.8,1.75,0.0));
#14449=VECTOR('',#16631,1000.0);
#14450=CARTESIAN_POINT('',(-6.0,2.25,-0.346410161513774));
#14451=VECTOR('',#16632,1000.0);
#14452=CARTESIAN_POINT('',(-5.8,2.25,0.0));
#14453=VECTOR('',#16633,1000.0);
#14454=COLOUR_RGB('',0.701960802078247,0.701960802078247,0.701960802078247);
#14455=CARTESIAN_POINT('',(-6.0,1.75,-18.8));
#14456=CARTESIAN_POINT('',(-6.0,1.75,-0.3464101615138));
#14457=VECTOR('',#16634,1000.0);
#14458=CARTESIAN_POINT('',(-6.0,2.25,-18.8));
#14459=VECTOR('',#16635,1000.0);
#14460=COLOUR_RGB('',0.701960802078247,0.701960802078247,0.701960802078247);
#14461=CARTESIAN_POINT('',(-5.500002219782,2.24999985012556,-0.3464099019578));
#14462=CARTESIAN_POINT('',(-5.5,2.25,-18.8));
#14463=CARTESIAN_POINT('',(-5.500002219782,2.24999985012556,-0.3464099019578));
#14464=VECTOR('',#16636,1000.0);
#14465=AXIS2_PLACEMENT_3D('',#16637,#16638,#16639);
#14466=AXIS2_PLACEMENT_3D('',#16640,#16641,#16642);
#14467=COLOUR_RGB('',0.701960802078247,0.701960802078247,0.701960802078247);
#14468=CARTESIAN_POINT('',(-5.5,1.95,-18.8));
#14469=AXIS2_PLACEMENT_3D('',#16643,#16644,#16645);
#14470=CARTESIAN_POINT('',(-5.5,1.95,0.0));
#14471=CARTESIAN_POINT('',(-5.5,1.95,0.0));
#14472=VECTOR('',#16646,1000.0);
#14473=AXIS2_PLACEMENT_3D('',#16647,#16648,#16649);
#14474=COLOUR_RGB('',0.701960802078247,0.701960802078247,0.701960802078247);
#14475=CARTESIAN_POINT('',(5.7,-0.55,-18.8));
#14476=AXIS2_PLACEMENT_3D('',#16650,#16651,#16652);
#14477=CARTESIAN_POINT('',(6.0,-0.55,-18.8));
#14478=CARTESIAN_POINT('',(5.7,-0.55,-18.8));
#14479=VECTOR('',#16653,1000.0);
#14480=AXIS2_PLACEMENT_3D('',#16654,#16655,#16656);
#14481=COLOUR_RGB('',0.701960802078247,0.701960802078247,0.701960802078247);
#14482=CARTESIAN_POINT('',(-5.500001331869,2.0499999100753,1.557335984267E-07));
#14483=CARTESIAN_POINT('',(-5.500001331869,2.0499999100753,1.557335984267E-07));
#14484=VECTOR('',#16657,1000.0);
#14485=AXIS2_PLACEMENT_3D('',#16658,#16659,#16660);
#14486=COLOUR_RGB('',0.701960802078247,0.701960802078247,0.701960802078247);
#14487=CARTESIAN_POINT('',(5.5,2.05,0.0));
#14488=CARTESIAN_POINT('',(5.5,2.25,-0.3464101615138));
#14489=CARTESIAN_POINT('',(5.5,2.05,0.0));
#14490=VECTOR('',#16661,1000.0);
#14491=CARTESIAN_POINT('',(0.0,2.25,-0.346410161513775));
#14492=VECTOR('',#16662,1000.0);
#14493=CARTESIAN_POINT('',(0.0,2.05,0.0));
#14494=VECTOR('',#16663,1000.0);
#14495=COLOUR_RGB('',0.701960802078247,0.701960802078247,0.701960802078247);
#14496=CARTESIAN_POINT('',(3.9277089106786,1.9,-9.45));
#14497=CARTESIAN_POINT('',(3.92770891067861,1.9,-8.6475));
#14498=CARTESIAN_POINT('',(3.92770891067862,1.9,-9.60000600024));
#14499=VECTOR('',#16664,1000.0);
#14500=CARTESIAN_POINT('',(0.0,0.37255764584743,-9.45));
#14501=VECTOR('',#16665,1000.0);
#14502=CARTESIAN_POINT('',(4.05628033925007,1.95,0.0));
#14503=VECTOR('',#16666,1000.0);
#14504=CARTESIAN_POINT('',(0.0,0.37255764584743,-8.65));
#14505=VECTOR('',#16667,1000.0);
#14506=COLOUR_RGB('',0.701960802078247,0.701960802078247,0.701960802078247);
#14507=CARTESIAN_POINT('',(1.94371966074993,1.95,0.0));
#14508=VECTOR('',#16668,1000.0);
#14509=CARTESIAN_POINT('',(1.75,1.95,-7.16));
#14510=CARTESIAN_POINT('',(4.25,1.95,-7.16));
#14511=CARTESIAN_POINT('',(0.0,1.95,-7.16));
#14512=VECTOR('',#16669,1000.0);
#14513=CARTESIAN_POINT('',(1.75,1.95,-5.16));
#14514=CARTESIAN_POINT('',(1.75,1.95,0.0));
#14515=VECTOR('',#16670,1000.0);
#14516=CARTESIAN_POINT('',(4.25,1.95,-5.16));
#14517=CARTESIAN_POINT('',(0.0,1.95,-5.16));
#14518=VECTOR('',#16671,1000.0);
#14519=CARTESIAN_POINT('',(4.25,1.95,0.0));
#14520=VECTOR('',#16672,1000.0);
#14521=CARTESIAN_POINT('',(5.5,1.95,-18.8));
#14522=CARTESIAN_POINT('',(0.0,1.95,-18.8));
#14523=VECTOR('',#16673,1000.0);
#14524=CARTESIAN_POINT('',(5.5,1.95,0.0));
#14525=CARTESIAN_POINT('',(5.5,1.95,0.0));
#14526=VECTOR('',#16674,1000.0);
#14527=CARTESIAN_POINT('',(0.0,1.95,0.0));
#14528=VECTOR('',#16675,1000.0);
#14529=COLOUR_RGB('',0.701960802078247,0.701960802078247,0.701960802078247);
#14530=CARTESIAN_POINT('',(1.75,2.04999999999987,-7.16));
#14531=CARTESIAN_POINT('',(1.75,2.25,-7.16));
#14532=VECTOR('',#16676,1000.0);
#14533=CARTESIAN_POINT('',(4.25,2.04999999999987,-7.16));
#14534=CARTESIAN_POINT('',(4.25,2.25,-7.16));
#14535=VECTOR('',#16677,1000.0);
#14536=CARTESIAN_POINT('',(0.0,2.04999999999981,-7.16));
#14537=VECTOR('',#16678,1000.0);
#14538=COLOUR_RGB('',0.701960802078247,0.701960802078247,0.701960802078247);
#14539=CARTESIAN_POINT('',(1.75,2.04999999999987,-5.16));
#14540=CARTESIAN_POINT('',(1.75,2.25,-5.16));
#14541=VECTOR('',#16679,1000.0);
#14542=CARTESIAN_POINT('',(1.75,2.04999999999981,0.0));
#14543=VECTOR('',#16680,1000.0);
#14544=COLOUR_RGB('',0.701960802078247,0.701960802078247,0.701960802078247);
#14545=CARTESIAN_POINT('',(1.55000000000019,2.25,-4.96000000000019));
#14546=CARTESIAN_POINT('',(1.55000000000019,2.25,-4.96000000000019));
#14547=VECTOR('',#16681,1000.0);
#14548=CARTESIAN_POINT('',(4.44999999999981,2.25,-4.96000000000019));
#14549=CARTESIAN_POINT('',(0.0,2.25,-4.96000000000019));
#14550=VECTOR('',#16682,1000.0);
#14551=CARTESIAN_POINT('',(4.25,2.04999999999987,-5.16));
#14552=CARTESIAN_POINT('',(4.44999999999981,2.25,-4.96000000000019));
#14553=VECTOR('',#16683,1000.0);
#14554=CARTESIAN_POINT('',(0.0,2.04999999999981,-5.16));
#14555=VECTOR('',#16684,1000.0);
#14556=COLOUR_RGB('',0.701960802078247,0.701960802078247,0.701960802078247);
#14557=CARTESIAN_POINT('',(4.25,2.25,-5.16));
#14558=VECTOR('',#16685,1000.0);
#14559=COLOUR_RGB('',0.701960802078247,0.701960802078247,0.701960802078247);
#14560=CARTESIAN_POINT('',(4.25,2.04999999999981,0.0));
#14561=VECTOR('',#16686,1000.0);
#14562=COLOUR_RGB('',0.701960802078247,0.701960802078247,0.701960802078247);
#14563=CARTESIAN_POINT('',(4.44999999999981,2.25,-7.35999999999981));
#14564=CARTESIAN_POINT('',(4.44999999999981,2.25,0.0));
#14565=VECTOR('',#16687,1000.0);
#14566=CARTESIAN_POINT('',(4.44999999999981,2.25,-7.35999999999981));
#14567=VECTOR('',#16688,1000.0);
#14568=COLOUR_RGB('',0.701960802078247,0.701960802078247,0.701960802078247);
#14569=CARTESIAN_POINT('',(1.55000000000019,2.25,-7.35999999999981));
#14570=CARTESIAN_POINT('',(1.55000000000019,2.25,-7.35999999999981));
#14571=VECTOR('',#16689,1000.0);
#14572=CARTESIAN_POINT('',(0.0,2.25,-7.35999999999981));
#14573=VECTOR('',#16690,1000.0);
#14574=COLOUR_RGB('',0.701960802078247,0.701960802078247,0.701960802078247);
#14575=CARTESIAN_POINT('',(1.55000000000019,2.25,0.0));
#14576=VECTOR('',#16691,1000.0);
#14577=COLOUR_RGB('',0.701960802078247,0.701960802078247,0.701960802078247);
#14578=CARTESIAN_POINT('',(4.00000000000006,2.25,0.0));
#14579=VECTOR('',#16692,1000.0);
#14580=CARTESIAN_POINT('',(5.5,2.25,-18.8));
#14581=CARTESIAN_POINT('',(5.5,2.25,-0.3464101615138));
#14582=VECTOR('',#16693,1000.0);
#14583=CARTESIAN_POINT('',(0.0,2.25,-18.8));
#14584=VECTOR('',#16694,1000.0);
#14585=COLOUR_RGB('',0.701960802078247,0.701960802078247,0.701960802078247);
#14586=CARTESIAN_POINT('',(6.0,0.45,-14.8));
#14587=CARTESIAN_POINT('',(6.0,0.45,0.0));
#14588=VECTOR('',#16695,1000.0);
#14589=CARTESIAN_POINT('',(5.89999999999903,0.45,-14.8));
#14590=CARTESIAN_POINT('',(0.0,0.45,-14.8));
#14591=VECTOR('',#16696,1000.0);
#14592=CARTESIAN_POINT('',(5.70000000000016,0.45,-14.5999999999995));
#14593=CARTESIAN_POINT('',(-8.89999999985729,0.45,0.0));
#14594=VECTOR('',#16697,1000.0);
#14595=CARTESIAN_POINT('',(5.7,0.45,0.0));
#14596=VECTOR('',#16698,1000.0);
#14597=COLOUR_RGB('',0.701960802078247,0.701960802078247,0.701960802078247);
#14598=CARTESIAN_POINT('',(5.7,1.75,-18.8));
#14599=AXIS2_PLACEMENT_3D('',#16699,#16700,#16701);
#14600=CARTESIAN_POINT('',(6.0,1.75,-18.8));
#14601=AXIS2_PLACEMENT_3D('',#16702,#16703,#16704);
#14602=CARTESIAN_POINT('',(6.0,2.25,-18.8));
#14603=VECTOR('',#16705,1000.0);
#14604=CARTESIAN_POINT('',(5.7,2.25,-18.8));
#14605=VECTOR('',#16706,1000.0);
#14606=COLOUR_RGB('',0.701960802078247,0.701960802078247,0.701960802078247);
#14607=CARTESIAN_POINT('',(5.7,1.75,0.0));
#14608=AXIS2_PLACEMENT_3D('',#16707,#16708,#16709);
#14609=CARTESIAN_POINT('',(5.7,1.75,0.0));
#14610=VECTOR('',#16710,1000.0);
#14611=COLOUR_RGB('',0.701960802078247,0.701960802078247,0.701960802078247);
#14612=CARTESIAN_POINT('',(2.07229108932138,1.9,-8.6475));
#14613=CARTESIAN_POINT('',(2.07229108932138,1.9,-8.49999399976));
#14614=VECTOR('',#16711,1000.0);
#14615=CARTESIAN_POINT('',(0.0,2.70589097918042,-8.65));
#14616=VECTOR('',#16712,1000.0);
#14617=COLOUR_RGB('',0.701960802078247,0.701960802078247,0.701960802078247);
#14618=CARTESIAN_POINT('',(5.799999910075,1.7500013318692,1.557335984337E-07));
#14619=CARTESIAN_POINT('',(5.999999850126,1.750002219782,-0.3464099019578));
#14620=CARTESIAN_POINT('',(5.799999910075,1.7500013318692,1.557335984337E-07));
#14621=VECTOR('',#16713,1000.0);
#14622=AXIS2_PLACEMENT_3D('',#16714,#16715,#16716);
#14623=AXIS2_PLACEMENT_3D('',#16717,#16718,#16719);
#14624=COLOUR_RGB('',0.701960802078247,0.701960802078247,0.701960802078247);
#14625=CARTESIAN_POINT('',(5.999999850126,1.750002219782,-0.3464099019578));
#14626=VECTOR('',#16720,1000.0);
#14627=COLOUR_RGB('',0.701960802078247,0.701960802078247,0.701960802078247);
#14628=CARTESIAN_POINT('',(6.0,-1.75,-0.3464101615138));
#14629=CARTESIAN_POINT('',(6.0,-1.75,-14.8));
#14630=CARTESIAN_POINT('',(6.0,-1.75,-0.3464101615138));
#14631=VECTOR('',#16721,1000.0);
#14632=CARTESIAN_POINT('',(6.0,2.25,-14.8));
#14633=VECTOR('',#16722,1000.0);
#14634=CARTESIAN_POINT('',(6.0,2.25,-0.346410161513774));
#14635=VECTOR('',#16723,1000.0);
#14636=COLOUR_RGB('',0.701960802078247,0.701960802078247,0.701960802078247);
#14637=CARTESIAN_POINT('',(5.5,-2.25000000000015,-0.34641016151406));
#14638=AXIS2_PLACEMENT_3D('',#16724,#16725,#16726);
#14639=CARTESIAN_POINT('',(5.5,-2.25,-14.8));
#14640=CARTESIAN_POINT('',(5.5,-2.25,-0.3464101615138));
#14641=VECTOR('',#16727,1000.0);
#14642=AXIS2_PLACEMENT_3D('',#16728,#16729,#16730);
#14643=COLOUR_RGB('',0.701960802078247,0.701960802078247,0.701960802078247);
#14644=CARTESIAN_POINT('',(-3.070843160205,1.9,-9.45));
#14645=VECTOR('',#16731,1000.0);
#14646=CARTESIAN_POINT('',(0.0,0.69444444444465,-9.45));
#14647=VECTOR('',#16732,1000.0);
#14648=COLOUR_RGB('',0.701960802078247,0.701960802078247,0.701960802078247);
#14649=CARTESIAN_POINT('',(1.01,-2.0,-11.64679491924));
#14650=CARTESIAN_POINT('',(1.01,-2.0,-9.686794919242));
#14651=CARTESIAN_POINT('',(1.01,-2.0,0.296));
#14652=VECTOR('',#16733,1000.0);
#14653=CARTESIAN_POINT('',(1.01,-2.25,-11.64679491924));
#14654=CARTESIAN_POINT('',(1.01,-1.95,-11.64679491924));
#14655=VECTOR('',#16734,1000.0);
#14656=CARTESIAN_POINT('',(1.01,-2.25,-9.686794919242));
#14657=CARTESIAN_POINT('',(1.01,-2.25,0.0));
#14658=VECTOR('',#16735,1000.0);
#14659=CARTESIAN_POINT('',(1.01,-1.95,-9.686794919242));
#14660=VECTOR('',#16736,1000.0);
#14661=COLOUR_RGB('',0.701960802078247,0.701960802078247,0.701960802078247);
#14662=CARTESIAN_POINT('',(0.755000000002162,-2.0,-11.7940192378854));
#14663=CARTESIAN_POINT('',(1.01000000000035,-2.0,-11.64679491924));
#14664=CARTESIAN_POINT('',(1.0068983385198,-2.0,-11.6917412953344));
#14665=CARTESIAN_POINT('',(0.9835248484318,-2.0,-11.76277682747));
#14666=CARTESIAN_POINT('',(0.8686808546907,-2.0,-11.82908203817));
#14667=CARTESIAN_POINT('',(0.795475534248114,-2.0,-11.8138063082981));
#14668=CARTESIAN_POINT('',(0.755000000002091,-2.0,-11.7940192378853));
#14669=CARTESIAN_POINT('',(0.7549999999999,-2.25,-11.79401923789));
#14670=CARTESIAN_POINT('',(0.7549999999999,-1.95,-11.79401923789));
#14671=VECTOR('',#16737,1000.0);
#14672=CARTESIAN_POINT('',(1.01,-2.25,-11.64679491924));
#14673=CARTESIAN_POINT('',(1.00689833852,-2.25,-11.69174129534));
#14674=CARTESIAN_POINT('',(0.9835248484318,-2.25,-11.76277682747));
#14675=CARTESIAN_POINT('',(0.8686808546907,-2.25,-11.82908203817));
#14676=CARTESIAN_POINT('',(0.7954755342471,-2.25,-11.8138063083));
#14677=CARTESIAN_POINT('',(0.7549999999999,-2.25,-11.79401923789));
#14678=COLOUR_RGB('',0.701960802078247,0.701960802078247,0.701960802078247);
#14679=CARTESIAN_POINT('',(0.204999999999896,-2.0,-11.4764765898304));
#14680=CARTESIAN_POINT('',(-9.21938189613038,-2.0,-6.03530716508628));
#14681=VECTOR('',#16738,1000.0);
#14682=CARTESIAN_POINT('',(0.2050000000001,-2.25,-11.47647658983));
#14683=CARTESIAN_POINT('',(0.2050000000001,-1.95,-11.47647658983));
#14684=VECTOR('',#16739,1000.0);
#14685=CARTESIAN_POINT('',(0.0,-2.25,-11.3581197846455));
#14686=VECTOR('',#16740,1000.0);
#14687=COLOUR_RGB('',0.701960802078247,0.701960802078247,0.701960802078247);
#14688=CARTESIAN_POINT('',(0.00999999999976518,-2.0,-11.5890598923235));
#14689=CARTESIAN_POINT('',(0.00999999999977288,-2.0,-11.5890598923234));
#14690=CARTESIAN_POINT('',(0.0123718587787131,-2.0,-11.5546891341293));
#14691=CARTESIAN_POINT('',(0.03024570414042,-2.0,-11.50036784485));
#14692=CARTESIAN_POINT('',(0.1180675817071,-2.0,-11.4496638602));
#14693=CARTESIAN_POINT('',(0.17404812087027,-2.0,-11.4613453006896));
#14694=CARTESIAN_POINT('',(0.205000000000997,-2.0,-11.4764765898281));
#14695=CARTESIAN_POINT('',(0.01,-2.25,-11.58905989232));
#14696=CARTESIAN_POINT('',(0.01,-1.95,-11.58905989232));
#14697=VECTOR('',#16741,1000.0);
#14698=CARTESIAN_POINT('',(0.01,-2.25,-11.58905989232));
#14699=CARTESIAN_POINT('',(0.01237185877914,-2.25,-11.55468913413));
#14700=CARTESIAN_POINT('',(0.03024570414042,-2.25,-11.50036784485));
#14701=CARTESIAN_POINT('',(0.1180675817071,-2.25,-11.4496638602));
#14702=CARTESIAN_POINT('',(0.1740481208698,-2.25,-11.46134530069));
#14703=CARTESIAN_POINT('',(0.2050000000001,-2.25,-11.47647658983));
#14704=COLOUR_RGB('',0.701960802078247,0.701960802078247,0.701960802078247);
#14705=CARTESIAN_POINT('',(0.0099999999999998,-2.0,-14.6499999999995));
#14706=CARTESIAN_POINT('',(0.00999999999999959,-2.0,0.296));
#14707=VECTOR('',#16742,1000.0);
#14708=CARTESIAN_POINT('',(0.01,-2.14999999999902,-14.8));
#14709=CARTESIAN_POINT('',(0.01,12.6499999998573,0.0));
#14710=VECTOR('',#16743,1000.0);
#14711=CARTESIAN_POINT('',(0.01,-2.25,-14.8));
#14712=CARTESIAN_POINT('',(0.01,2.25,-14.8));
#14713=VECTOR('',#16744,1000.0);
#14714=CARTESIAN_POINT('',(0.01,-2.25,0.0));
#14715=VECTOR('',#16745,1000.0);
#14716=COLOUR_RGB('',0.701960802078247,0.701960802078247,0.701960802078247);
#14717=CARTESIAN_POINT('',(0.0,0.69444444444465,-8.65));
#14718=VECTOR('',#16746,1000.0);
#14719=COLOUR_RGB('',0.701960802078247,0.701960802078247,0.701960802078247);
#14720=CARTESIAN_POINT('',(0.0,-2.25,-14.8));
#14721=VECTOR('',#16747,1000.0);
#14722=CARTESIAN_POINT('',(5.5,-2.15000000000095,-14.8));
#14723=CARTESIAN_POINT('',(0.0,-2.14999999999903,-14.8));
#14724=VECTOR('',#16748,1000.0);
#14725=CARTESIAN_POINT('',(5.89999985728233,-1.75000488542196,-14.7999998573413));
#14726=AXIS2_PLACEMENT_3D('',#16749,#16750,#16751);
#14727=CARTESIAN_POINT('',(5.89999999999903,2.25,-14.8));
#14728=VECTOR('',#16752,1000.0);
#14729=COLOUR_RGB('',0.701960802078247,0.701960802078247,0.701960802078247);
#14730=CARTESIAN_POINT('',(5.35,-2.0,-14.6500000000002));
#14731=CARTESIAN_POINT('',(-5.564,-2.0,-14.6500000000002));
#14732=VECTOR('',#16753,1000.0);
#14733=CARTESIAN_POINT('',(5.50000000000152,-1.9598076211344,-14.6098076211388));
#14734=AXIS2_PLACEMENT_3D('',#16754,#16755,#16756);
#14735=CARTESIAN_POINT('',(5.5,-1.95,-14.6));
#14736=VECTOR('',#16757,1000.0);
#14737=COLOUR_RGB('',0.701960802078247,0.701960802078247,0.701960802078247);
#14738=CARTESIAN_POINT('',(5.51690524980698,-1.94928425057932,-0.161322892050226));
#14739=CARTESIAN_POINT('',(5.51690524980679,-1.94928425057934,-14.6000000000048));
#14740=CARTESIAN_POINT('',(5.5169052498068,-1.94928425057934,-7.30000000000107));
#14741=VECTOR('',#16758,1000.0);
#14742=CARTESIAN_POINT('',(5.5,-1.95,-0.143928578572857));
#14743=CARTESIAN_POINT('',(5.5,-1.95,-0.143928578572857));
#14744=CARTESIAN_POINT('',(5.50581095721207,-1.95,-0.1496244559301));
#14745=CARTESIAN_POINT('',(5.5114430008741,-1.94974761224712,-0.155422795276557));
#14746=CARTESIAN_POINT('',(5.51690524980617,-1.9492842505794,-0.161322892050885));
#14747=CARTESIAN_POINT('',(5.5,-1.95,0.0));
#14748=CARTESIAN_POINT('',(5.5,-1.95,0.0));
#14749=VECTOR('',#16759,1000.0);
#14750=CARTESIAN_POINT('',(5.7,-1.75,0.0));
#14751=AXIS2_PLACEMENT_3D('',#16760,#16761,#16762);
#14752=CARTESIAN_POINT('',(5.69999989301028,-1.75000244018265,-14.5999998930459));
#14753=CARTESIAN_POINT('',(5.7,-1.75,0.0));
#14754=VECTOR('',#16763,1000.0);
#14755=AXIS2_PLACEMENT_3D('',#16764,#16765,#16766);
#14756=COLOUR_RGB('',0.701960802078247,0.701960802078247,0.701960802078247);
#14757=CARTESIAN_POINT('',(5.5169052498068,-1.94928425057934,-14.6000000000048));
#14758=CARTESIAN_POINT('',(5.51136884827803,-1.95299108114742,-14.6032255935092));
#14759=CARTESIAN_POINT('',(5.50573399368967,-1.95649709833497,-14.6064970983396));
#14760=CARTESIAN_POINT('',(5.50000000000152,-1.9598076211344,-14.6098076211388));
#14761=CARTESIAN_POINT('',(5.699999786028,-1.750002440182,-14.59999978609));
#14762=VECTOR('',#16767,1000.0);
#14763=COLOUR_RGB('',0.701960802078247,0.701960802078247,0.701960802078247);
#14764=CARTESIAN_POINT('',(5.7,2.25,-14.599999999999));
#14765=VECTOR('',#16768,1000.0);
#14766=COLOUR_RGB('',0.701960802078247,0.701960802078247,0.701960802078247);
#14767=CARTESIAN_POINT('',(5.7,2.25,0.0));
#14768=VECTOR('',#16769,1000.0);
#14769=COLOUR_RGB('',0.701960802078247,0.701960802078247,0.701960802078247);
#14770=CARTESIAN_POINT('',(-3.15628033924999,1.6,-8.6475));
#14771=CARTESIAN_POINT('',(0.0,0.37255764584743,-8.65));
#14772=VECTOR('',#16770,1000.0);
#14773=CARTESIAN_POINT('',(-2.84371966075001,1.6,-8.6475));
#14774=CARTESIAN_POINT('',(0.0,1.6,-8.65));
#14775=VECTOR('',#16771,1000.0);
#14776=CARTESIAN_POINT('',(0.0,2.70589097918042,-8.65));
#14777=VECTOR('',#16772,1000.0);
#14778=COLOUR_RGB('',0.701960802078247,0.701960802078247,0.701960802078247);
#14779=CARTESIAN_POINT('',(5.8,-1.75,0.0));
#14780=CARTESIAN_POINT('',(5.8,-1.75,0.0));
#14781=VECTOR('',#16773,1000.0);
#14782=CARTESIAN_POINT('',(5.8,2.25,0.0));
#14783=VECTOR('',#16774,1000.0);
#14784=COLOUR_RGB('',0.701960802078247,0.701960802078247,0.701960802078247);
#14785=CARTESIAN_POINT('',(5.5,-2.05000000000006,-1.8503717077086E-17));
#14786=CARTESIAN_POINT('',(5.5,-2.05,0.0));
#14787=VECTOR('',#16775,1000.0);
#14788=AXIS2_PLACEMENT_3D('',#16776,#16777,#16778);
#14789=COLOUR_RGB('',0.701960802078247,0.701960802078247,0.701960802078247);
#14790=CARTESIAN_POINT('',(2.84371966075005,1.6,-8.6475));
#14791=CARTESIAN_POINT('',(0.0,2.70589097918042,-8.65));
#14792=VECTOR('',#16779,1000.0);
#14793=CARTESIAN_POINT('',(3.15628033924993,1.6,-8.6475));
#14794=CARTESIAN_POINT('',(0.0,1.6,-8.65));
#14795=VECTOR('',#16780,1000.0);
#14796=CARTESIAN_POINT('',(0.0,0.37255764584743,-8.65));
#14797=VECTOR('',#16781,1000.0);
#14798=COLOUR_RGB('',0.701960802078247,0.701960802078247,0.701960802078247);
#14799=CARTESIAN_POINT('',(0.009999999999823,-1.95,0.0));
#14800=CARTESIAN_POINT('',(0.0,-1.95,0.0));
#14801=VECTOR('',#16782,1000.0);
#14802=CARTESIAN_POINT('',(0.009999999999823,-2.05,-1.4084199363161E-15));
#14803=CARTESIAN_POINT('',(0.009999999999823,2.25,0.0));
#14804=VECTOR('',#16783,1000.0);
#14805=CARTESIAN_POINT('',(0.0,-2.05,0.0));
#14806=VECTOR('',#16784,1000.0);
#14807=CARTESIAN_POINT('',(0.0,-1.95,0.0));
#14808=VECTOR('',#16785,1000.0);
#14809=COLOUR_RGB('',0.701960802078247,0.701960802078247,0.701960802078247);
#14810=CARTESIAN_POINT('',(0.75499999999995,-2.0,-9.5395706005991));
#14811=CARTESIAN_POINT('',(0.205000000000286,-2.0,-9.85711324865332));
#14812=CARTESIAN_POINT('',(0.274677000425076,-2.0,-9.8168852137021));
#14813=VECTOR('',#16786,1000.0);
#14814=CARTESIAN_POINT('',(0.7549999999999,-2.25,-9.539570600599));
#14815=CARTESIAN_POINT('',(0.7549999999999,-1.95,-9.539570600599));
#14816=VECTOR('',#16787,1000.0);
#14817=CARTESIAN_POINT('',(0.2050000000001,-2.25,-9.857113248653));
#14818=CARTESIAN_POINT('',(0.0,-2.25,-9.975470053838));
#14819=VECTOR('',#16788,1000.0);
#14820=CARTESIAN_POINT('',(0.2050000000001,-1.95,-9.857113248653));
#14821=VECTOR('',#16789,1000.0);
#14822=COLOUR_RGB('',0.701960802078247,0.701960802078247,0.701960802078247);
#14823=CARTESIAN_POINT('',(0.0100000000000391,-2.0,-9.74452994616191));
#14824=CARTESIAN_POINT('',(0.20500000000015,-2.0,-9.85711324865306));
#14825=CARTESIAN_POINT('',(0.174048120869861,-2.0,-9.87224453779169));
#14826=CARTESIAN_POINT('',(0.1180675817071,-2.0,-9.883925978285));
#14827=CARTESIAN_POINT('',(0.03024570414042,-2.0,-9.833221993632));
#14828=CARTESIAN_POINT('',(0.0123718587792138,-2.0,-9.77890070435249));
#14829=CARTESIAN_POINT('',(0.0100000000000377,-2.0,-9.74452994616189));
#14830=CARTESIAN_POINT('',(0.01,-2.25,-9.744529946162));
#14831=CARTESIAN_POINT('',(0.2050000000001,-2.25,-9.857113248653));
#14832=CARTESIAN_POINT('',(0.1740481208698,-2.25,-9.872244537792));
#14833=CARTESIAN_POINT('',(0.1180675817071,-2.25,-9.883925978285));
#14834=CARTESIAN_POINT('',(0.03024570414042,-2.25,-9.833221993632));
#14835=CARTESIAN_POINT('',(0.01237185877914,-2.25,-9.778900704352));
#14836=CARTESIAN_POINT('',(0.01,-2.25,-9.744529946162));
#14837=CARTESIAN_POINT('',(0.01,-1.95,-9.744529946162));
#14838=VECTOR('',#16790,1000.0);
#14839=COLOUR_RGB('',0.701960802078247,0.701960802078247,0.701960802078247);
#14840=CARTESIAN_POINT('',(0.0099999999999998,-2.0,-3.804529946162));
#14841=CARTESIAN_POINT('',(0.00999999999999959,-2.0,0.296));
#14842=VECTOR('',#16791,1000.0);
#14843=CARTESIAN_POINT('',(0.01,-2.25,-3.804529946162));
#14844=CARTESIAN_POINT('',(0.01,-2.25,0.0));
#14845=VECTOR('',#16792,1000.0);
#14846=CARTESIAN_POINT('',(0.01,-1.95,-3.804529946162));
#14847=VECTOR('',#16793,1000.0);
#14848=COLOUR_RGB('',0.701960802078247,0.701960802078247,0.701960802078247);
#14849=CARTESIAN_POINT('',(0.205000000000328,-2.0,-3.69194664366973));
#14850=CARTESIAN_POINT('',(0.00999999999996098,-2.0,-3.80452994616198));
#14851=CARTESIAN_POINT('',(0.012371858779067,-2.0,-3.77015918797072));
#14852=CARTESIAN_POINT('',(0.03024570414042,-2.0,-3.715837898691));
#14853=CARTESIAN_POINT('',(0.1180675817071,-2.0,-3.665133914038));
#14854=CARTESIAN_POINT('',(0.174048120869963,-2.0,-3.676815354531));
#14855=CARTESIAN_POINT('',(0.205000000000317,-2.0,-3.69194664366972));
#14856=CARTESIAN_POINT('',(0.2050000000001,-2.25,-3.69194664367));
#14857=CARTESIAN_POINT('',(0.01,-2.25,-3.804529946162));
#14858=CARTESIAN_POINT('',(0.01237185877914,-2.25,-3.770159187971));
#14859=CARTESIAN_POINT('',(0.03024570414041,-2.25,-3.715837898691));
#14860=CARTESIAN_POINT('',(0.1180675817071,-2.25,-3.665133914038));
#14861=CARTESIAN_POINT('',(0.1740481208698,-2.25,-3.676815354531));
#14862=CARTESIAN_POINT('',(0.2050000000001,-2.25,-3.69194664367));
#14863=CARTESIAN_POINT('',(0.2050000000001,-1.95,-3.69194664367));
#14864=VECTOR('',#16794,1000.0);
#14865=COLOUR_RGB('',0.701960802078247,0.701960802078247,0.701960802078247);
#14866=CARTESIAN_POINT('',(0.754999999999891,-2.0,-4.00948929172402));
#14867=CARTESIAN_POINT('',(-5.84858155117799,-2.0,-0.19690970553722));
#14868=VECTOR('',#16795,1000.0);
#14869=CARTESIAN_POINT('',(0.7549999999999,-2.25,-4.009489291724));
#14870=CARTESIAN_POINT('',(0.0,-2.25,-3.57358983848609));
#14871=VECTOR('',#16796,1000.0);
#14872=CARTESIAN_POINT('',(0.7549999999999,-1.95,-4.009489291724));
#14873=VECTOR('',#16797,1000.0);
#14874=COLOUR_RGB('',0.701960802078247,0.701960802078247,0.701960802078247);
#14875=CARTESIAN_POINT('',(1.01000000000036,-2.0,-3.86226497308102));
#14876=CARTESIAN_POINT('',(1.01,-2.25,-3.862264973081));
#14877=CARTESIAN_POINT('',(1.01,-1.95,-3.862264973081));
#14878=VECTOR('',#16798,1000.0);
#14879=CARTESIAN_POINT('',(1.01000000000036,-2.0,-3.86226497308102));
#14880=CARTESIAN_POINT('',(1.00689833851981,-2.0,-3.90721134917691));
#14881=CARTESIAN_POINT('',(0.9835248484318,-2.0,-3.978246881311));
#14882=CARTESIAN_POINT('',(0.8686808546907,-2.0,-4.044552092012));
#14883=CARTESIAN_POINT('',(0.795475534247063,-2.0,-4.02927636213611));
#14884=CARTESIAN_POINT('',(0.754999999999767,-2.0,-4.00948929172429));
#14885=CARTESIAN_POINT('',(1.01,-2.25,-3.862264973081));
#14886=CARTESIAN_POINT('',(1.00689833852,-2.25,-3.907211349177));
#14887=CARTESIAN_POINT('',(0.9835248484318,-2.25,-3.978246881311));
#14888=CARTESIAN_POINT('',(0.8686808546907,-2.25,-4.044552092012));
#14889=CARTESIAN_POINT('',(0.7954755342471,-2.25,-4.029276362136));
#14890=CARTESIAN_POINT('',(0.7549999999999,-2.25,-4.009489291724));
#14891=COLOUR_RGB('',0.701960802078247,0.701960802078247,0.701960802078247);
#14892=CARTESIAN_POINT('',(1.01,-2.0,-1.902264973081));
#14893=CARTESIAN_POINT('',(1.01,-2.0,0.296));
#14894=VECTOR('',#16799,1000.0);
#14895=CARTESIAN_POINT('',(1.01,-2.25,-1.902264973081));
#14896=CARTESIAN_POINT('',(1.01,-2.25,0.0));
#14897=VECTOR('',#16800,1000.0);
#14898=CARTESIAN_POINT('',(1.01,-1.95,-1.902264973081));
#14899=VECTOR('',#16801,1000.0);
#14900=COLOUR_RGB('',0.701960802078247,0.701960802078247,0.701960802078247);
#14901=CARTESIAN_POINT('',(0.754999999999777,-2.0,-1.75504065443774));
#14902=CARTESIAN_POINT('',(0.7549999999999,-2.25,-1.755040654438));
#14903=CARTESIAN_POINT('',(0.7549999999999,-1.95,-1.755040654438));
#14904=VECTOR('',#16802,1000.0);
#14905=CARTESIAN_POINT('',(0.754999999999786,-2.0,-1.75504065443774));
#14906=CARTESIAN_POINT('',(0.795475534247051,-2.0,-1.73525358402603));
#14907=CARTESIAN_POINT('',(0.8686808546907,-2.0,-1.71997785415));
#14908=CARTESIAN_POINT('',(0.9835248484318,-2.0,-1.786283064851));
#14909=CARTESIAN_POINT('',(1.00689833851984,-2.0,-1.85731859698542));
#14910=CARTESIAN_POINT('',(1.01000000000005,-2.0,-1.90226497308099));
#14911=CARTESIAN_POINT('',(0.7549999999999,-2.25,-1.755040654438));
#14912=CARTESIAN_POINT('',(0.7954755342471,-2.25,-1.735253584026));
#14913=CARTESIAN_POINT('',(0.8686808546907,-2.25,-1.71997785415));
#14914=CARTESIAN_POINT('',(0.9835248484318,-2.25,-1.786283064851));
#14915=CARTESIAN_POINT('',(1.00689833852,-2.25,-1.857318596985));
#14916=CARTESIAN_POINT('',(1.01,-2.25,-1.902264973081));
#14917=COLOUR_RGB('',0.701960802078247,0.701960802078247,0.701960802078247);
#14918=CARTESIAN_POINT('',(0.205000000000079,-2.0,-2.07258330249196));
#14919=CARTESIAN_POINT('',(-3.0961233445261,-2.0,-3.97848775408587));
#14920=VECTOR('',#16803,1000.0);
#14921=CARTESIAN_POINT('',(0.2050000000001,-2.25,-2.072583302492));
#14922=CARTESIAN_POINT('',(0.0,-2.25,-2.19094010767606));
#14923=VECTOR('',#16804,1000.0);
#14924=CARTESIAN_POINT('',(0.2050000000001,-1.95,-2.072583302492));
#14925=VECTOR('',#16805,1000.0);
#14926=COLOUR_RGB('',0.701960802078247,0.701960802078247,0.701960802078247);
#14927=CARTESIAN_POINT('',(0.00999999999980655,-2.0,-1.95999999999991));
#14928=CARTESIAN_POINT('',(0.205000000000134,-2.0,-2.07258330249208));
#14929=CARTESIAN_POINT('',(0.174048120869823,-2.0,-2.08771459163069));
#14930=CARTESIAN_POINT('',(0.118067581707,-2.0,-2.099396032124));
#14931=CARTESIAN_POINT('',(0.03024570414026,-2.0,-2.04869204747));
#14932=CARTESIAN_POINT('',(0.0123718587789312,-2.0,-1.99437075819085));
#14933=CARTESIAN_POINT('',(0.00999999999980683,-2.0,-1.95999999999992));
#14934=CARTESIAN_POINT('',(0.009999999999823,-2.25,-1.96));
#14935=CARTESIAN_POINT('',(0.2050000000001,-2.25,-2.072583302492));
#14936=CARTESIAN_POINT('',(0.1740481208698,-2.25,-2.087714591631));
#14937=CARTESIAN_POINT('',(0.118067581707,-2.25,-2.099396032124));
#14938=CARTESIAN_POINT('',(0.03024570414026,-2.25,-2.04869204747));
#14939=CARTESIAN_POINT('',(0.01237185877896,-2.25,-1.994370758191));
#14940=CARTESIAN_POINT('',(0.009999999999823,-2.25,-1.96));
#14941=CARTESIAN_POINT('',(0.009999999999823,-1.95,-1.96));
#14942=VECTOR('',#16806,1000.0);
#14943=COLOUR_RGB('',0.701960802078247,0.701960802078247,0.701960802078247);
#14944=CARTESIAN_POINT('',(0.00999999999982265,-1.95,-0.001));
#14945=CARTESIAN_POINT('',(0.009999999999823,-1.95,0.0));
#14946=VECTOR('',#16807,1000.0);
#14947=CARTESIAN_POINT('',(0.00999999999999959,-2.0,-0.001));
#14948=CARTESIAN_POINT('',(0.00999999999999959,-0.296671446506999,-0.001));
#14949=VECTOR('',#16808,1000.0);
#14950=CARTESIAN_POINT('',(0.00999999999999959,-2.0,0.296));
#14951=VECTOR('',#16809,1000.0);
#14952=CARTESIAN_POINT('',(0.009999999999823,-2.25,-0.346410161513771));
#14953=CARTESIAN_POINT('',(0.009999999999823,-2.25,0.0));
#14954=VECTOR('',#16810,1000.0);
#14955=CARTESIAN_POINT('',(0.009999999999823,-2.05,0.0));
#14956=VECTOR('',#16811,1000.0);
#14957=COLOUR_RGB('',0.701960802078247,0.701960802078247,0.701960802078247);
#14958=CARTESIAN_POINT('',(0.0,-2.25,-0.346410161513776));
#14959=VECTOR('',#16812,1000.0);
#14960=COLOUR_RGB('',0.701960802078247,0.701960802078247,0.701960802078247);
#14961=CARTESIAN_POINT('',(4.25,-1.95,-5.16));
#14962=CARTESIAN_POINT('',(1.75,-1.95,-5.16));
#14963=CARTESIAN_POINT('',(-5.564,-1.95,-5.16));
#14964=VECTOR('',#16813,1000.0);
#14965=CARTESIAN_POINT('',(4.25,-2.05,-5.16));
#14966=CARTESIAN_POINT('',(4.25,2.25,-5.16));
#14967=VECTOR('',#16814,1000.0);
#14968=CARTESIAN_POINT('',(1.75,-2.05,-5.16));
#14969=CARTESIAN_POINT('',(0.0,-2.05,-5.16));
#14970=VECTOR('',#16815,1000.0);
#14971=CARTESIAN_POINT('',(1.75,2.25,-5.16));
#14972=VECTOR('',#16816,1000.0);
#14973=COLOUR_RGB('',0.701960802078247,0.701960802078247,0.701960802078247);
#14974=CARTESIAN_POINT('',(4.25,-1.95,-7.16));
#14975=CARTESIAN_POINT('',(4.25,-1.95,0.296));
#14976=VECTOR('',#16817,1000.0);
#14977=CARTESIAN_POINT('',(4.25,-2.05,-7.16));
#14978=CARTESIAN_POINT('',(4.25,2.25,-7.16));
#14979=VECTOR('',#16818,1000.0);
#14980=CARTESIAN_POINT('',(4.25,-2.05,0.0));
#14981=VECTOR('',#16819,1000.0);
#14982=COLOUR_RGB('',0.701960802078247,0.701960802078247,0.701960802078247);
#14983=CARTESIAN_POINT('',(4.45,-2.25,-7.36));
#14984=CARTESIAN_POINT('',(-2.91,5.11,0.0));
#14985=VECTOR('',#16820,1000.0);
#14986=CARTESIAN_POINT('',(4.45,-2.25,-4.96));
#14987=CARTESIAN_POINT('',(4.45,-2.25,0.0));
#14988=VECTOR('',#16821,1000.0);
#14989=CARTESIAN_POINT('',(9.41,-7.21,0.0));
#14990=VECTOR('',#16822,1000.0);
#14991=COLOUR_RGB('',0.701960802078247,0.701960802078247,0.701960802078247);
#14992=CARTESIAN_POINT('',(1.55,-2.25,-4.96));
#14993=CARTESIAN_POINT('',(-3.41,-7.21,0.0));
#14994=VECTOR('',#16823,1000.0);
#14995=CARTESIAN_POINT('',(0.0,-2.25,-4.96));
#14996=VECTOR('',#16824,1000.0);
#14997=COLOUR_RGB('',0.701960802078247,0.701960802078247,0.701960802078247);
#14998=CARTESIAN_POINT('',(1.75,-2.05,-7.16));
#14999=CARTESIAN_POINT('',(1.55,-2.25,-7.36));
#15000=CARTESIAN_POINT('',(8.91,5.11,0.0));
#15001=VECTOR('',#16825,1000.0);
#15002=CARTESIAN_POINT('',(1.75,-2.05,0.0));
#15003=VECTOR('',#16826,1000.0);
#15004=CARTESIAN_POINT('',(1.55,-2.25,0.0));
#15005=VECTOR('',#16827,1000.0);
#15006=COLOUR_RGB('',0.701960802078247,0.701960802078247,0.701960802078247);
#15007=CARTESIAN_POINT('',(1.75,-1.95,-7.16));
#15008=CARTESIAN_POINT('',(1.75,-1.95,0.296));
#15009=VECTOR('',#16828,1000.0);
#15010=CARTESIAN_POINT('',(1.75,2.25,-7.16));
#15011=VECTOR('',#16829,1000.0);
#15012=COLOUR_RGB('',0.701960802078247,0.701960802078247,0.701960802078247);
#15013=CARTESIAN_POINT('',(-5.564,-1.95,-7.16));
#15014=VECTOR('',#16830,1000.0);
#15015=CARTESIAN_POINT('',(0.0,-2.05,-7.16));
#15016=VECTOR('',#16831,1000.0);
#15017=COLOUR_RGB('',0.701960802078247,0.701960802078247,0.701960802078247);
#15018=CARTESIAN_POINT('',(0.0,-2.25,-7.36));
#15019=VECTOR('',#16832,1000.0);
#15020=COLOUR_RGB('',0.701960802078247,0.701960802078247,0.701960802078247);
#15021=CARTESIAN_POINT('',(-1.75,-1.95,-7.16));
#15022=CARTESIAN_POINT('',(-1.75,-1.95,-5.16));
#15023=CARTESIAN_POINT('',(-1.75,-1.95,0.296));
#15024=VECTOR('',#16833,1000.0);
#15025=CARTESIAN_POINT('',(-1.75,-2.05,-7.16));
#15026=CARTESIAN_POINT('',(-1.75,2.25,-7.16));
#15027=VECTOR('',#16834,1000.0);
#15028=CARTESIAN_POINT('',(-1.75,-2.05,-5.16));
#15029=CARTESIAN_POINT('',(-1.75,-2.05,0.0));
#15030=VECTOR('',#16835,1000.0);
#15031=CARTESIAN_POINT('',(-1.75,2.25,-5.16));
#15032=VECTOR('',#16836,1000.0);
#15033=COLOUR_RGB('',0.701960802078247,0.701960802078247,0.701960802078247);
#15034=CARTESIAN_POINT('',(-4.25,-2.05,-5.16));
#15035=CARTESIAN_POINT('',(-4.45,-2.25,-4.96));
#15036=CARTESIAN_POINT('',(-9.41,-7.21,0.0));
#15037=VECTOR('',#16837,1000.0);
#15038=CARTESIAN_POINT('',(0.0,-2.05,-5.16));
#15039=VECTOR('',#16838,1000.0);
#15040=CARTESIAN_POINT('',(-1.55,-2.25,-4.96));
#15041=CARTESIAN_POINT('',(3.41,-7.21,0.0));
#15042=VECTOR('',#16839,1000.0);
#15043=CARTESIAN_POINT('',(0.0,-2.25,-4.96));
#15044=VECTOR('',#16840,1000.0);
#15045=COLOUR_RGB('',0.701960802078247,0.701960802078247,0.701960802078247);
#15046=CARTESIAN_POINT('',(-4.25,-1.95,-5.16));
#15047=CARTESIAN_POINT('',(-5.564,-1.95,-5.16));
#15048=VECTOR('',#16841,1000.0);
#15049=CARTESIAN_POINT('',(-4.25,2.25,-5.16));
#15050=VECTOR('',#16842,1000.0);
#15051=COLOUR_RGB('',0.701960802078247,0.701960802078247,0.701960802078247);
#15052=CARTESIAN_POINT('',(-4.25,-1.95,-7.16));
#15053=CARTESIAN_POINT('',(-4.25,-1.95,0.296));
#15054=VECTOR('',#16843,1000.0);
#15055=CARTESIAN_POINT('',(-4.25,-2.05,-7.16));
#15056=CARTESIAN_POINT('',(-4.25,-2.05,0.0));
#15057=VECTOR('',#16844,1000.0);
#15058=CARTESIAN_POINT('',(-4.25,2.25,-7.16));
#15059=VECTOR('',#16845,1000.0);
#15060=COLOUR_RGB('',0.701960802078247,0.701960802078247,0.701960802078247);
#15061=CARTESIAN_POINT('',(-4.45,-2.25,-7.36));
#15062=CARTESIAN_POINT('',(-4.45,-2.25,0.0));
#15063=VECTOR('',#16846,1000.0);
#15064=CARTESIAN_POINT('',(2.91,5.11,0.0));
#15065=VECTOR('',#16847,1000.0);
#15066=COLOUR_RGB('',0.701960802078247,0.701960802078247,0.701960802078247);
#15067=CARTESIAN_POINT('',(-1.55,-2.25,-7.36));
#15068=CARTESIAN_POINT('',(-1.55,-2.25,0.0));
#15069=VECTOR('',#16848,1000.0);
#15070=CARTESIAN_POINT('',(0.0,-2.25,-7.36));
#15071=VECTOR('',#16849,1000.0);
#15072=COLOUR_RGB('',0.701960802078247,0.701960802078247,0.701960802078247);
#15073=CARTESIAN_POINT('',(0.7549999999999,-2.25,-9.539570600599));
#15074=CARTESIAN_POINT('',(0.7954755342471,-2.25,-9.519783530187));
#15075=CARTESIAN_POINT('',(0.8686808546907,-2.25,-9.504507800311));
#15076=CARTESIAN_POINT('',(0.9835248484318,-2.25,-9.570813011012));
#15077=CARTESIAN_POINT('',(1.00689833852,-2.25,-9.641848543146));
#15078=CARTESIAN_POINT('',(1.01,-2.25,-9.686794919242));
#15079=COLOUR_RGB('',0.701960802078247,0.701960802078247,0.701960802078247);
#15080=CARTESIAN_POINT('',(-8.91,5.11,0.0));
#15081=VECTOR('',#16850,1000.0);
#15082=COLOUR_RGB('',0.701960802078247,0.701960802078247,0.701960802078247);
#15083=CARTESIAN_POINT('',(0.0,-2.05,-7.16));
#15084=VECTOR('',#16851,1000.0);
#15085=COLOUR_RGB('',0.701960802078247,0.701960802078247,0.701960802078247);
#15086=CARTESIAN_POINT('',(-5.564,-1.95,-7.16));
#15087=VECTOR('',#16852,1000.0);
#15088=COLOUR_RGB('',0.701960802078247,0.701960802078247,0.701960802078247);
#15089=CARTESIAN_POINT('',(-5.15,-1.95,-0.001));
#15090=CARTESIAN_POINT('',(-5.356,-1.95,-0.001));
#15091=VECTOR('',#16853,1000.0);
#15092=AXIS2_PLACEMENT_3D('',#16854,#16855,#16856);
#15093=COLOUR_RGB('',0.701960802078247,0.701960802078247,0.701960802078247);
#15094=CARTESIAN_POINT('',(5.15,-1.95,-0.001));
#15095=AXIS2_PLACEMENT_3D('',#16857,#16858,#16859);
#15096=CARTESIAN_POINT('',(-5.356,-1.95,-0.001));
#15097=VECTOR('',#16860,1000.0);
#15098=COLOUR_RGB('',0.701960802078247,0.701960802078247,0.701960802078247);
#15099=CARTESIAN_POINT('',(0.75499999999995,-2.0,-9.5395706005991));
#15100=CARTESIAN_POINT('',(0.795475534247126,-2.0,-9.51978353018701));
#15101=CARTESIAN_POINT('',(0.8686808546907,-2.0,-9.504507800311));
#15102=CARTESIAN_POINT('',(0.9835248484318,-2.0,-9.570813011012));
#15103=CARTESIAN_POINT('',(1.00689833851979,-2.0,-9.64184854314628));
#15104=CARTESIAN_POINT('',(1.01000000000003,-2.0,-9.68679491924201));
#15105=COLOUR_RGB('',0.176470592617989,0.239215686917305,0.243137255311012);
#15106=EDGE_CURVE('',#16861,#16862,#16863,.T.);
#15107=EDGE_CURVE('',#16864,#16861,#16865,.T.);
#15108=EDGE_CURVE('',#16866,#16864,#16867,.T.);
#15109=EDGE_CURVE('',#16868,#16866,#16869,.T.);
#15110=EDGE_CURVE('',#16862,#16868,#16870,.T.);
#15111=EDGE_CURVE('',#16871,#16864,#16872,.T.);
#15112=EDGE_CURVE('',#16873,#16871,#16874,.T.);
#15113=EDGE_CURVE('',#16875,#16873,#16876,.T.);
#15114=EDGE_CURVE('',#16875,#16866,#16877,.T.);
#15115=EDGE_CURVE('',#16878,#16879,#16880,.T.);
#15116=EDGE_CURVE('',#16881,#16878,#16882,.T.);
#15117=EDGE_CURVE('',#16883,#16881,#16884,.T.);
#15118=EDGE_CURVE('',#16885,#16883,#16886,.T.);
#15119=EDGE_CURVE('',#16885,#16887,#16888,.T.);
#15120=EDGE_CURVE('',#16887,#16879,#16889,.T.);
#15121=EDGE_CURVE('',#16887,#16890,#16891,.T.);
#15122=EDGE_CURVE('',#16892,#16885,#16893,.T.);
#15123=EDGE_CURVE('',#16894,#16892,#16895,.T.);
#15124=EDGE_CURVE('',#16890,#16894,#16896,.T.);
#15125=EDGE_CURVE('',#9474,#16897,#16898,.T.);
#15126=EDGE_CURVE('',#9514,#9468,#16899,.T.);
#15127=EDGE_CURVE('',#9434,#9508,#16900,.T.);
#15128=EDGE_CURVE('',#9554,#9428,#16901,.T.);
#15129=EDGE_CURVE('',#16902,#9548,#16903,.T.);
#15130=EDGE_CURVE('',#16904,#16902,#16905,.T.);
#15131=EDGE_CURVE('',#16904,#16906,#16907,.T.);
#15132=EDGE_CURVE('',#16908,#16906,#16909,.T.);
#15133=EDGE_CURVE('',#16910,#16908,#16911,.F.);
#15134=EDGE_CURVE('',#9987,#16910,#16912,.T.);
#15135=EDGE_CURVE('',#16913,#10064,#16914,.T.);
#15136=EDGE_CURVE('',#16913,#8490,#16915,.T.);
#15137=EDGE_CURVE('',#8523,#16916,#16917,.T.);
#15138=EDGE_CURVE('',#16918,#16916,#16919,.F.);
#15139=EDGE_CURVE('',#16918,#16920,#16921,.T.);
#15140=EDGE_CURVE('',#16920,#16922,#16923,.T.);
#15141=EDGE_CURVE('',#16922,#16897,#16924,.T.);
#15142=EDGE_CURVE('',#16925,#10141,#16926,.F.);
#15143=EDGE_CURVE('',#16927,#16925,#16928,.T.);
#15144=EDGE_CURVE('',#16929,#16927,#16930,.T.);
#15145=EDGE_CURVE('',#16929,#10349,#16931,.T.);
#15146=EDGE_CURVE('',#9853,#10253,#16932,.T.);
#15147=EDGE_CURVE('',#16929,#16933,#16934,.T.);
#15148=EDGE_CURVE('',#16935,#16933,#16936,.T.);
#15149=EDGE_CURVE('',#16935,#16937,#16938,.T.);
#15150=EDGE_CURVE('',#16939,#16937,#16940,.T.);
#15151=EDGE_CURVE('',#16941,#16939,#16942,.T.);
#15152=EDGE_CURVE('',#16941,#16943,#16944,.T.);
#15153=EDGE_CURVE('',#16945,#16943,#16946,.T.);
#15154=EDGE_CURVE('',#16947,#16945,#16948,.T.);
#15155=EDGE_CURVE('',#16949,#16947,#16950,.T.);
#15156=EDGE_CURVE('',#16949,#16951,#16952,.T.);
#15157=EDGE_CURVE('',#16953,#16951,#16954,.T.);
#15158=EDGE_CURVE('',#16955,#16953,#16956,.T.);
#15159=EDGE_CURVE('',#16955,#16957,#16958,.T.);
#15160=EDGE_CURVE('',#16959,#16957,#16960,.T.);
#15161=EDGE_CURVE('',#16961,#16959,#16962,.T.);
#15162=EDGE_CURVE('',#16963,#16961,#16964,.T.);
#15163=EDGE_CURVE('',#16963,#16965,#16966,.T.);
#15164=EDGE_CURVE('',#16967,#16965,#16968,.T.);
#15165=EDGE_CURVE('',#16967,#16969,#16970,.T.);
#15166=EDGE_CURVE('',#10345,#16969,#16971,.T.);
#15167=EDGE_CURVE('',#9880,#16972,#16973,.T.);
#15168=EDGE_CURVE('',#16974,#16969,#16975,.T.);
#15169=EDGE_CURVE('',#16972,#16974,#16976,.T.);
#15170=EDGE_CURVE('',#9407,#16977,#16978,.T.);
#15171=EDGE_CURVE('',#9405,#16979,#16980,.T.);
#15172=EDGE_CURVE('',#16977,#16979,#16981,.T.);
#15173=EDGE_CURVE('',#8757,#16982,#16983,.T.);
#15174=EDGE_CURVE('',#8755,#16984,#16985,.T.);
#15175=EDGE_CURVE('',#16982,#16984,#16986,.T.);
#15176=EDGE_CURVE('',#8906,#16987,#16988,.T.);
#15177=EDGE_CURVE('',#8904,#16989,#16990,.T.);
#15178=EDGE_CURVE('',#16987,#16989,#16991,.T.);
#15179=EDGE_CURVE('',#9191,#16992,#16993,.T.);
#15180=EDGE_CURVE('',#9189,#16994,#16995,.T.);
#15181=EDGE_CURVE('',#16992,#16994,#16996,.T.);
#15182=EDGE_CURVE('',#16997,#9437,#16998,.T.);
#15183=EDGE_CURVE('',#16997,#16999,#17000,.T.);
#15184=EDGE_CURVE('',#17001,#16999,#17002,.T.);
#15185=EDGE_CURVE('',#17003,#17001,#17004,.T.);
#15186=EDGE_CURVE('',#9425,#17003,#17005,.T.);
#15187=EDGE_CURVE('',#17006,#9517,#17007,.T.);
#15188=EDGE_CURVE('',#17006,#17008,#17009,.T.);
#15189=EDGE_CURVE('',#17010,#17008,#17011,.T.);
#15190=EDGE_CURVE('',#17012,#17010,#17013,.T.);
#15191=EDGE_CURVE('',#9505,#17012,#17014,.T.);
#15192=EDGE_CURVE('',#17015,#9557,#17016,.T.);
#15193=EDGE_CURVE('',#17015,#17017,#17018,.T.);
#15194=EDGE_CURVE('',#17019,#17017,#17020,.T.);
#15195=EDGE_CURVE('',#17021,#17019,#17022,.T.);
#15196=EDGE_CURVE('',#9545,#17021,#17023,.T.);
#15197=EDGE_CURVE('',#17024,#9477,#17025,.T.);
#15198=EDGE_CURVE('',#17024,#17026,#17027,.T.);
#15199=EDGE_CURVE('',#17028,#17026,#17029,.T.);
#15200=EDGE_CURVE('',#17030,#17028,#17031,.T.);
#15201=EDGE_CURVE('',#9465,#17030,#17032,.T.);
#15202=EDGE_CURVE('',#17033,#8690,#17034,.F.);
#15203=EDGE_CURVE('',#17033,#17035,#17036,.T.);
#15204=EDGE_CURVE('',#17037,#17035,#17038,.T.);
#15205=EDGE_CURVE('',#17037,#17039,#17040,.T.);
#15206=EDGE_CURVE('',#8667,#17039,#17041,.F.);
#15207=EDGE_CURVE('',#17042,#8963,#17043,.F.);
#15208=EDGE_CURVE('',#17042,#17044,#17045,.T.);
#15209=EDGE_CURVE('',#17046,#17044,#17047,.T.);
#15210=EDGE_CURVE('',#17046,#17048,#17049,.T.);
#15211=EDGE_CURVE('',#8940,#17048,#17050,.F.);
#15212=EDGE_CURVE('',#17051,#9122,#17052,.F.);
#15213=EDGE_CURVE('',#17051,#17053,#17054,.T.);
#15214=EDGE_CURVE('',#17055,#17053,#17056,.T.);
#15215=EDGE_CURVE('',#17055,#17057,#17058,.T.);
#15216=EDGE_CURVE('',#9099,#17057,#17059,.F.);
#15217=EDGE_CURVE('',#17060,#9344,#17061,.F.);
#15218=EDGE_CURVE('',#17060,#17062,#17063,.T.);
#15219=EDGE_CURVE('',#17064,#17062,#17065,.T.);
#15220=EDGE_CURVE('',#17064,#17066,#17067,.T.);
#15221=EDGE_CURVE('',#9323,#17066,#17068,.F.);
#15222=EDGE_CURVE('',#9342,#17069,#17070,.T.);
#15223=EDGE_CURVE('',#17060,#17069,#17071,.T.);
#15224=EDGE_CURVE('',#17072,#9325,#17073,.T.);
#15225=EDGE_CURVE('',#17072,#17066,#17074,.T.);
#15226=EDGE_CURVE('',#9340,#17075,#17076,.T.);
#15227=EDGE_CURVE('',#9337,#17077,#17078,.T.);
#15228=EDGE_CURVE('',#17079,#17077,#17080,.T.);
#15229=EDGE_CURVE('',#17081,#17079,#17082,.T.);
#15230=EDGE_CURVE('',#17075,#17081,#17083,.F.);
#15231=EDGE_CURVE('',#17084,#9316,#17085,.T.);
#15232=EDGE_CURVE('',#17086,#9327,#17087,.T.);
#15233=EDGE_CURVE('',#17088,#17086,#17089,.F.);
#15234=EDGE_CURVE('',#17090,#17088,#17091,.T.);
#15235=EDGE_CURVE('',#17084,#17090,#17092,.F.);
#15236=EDGE_CURVE('',#9295,#9309,#17093,.T.);
#15237=EDGE_CURVE('',#17094,#9412,#17095,.T.);
#15238=EDGE_CURVE('',#17094,#9403,#17096,.T.);
#15239=EDGE_CURVE('',#17077,#9353,#17097,.T.);
#15240=EDGE_CURVE('',#9332,#17084,#17098,.T.);
#15241=EDGE_CURVE('',#9377,#9361,#17099,.T.);
#15242=EDGE_CURVE('',#16979,#17094,#17100,.T.);
#15243=EDGE_CURVE('',#17069,#17075,#17101,.T.);
#15244=EDGE_CURVE('',#17086,#17072,#17102,.T.);
#15245=EDGE_CURVE('',#9133,#17103,#17104,.T.);
#15246=EDGE_CURVE('',#17051,#17103,#17105,.T.);
#15247=EDGE_CURVE('',#17106,#9102,#17107,.T.);
#15248=EDGE_CURVE('',#17106,#17057,#17108,.T.);
#15249=EDGE_CURVE('',#9079,#9093,#17109,.T.);
#15250=EDGE_CURVE('',#9129,#17110,#17111,.T.);
#15251=EDGE_CURVE('',#17110,#9137,#17112,.T.);
#15252=EDGE_CURVE('',#17113,#9196,#17114,.T.);
#15253=EDGE_CURVE('',#17113,#9187,#17115,.T.);
#15254=EDGE_CURVE('',#17116,#9106,#17117,.T.);
#15255=EDGE_CURVE('',#9116,#17116,#17118,.T.);
#15256=EDGE_CURVE('',#9167,#17119,#17120,.T.);
#15257=EDGE_CURVE('',#9179,#17119,#17121,.T.);
#15258=EDGE_CURVE('',#9131,#17122,#17123,.T.);
#15259=EDGE_CURVE('',#17124,#17110,#17125,.F.);
#15260=EDGE_CURVE('',#17126,#17124,#17127,.T.);
#15261=EDGE_CURVE('',#17122,#17126,#17128,.F.);
#15262=EDGE_CURVE('',#17129,#9104,#17130,.T.);
#15263=EDGE_CURVE('',#17131,#17129,#17132,.F.);
#15264=EDGE_CURVE('',#17133,#17131,#17134,.T.);
#15265=EDGE_CURVE('',#17116,#17133,#17135,.F.);
#15266=EDGE_CURVE('',#16994,#17113,#17136,.T.);
#15267=EDGE_CURVE('',#17103,#17122,#17137,.T.);
#15268=EDGE_CURVE('',#17129,#17106,#17138,.T.);
#15269=EDGE_CURVE('',#8974,#17139,#17140,.T.);
#15270=EDGE_CURVE('',#17042,#17139,#17141,.T.);
#15271=EDGE_CURVE('',#17142,#8943,#17143,.T.);
#15272=EDGE_CURVE('',#17142,#17048,#17144,.T.);
#15273=EDGE_CURVE('',#17145,#8902,#17146,.T.);
#15274=EDGE_CURVE('',#16989,#17145,#17147,.T.);
#15275=EDGE_CURVE('',#8920,#8934,#17148,.T.);
#15276=EDGE_CURVE('',#17145,#8913,#17149,.T.);
#15277=EDGE_CURVE('',#17150,#8978,#17151,.T.);
#15278=EDGE_CURVE('',#8970,#17150,#17152,.T.);
#15279=EDGE_CURVE('',#17153,#8947,#17154,.T.);
#15280=EDGE_CURVE('',#8957,#17153,#17155,.T.);
#15281=EDGE_CURVE('',#8886,#17156,#17157,.T.);
#15282=EDGE_CURVE('',#8896,#17156,#17158,.T.);
#15283=EDGE_CURVE('',#8972,#17159,#17160,.T.);
#15284=EDGE_CURVE('',#17161,#17150,#17162,.F.);
#15285=EDGE_CURVE('',#17163,#17161,#17164,.T.);
#15286=EDGE_CURVE('',#17159,#17163,#17165,.F.);
#15287=EDGE_CURVE('',#17166,#8945,#17167,.T.);
#15288=EDGE_CURVE('',#17168,#17166,#17169,.F.);
#15289=EDGE_CURVE('',#17170,#17168,#17171,.T.);
#15290=EDGE_CURVE('',#17153,#17170,#17172,.F.);
#15291=EDGE_CURVE('',#17139,#17159,#17173,.T.);
#15292=EDGE_CURVE('',#17166,#17142,#17174,.T.);
#15293=EDGE_CURVE('',#8701,#17175,#17176,.T.);
#15294=EDGE_CURVE('',#8699,#17177,#17178,.T.);
#15295=EDGE_CURVE('',#17175,#17177,#17179,.T.);
#15296=EDGE_CURVE('',#17180,#8672,#17181,.T.);
#15297=EDGE_CURVE('',#17182,#8670,#17183,.T.);
#15298=EDGE_CURVE('',#17180,#17182,#17184,.T.);
#15299=EDGE_CURVE('',#17185,#8743,#17186,.T.);
#15300=EDGE_CURVE('',#17187,#17185,#17188,.T.);
#15301=EDGE_CURVE('',#8746,#17187,#17189,.T.);
#15302=EDGE_CURVE('',#8661,#8647,#17190,.T.);
#15303=EDGE_CURVE('',#8764,#17191,#17192,.T.);
#15304=EDGE_CURVE('',#17191,#8753,#17193,.T.);
#15305=EDGE_CURVE('',#17194,#8674,#17195,.T.);
#15306=EDGE_CURVE('',#17194,#8684,#17196,.T.);
#15307=EDGE_CURVE('',#8697,#17197,#17198,.T.);
#15308=EDGE_CURVE('',#17197,#8705,#17199,.T.);
#15309=EDGE_CURVE('',#8723,#8728,#17200,.T.);
#15310=EDGE_CURVE('',#17033,#17175,#17201,.T.);
#15311=EDGE_CURVE('',#17182,#17039,#17202,.T.);
#15312=EDGE_CURVE('',#17203,#17197,#17204,.F.);
#15313=EDGE_CURVE('',#17205,#17203,#17206,.T.);
#15314=EDGE_CURVE('',#17177,#17205,#17207,.F.);
#15315=EDGE_CURVE('',#17208,#17180,#17209,.F.);
#15316=EDGE_CURVE('',#17210,#17208,#17211,.T.);
#15317=EDGE_CURVE('',#17210,#17194,#17212,.T.);
#15318=EDGE_CURVE('',#17213,#17046,#17214,.T.);
#15319=EDGE_CURVE('',#17213,#17215,#17216,.T.);
#15320=EDGE_CURVE('',#17215,#17217,#17218,.T.);
#15321=EDGE_CURVE('',#17219,#17217,#17220,.T.);
#15322=EDGE_CURVE('',#17219,#17168,#17221,.T.);
#15323=EDGE_CURVE('',#17222,#17055,#17223,.T.);
#15324=EDGE_CURVE('',#17222,#17224,#17225,.T.);
#15325=EDGE_CURVE('',#17224,#17226,#17227,.T.);
#15326=EDGE_CURVE('',#17228,#17226,#17229,.T.);
#15327=EDGE_CURVE('',#17228,#17131,#17230,.T.);
#15328=EDGE_CURVE('',#17037,#17231,#17232,.T.);
#15329=EDGE_CURVE('',#17231,#17233,#17234,.T.);
#15330=EDGE_CURVE('',#17233,#17235,#17236,.T.);
#15331=EDGE_CURVE('',#17237,#17235,#17238,.T.);
#15332=EDGE_CURVE('',#17237,#17208,#17239,.T.);
#15333=EDGE_CURVE('',#17240,#17064,#17241,.T.);
#15334=EDGE_CURVE('',#17240,#17242,#17243,.T.);
#15335=EDGE_CURVE('',#17242,#17244,#17245,.T.);
#15336=EDGE_CURVE('',#17246,#17244,#17247,.T.);
#15337=EDGE_CURVE('',#17246,#17088,#17248,.T.);
#15338=EDGE_CURVE('',#17249,#17163,#17250,.T.);
#15339=EDGE_CURVE('',#17251,#17249,#17252,.T.);
#15340=EDGE_CURVE('',#17251,#17253,#17254,.T.);
#15341=EDGE_CURVE('',#17253,#17255,#17256,.T.);
#15342=EDGE_CURVE('',#17255,#17044,#17257,.T.);
#15343=EDGE_CURVE('',#17258,#17126,#17259,.T.);
#15344=EDGE_CURVE('',#17260,#17258,#17261,.T.);
#15345=EDGE_CURVE('',#17260,#17262,#17263,.T.);
#15346=EDGE_CURVE('',#17262,#17264,#17265,.T.);
#15347=EDGE_CURVE('',#17264,#17053,#17266,.T.);
#15348=EDGE_CURVE('',#17267,#17205,#17268,.T.);
#15349=EDGE_CURVE('',#17269,#17267,#17270,.T.);
#15350=EDGE_CURVE('',#17269,#17271,#17272,.T.);
#15351=EDGE_CURVE('',#17271,#17273,#17274,.T.);
#15352=EDGE_CURVE('',#17273,#17035,#17275,.T.);
#15353=EDGE_CURVE('',#17276,#17081,#17277,.T.);
#15354=EDGE_CURVE('',#17278,#17276,#17279,.T.);
#15355=EDGE_CURVE('',#17278,#17280,#17281,.T.);
#15356=EDGE_CURVE('',#17280,#17282,#17283,.T.);
#15357=EDGE_CURVE('',#17062,#17282,#17284,.T.);
#15358=EDGE_CURVE('',#17285,#17210,#17286,.T.);
#15359=EDGE_CURVE('',#16982,#17285,#17287,.T.);
#15360=EDGE_CURVE('',#17191,#16984,#17288,.T.);
#15361=EDGE_CURVE('',#17240,#17282,#17289,.T.);
#15362=EDGE_CURVE('',#17222,#17264,#17290,.T.);
#15363=EDGE_CURVE('',#17213,#17255,#17291,.T.);
#15364=EDGE_CURVE('',#17231,#17273,#17292,.T.);
#15365=EDGE_CURVE('',#17293,#17090,#17294,.T.);
#15366=EDGE_CURVE('',#16977,#17293,#17295,.T.);
#15367=EDGE_CURVE('',#17296,#9382,#17297,.T.);
#15368=EDGE_CURVE('',#17298,#9390,#17299,.T.);
#15369=EDGE_CURVE('',#17298,#17296,#17300,.T.);
#15370=EDGE_CURVE('',#9395,#17301,#17302,.T.);
#15371=EDGE_CURVE('',#17301,#17296,#17303,.T.);
#15372=EDGE_CURVE('',#17304,#17298,#17305,.T.);
#15373=EDGE_CURVE('',#17304,#17079,#17306,.T.);
#15374=EDGE_CURVE('',#17276,#17304,#17307,.T.);
#15375=EDGE_CURVE('',#16897,#16965,#17308,.T.);
#15376=EDGE_CURVE('',#16922,#17309,#17310,.T.);
#15377=EDGE_CURVE('',#17309,#16967,#17311,.T.);
#15378=EDGE_CURVE('',#17312,#16972,#17313,.T.);
#15379=EDGE_CURVE('',#17314,#17312,#17315,.T.);
#15380=EDGE_CURVE('',#17314,#9746,#17316,.T.);
#15381=EDGE_CURVE('',#17233,#17317,#17318,.T.);
#15382=EDGE_CURVE('',#17231,#17319,#17320,.T.);
#15383=EDGE_CURVE('',#17319,#17317,#17321,.T.);
#15384=EDGE_CURVE('',#17322,#17271,#17323,.T.);
#15385=EDGE_CURVE('',#17322,#17324,#17325,.T.);
#15386=EDGE_CURVE('',#17273,#17324,#17326,.T.);
#15387=EDGE_CURVE('',#17285,#17237,#17327,.T.);
#15388=EDGE_CURVE('',#17328,#17329,#17330,.T.);
#15389=EDGE_CURVE('',#17237,#17328,#17331,.T.);
#15390=EDGE_CURVE('',#17329,#17235,#17332,.T.);
#15391=EDGE_CURVE('',#17285,#17333,#17334,.T.);
#15392=EDGE_CURVE('',#17333,#17328,#17335,.T.);
#15393=EDGE_CURVE('',#17336,#17333,#17337,.T.);
#15394=EDGE_CURVE('',#16982,#17336,#17338,.T.);
#15395=EDGE_CURVE('',#17339,#8744,#17340,.T.);
#15396=EDGE_CURVE('',#17339,#17185,#17341,.T.);
#15397=EDGE_CURVE('',#17342,#17336,#17343,.T.);
#15398=EDGE_CURVE('',#17339,#17342,#17344,.T.);
#15399=EDGE_CURVE('',#17345,#17346,#17347,.T.);
#15400=EDGE_CURVE('',#17345,#17339,#17348,.T.);
#15401=EDGE_CURVE('',#17346,#17342,#17349,.T.);
#15402=EDGE_CURVE('',#8735,#17187,#17350,.T.);
#15403=EDGE_CURVE('',#17345,#17203,#17351,.T.);
#15404=EDGE_CURVE('',#17267,#17345,#17352,.T.);
#15405=EDGE_CURVE('',#17353,#17346,#17354,.T.);
#15406=EDGE_CURVE('',#17267,#17353,#17355,.T.);
#15407=EDGE_CURVE('',#17356,#17353,#17357,.T.);
#15408=EDGE_CURVE('',#17269,#17356,#17358,.T.);
#15409=EDGE_CURVE('',#17276,#17359,#17360,.T.);
#15410=EDGE_CURVE('',#17361,#17359,#17362,.T.);
#15411=EDGE_CURVE('',#17278,#17361,#17363,.T.);
#15412=EDGE_CURVE('',#17364,#17133,#17365,.T.);
#15413=EDGE_CURVE('',#16992,#17364,#17366,.T.);
#15414=EDGE_CURVE('',#17367,#17368,#17369,.T.);
#15415=EDGE_CURVE('',#17228,#17367,#17370,.T.);
#15416=EDGE_CURVE('',#17368,#17226,#17371,.T.);
#15417=EDGE_CURVE('',#17372,#17124,#17373,.T.);
#15418=EDGE_CURVE('',#17258,#17372,#17374,.T.);
#15419=EDGE_CURVE('',#17224,#17375,#17376,.T.);
#15420=EDGE_CURVE('',#17222,#17377,#17378,.T.);
#15421=EDGE_CURVE('',#17377,#17375,#17379,.T.);
#15422=EDGE_CURVE('',#17380,#17262,#17381,.T.);
#15423=EDGE_CURVE('',#17380,#17382,#17383,.T.);
#15424=EDGE_CURVE('',#17264,#17382,#17384,.T.);
#15425=EDGE_CURVE('',#17377,#17382,#17385,.T.);
#15426=EDGE_CURVE('',#17386,#17161,#17387,.T.);
#15427=EDGE_CURVE('',#17249,#17386,#17388,.T.);
#15428=EDGE_CURVE('',#17156,#17389,#17390,.T.);
#15429=EDGE_CURVE('',#17391,#17389,#17392,.T.);
#15430=EDGE_CURVE('',#17386,#17391,#17393,.T.);
#15431=EDGE_CURVE('',#8863,#8871,#17394,.T.);
#15432=EDGE_CURVE('',#17395,#17396,#17397,.T.);
#15433=EDGE_CURVE('',#17219,#17395,#17398,.T.);
#15434=EDGE_CURVE('',#17396,#17217,#17399,.T.);
#15435=EDGE_CURVE('',#17400,#17170,#17401,.T.);
#15436=EDGE_CURVE('',#17400,#17219,#17402,.T.);
#15437=EDGE_CURVE('',#17403,#17395,#17404,.T.);
#15438=EDGE_CURVE('',#17400,#17403,#17405,.T.);
#15439=EDGE_CURVE('',#17406,#17403,#17407,.T.);
#15440=EDGE_CURVE('',#16987,#17406,#17408,.T.);
#15441=EDGE_CURVE('',#16987,#17400,#17409,.T.);
#15442=EDGE_CURVE('',#17389,#8883,#17410,.T.);
#15443=EDGE_CURVE('',#17391,#8884,#17411,.T.);
#15444=EDGE_CURVE('',#17412,#17406,#17413,.T.);
#15445=EDGE_CURVE('',#17391,#17412,#17414,.T.);
#15446=EDGE_CURVE('',#17386,#17415,#17416,.T.);
#15447=EDGE_CURVE('',#17415,#17412,#17417,.T.);
#15448=EDGE_CURVE('',#17249,#17418,#17419,.T.);
#15449=EDGE_CURVE('',#17418,#17415,#17420,.T.);
#15450=EDGE_CURVE('',#17421,#17418,#17422,.T.);
#15451=EDGE_CURVE('',#17251,#17421,#17423,.T.);
#15452=EDGE_CURVE('',#17215,#17424,#17425,.T.);
#15453=EDGE_CURVE('',#17213,#17426,#17427,.T.);
#15454=EDGE_CURVE('',#17426,#17424,#17428,.T.);
#15455=EDGE_CURVE('',#17429,#17253,#17430,.T.);
#15456=EDGE_CURVE('',#17429,#17431,#17432,.T.);
#15457=EDGE_CURVE('',#17255,#17431,#17433,.T.);
#15458=EDGE_CURVE('',#17426,#17431,#17434,.T.);
#15459=EDGE_CURVE('',#16947,#17435,#17436,.T.);
#15460=EDGE_CURVE('',#16999,#17435,#17437,.T.);
#15461=EDGE_CURVE('',#16949,#16997,#17438,.T.);
#15462=EDGE_CURVE('',#16904,#17439,#17440,.T.);
#15463=EDGE_CURVE('',#16935,#16902,#17441,.T.);
#15464=EDGE_CURVE('',#16933,#17439,#17442,.T.);
#15465=EDGE_CURVE('',#16916,#17443,#17444,.T.);
#15466=EDGE_CURVE('',#17445,#16910,#17446,.T.);
#15467=EDGE_CURVE('',#17443,#17445,#17447,.T.);
#15468=EDGE_CURVE('',#17448,#17449,#17450,.T.);
#15469=EDGE_CURVE('',#17445,#17448,#17451,.T.);
#15470=EDGE_CURVE('',#16908,#17449,#17452,.T.);
#15471=EDGE_CURVE('',#16906,#17453,#17454,.T.);
#15472=EDGE_CURVE('',#17453,#16927,#17455,.T.);
#15473=EDGE_CURVE('',#16925,#17456,#17457,.T.);
#15474=EDGE_CURVE('',#17456,#17458,#17459,.T.);
#15475=EDGE_CURVE('',#17458,#17460,#17461,.T.);
#15476=EDGE_CURVE('',#17460,#17448,#17462,.T.);
#15477=EDGE_CURVE('',#10135,#17463,#17464,.T.);
#15478=EDGE_CURVE('',#17456,#17463,#17465,.T.);
#15479=EDGE_CURVE('',#17453,#17439,#17466,.T.);
#15480=EDGE_CURVE('',#16953,#17467,#17468,.T.);
#15481=EDGE_CURVE('',#17008,#17467,#17469,.T.);
#15482=EDGE_CURVE('',#16955,#17006,#17470,.T.);
#15483=EDGE_CURVE('',#17471,#17010,#17472,.T.);
#15484=EDGE_CURVE('',#17471,#16951,#17473,.T.);
#15485=EDGE_CURVE('',#16951,#17012,#17474,.T.);
#15486=EDGE_CURVE('',#17467,#17471,#17475,.T.);
#15487=EDGE_CURVE('',#16961,#17476,#17477,.T.);
#15488=EDGE_CURVE('',#17026,#17476,#17478,.T.);
#15489=EDGE_CURVE('',#16963,#17024,#17479,.T.);
#15490=EDGE_CURVE('',#17476,#17480,#17481,.T.);
#15491=EDGE_CURVE('',#17480,#16959,#17482,.T.);
#15492=EDGE_CURVE('',#17435,#17483,#17484,.T.);
#15493=EDGE_CURVE('',#17483,#16945,#17485,.T.);
#15494=EDGE_CURVE('',#17483,#17001,#17486,.T.);
#15495=EDGE_CURVE('',#16943,#17003,#17487,.T.);
#15496=EDGE_CURVE('',#17364,#17228,#17488,.T.);
#15497=EDGE_CURVE('',#17489,#17367,#17490,.T.);
#15498=EDGE_CURVE('',#17364,#17489,#17491,.T.);
#15499=EDGE_CURVE('',#16992,#17492,#17493,.T.);
#15500=EDGE_CURVE('',#17492,#17489,#17494,.T.);
#15501=EDGE_CURVE('',#17495,#17492,#17496,.T.);
#15502=EDGE_CURVE('',#17497,#17495,#17498,.T.);
#15503=EDGE_CURVE('',#17497,#9174,#17499,.T.);
#15504=EDGE_CURVE('',#17500,#9166,#17501,.T.);
#15505=EDGE_CURVE('',#17497,#17500,#17502,.T.);
#15506=EDGE_CURVE('',#9161,#9145,#17503,.T.);
#15507=EDGE_CURVE('',#17119,#17500,#17504,.T.);
#15508=EDGE_CURVE('',#17372,#17497,#17505,.T.);
#15509=EDGE_CURVE('',#17506,#17495,#17507,.T.);
#15510=EDGE_CURVE('',#17372,#17506,#17508,.T.);
#15511=EDGE_CURVE('',#17258,#17509,#17510,.T.);
#15512=EDGE_CURVE('',#17509,#17506,#17511,.T.);
#15513=EDGE_CURVE('',#17512,#17509,#17513,.T.);
#15514=EDGE_CURVE('',#17260,#17512,#17514,.T.);
#15515=EDGE_CURVE('',#17515,#17516,#17517,.T.);
#15516=EDGE_CURVE('',#17246,#17515,#17518,.T.);
#15517=EDGE_CURVE('',#17516,#17244,#17519,.T.);
#15518=EDGE_CURVE('',#17242,#17520,#17521,.T.);
#15519=EDGE_CURVE('',#17240,#17522,#17523,.T.);
#15520=EDGE_CURVE('',#17522,#17520,#17524,.T.);
#15521=EDGE_CURVE('',#16894,#16890,#17525,.T.);
#15522=EDGE_CURVE('',#16879,#16892,#17526,.T.);
#15523=EDGE_CURVE('',#16878,#16883,#17527,.T.);
#15524=EDGE_CURVE('',#17528,#16873,#17529,.T.);
#15525=EDGE_CURVE('',#16871,#17528,#17530,.T.);
#15526=EDGE_CURVE('',#16861,#16875,#17531,.T.);
#15527=EDGE_CURVE('',#16868,#16862,#17532,.T.);
#15528=EDGE_CURVE('',#17533,#17534,#17535,.T.);
#15529=EDGE_CURVE('',#17534,#17329,#17536,.T.);
#15530=EDGE_CURVE('',#17533,#17317,#17537,.T.);
#15531=EDGE_CURVE('',#17356,#17396,#17538,.T.);
#15532=EDGE_CURVE('',#17322,#17424,#17539,.T.);
#15533=EDGE_CURVE('',#17421,#17368,#17540,.T.);
#15534=EDGE_CURVE('',#17429,#17375,#17541,.T.);
#15535=EDGE_CURVE('',#17361,#17460,#17542,.T.);
#15536=EDGE_CURVE('',#17543,#17458,#17544,.T.);
#15537=EDGE_CURVE('',#17543,#17280,#17545,.T.);
#15538=EDGE_CURVE('',#17512,#17516,#17546,.T.);
#15539=EDGE_CURVE('',#17380,#17520,#17547,.T.);
#15540=EDGE_CURVE('',#17543,#17548,#17549,.T.);
#15541=EDGE_CURVE('',#17282,#17548,#17550,.T.);
#15542=EDGE_CURVE('',#17522,#17548,#17551,.T.);
#15543=EDGE_CURVE('',#17314,#17463,#17552,.T.);
#15544=EDGE_CURVE('',#17312,#17533,#17553,.T.);
#15545=EDGE_CURVE('',#17319,#17324,#17554,.T.);
#15546=EDGE_CURVE('',#16939,#17555,#17556,.T.);
#15547=EDGE_CURVE('',#17017,#17555,#17557,.T.);
#15548=EDGE_CURVE('',#16941,#17015,#17558,.T.);
#15549=EDGE_CURVE('',#17559,#17019,#17560,.T.);
#15550=EDGE_CURVE('',#17559,#16937,#17561,.T.);
#15551=EDGE_CURVE('',#16937,#17021,#17562,.T.);
#15552=EDGE_CURVE('',#17555,#17559,#17563,.T.);
#15553=EDGE_CURVE('',#17480,#17028,#17564,.T.);
#15554=EDGE_CURVE('',#16957,#17030,#17565,.T.);
#15555=EDGE_CURVE('',#17293,#17246,#17566,.T.);
#15556=EDGE_CURVE('',#17567,#17515,#17568,.T.);
#15557=EDGE_CURVE('',#17293,#17567,#17569,.T.);
#15558=EDGE_CURVE('',#16977,#17570,#17571,.T.);
#15559=EDGE_CURVE('',#17570,#17567,#17572,.T.);
#15560=EDGE_CURVE('',#17298,#17573,#17574,.T.);
#15561=EDGE_CURVE('',#17573,#17570,#17575,.T.);
#15562=EDGE_CURVE('',#17304,#17576,#17577,.T.);
#15563=EDGE_CURVE('',#17576,#17573,#17578,.T.);
#15564=EDGE_CURVE('',#17359,#17576,#17579,.T.);
#15565=EDGE_CURVE('',#17534,#17580,#17581,.T.);
#15566=EDGE_CURVE('',#17580,#17443,#17582,.T.);
#15567=EDGE_CURVE('',#16918,#17580,#17583,.T.);
#15568=EDGE_CURVE('',#16920,#17584,#17585,.T.);
#15569=EDGE_CURVE('',#17309,#17584,#17586,.T.);
#15570=EDGE_CURVE('',#16974,#17584,#17587,.T.);
#15571=EDGE_CURVE('',#9383,#17301,#17588,.T.);
#15572=DIRECTION('',(-1.0,-0.0,0.0));
#15573=CARTESIAN_POINT('',(6.0,-0.55,-17.8));
#15574=DIRECTION('',(-1.0,0.0,0.0));
#15575=DIRECTION('',(0.0,-1.0,0.0));
#15576=DIRECTION('',(1.0,0.0,0.0));
#15577=CARTESIAN_POINT('',(5.7,-0.55,-17.8));
#15578=DIRECTION('',(1.0,0.0,0.0));
#15579=DIRECTION('',(0.0,-1.0,0.0));
#15580=DIRECTION('',(-1.0,-0.0,0.0));
#15581=CARTESIAN_POINT('',(-5.7,-0.55,-17.8));
#15582=DIRECTION('',(-1.0,0.0,0.0));
#15583=DIRECTION('',(0.0,1.0,0.0));
#15584=DIRECTION('',(-1.0,0.0,0.0));
#15585=CARTESIAN_POINT('',(-6.0,-0.55,-17.8));
#15586=DIRECTION('',(1.0,0.0,0.0));
#15587=DIRECTION('',(0.0,1.0,0.0));
#15588=CARTESIAN_POINT('',(3.5,-0.43,-2.81999999999955));
#15589=DIRECTION('',(-1.0,0.0,0.0));
#15590=DIRECTION('',(0.0,-2.71050543121241E-15,1.0));
#15591=CARTESIAN_POINT('',(3.5,-0.18,-2.9));
#15592=DIRECTION('',(-0.0,1.0,0.0));
#15593=DIRECTION('',(1.0,0.0,0.0));
#15594=CARTESIAN_POINT('',(3.58,-0.43,-2.9));
#15595=DIRECTION('',(0.0,0.0,-1.0));
#15596=DIRECTION('',(-1.0,0.0,0.0));
#15597=CARTESIAN_POINT('',(3.5,-0.06,-2.9));
#15598=DIRECTION('',(-0.0,1.0,0.0));
#15599=DIRECTION('',(1.0,0.0,0.0));
#15600=CARTESIAN_POINT('',(3.5,-0.430000000000035,-5.08000000000042));
#15601=DIRECTION('',(-1.0,-0.0,0.0));
#15602=DIRECTION('',(0.0,-2.71050543121241E-15,-1.0));
#15603=CARTESIAN_POINT('',(3.5,-0.06,-5.0));
#15604=DIRECTION('',(-0.0,1.0,0.0));
#15605=DIRECTION('',(1.0,0.0,0.0));
#15606=CARTESIAN_POINT('',(3.58,-0.43,-5.0));
#15607=DIRECTION('',(0.0,0.0,-1.0));
#15608=DIRECTION('',(-1.0,0.0,0.0));
#15609=CARTESIAN_POINT('',(3.5,-0.18,-5.0));
#15610=DIRECTION('',(-0.0,1.0,0.0));
#15611=DIRECTION('',(1.0,0.0,0.0));
#15612=CARTESIAN_POINT('',(-1.0,-0.430000000000049,-2.81999999999955));
#15613=DIRECTION('',(-1.0,0.0,0.0));
#15614=DIRECTION('',(0.0,-2.71050543121241E-15,1.0));
#15615=CARTESIAN_POINT('',(-1.0,-0.18,-2.9));
#15616=DIRECTION('',(-0.0,1.0,0.0));
#15617=DIRECTION('',(1.0,0.0,0.0));
#15618=CARTESIAN_POINT('',(-0.92,-0.43,-2.9));
#15619=DIRECTION('',(0.0,0.0,-1.0));
#15620=DIRECTION('',(-1.0,0.0,0.0));
#15621=CARTESIAN_POINT('',(-1.0,-0.06,-2.9));
#15622=DIRECTION('',(-0.0,1.0,0.0));
#15623=DIRECTION('',(1.0,0.0,0.0));
#15624=CARTESIAN_POINT('',(-1.0,-0.43,-5.08000000000005));
#15625=DIRECTION('',(-1.0,-0.0,0.0));
#15626=DIRECTION('',(0.0,-2.71050543121308E-15,-1.0));
#15627=CARTESIAN_POINT('',(-1.0,-0.06,-5.0));
#15628=DIRECTION('',(-0.0,1.0,0.0));
#15629=DIRECTION('',(1.0,0.0,0.0));
#15630=CARTESIAN_POINT('',(-0.92,-0.43,-5.0));
#15631=DIRECTION('',(0.0,0.0,-1.0));
#15632=DIRECTION('',(-1.0,0.0,0.0));
#15633=CARTESIAN_POINT('',(-1.0,-0.18,-5.0));
#15634=DIRECTION('',(-0.0,1.0,0.0));
#15635=DIRECTION('',(1.0,0.0,0.0));
#15636=CARTESIAN_POINT('',(-3.5,-0.43,-2.81999999999955));
#15637=DIRECTION('',(-1.0,0.0,0.0));
#15638=DIRECTION('',(0.0,-2.71050543121241E-15,1.0));
#15639=CARTESIAN_POINT('',(-3.5,-0.18,-2.9));
#15640=DIRECTION('',(-0.0,1.0,0.0));
#15641=DIRECTION('',(1.0,0.0,0.0));
#15642=CARTESIAN_POINT('',(-3.42,-0.43,-2.9));
#15643=DIRECTION('',(0.0,0.0,-1.0));
#15644=DIRECTION('',(-1.0,0.0,0.0));
#15645=CARTESIAN_POINT('',(-3.5,-0.06,-2.9));
#15646=DIRECTION('',(-0.0,1.0,0.0));
#15647=DIRECTION('',(1.0,0.0,0.0));
#15648=CARTESIAN_POINT('',(-3.5,-0.43,-5.08000000000045));
#15649=DIRECTION('',(-1.0,-0.0,0.0));
#15650=DIRECTION('',(0.0,-2.71050543121241E-15,-1.0));
#15651=CARTESIAN_POINT('',(-3.5,-0.06,-5.0));
#15652=DIRECTION('',(-0.0,1.0,0.0));
#15653=DIRECTION('',(1.0,0.0,0.0));
#15654=CARTESIAN_POINT('',(-3.42,-0.43,-5.0));
#15655=DIRECTION('',(0.0,0.0,-1.0));
#15656=DIRECTION('',(-1.0,0.0,0.0));
#15657=CARTESIAN_POINT('',(-3.5,-0.18,-5.0));
#15658=DIRECTION('',(-0.0,1.0,0.0));
#15659=DIRECTION('',(1.0,0.0,0.0));
#15660=CARTESIAN_POINT('',(1.0,-0.430000000000049,-2.81999999999998));
#15661=DIRECTION('',(-1.0,0.0,0.0));
#15662=DIRECTION('',(0.0,-0.0,1.0));
#15663=CARTESIAN_POINT('',(1.0,-0.18,-2.9));
#15664=DIRECTION('',(-0.0,1.0,0.0));
#15665=DIRECTION('',(1.0,0.0,0.0));
#15666=CARTESIAN_POINT('',(1.08,-0.43,-2.9));
#15667=DIRECTION('',(0.0,0.0,-1.0));
#15668=DIRECTION('',(-1.0,0.0,0.0));
#15669=CARTESIAN_POINT('',(1.0,-0.06,-2.9));
#15670=DIRECTION('',(-0.0,1.0,0.0));
#15671=DIRECTION('',(1.0,0.0,0.0));
#15672=CARTESIAN_POINT('',(1.0,-0.430000000000049,-5.08000000000045));
#15673=DIRECTION('',(-1.0,-0.0,0.0));
#15674=DIRECTION('',(0.0,-2.7105054312124E-15,-1.0));
#15675=CARTESIAN_POINT('',(1.0,-0.06,-5.0));
#15676=DIRECTION('',(-0.0,1.0,0.0));
#15677=DIRECTION('',(1.0,0.0,0.0));
#15678=CARTESIAN_POINT('',(1.08,-0.43,-5.0));
#15679=DIRECTION('',(0.0,0.0,-1.0));
#15680=DIRECTION('',(-1.0,0.0,0.0));
#15681=CARTESIAN_POINT('',(1.0,-0.18,-5.0));
#15682=DIRECTION('',(-0.0,1.0,0.0));
#15683=DIRECTION('',(1.0,0.0,0.0));
#15684=DIRECTION('',(1.0,-0.0,-0.0));
#15685=CARTESIAN_POINT('',(3.2,0.52,-18.80177243528));
#15686=DIRECTION('',(-1.0,0.0,0.0));
#15687=DIRECTION('',(0.0,-1.0,0.0));
#15688=DIRECTION('',(1.0,0.0,0.0));
#15689=CARTESIAN_POINT('',(3.8,0.52,-18.80177243528));
#15690=DIRECTION('',(-1.0,0.0,0.0));
#15691=DIRECTION('',(0.0,-1.0,0.0));
#15692=DIRECTION('',(1.0,-0.0,-0.0));
#15693=CARTESIAN_POINT('',(0.7,0.52,-18.80177243528));
#15694=DIRECTION('',(-1.0,0.0,0.0));
#15695=DIRECTION('',(0.0,-1.0,0.0));
#15696=DIRECTION('',(1.0,0.0,0.0));
#15697=CARTESIAN_POINT('',(1.3,0.52,-18.80177243528));
#15698=DIRECTION('',(-1.0,0.0,0.0));
#15699=DIRECTION('',(0.0,-1.0,0.0));
#15700=DIRECTION('',(1.0,-0.0,-0.0));
#15701=CARTESIAN_POINT('',(-1.3,0.52,-18.80177243528));
#15702=DIRECTION('',(-1.0,0.0,0.0));
#15703=DIRECTION('',(0.0,-1.0,0.0));
#15704=DIRECTION('',(1.0,0.0,0.0));
#15705=CARTESIAN_POINT('',(-0.7,0.52,-18.80177243528));
#15706=DIRECTION('',(-1.0,0.0,0.0));
#15707=DIRECTION('',(0.0,-1.0,0.0));
#15708=DIRECTION('',(1.0,-0.0,-0.0));
#15709=CARTESIAN_POINT('',(-3.8,0.52,-18.80177243528));
#15710=DIRECTION('',(-1.0,0.0,0.0));
#15711=DIRECTION('',(0.0,-1.0,0.0));
#15712=DIRECTION('',(1.0,0.0,0.0));
#15713=CARTESIAN_POINT('',(-3.2,0.52,-18.80177243528));
#15714=DIRECTION('',(-1.0,0.0,0.0));
#15715=DIRECTION('',(0.0,-1.0,0.0));
#15716=DIRECTION('',(0.932004671541314,0.362446261154903,0.0));
#15717=DIRECTION('',(0.0,0.0,-1.0));
#15718=DIRECTION('',(-0.932004671541314,-0.362446261154903,0.0));
#15719=DIRECTION('',(0.0,0.0,1.0));
#15720=DIRECTION('',(-1.0,0.0,0.0));
#15721=DIRECTION('',(-0.932004671541314,-0.362446261154903,0.0));
#15722=DIRECTION('',(-0.184384555290351,0.982854178284032,0.0));
#15723=DIRECTION('',(-0.932004671541314,0.362446261154903,0.0));
#15724=DIRECTION('',(-1.0,0.0,0.0));
#15725=DIRECTION('',(-0.932004671541314,0.362446261154903,0.0));
#15726=DIRECTION('',(-0.18438455529035,-0.982854178284032,0.0));
#15727=DIRECTION('',(1.0,0.0,0.0));
#15728=DIRECTION('',(-0.932004671541314,0.362446261154903,0.0));
#15729=DIRECTION('',(-0.184384555290351,-0.982854178284032,0.0));
#15730=DIRECTION('',(-0.932004671541314,0.362446261154903,0.0));
#15731=DIRECTION('',(0.0,0.0,1.0));
#15732=DIRECTION('',(0.932004671541314,-0.362446261154903,0.0));
#15733=DIRECTION('',(0.0,0.0,-1.0));
#15734=DIRECTION('',(0.0,0.0,-1.0));
#15735=DIRECTION('',(0.0,-0.484809620245258,0.874619707139994));
#15736=CARTESIAN_POINT('',(-0.59,1.8,-13.36637791296));
#15737=DIRECTION('',(1.0,0.0,0.0));
#15738=DIRECTION('',(0.0,0.0,-1.0));
#15739=DIRECTION('',(0.0,1.0,0.0));
#15740=CARTESIAN_POINT('',(-0.59,1.8,-13.36637791296));
#15741=DIRECTION('',(1.0,0.0,0.0));
#15742=DIRECTION('',(0.0,0.0,-1.0));
#15743=DIRECTION('',(0.0,-0.48480962024521,0.874619707140021));
#15744=DIRECTION('',(0.0,-0.48480962024521,0.874619707140021));
#15745=DIRECTION('',(-1.0,0.0,0.0));
#15746=DIRECTION('',(-1.0,0.0,0.0));
#15747=DIRECTION('',(-1.0,0.0,0.0));
#15748=DIRECTION('',(0.0,-0.484809620245258,0.874619707139994));
#15749=DIRECTION('',(-1.0,0.0,0.0));
#15750=DIRECTION('',(0.0,0.0,1.0));
#15751=CARTESIAN_POINT('',(0.59,1.8,-13.36637791296));
#15752=DIRECTION('',(-1.0,0.0,0.0));
#15753=DIRECTION('',(0.0,0.0,1.0));
#15754=DIRECTION('',(0.0,-1.0,0.0));
#15755=CARTESIAN_POINT('',(0.59,1.8,-13.36637791296));
#15756=DIRECTION('',(-1.0,0.0,0.0));
#15757=DIRECTION('',(0.0,0.0,1.0));
#15758=DIRECTION('',(1.0,0.0,0.0));
#15759=CARTESIAN_POINT('',(-3.2,0.5,-19.84434033677));
#15760=DIRECTION('',(1.0,0.0,0.0));
#15761=DIRECTION('',(0.0,-1.0,0.0));
#15762=DIRECTION('',(1.0,0.0,0.0));
#15763=CARTESIAN_POINT('',(-3.8,0.5,-19.84434033677));
#15764=DIRECTION('',(1.0,0.0,0.0));
#15765=DIRECTION('',(0.0,-1.0,0.0));
#15766=DIRECTION('',(1.0,0.0,0.0));
#15767=DIRECTION('',(0.0,0.0,-1.0));
#15768=DIRECTION('',(0.0,0.0,-1.0));
#15769=DIRECTION('',(0.0,-1.0,0.0));
#15770=DIRECTION('',(0.0,-1.0,0.0));
#15771=DIRECTION('',(1.0,0.0,0.0));
#15772=DIRECTION('',(1.0,0.0,0.0));
#15773=DIRECTION('',(0.0,0.0,-1.0));
#15774=DIRECTION('',(0.0,0.0,-1.0));
#15775=DIRECTION('',(1.0,0.0,0.0));
#15776=CARTESIAN_POINT('',(-3.2,0.5,-19.84434033677));
#15777=DIRECTION('',(1.0,0.0,0.0));
#15778=DIRECTION('',(0.0,-1.0,0.0));
#15779=CARTESIAN_POINT('',(-3.8,0.5,-19.84434033677));
#15780=DIRECTION('',(1.0,0.0,0.0));
#15781=DIRECTION('',(0.0,-1.0,0.0));
#15782=DIRECTION('',(1.0,0.0,0.0));
#15783=DIRECTION('',(0.0,-0.543644505922513,-0.839315584974011));
#15784=DIRECTION('',(0.0,-0.543644505922513,-0.839315584974011));
#15785=DIRECTION('',(0.0,-0.543644505922514,-0.839315584974011));
#15786=DIRECTION('',(1.0,0.0,0.0));
#15787=DIRECTION('',(0.0,-0.543644505922514,-0.839315584974011));
#15788=DIRECTION('',(0.0,-1.0,0.0));
#15789=CARTESIAN_POINT('',(-3.2,0.52000000000003,-18.80177243528));
#15790=DIRECTION('',(-1.0,0.0,0.0));
#15791=DIRECTION('',(0.0,0.0,-1.0));
#15792=CARTESIAN_POINT('',(-3.2,0.52,-18.80177243528));
#15793=DIRECTION('',(-1.0,0.0,0.0));
#15794=DIRECTION('',(0.0,-1.0,0.0));
#15795=CARTESIAN_POINT('',(-3.8,0.52000000000003,-18.80177243528));
#15796=DIRECTION('',(-1.0,0.0,0.0));
#15797=DIRECTION('',(0.0,0.0,-1.0));
#15798=DIRECTION('',(0.0,-1.0,0.0));
#15799=CARTESIAN_POINT('',(-3.8,0.52,-18.80177243528));
#15800=DIRECTION('',(-1.0,0.0,0.0));
#15801=DIRECTION('',(0.0,-1.0,0.0));
#15802=DIRECTION('',(1.0,0.0,0.0));
#15803=DIRECTION('',(-1.0,0.0,0.0));
#15804=DIRECTION('',(0.0,-1.0,0.0));
#15805=DIRECTION('',(-1.0,0.0,0.0));
#15806=DIRECTION('',(-1.0,0.0,0.0));
#15807=DIRECTION('',(0.0,-1.0,0.0));
#15808=DIRECTION('',(-1.0,0.0,0.0));
#15809=DIRECTION('',(1.0,0.0,0.0));
#15810=DIRECTION('',(0.0,1.0,0.0));
#15811=DIRECTION('',(1.0,0.0,0.0));
#15812=DIRECTION('',(0.0,1.0,0.0));
#15813=DIRECTION('',(1.0,0.0,0.0));
#15814=CARTESIAN_POINT('',(-2.95,0.52,-14.75));
#15815=DIRECTION('',(-1.0,0.0,0.0));
#15816=DIRECTION('',(0.0,-1.0,0.0));
#15817=CARTESIAN_POINT('',(-4.05,0.52,-14.75));
#15818=DIRECTION('',(-1.0,0.0,0.0));
#15819=DIRECTION('',(0.0,-1.0,0.0));
#15820=DIRECTION('',(0.0,1.0,0.0));
#15821=DIRECTION('',(0.242535625035179,0.0,0.97014250014562));
#15822=DIRECTION('',(0.0,-1.0,0.0));
#15823=DIRECTION('',(-0.242535625035179,0.0,-0.97014250014562));
#15824=DIRECTION('',(0.0,-1.0,0.0));
#15825=DIRECTION('',(0.0,0.0,-1.0));
#15826=DIRECTION('',(0.0,0.0,1.0));
#15827=DIRECTION('',(0.0,-1.0,0.0));
#15828=DIRECTION('',(1.0,0.0,0.0));
#15829=DIRECTION('',(-1.0,0.0,0.0));
#15830=DIRECTION('',(0.0,-1.0,0.0));
#15831=CARTESIAN_POINT('',(-4.05,-0.0299999999999967,-14.2));
#15832=DIRECTION('',(1.0,0.0,0.0));
#15833=DIRECTION('',(0.0,0.0,-1.0));
#15834=DIRECTION('',(0.0,-1.0,0.0));
#15835=CARTESIAN_POINT('',(-4.05,0.52,-14.75));
#15836=DIRECTION('',(1.0,0.0,0.0));
#15837=DIRECTION('',(0.0,0.0,-1.0));
#15838=DIRECTION('',(0.0,0.0,1.0));
#15839=DIRECTION('',(0.0,-1.0,0.0));
#15840=DIRECTION('',(0.0,0.0,-1.0));
#15841=CARTESIAN_POINT('',(-4.05,-0.0299999999999996,-14.2));
#15842=DIRECTION('',(1.0,0.0,0.0));
#15843=DIRECTION('',(0.0,-1.0,0.0));
#15844=DIRECTION('',(0.0,1.0,0.0));
#15845=DIRECTION('',(0.330350424729181,0.0,0.943858356365641));
#15846=DIRECTION('',(-0.330350424729181,0.0,-0.943858356365641));
#15847=DIRECTION('',(0.0,1.0,0.0));
#15848=CARTESIAN_POINT('',(-2.95,-0.0299999999999996,-14.2));
#15849=DIRECTION('',(1.0,0.0,0.0));
#15850=DIRECTION('',(0.0,-1.0,0.0));
#15851=DIRECTION('',(0.0,0.0,-1.0));
#15852=DIRECTION('',(0.0,-1.0,0.0));
#15853=DIRECTION('',(0.0,0.0,-1.0));
#15854=CARTESIAN_POINT('',(-2.95,0.52,-14.75));
#15855=DIRECTION('',(-1.0,0.0,0.0));
#15856=DIRECTION('',(0.0,0.0,1.0));
#15857=DIRECTION('',(0.0,1.0,0.0));
#15858=CARTESIAN_POINT('',(-2.95,-0.0299999999999967,-14.2));
#15859=DIRECTION('',(-1.0,0.0,0.0));
#15860=DIRECTION('',(0.0,0.0,1.0));
#15861=DIRECTION('',(0.0,-1.0,0.0));
#15862=DIRECTION('',(-0.330350424729181,0.0,0.943858356365641));
#15863=DIRECTION('',(0.330350424729181,0.0,-0.943858356365641));
#15864=DIRECTION('',(1.0,0.0,0.0));
#15865=DIRECTION('',(0.0,-1.0,0.0));
#15866=DIRECTION('',(0.0,0.0,1.0));
#15867=DIRECTION('',(0.0,-1.0,0.0));
#15868=DIRECTION('',(0.0,0.0,1.0));
#15869=DIRECTION('',(0.0,1.0,0.0));
#15870=DIRECTION('',(1.0,0.0,0.0));
#15871=DIRECTION('',(1.0,0.0,0.0));
#15872=DIRECTION('',(0.0,-1.0,0.0));
#15873=DIRECTION('',(-0.24253562503518,0.0,0.97014250014562));
#15874=DIRECTION('',(0.24253562503518,0.0,-0.97014250014562));
#15875=DIRECTION('',(0.0,1.0,0.0));
#15876=DIRECTION('',(1.0,0.0,0.0));
#15877=DIRECTION('',(0.0,-1.0,0.0));
#15878=DIRECTION('',(1.0,0.0,0.0));
#15879=DIRECTION('',(0.0,0.0,-1.0));
#15880=DIRECTION('',(0.0,-1.0,0.0));
#15881=DIRECTION('',(0.0,0.0,1.0));
#15882=DIRECTION('',(0.0,0.0,1.0));
#15883=DIRECTION('',(0.0,0.0,-1.0));
#15884=DIRECTION('',(0.0,0.0,-1.0));
#15885=DIRECTION('',(0.0,1.0,0.0));
#15886=DIRECTION('',(0.0,0.0,1.0));
#15887=DIRECTION('',(0.0,0.0,1.0));
#15888=DIRECTION('',(0.0,0.0,1.0));
#15889=DIRECTION('',(0.0,-1.0,0.0));
#15890=DIRECTION('',(0.0,-1.0,0.0));
#15891=DIRECTION('',(1.0,0.0,0.0));
#15892=DIRECTION('',(-1.0,0.0,0.0));
#15893=DIRECTION('',(0.0,0.0,1.0));
#15894=DIRECTION('',(0.0,0.0,-1.0));
#15895=DIRECTION('',(0.0,0.0,-1.0));
#15896=DIRECTION('',(0.0,0.0,1.0));
#15897=DIRECTION('',(-1.0,0.0,0.0));
#15898=DIRECTION('',(1.0,0.0,0.0));
#15899=CARTESIAN_POINT('',(-0.7,0.5,-19.84434033677));
#15900=DIRECTION('',(1.0,0.0,0.0));
#15901=DIRECTION('',(0.0,-1.0,0.0));
#15902=DIRECTION('',(1.0,0.0,0.0));
#15903=CARTESIAN_POINT('',(-1.3,0.5,-19.84434033677));
#15904=DIRECTION('',(1.0,0.0,0.0));
#15905=DIRECTION('',(0.0,-1.0,0.0));
#15906=DIRECTION('',(0.0,0.0,-1.0));
#15907=DIRECTION('',(1.0,0.0,0.0));
#15908=DIRECTION('',(0.0,0.0,-1.0));
#15909=DIRECTION('',(0.0,-1.0,0.0));
#15910=DIRECTION('',(1.0,0.0,0.0));
#15911=DIRECTION('',(0.0,-1.0,0.0));
#15912=DIRECTION('',(0.0,0.0,-1.0));
#15913=DIRECTION('',(1.0,0.0,0.0));
#15914=DIRECTION('',(0.0,0.0,-1.0));
#15915=CARTESIAN_POINT('',(-0.7,0.5,-19.84434033677));
#15916=DIRECTION('',(1.0,0.0,0.0));
#15917=DIRECTION('',(0.0,-1.0,0.0));
#15918=DIRECTION('',(1.0,0.0,0.0));
#15919=CARTESIAN_POINT('',(-1.3,0.5,-19.84434033677));
#15920=DIRECTION('',(1.0,0.0,0.0));
#15921=DIRECTION('',(0.0,-1.0,0.0));
#15922=DIRECTION('',(1.0,0.0,0.0));
#15923=DIRECTION('',(0.0,-0.543644505922513,-0.839315584974011));
#15924=DIRECTION('',(0.0,-0.543644505922513,-0.839315584974011));
#15925=DIRECTION('',(0.0,-0.543644505922514,-0.839315584974011));
#15926=DIRECTION('',(1.0,0.0,0.0));
#15927=DIRECTION('',(0.0,-0.543644505922514,-0.839315584974011));
#15928=CARTESIAN_POINT('',(-1.3,0.52,-18.80177243528));
#15929=DIRECTION('',(-1.0,0.0,0.0));
#15930=DIRECTION('',(0.0,0.0,-1.0));
#15931=DIRECTION('',(0.0,-1.0,0.0));
#15932=CARTESIAN_POINT('',(-1.3,0.52,-18.80177243528));
#15933=DIRECTION('',(-1.0,0.0,0.0));
#15934=DIRECTION('',(0.0,-1.0,0.0));
#15935=DIRECTION('',(0.0,-1.0,0.0));
#15936=CARTESIAN_POINT('',(-0.7,0.52,-18.80177243528));
#15937=DIRECTION('',(-1.0,0.0,0.0));
#15938=DIRECTION('',(0.0,0.0,-1.0));
#15939=CARTESIAN_POINT('',(-0.7,0.52,-18.80177243528));
#15940=DIRECTION('',(-1.0,0.0,0.0));
#15941=DIRECTION('',(0.0,-1.0,0.0));
#15942=DIRECTION('',(1.0,0.0,0.0));
#15943=DIRECTION('',(-1.0,0.0,0.0));
#15944=DIRECTION('',(0.0,-1.0,0.0));
#15945=DIRECTION('',(-1.0,0.0,0.0));
#15946=DIRECTION('',(-1.0,0.0,0.0));
#15947=DIRECTION('',(0.0,-1.0,0.0));
#15948=DIRECTION('',(-1.0,0.0,0.0));
#15949=DIRECTION('',(1.0,0.0,0.0));
#15950=DIRECTION('',(0.0,1.0,0.0));
#15951=DIRECTION('',(1.0,0.0,0.0));
#15952=DIRECTION('',(0.0,1.0,0.0));
#15953=DIRECTION('',(1.0,0.0,0.0));
#15954=CARTESIAN_POINT('',(-0.45,0.52,-14.75));
#15955=DIRECTION('',(-1.0,0.0,0.0));
#15956=DIRECTION('',(0.0,-1.0,0.0));
#15957=CARTESIAN_POINT('',(-1.55,0.52,-14.75));
#15958=DIRECTION('',(-1.0,0.0,0.0));
#15959=DIRECTION('',(0.0,-1.0,0.0));
#15960=DIRECTION('',(0.0,1.0,0.0));
#15961=DIRECTION('',(1.0,0.0,0.0));
#15962=DIRECTION('',(0.0,-1.0,0.0));
#15963=DIRECTION('',(1.0,0.0,0.0));
#15964=DIRECTION('',(0.0,-1.0,0.0));
#15965=DIRECTION('',(-0.242535625036103,0.0,0.970142500145389));
#15966=DIRECTION('',(0.0,-1.0,0.0));
#15967=DIRECTION('',(0.242535625036103,0.0,-0.970142500145389));
#15968=DIRECTION('',(0.0,0.0,1.0));
#15969=DIRECTION('',(0.0,0.0,1.0));
#15970=DIRECTION('',(0.0,0.0,-1.0));
#15971=DIRECTION('',(0.0,-1.0,0.0));
#15972=DIRECTION('',(0.0,0.0,1.0));
#15973=DIRECTION('',(0.0,-1.0,0.0));
#15974=DIRECTION('',(0.0,0.0,1.0));
#15975=DIRECTION('',(0.0,0.0,-1.0));
#15976=DIRECTION('',(0.0,1.0,0.0));
#15977=DIRECTION('',(1.0,0.0,0.0));
#15978=DIRECTION('',(1.0,0.0,0.0));
#15979=DIRECTION('',(0.0,0.0,-1.0));
#15980=DIRECTION('',(0.0,1.0,0.0));
#15981=DIRECTION('',(0.0,0.0,1.0));
#15982=DIRECTION('',(0.0,0.0,1.0));
#15983=DIRECTION('',(0.0,0.0,1.0));
#15984=DIRECTION('',(0.0,-1.0,0.0));
#15985=DIRECTION('',(0.0,-1.0,0.0));
#15986=DIRECTION('',(1.0,0.0,0.0));
#15987=DIRECTION('',(-1.0,0.0,0.0));
#15988=DIRECTION('',(0.0,1.0,0.0));
#15989=DIRECTION('',(0.242535625035179,0.0,0.97014250014562));
#15990=DIRECTION('',(0.0,-1.0,0.0));
#15991=DIRECTION('',(-0.242535625035179,0.0,-0.97014250014562));
#15992=DIRECTION('',(0.0,-1.0,0.0));
#15993=DIRECTION('',(0.0,0.0,-1.0));
#15994=DIRECTION('',(0.0,0.0,1.0));
#15995=DIRECTION('',(0.0,-1.0,0.0));
#15996=DIRECTION('',(1.0,0.0,0.0));
#15997=DIRECTION('',(-1.0,0.0,0.0));
#15998=DIRECTION('',(0.0,-1.0,0.0));
#15999=CARTESIAN_POINT('',(-1.55,-0.0299999999999967,-14.2));
#16000=DIRECTION('',(1.0,0.0,0.0));
#16001=DIRECTION('',(0.0,0.0,-1.0));
#16002=DIRECTION('',(0.0,-1.0,0.0));
#16003=CARTESIAN_POINT('',(-1.55,0.52,-14.75));
#16004=DIRECTION('',(1.0,0.0,0.0));
#16005=DIRECTION('',(0.0,0.0,-1.0));
#16006=DIRECTION('',(0.0,0.0,1.0));
#16007=DIRECTION('',(0.0,-1.0,0.0));
#16008=DIRECTION('',(0.0,0.0,-1.0));
#16009=CARTESIAN_POINT('',(-1.55,-0.0299999999999996,-14.2));
#16010=DIRECTION('',(1.0,0.0,0.0));
#16011=DIRECTION('',(0.0,-1.0,0.0));
#16012=DIRECTION('',(0.0,1.0,0.0));
#16013=DIRECTION('',(0.33035042472918,0.0,0.943858356365642));
#16014=DIRECTION('',(-0.33035042472918,0.0,-0.943858356365642));
#16015=DIRECTION('',(0.0,1.0,0.0));
#16016=CARTESIAN_POINT('',(-0.45,-0.0299999999999996,-14.2));
#16017=DIRECTION('',(1.0,0.0,0.0));
#16018=DIRECTION('',(0.0,-1.0,0.0));
#16019=DIRECTION('',(0.0,0.0,-1.0));
#16020=DIRECTION('',(0.0,-1.0,0.0));
#16021=DIRECTION('',(0.0,0.0,-1.0));
#16022=CARTESIAN_POINT('',(-0.45,0.52,-14.75));
#16023=DIRECTION('',(-1.0,0.0,0.0));
#16024=DIRECTION('',(0.0,0.0,1.0));
#16025=DIRECTION('',(0.0,1.0,0.0));
#16026=CARTESIAN_POINT('',(-0.45,-0.0299999999999967,-14.2));
#16027=DIRECTION('',(-1.0,0.0,0.0));
#16028=DIRECTION('',(0.0,0.0,1.0));
#16029=DIRECTION('',(0.0,-1.0,0.0));
#16030=DIRECTION('',(-0.330350424729395,0.0,0.943858356365566));
#16031=DIRECTION('',(0.330350424729395,0.0,-0.943858356365566));
#16032=DIRECTION('',(1.0,0.0,0.0));
#16033=DIRECTION('',(0.0,0.0,-1.0));
#16034=DIRECTION('',(0.0,0.0,1.0));
#16035=DIRECTION('',(0.0,0.0,1.0));
#16036=DIRECTION('',(0.0,0.0,-1.0));
#16037=DIRECTION('',(-1.0,0.0,0.0));
#16038=DIRECTION('',(1.0,0.0,0.0));
#16039=CARTESIAN_POINT('',(1.3,0.5,-19.84434033677));
#16040=DIRECTION('',(1.0,0.0,0.0));
#16041=DIRECTION('',(0.0,-1.0,0.0));
#16042=DIRECTION('',(1.0,0.0,0.0));
#16043=CARTESIAN_POINT('',(0.7,0.5,-19.84434033677));
#16044=DIRECTION('',(1.0,0.0,0.0));
#16045=DIRECTION('',(0.0,-1.0,0.0));
#16046=DIRECTION('',(0.0,0.0,-1.0));
#16047=DIRECTION('',(1.0,0.0,0.0));
#16048=DIRECTION('',(0.0,0.0,-1.0));
#16049=DIRECTION('',(0.0,-1.0,0.0));
#16050=DIRECTION('',(1.0,0.0,0.0));
#16051=DIRECTION('',(0.0,-1.0,0.0));
#16052=DIRECTION('',(0.0,0.0,-1.0));
#16053=DIRECTION('',(1.0,0.0,0.0));
#16054=DIRECTION('',(0.0,0.0,-1.0));
#16055=CARTESIAN_POINT('',(1.3,0.5,-19.84434033677));
#16056=DIRECTION('',(1.0,0.0,0.0));
#16057=DIRECTION('',(0.0,-1.0,0.0));
#16058=DIRECTION('',(1.0,0.0,0.0));
#16059=CARTESIAN_POINT('',(0.7,0.5,-19.84434033677));
#16060=DIRECTION('',(1.0,0.0,0.0));
#16061=DIRECTION('',(0.0,-1.0,0.0));
#16062=DIRECTION('',(1.0,0.0,0.0));
#16063=DIRECTION('',(0.0,-0.543644505922513,-0.839315584974011));
#16064=DIRECTION('',(0.0,-0.543644505922513,-0.839315584974011));
#16065=DIRECTION('',(0.0,-0.543644505922514,-0.839315584974011));
#16066=DIRECTION('',(1.0,0.0,0.0));
#16067=DIRECTION('',(0.0,-0.543644505922514,-0.839315584974011));
#16068=CARTESIAN_POINT('',(0.7,0.52,-18.80177243528));
#16069=DIRECTION('',(-1.0,0.0,0.0));
#16070=DIRECTION('',(0.0,0.0,-1.0));
#16071=DIRECTION('',(0.0,-1.0,0.0));
#16072=CARTESIAN_POINT('',(0.7,0.52,-18.80177243528));
#16073=DIRECTION('',(-1.0,0.0,0.0));
#16074=DIRECTION('',(0.0,-1.0,0.0));
#16075=DIRECTION('',(0.0,-1.0,0.0));
#16076=CARTESIAN_POINT('',(1.3,0.52,-18.80177243528));
#16077=DIRECTION('',(-1.0,0.0,0.0));
#16078=DIRECTION('',(0.0,0.0,-1.0));
#16079=CARTESIAN_POINT('',(1.3,0.52,-18.80177243528));
#16080=DIRECTION('',(-1.0,0.0,0.0));
#16081=DIRECTION('',(0.0,-1.0,0.0));
#16082=DIRECTION('',(1.0,0.0,0.0));
#16083=DIRECTION('',(-1.0,0.0,0.0));
#16084=DIRECTION('',(0.0,-1.0,0.0));
#16085=DIRECTION('',(-1.0,0.0,0.0));
#16086=DIRECTION('',(-1.0,0.0,0.0));
#16087=DIRECTION('',(0.0,-1.0,0.0));
#16088=DIRECTION('',(-1.0,0.0,0.0));
#16089=DIRECTION('',(1.0,0.0,0.0));
#16090=DIRECTION('',(0.0,1.0,0.0));
#16091=DIRECTION('',(1.0,0.0,0.0));
#16092=DIRECTION('',(0.0,1.0,0.0));
#16093=DIRECTION('',(1.0,0.0,0.0));
#16094=CARTESIAN_POINT('',(1.55,0.52,-14.75));
#16095=DIRECTION('',(-1.0,0.0,0.0));
#16096=DIRECTION('',(0.0,-1.0,0.0));
#16097=CARTESIAN_POINT('',(0.45,0.52,-14.75));
#16098=DIRECTION('',(-1.0,0.0,0.0));
#16099=DIRECTION('',(0.0,-1.0,0.0));
#16100=DIRECTION('',(0.0,1.0,0.0));
#16101=DIRECTION('',(0.242535625036103,0.0,0.970142500145389));
#16102=DIRECTION('',(0.0,-1.0,0.0));
#16103=DIRECTION('',(-0.242535625036103,0.0,-0.970142500145389));
#16104=DIRECTION('',(0.0,-1.0,0.0));
#16105=DIRECTION('',(0.0,0.0,-1.0));
#16106=DIRECTION('',(0.0,0.0,1.0));
#16107=DIRECTION('',(0.0,-1.0,0.0));
#16108=DIRECTION('',(1.0,0.0,0.0));
#16109=DIRECTION('',(-1.0,0.0,0.0));
#16110=DIRECTION('',(0.0,-1.0,0.0));
#16111=CARTESIAN_POINT('',(0.45,-0.0299999999999967,-14.2));
#16112=DIRECTION('',(1.0,0.0,0.0));
#16113=DIRECTION('',(0.0,0.0,-1.0));
#16114=DIRECTION('',(0.0,-1.0,0.0));
#16115=CARTESIAN_POINT('',(0.45,0.52,-14.75));
#16116=DIRECTION('',(1.0,0.0,0.0));
#16117=DIRECTION('',(0.0,0.0,-1.0));
#16118=DIRECTION('',(0.0,0.0,1.0));
#16119=DIRECTION('',(0.0,-1.0,0.0));
#16120=DIRECTION('',(0.0,0.0,-1.0));
#16121=CARTESIAN_POINT('',(0.45,-0.0299999999999996,-14.2));
#16122=DIRECTION('',(1.0,0.0,0.0));
#16123=DIRECTION('',(0.0,-1.0,0.0));
#16124=DIRECTION('',(0.0,1.0,0.0));
#16125=DIRECTION('',(0.330350424729395,0.0,0.943858356365566));
#16126=DIRECTION('',(-0.330350424729395,0.0,-0.943858356365566));
#16127=DIRECTION('',(0.0,1.0,0.0));
#16128=CARTESIAN_POINT('',(1.55,-0.0299999999999996,-14.2));
#16129=DIRECTION('',(1.0,0.0,0.0));
#16130=DIRECTION('',(0.0,-1.0,0.0));
#16131=DIRECTION('',(0.0,0.0,-1.0));
#16132=DIRECTION('',(0.0,-1.0,0.0));
#16133=DIRECTION('',(0.0,0.0,-1.0));
#16134=CARTESIAN_POINT('',(1.55,0.52,-14.75));
#16135=DIRECTION('',(-1.0,0.0,0.0));
#16136=DIRECTION('',(0.0,0.0,1.0));
#16137=DIRECTION('',(0.0,1.0,0.0));
#16138=CARTESIAN_POINT('',(1.55,-0.0299999999999967,-14.2));
#16139=DIRECTION('',(-1.0,0.0,0.0));
#16140=DIRECTION('',(0.0,0.0,1.0));
#16141=DIRECTION('',(0.0,-1.0,0.0));
#16142=DIRECTION('',(-0.33035042472918,0.0,0.943858356365642));
#16143=DIRECTION('',(0.33035042472918,0.0,-0.943858356365642));
#16144=DIRECTION('',(1.0,0.0,0.0));
#16145=DIRECTION('',(0.0,-1.0,0.0));
#16146=DIRECTION('',(-0.242535625035179,0.0,0.97014250014562));
#16147=DIRECTION('',(0.0,-1.0,0.0));
#16148=DIRECTION('',(0.242535625035179,0.0,-0.97014250014562));
#16149=DIRECTION('',(0.0,0.0,1.0));
#16150=DIRECTION('',(0.0,-1.0,0.0));
#16151=DIRECTION('',(0.0,0.0,1.0));
#16152=DIRECTION('',(0.0,1.0,0.0));
#16153=DIRECTION('',(1.0,0.0,0.0));
#16154=DIRECTION('',(1.0,0.0,0.0));
#16155=DIRECTION('',(0.0,-1.0,0.0));
#16156=DIRECTION('',(0.0,0.0,1.0));
#16157=DIRECTION('',(0.0,-1.0,0.0));
#16158=DIRECTION('',(0.0,0.0,1.0));
#16159=DIRECTION('',(0.0,0.0,-1.0));
#16160=DIRECTION('',(0.0,0.0,-1.0));
#16161=DIRECTION('',(0.0,1.0,0.0));
#16162=DIRECTION('',(1.0,0.0,0.0));
#16163=DIRECTION('',(1.0,0.0,0.0));
#16164=DIRECTION('',(0.0,-1.0,0.0));
#16165=DIRECTION('',(0.0,0.0,-1.0));
#16166=DIRECTION('',(0.0,1.0,0.0));
#16167=DIRECTION('',(0.0,0.0,1.0));
#16168=DIRECTION('',(0.0,0.0,1.0));
#16169=DIRECTION('',(0.0,0.0,1.0));
#16170=DIRECTION('',(0.0,-1.0,0.0));
#16171=DIRECTION('',(1.0,0.0,0.0));
#16172=DIRECTION('',(-1.0,0.0,0.0));
#16173=DIRECTION('',(0.0,0.0,1.0));
#16174=DIRECTION('',(0.0,0.0,-1.0));
#16175=DIRECTION('',(0.0,0.0,-1.0));
#16176=DIRECTION('',(0.0,0.0,1.0));
#16177=DIRECTION('',(-1.0,0.0,0.0));
#16178=DIRECTION('',(1.0,0.0,0.0));
#16179=CARTESIAN_POINT('',(3.8,0.5,-19.84434033677));
#16180=DIRECTION('',(1.0,0.0,0.0));
#16181=DIRECTION('',(0.0,-1.0,0.0));
#16182=DIRECTION('',(1.0,0.0,0.0));
#16183=CARTESIAN_POINT('',(3.2,0.5,-19.84434033677));
#16184=DIRECTION('',(1.0,0.0,0.0));
#16185=DIRECTION('',(0.0,-1.0,0.0));
#16186=DIRECTION('',(1.0,0.0,0.0));
#16187=CARTESIAN_POINT('',(3.8,0.50000000000005,-19.84434033677));
#16188=DIRECTION('',(1.0,0.0,0.0));
#16189=DIRECTION('',(0.0,-1.0,0.0));
#16190=DIRECTION('',(1.0,0.0,0.0));
#16191=CARTESIAN_POINT('',(3.2,0.50000000000005,-19.84434033677));
#16192=DIRECTION('',(1.0,0.0,0.0));
#16193=DIRECTION('',(0.0,-1.0,0.0));
#16194=DIRECTION('',(0.0,0.0,-1.0));
#16195=DIRECTION('',(1.0,0.0,0.0));
#16196=DIRECTION('',(0.0,0.0,-1.0));
#16197=DIRECTION('',(0.0,-1.0,0.0));
#16198=DIRECTION('',(1.0,0.0,0.0));
#16199=DIRECTION('',(0.0,-1.0,0.0));
#16200=DIRECTION('',(0.0,0.0,-1.0));
#16201=DIRECTION('',(0.0,0.0,-1.0));
#16202=DIRECTION('',(1.0,0.0,0.0));
#16203=DIRECTION('',(0.0,-0.543644505922513,-0.839315584974011));
#16204=DIRECTION('',(0.0,-0.543644505922513,-0.839315584974011));
#16205=DIRECTION('',(0.0,-0.543644505922514,-0.839315584974011));
#16206=DIRECTION('',(1.0,0.0,0.0));
#16207=DIRECTION('',(0.0,-0.543644505922514,-0.839315584974011));
#16208=CARTESIAN_POINT('',(3.2,0.52000000000003,-18.80177243528));
#16209=DIRECTION('',(-1.0,0.0,0.0));
#16210=DIRECTION('',(0.0,0.0,-1.0));
#16211=DIRECTION('',(0.0,-1.0,0.0));
#16212=CARTESIAN_POINT('',(3.2,0.52,-18.80177243528));
#16213=DIRECTION('',(-1.0,0.0,0.0));
#16214=DIRECTION('',(0.0,-1.0,0.0));
#16215=CARTESIAN_POINT('',(3.8,0.52,-18.80177243528));
#16216=DIRECTION('',(-1.0,0.0,0.0));
#16217=DIRECTION('',(0.0,-1.0,0.0));
#16218=DIRECTION('',(0.0,-1.0,0.0));
#16219=CARTESIAN_POINT('',(3.8,0.52000000000003,-18.80177243528));
#16220=DIRECTION('',(-1.0,0.0,0.0));
#16221=DIRECTION('',(0.0,0.0,-1.0));
#16222=DIRECTION('',(1.0,0.0,0.0));
#16223=DIRECTION('',(-1.0,0.0,0.0));
#16224=DIRECTION('',(0.0,-1.0,0.0));
#16225=DIRECTION('',(-1.0,0.0,0.0));
#16226=DIRECTION('',(-1.0,0.0,0.0));
#16227=DIRECTION('',(0.0,-1.0,0.0));
#16228=DIRECTION('',(-1.0,0.0,0.0));
#16229=DIRECTION('',(1.0,0.0,0.0));
#16230=DIRECTION('',(0.0,1.0,0.0));
#16231=DIRECTION('',(1.0,0.0,0.0));
#16232=DIRECTION('',(0.0,1.0,0.0));
#16233=DIRECTION('',(1.0,0.0,0.0));
#16234=CARTESIAN_POINT('',(4.05,0.52,-14.75));
#16235=DIRECTION('',(-1.0,0.0,0.0));
#16236=DIRECTION('',(0.0,-1.0,0.0));
#16237=CARTESIAN_POINT('',(2.95,0.52,-14.75));
#16238=DIRECTION('',(-1.0,0.0,0.0));
#16239=DIRECTION('',(0.0,-1.0,0.0));
#16240=DIRECTION('',(0.0,1.0,0.0));
#16241=DIRECTION('',(0.24253562503518,0.0,0.97014250014562));
#16242=DIRECTION('',(0.0,-1.0,0.0));
#16243=DIRECTION('',(-0.24253562503518,0.0,-0.97014250014562));
#16244=DIRECTION('',(0.0,-1.0,0.0));
#16245=DIRECTION('',(0.0,0.0,-1.0));
#16246=DIRECTION('',(0.0,0.0,1.0));
#16247=DIRECTION('',(0.0,-1.0,0.0));
#16248=DIRECTION('',(1.0,0.0,0.0));
#16249=DIRECTION('',(-1.0,0.0,0.0));
#16250=DIRECTION('',(0.0,0.0,1.0));
#16251=DIRECTION('',(0.0,-1.0,0.0));
#16252=DIRECTION('',(0.0,0.0,-1.0));
#16253=CARTESIAN_POINT('',(2.95,-0.0299999999999996,-14.2));
#16254=DIRECTION('',(1.0,0.0,0.0));
#16255=DIRECTION('',(0.0,-1.0,0.0));
#16256=DIRECTION('',(0.0,-1.0,0.0));
#16257=CARTESIAN_POINT('',(2.95,-0.0299999999999967,-14.2));
#16258=DIRECTION('',(1.0,0.0,0.0));
#16259=DIRECTION('',(0.0,0.0,-1.0));
#16260=DIRECTION('',(0.0,-1.0,0.0));
#16261=CARTESIAN_POINT('',(2.95,0.52,-14.75));
#16262=DIRECTION('',(1.0,0.0,0.0));
#16263=DIRECTION('',(0.0,0.0,-1.0));
#16264=DIRECTION('',(0.0,1.0,0.0));
#16265=DIRECTION('',(0.330350424729181,0.0,0.943858356365641));
#16266=DIRECTION('',(-0.330350424729181,0.0,-0.943858356365641));
#16267=DIRECTION('',(0.0,0.0,-1.0));
#16268=CARTESIAN_POINT('',(4.05,0.52,-14.75));
#16269=DIRECTION('',(-1.0,0.0,0.0));
#16270=DIRECTION('',(0.0,0.0,1.0));
#16271=DIRECTION('',(0.0,1.0,0.0));
#16272=CARTESIAN_POINT('',(4.05,-0.0299999999999967,-14.2));
#16273=DIRECTION('',(-1.0,0.0,0.0));
#16274=DIRECTION('',(0.0,0.0,1.0));
#16275=DIRECTION('',(0.0,1.0,0.0));
#16276=CARTESIAN_POINT('',(4.05,-0.0299999999999996,-14.2));
#16277=DIRECTION('',(1.0,0.0,0.0));
#16278=DIRECTION('',(0.0,-1.0,0.0));
#16279=DIRECTION('',(0.0,0.0,-1.0));
#16280=DIRECTION('',(0.0,-1.0,0.0));
#16281=DIRECTION('',(0.0,-1.0,0.0));
#16282=DIRECTION('',(-0.330350424729181,0.0,0.943858356365641));
#16283=DIRECTION('',(0.330350424729181,0.0,-0.943858356365641));
#16284=DIRECTION('',(1.0,0.0,0.0));
#16285=DIRECTION('',(0.0,-1.0,0.0));
#16286=DIRECTION('',(-0.242535625035179,0.0,0.97014250014562));
#16287=DIRECTION('',(0.0,-1.0,0.0));
#16288=DIRECTION('',(0.242535625035179,0.0,-0.97014250014562));
#16289=DIRECTION('',(0.0,0.0,1.0));
#16290=DIRECTION('',(0.0,-1.0,0.0));
#16291=DIRECTION('',(0.0,0.0,1.0));
#16292=DIRECTION('',(0.0,1.0,0.0));
#16293=DIRECTION('',(1.0,0.0,0.0));
#16294=DIRECTION('',(1.0,0.0,0.0));
#16295=DIRECTION('',(0.0,-1.0,0.0));
#16296=DIRECTION('',(0.0,0.0,1.0));
#16297=DIRECTION('',(0.0,-1.0,0.0));
#16298=DIRECTION('',(0.0,0.0,1.0));
#16299=DIRECTION('',(0.0,0.0,-1.0));
#16300=DIRECTION('',(0.0,0.0,-1.0));
#16301=DIRECTION('',(0.0,1.0,0.0));
#16302=DIRECTION('',(1.0,0.0,0.0));
#16303=DIRECTION('',(1.0,0.0,0.0));
#16304=DIRECTION('',(0.0,-1.0,0.0));
#16305=DIRECTION('',(0.0,0.0,-1.0));
#16306=DIRECTION('',(0.0,1.0,0.0));
#16307=DIRECTION('',(0.0,0.0,1.0));
#16308=DIRECTION('',(0.0,0.0,1.0));
#16309=DIRECTION('',(0.0,0.0,1.0));
#16310=DIRECTION('',(0.0,-1.0,0.0));
#16311=DIRECTION('',(1.0,0.0,0.0));
#16312=DIRECTION('',(-1.0,0.0,0.0));
#16313=DIRECTION('',(0.0,0.0,1.0));
#16314=DIRECTION('',(0.0,0.0,-1.0));
#16315=DIRECTION('',(0.0,0.0,-1.0));
#16316=DIRECTION('',(0.0,0.0,1.0));
#16317=DIRECTION('',(-1.0,0.0,0.0));
#16318=DIRECTION('',(0.0,1.0,0.0));
#16319=DIRECTION('',(0.0,0.0,-1.0));
#16320=DIRECTION('',(0.0,-1.0,0.0));
#16321=DIRECTION('',(0.0,0.0,-1.0));
#16322=DIRECTION('',(0.0,1.0,0.0));
#16323=DIRECTION('',(0.0,0.0,1.0));
#16324=DIRECTION('',(0.0,-1.0,0.0));
#16325=DIRECTION('',(0.0,0.0,1.0));
#16326=DIRECTION('',(0.0,0.0,-1.0));
#16327=CARTESIAN_POINT('',(1.0,-0.06,-5.0));
#16328=DIRECTION('',(-0.0,1.0,0.0));
#16329=DIRECTION('',(1.0,0.0,0.0));
#16330=DIRECTION('',(0.0,0.0,1.0));
#16331=CARTESIAN_POINT('',(1.0,-0.06,-2.9));
#16332=DIRECTION('',(-0.0,1.0,0.0));
#16333=DIRECTION('',(1.0,0.0,0.0));
#16334=DIRECTION('',(0.0,0.0,-1.0));
#16335=CARTESIAN_POINT('',(1.0,-0.18,-5.0));
#16336=DIRECTION('',(-0.0,1.0,0.0));
#16337=DIRECTION('',(1.0,0.0,0.0));
#16338=CARTESIAN_POINT('',(0.92,-0.43,-5.0));
#16339=DIRECTION('',(0.0,0.0,1.0));
#16340=DIRECTION('',(1.0,0.0,0.0));
#16341=DIRECTION('',(0.0,0.0,1.0));
#16342=CARTESIAN_POINT('',(0.92,-0.43,-2.9));
#16343=DIRECTION('',(0.0,0.0,1.0));
#16344=DIRECTION('',(1.0,0.0,0.0));
#16345=CARTESIAN_POINT('',(1.0,-0.18,-2.9));
#16346=DIRECTION('',(-0.0,1.0,0.0));
#16347=DIRECTION('',(1.0,0.0,0.0));
#16348=DIRECTION('',(1.0,0.0,0.0));
#16349=DIRECTION('',(-1.0,0.0,0.0));
#16350=DIRECTION('',(0.0,1.0,0.0));
#16351=DIRECTION('',(0.0,0.0,-1.0));
#16352=DIRECTION('',(0.0,-1.0,0.0));
#16353=DIRECTION('',(0.0,0.0,-1.0));
#16354=DIRECTION('',(0.0,1.0,0.0));
#16355=DIRECTION('',(0.0,0.0,1.0));
#16356=DIRECTION('',(0.0,-1.0,0.0));
#16357=DIRECTION('',(0.0,0.0,1.0));
#16358=DIRECTION('',(0.0,0.0,-1.0));
#16359=CARTESIAN_POINT('',(-3.5,-0.06,-5.0));
#16360=DIRECTION('',(-0.0,1.0,0.0));
#16361=DIRECTION('',(1.0,0.0,0.0));
#16362=DIRECTION('',(0.0,0.0,1.0));
#16363=CARTESIAN_POINT('',(-3.5,-0.06,-2.9));
#16364=DIRECTION('',(-0.0,1.0,0.0));
#16365=DIRECTION('',(1.0,0.0,0.0));
#16366=DIRECTION('',(0.0,0.0,-1.0));
#16367=CARTESIAN_POINT('',(-3.5,-0.18,-5.0));
#16368=DIRECTION('',(-0.0,1.0,0.0));
#16369=DIRECTION('',(1.0,0.0,0.0));
#16370=CARTESIAN_POINT('',(-3.58,-0.43,-5.0));
#16371=DIRECTION('',(0.0,0.0,1.0));
#16372=DIRECTION('',(1.0,0.0,0.0));
#16373=DIRECTION('',(0.0,0.0,1.0));
#16374=CARTESIAN_POINT('',(-3.58,-0.43,-2.9));
#16375=DIRECTION('',(0.0,0.0,1.0));
#16376=DIRECTION('',(1.0,0.0,0.0));
#16377=CARTESIAN_POINT('',(-3.5,-0.18,-2.9));
#16378=DIRECTION('',(-0.0,1.0,0.0));
#16379=DIRECTION('',(1.0,0.0,0.0));
#16380=DIRECTION('',(1.0,0.0,0.0));
#16381=DIRECTION('',(-1.0,0.0,0.0));
#16382=DIRECTION('',(0.0,1.0,0.0));
#16383=DIRECTION('',(0.0,0.0,-1.0));
#16384=DIRECTION('',(0.0,-1.0,0.0));
#16385=DIRECTION('',(0.0,0.0,-1.0));
#16386=DIRECTION('',(0.0,1.0,0.0));
#16387=DIRECTION('',(0.0,0.0,1.0));
#16388=DIRECTION('',(0.0,-1.0,0.0));
#16389=DIRECTION('',(0.0,0.0,1.0));
#16390=DIRECTION('',(0.0,0.0,-1.0));
#16391=CARTESIAN_POINT('',(-1.0,-0.06,-5.0));
#16392=DIRECTION('',(-0.0,1.0,0.0));
#16393=DIRECTION('',(1.0,0.0,0.0));
#16394=DIRECTION('',(0.0,0.0,1.0));
#16395=CARTESIAN_POINT('',(-1.0,-0.06,-2.9));
#16396=DIRECTION('',(-0.0,1.0,0.0));
#16397=DIRECTION('',(1.0,0.0,0.0));
#16398=DIRECTION('',(0.0,0.0,-1.0));
#16399=CARTESIAN_POINT('',(-1.0,-0.18,-5.0));
#16400=DIRECTION('',(-0.0,1.0,0.0));
#16401=DIRECTION('',(1.0,0.0,0.0));
#16402=CARTESIAN_POINT('',(-1.08,-0.43,-5.0));
#16403=DIRECTION('',(0.0,0.0,1.0));
#16404=DIRECTION('',(1.0,0.0,0.0));
#16405=DIRECTION('',(0.0,0.0,1.0));
#16406=CARTESIAN_POINT('',(-1.08,-0.43,-2.9));
#16407=DIRECTION('',(0.0,0.0,1.0));
#16408=DIRECTION('',(1.0,0.0,0.0));
#16409=CARTESIAN_POINT('',(-1.0,-0.18,-2.9));
#16410=DIRECTION('',(-0.0,1.0,0.0));
#16411=DIRECTION('',(1.0,0.0,0.0));
#16412=DIRECTION('',(1.0,0.0,0.0));
#16413=DIRECTION('',(-1.0,0.0,0.0));
#16414=DIRECTION('',(0.0,1.0,0.0));
#16415=DIRECTION('',(0.0,0.0,-1.0));
#16416=DIRECTION('',(0.0,-1.0,0.0));
#16417=DIRECTION('',(0.0,0.0,-1.0));
#16418=DIRECTION('',(0.0,1.0,0.0));
#16419=DIRECTION('',(0.0,0.0,1.0));
#16420=DIRECTION('',(0.0,-1.0,0.0));
#16421=DIRECTION('',(0.0,0.0,1.0));
#16422=DIRECTION('',(0.0,0.0,-1.0));
#16423=CARTESIAN_POINT('',(3.5,-0.06,-5.0));
#16424=DIRECTION('',(-0.0,1.0,0.0));
#16425=DIRECTION('',(1.0,0.0,0.0));
#16426=DIRECTION('',(0.0,0.0,1.0));
#16427=CARTESIAN_POINT('',(3.5,-0.06,-2.9));
#16428=DIRECTION('',(-0.0,1.0,0.0));
#16429=DIRECTION('',(1.0,0.0,0.0));
#16430=DIRECTION('',(0.0,0.0,-1.0));
#16431=CARTESIAN_POINT('',(3.5,-0.18,-5.0));
#16432=DIRECTION('',(-0.0,1.0,0.0));
#16433=DIRECTION('',(1.0,0.0,0.0));
#16434=CARTESIAN_POINT('',(3.42,-0.43,-5.0));
#16435=DIRECTION('',(0.0,0.0,1.0));
#16436=DIRECTION('',(1.0,0.0,0.0));
#16437=DIRECTION('',(0.0,0.0,1.0));
#16438=CARTESIAN_POINT('',(3.42,-0.43,-2.9));
#16439=DIRECTION('',(0.0,0.0,1.0));
#16440=DIRECTION('',(1.0,0.0,0.0));
#16441=CARTESIAN_POINT('',(3.5,-0.18,-2.9));
#16442=DIRECTION('',(-0.0,1.0,0.0));
#16443=DIRECTION('',(1.0,0.0,0.0));
#16444=DIRECTION('',(1.0,0.0,0.0));
#16445=DIRECTION('',(-1.0,0.0,0.0));
#16446=DIRECTION('',(-0.18438455529035,0.982854178284032,0.0));
#16447=DIRECTION('',(0.0,0.0,1.0));
#16448=DIRECTION('',(0.18438455529035,-0.982854178284032,0.0));
#16449=DIRECTION('',(0.0,0.0,1.0));
#16450=DIRECTION('',(0.0,0.0,1.0));
#16451=DIRECTION('',(0.184384555290351,0.982854178284032,0.0));
#16452=DIRECTION('',(0.0,0.0,1.0));
#16453=DIRECTION('',(0.18438455529035,0.982854178284032,0.0));
#16454=DIRECTION('',(0.0,0.0,1.0));
#16455=DIRECTION('',(-0.18438455529035,-0.982854178284032,0.0));
#16456=DIRECTION('',(0.0,0.0,1.0));
#16457=DIRECTION('',(0.184384555290351,-0.982854178284032,0.0));
#16458=DIRECTION('',(0.0,0.0,1.0));
#16459=DIRECTION('',(-0.184384555290351,0.982854178284032,0.0));
#16460=DIRECTION('',(0.0,0.0,1.0));
#16461=DIRECTION('',(0.0,0.0,1.0));
#16462=DIRECTION('',(0.184384555290351,-0.982854178284032,0.0));
#16463=DIRECTION('',(0.0,0.0,1.0));
#16464=DIRECTION('',(0.0,0.0,1.0));
#16465=DIRECTION('',(0.18438455529035,0.982854178284032,0.0));
#16466=DIRECTION('',(0.0,0.0,1.0));
#16467=DIRECTION('',(0.184384555290351,0.982854178284032,0.0));
#16468=DIRECTION('',(0.0,0.0,1.0));
#16469=DIRECTION('',(-0.184384555290351,-0.982854178284032,0.0));
#16470=DIRECTION('',(0.0,0.0,1.0));
#16471=DIRECTION('',(0.18438455529035,-0.982854178284032,0.0));
#16472=DIRECTION('',(0.0,0.0,1.0));
#16473=DIRECTION('',(-0.18438455529035,0.982854178284032,0.0));
#16474=DIRECTION('',(0.0,0.0,1.0));
#16475=DIRECTION('',(0.0,-1.0,0.0));
#16476=DIRECTION('',(1.0,0.0,0.0));
#16477=DIRECTION('',(1.0,0.0,0.0));
#16478=DIRECTION('',(0.0,1.0,0.0));
#16479=DIRECTION('',(-1.0,0.0,0.0));
#16480=DIRECTION('',(1.0,0.0,0.0));
#16481=DIRECTION('',(-1.0,0.0,0.0));
#16482=DIRECTION('',(-1.0,0.0,0.0));
#16483=DIRECTION('',(1.0,0.0,0.0));
#16484=DIRECTION('',(1.0,0.0,0.0));
#16485=DIRECTION('',(0.0,0.0,1.0));
#16486=DIRECTION('',(0.0,-1.0,0.0));
#16487=DIRECTION('',(0.0,0.0,1.0));
#16488=DIRECTION('',(-1.0,0.0,0.0));
#16489=DIRECTION('',(0.0,-1.0,0.0));
#16490=DIRECTION('',(-1.0,0.0,0.0));
#16491=DIRECTION('',(0.0,-1.0,0.0));
#16492=DIRECTION('',(-1.0,0.0,0.0));
#16493=DIRECTION('',(0.0,-1.0,0.0));
#16494=DIRECTION('',(0.0,0.0,-1.0));
#16495=DIRECTION('',(0.0,0.0,1.0));
#16496=DIRECTION('',(0.932004671541314,-0.362446261154903,0.0));
#16497=DIRECTION('',(0.0,0.0,-1.0));
#16498=DIRECTION('',(0.0,0.0,-1.0));
#16499=DIRECTION('',(-1.0,0.0,0.0));
#16500=DIRECTION('',(-1.0,0.0,0.0));
#16501=DIRECTION('',(0.0,-1.0,0.0));
#16502=DIRECTION('',(0.0,0.0,1.0));
#16503=DIRECTION('',(0.0,-1.0,0.0));
#16504=DIRECTION('',(0.0,0.0,1.0));
#16505=DIRECTION('',(0.577350269189252,0.577350269190373,0.577350269189252));
#16506=DIRECTION('',(0.0,0.0,1.0));
#16507=DIRECTION('',(0.577350269189252,0.577350269190373,-0.577350269189252));
#16508=DIRECTION('',(-1.0,0.0,0.0));
#16509=DIRECTION('',(-0.577350269189252,0.577350269190373,0.577350269189252));
#16510=DIRECTION('',(-1.0,0.0,0.0));
#16511=DIRECTION('',(-1.0,0.0,0.0));
#16512=DIRECTION('',(0.0,-1.0,0.0));
#16513=DIRECTION('',(0.0,0.0,-1.0));
#16514=DIRECTION('',(0.0,-1.0,0.0));
#16515=DIRECTION('',(0.0,0.0,-1.0));
#16516=DIRECTION('',(-0.577350269189252,0.577350269190373,-0.577350269189252));
#16517=DIRECTION('',(0.0,0.0,-1.0));
#16518=DIRECTION('',(1.0,0.0,0.0));
#16519=DIRECTION('',(1.0,0.0,0.0));
#16520=DIRECTION('',(1.0,0.0,0.0));
#16521=DIRECTION('',(-1.03693268803647E-08,1.53579974589908E-07,-0.999999999999988));
#16522=CARTESIAN_POINT('',(-5.5,-1.75,-14.8));
#16523=DIRECTION('',(0.0,0.0,1.0));
#16524=DIRECTION('',(1.0,0.0,0.0));
#16525=DIRECTION('',(0.0,0.0,-1.0));
#16526=CARTESIAN_POINT('',(-5.5,-1.75,-0.346410161514184));
#16527=DIRECTION('',(0.0,0.0,1.0));
#16528=DIRECTION('',(-1.0,0.0,0.0));
#16529=DIRECTION('',(0.0,-0.707106781186546,-0.707106781186549));
#16530=CARTESIAN_POINT('',(-5.35,-1.70000000000008,-14.3500000000132));
#16531=DIRECTION('',(0.0,0.707106781171249,-0.707106781201846));
#16532=DIRECTION('',(0.0,0.707106781201846,0.707106781171249));
#16533=DIRECTION('',(1.0,0.0,0.0));
#16534=DIRECTION('',(0.0,-0.707106781182258,-0.707106781190837));
#16535=DIRECTION('',(-1.0,0.0,0.0));
#16536=DIRECTION('',(0.0,0.0,-1.0));
#16537=DIRECTION('',(0.0,-1.0,0.0));
#16538=DIRECTION('',(0.0,0.0,-1.0));
#16539=DIRECTION('',(0.0,-1.0,0.0));
#16540=DIRECTION('',(0.0,-1.0,0.0));
#16541=DIRECTION('',(-0.866025403786366,0.0,0.499999999996662));
#16542=DIRECTION('',(0.0,-1.0,0.0));
#16543=DIRECTION('',(0.866025403786366,0.0,-0.499999999996662));
#16544=DIRECTION('',(0.0,-1.0,0.0));
#16545=DIRECTION('',(0.0,0.0,-1.0));
#16546=DIRECTION('',(0.0,-1.0,0.0));
#16547=DIRECTION('',(0.0,0.0,1.0));
#16548=DIRECTION('',(0.0,-1.0,0.0));
#16549=DIRECTION('',(0.86602540378405,0.0,0.500000000000673));
#16550=DIRECTION('',(0.0,-1.0,0.0));
#16551=DIRECTION('',(-0.86602540378405,0.0,-0.500000000000673));
#16552=DIRECTION('',(0.0,-1.0,0.0));
#16553=DIRECTION('',(0.0,0.0,-1.0));
#16554=DIRECTION('',(0.0,-1.0,0.0));
#16555=DIRECTION('',(0.0,0.0,1.0));
#16556=DIRECTION('',(0.0,-1.0,0.0));
#16557=DIRECTION('',(-0.866025403784051,0.0,0.500000000000672));
#16558=DIRECTION('',(0.0,-1.0,0.0));
#16559=DIRECTION('',(0.866025403784051,0.0,-0.500000000000672));
#16560=DIRECTION('',(0.0,-1.0,0.0));
#16561=DIRECTION('',(0.0,0.0,-1.0));
#16562=DIRECTION('',(0.0,-1.0,0.0));
#16563=DIRECTION('',(0.0,0.0,1.0));
#16564=DIRECTION('',(0.0,-1.0,0.0));
#16565=DIRECTION('',(0.866025403784093,0.0,0.500000000000598));
#16566=DIRECTION('',(0.0,-1.0,0.0));
#16567=DIRECTION('',(-0.866025403784093,0.0,-0.500000000000598));
#16568=DIRECTION('',(0.0,-1.0,0.0));
#16569=DIRECTION('',(0.0,-1.0,0.0));
#16570=DIRECTION('',(0.0,0.0,1.0));
#16571=DIRECTION('',(0.0,-1.0,0.0));
#16572=DIRECTION('',(0.0,-0.500000000000027,-0.866025403784423));
#16573=DIRECTION('',(0.0,0.0,1.0));
#16574=DIRECTION('',(0.0,0.0,-1.0));
#16575=DIRECTION('',(1.0,0.0,0.0));
#16576=DIRECTION('',(1.0,0.0,0.0));
#16577=DIRECTION('',(0.0,-0.499999999999974,-0.866025403784454));
#16578=CARTESIAN_POINT('',(-5.5,-1.75,-2.77555756156289E-17));
#16579=DIRECTION('',(0.0,0.0,1.0));
#16580=DIRECTION('',(-1.0,0.0,0.0));
#16581=DIRECTION('',(-0.499999999985413,-2.21978316533889E-06,-0.866025403790016));
#16582=DIRECTION('',(-1.0,0.0,0.0));
#16583=DIRECTION('',(1.0,0.0,0.0));
#16584=DIRECTION('',(0.0,0.0,1.0));
#16585=DIRECTION('',(0.0,0.0,1.0));
#16586=CARTESIAN_POINT('',(-5.50000000000009,-1.75000000000008,-14.6000000000048));
#16587=DIRECTION('',(0.0,0.0,-1.0));
#16588=DIRECTION('',(-1.0,0.0,0.0));
#16589=DIRECTION('',(4.507328777117E-09,-9.26810963357469E-08,-0.999999999999996));
#16590=CARTESIAN_POINT('',(-5.50000000000018,-1.75000000000016,0.0));
#16591=DIRECTION('',(0.0,0.0,1.0));
#16592=DIRECTION('',(1.0,0.0,0.0));
#16593=DIRECTION('',(0.0,0.0,-1.0));
#16594=CARTESIAN_POINT('',(-5.5,-1.75,-14.8));
#16595=DIRECTION('',(0.0,0.0,-1.0));
#16596=DIRECTION('',(-1.0,0.0,0.0));
#16597=DIRECTION('',(-0.70710678115017,-4.78408806376152E-06,-0.707106781206741));
#16598=DIRECTION('',(0.0,0.0,1.0));
#16599=DIRECTION('',(0.932004671541314,0.362446261154903,0.0));
#16600=DIRECTION('',(0.0,0.0,1.0));
#16601=DIRECTION('',(-1.0,0.0,0.0));
#16602=DIRECTION('',(-1.0,0.0,0.0));
#16603=DIRECTION('',(1.0,0.0,0.0));
#16604=DIRECTION('',(1.0,0.0,0.0));
#16605=DIRECTION('',(-1.0,0.0,0.0));
#16606=DIRECTION('',(0.0,0.0,-1.0));
#16607=DIRECTION('',(1.0,0.0,0.0));
#16608=CARTESIAN_POINT('',(-6.0,-0.55,-17.8));
#16609=DIRECTION('',(1.0,0.0,0.0));
#16610=DIRECTION('',(0.0,1.0,0.0));
#16611=DIRECTION('',(-1.0,0.0,0.0));
#16612=CARTESIAN_POINT('',(-5.7,-0.55,-17.8));
#16613=DIRECTION('',(-1.0,0.0,0.0));
#16614=DIRECTION('',(0.0,1.0,0.0));
#16615=DIRECTION('',(0.0,-1.0,0.0));
#16616=DIRECTION('',(1.0,0.0,0.0));
#16617=DIRECTION('',(0.0,-1.0,0.0));
#16618=DIRECTION('',(0.0,0.0,1.0));
#16619=DIRECTION('',(0.0,0.0,-1.0));
#16620=DIRECTION('',(-0.707106781183115,0.0,-0.70710678118998));
#16621=DIRECTION('',(1.0,0.0,0.0));
#16622=DIRECTION('',(0.0,1.0,0.0));
#16623=DIRECTION('',(0.0,1.0,0.0));
#16624=DIRECTION('',(1.0,0.0,0.0));
#16625=DIRECTION('',(0.0,1.0,0.0));
#16626=DIRECTION('',(0.0,-1.0,0.0));
#16627=DIRECTION('',(0.0,0.0,-1.0));
#16628=DIRECTION('',(0.0,-1.0,0.0));
#16629=DIRECTION('',(0.932004671541314,-0.362446261154903,0.0));
#16630=DIRECTION('',(0.0,0.0,-1.0));
#16631=DIRECTION('',(-0.499999999999974,0.0,-0.866025403784454));
#16632=DIRECTION('',(0.0,-1.0,0.0));
#16633=DIRECTION('',(0.0,-1.0,0.0));
#16634=DIRECTION('',(0.0,0.0,-1.0));
#16635=DIRECTION('',(0.0,-1.0,0.0));
#16636=DIRECTION('',(1.20289980876174E-07,8.12169523280451E-09,-0.999999999999993));
#16637=CARTESIAN_POINT('',(-5.5,1.75000000000003,-18.8));
#16638=DIRECTION('',(0.0,0.0,1.0));
#16639=DIRECTION('',(1.0,0.0,0.0));
#16640=CARTESIAN_POINT('',(-5.5,1.75,-0.346410161514147));
#16641=DIRECTION('',(0.0,0.0,1.0));
#16642=DIRECTION('',(-1.0,0.0,0.0));
#16643=CARTESIAN_POINT('',(-5.50000000000009,1.74999999999992,-18.8));
#16644=DIRECTION('',(0.0,0.0,1.0));
#16645=DIRECTION('',(1.0,0.0,0.0));
#16646=DIRECTION('',(0.0,0.0,-1.0));
#16647=CARTESIAN_POINT('',(-5.50000000000009,1.74999999999992,0.0));
#16648=DIRECTION('',(0.0,0.0,1.0));
#16649=DIRECTION('',(1.0,0.0,0.0));
#16650=CARTESIAN_POINT('',(5.7,-0.55,-17.8));
#16651=DIRECTION('',(1.0,0.0,0.0));
#16652=DIRECTION('',(0.0,-1.0,0.0));
#16653=DIRECTION('',(1.0,0.0,0.0));
#16654=CARTESIAN_POINT('',(6.0,-0.55,-17.8));
#16655=DIRECTION('',(-1.0,0.0,0.0));
#16656=DIRECTION('',(0.0,-1.0,0.0));
#16657=DIRECTION('',(-2.21978316534092E-06,0.499999999984036,-0.866025403790811));
#16658=CARTESIAN_POINT('',(-5.5,1.75,-2.77555756156289E-17));
#16659=DIRECTION('',(0.0,0.0,1.0));
#16660=DIRECTION('',(-1.0,0.0,0.0));
#16661=DIRECTION('',(0.0,0.499999999999973,-0.866025403784454));
#16662=DIRECTION('',(-1.0,0.0,0.0));
#16663=DIRECTION('',(-1.0,0.0,0.0));
#16664=DIRECTION('',(0.0,0.0,1.0));
#16665=DIRECTION('',(-0.932004671541314,-0.362446261154903,0.0));
#16666=DIRECTION('',(0.0,0.0,1.0));
#16667=DIRECTION('',(0.932004671541314,0.362446261154903,0.0));
#16668=DIRECTION('',(0.0,0.0,-1.0));
#16669=DIRECTION('',(1.0,0.0,0.0));
#16670=DIRECTION('',(0.0,0.0,-1.0));
#16671=DIRECTION('',(-1.0,0.0,0.0));
#16672=DIRECTION('',(0.0,0.0,1.0));
#16673=DIRECTION('',(-1.0,0.0,0.0));
#16674=DIRECTION('',(0.0,0.0,-1.0));
#16675=DIRECTION('',(-1.0,0.0,0.0));
#16676=DIRECTION('',(0.0,-1.0,0.0));
#16677=DIRECTION('',(0.0,-1.0,0.0));
#16678=DIRECTION('',(1.0,0.0,0.0));
#16679=DIRECTION('',(0.0,-1.0,0.0));
#16680=DIRECTION('',(0.0,0.0,-1.0));
#16681=DIRECTION('',(-0.577350269189252,0.577350269190373,0.577350269189252));
#16682=DIRECTION('',(-1.0,0.0,0.0));
#16683=DIRECTION('',(0.577350269189252,0.577350269190373,0.577350269189252));
#16684=DIRECTION('',(-1.0,0.0,0.0));
#16685=DIRECTION('',(0.0,-1.0,0.0));
#16686=DIRECTION('',(0.0,0.0,1.0));
#16687=DIRECTION('',(0.0,0.0,1.0));
#16688=DIRECTION('',(0.577350269189252,0.577350269190373,-0.577350269189252));
#16689=DIRECTION('',(-0.577350269189252,0.577350269190373,-0.577350269189252));
#16690=DIRECTION('',(1.0,0.0,0.0));
#16691=DIRECTION('',(0.0,0.0,-1.0));
#16692=DIRECTION('',(0.0,0.0,1.0));
#16693=DIRECTION('',(0.0,0.0,-1.0));
#16694=DIRECTION('',(-1.0,0.0,0.0));
#16695=DIRECTION('',(0.0,0.0,1.0));
#16696=DIRECTION('',(-1.0,0.0,0.0));
#16697=DIRECTION('',(-0.707106781183115,0.0,0.70710678118998));
#16698=DIRECTION('',(0.0,0.0,1.0));
#16699=CARTESIAN_POINT('',(5.5,1.75,-18.8));
#16700=DIRECTION('',(0.0,0.0,1.0));
#16701=DIRECTION('',(1.0,0.0,0.0));
#16702=CARTESIAN_POINT('',(5.49999999999993,1.74999999999997,-18.8));
#16703=DIRECTION('',(0.0,0.0,1.0));
#16704=DIRECTION('',(1.0,0.0,0.0));
#16705=DIRECTION('',(0.0,1.0,0.0));
#16706=DIRECTION('',(0.0,-1.0,0.0));
#16707=CARTESIAN_POINT('',(5.5,1.75,0.0));
#16708=DIRECTION('',(0.0,0.0,1.0));
#16709=DIRECTION('',(1.0,0.0,0.0));
#16710=DIRECTION('',(0.0,0.0,-1.0));
#16711=DIRECTION('',(0.0,0.0,-1.0));
#16712=DIRECTION('',(0.932004671541314,-0.362446261154903,0.0));
#16713=DIRECTION('',(0.499999999985413,2.21978266532204E-06,-0.866025403790016));
#16714=CARTESIAN_POINT('',(5.5,1.75,-0.346410161514309));
#16715=DIRECTION('',(0.0,0.0,1.0));
#16716=DIRECTION('',(1.0,0.0,0.0));
#16717=CARTESIAN_POINT('',(5.5,1.75,-2.77555756156289E-17));
#16718=DIRECTION('',(0.0,0.0,1.0));
#16719=DIRECTION('',(-1.0,0.0,0.0));
#16720=DIRECTION('',(8.12167169234469E-09,-1.20289980876174E-07,-0.999999999999993));
#16721=DIRECTION('',(0.0,0.0,-1.0));
#16722=DIRECTION('',(0.0,1.0,0.0));
#16723=DIRECTION('',(0.0,1.0,0.0));
#16724=CARTESIAN_POINT('',(5.5,-1.75,-0.346410161514333));
#16725=DIRECTION('',(0.0,0.0,1.0));
#16726=DIRECTION('',(-1.0,0.0,0.0));
#16727=DIRECTION('',(0.0,0.0,-1.0));
#16728=CARTESIAN_POINT('',(5.5,-1.75,-14.8));
#16729=DIRECTION('',(0.0,0.0,1.0));
#16730=DIRECTION('',(1.0,0.0,0.0));
#16731=DIRECTION('',(1.0,0.0,0.0));
#16732=DIRECTION('',(-0.932004671541314,-0.362446261154903,0.0));
#16733=DIRECTION('',(0.0,0.0,1.0));
#16734=DIRECTION('',(0.0,-1.0,0.0));
#16735=DIRECTION('',(0.0,0.0,-1.0));
#16736=DIRECTION('',(0.0,-1.0,0.0));
#16737=DIRECTION('',(0.0,-1.0,0.0));
#16738=DIRECTION('',(0.866025403781737,0.0,-0.500000000004679));
#16739=DIRECTION('',(0.0,-1.0,0.0));
#16740=DIRECTION('',(-0.866025403781737,0.0,0.500000000004679));
#16741=DIRECTION('',(0.0,-1.0,0.0));
#16742=DIRECTION('',(0.0,0.0,1.0));
#16743=DIRECTION('',(0.0,-0.707106781183115,-0.70710678118998));
#16744=DIRECTION('',(0.0,-1.0,0.0));
#16745=DIRECTION('',(0.0,0.0,-1.0));
#16746=DIRECTION('',(0.932004671541314,0.362446261154903,0.0));
#16747=DIRECTION('',(1.0,0.0,0.0));
#16748=DIRECTION('',(-1.0,0.0,0.0));
#16749=CARTESIAN_POINT('',(5.5,-1.75,-14.8));
#16750=DIRECTION('',(0.0,0.0,-1.0));
#16751=DIRECTION('',(-1.0,0.0,0.0));
#16752=DIRECTION('',(0.0,-1.0,0.0));
#16753=DIRECTION('',(1.0,0.0,0.0));
#16754=CARTESIAN_POINT('',(5.35,-1.7,-14.3500000000131));
#16755=DIRECTION('',(0.0,0.707106781171249,-0.707106781201846));
#16756=DIRECTION('',(0.0,-0.707106781201846,-0.707106781171249));
#16757=DIRECTION('',(0.0,-0.707106781186546,-0.707106781186549));
#16758=DIRECTION('',(0.0,0.0,1.0));
#16759=DIRECTION('',(0.0,0.0,-1.0));
#16760=CARTESIAN_POINT('',(5.5,-1.75,0.0));
#16761=DIRECTION('',(0.0,0.0,1.0));
#16762=DIRECTION('',(1.0,0.0,0.0));
#16763=DIRECTION('',(-1.4655616661176E-08,-1.6713575584428E-07,-0.999999999999986));
#16764=CARTESIAN_POINT('',(5.5,-1.75,-14.6000000000048));
#16765=DIRECTION('',(0.0,0.0,-1.0));
#16766=DIRECTION('',(-1.0,0.0,0.0));
#16767=DIRECTION('',(0.707106780851827,-2.59178129728516E-05,-0.707106781046281));
#16768=DIRECTION('',(0.0,-1.0,0.0));
#16769=DIRECTION('',(0.0,1.0,0.0));
#16770=DIRECTION('',(0.932004671541314,-0.362446261154903,0.0));
#16771=DIRECTION('',(1.0,0.0,0.0));
#16772=DIRECTION('',(0.932004671541314,0.362446261154903,0.0));
#16773=DIRECTION('',(0.499999999999974,0.0,-0.866025403784454));
#16774=DIRECTION('',(0.0,1.0,0.0));
#16775=DIRECTION('',(0.0,-0.499999999999974,-0.866025403784454));
#16776=CARTESIAN_POINT('',(5.5,-1.75,-5.55111512312578E-17));
#16777=DIRECTION('',(0.0,0.0,1.0));
#16778=DIRECTION('',(-1.0,0.0,0.0));
#16779=DIRECTION('',(0.932004671541314,-0.362446261154903,0.0));
#16780=DIRECTION('',(1.0,0.0,0.0));
#16781=DIRECTION('',(0.932004671541314,0.362446261154903,0.0));
#16782=DIRECTION('',(1.0,0.0,0.0));
#16783=DIRECTION('',(0.0,-1.0,0.0));
#16784=DIRECTION('',(1.0,0.0,0.0));
#16785=DIRECTION('',(1.0,0.0,0.0));
#16786=DIRECTION('',(-0.866025403784054,0.0,-0.500000000000667));
#16787=DIRECTION('',(0.0,-1.0,0.0));
#16788=DIRECTION('',(0.866025403784054,0.0,0.500000000000667));
#16789=DIRECTION('',(0.0,-1.0,0.0));
#16790=DIRECTION('',(0.0,-1.0,0.0));
#16791=DIRECTION('',(0.0,0.0,1.0));
#16792=DIRECTION('',(0.0,0.0,-1.0));
#16793=DIRECTION('',(0.0,-1.0,0.0));
#16794=DIRECTION('',(0.0,-1.0,0.0));
#16795=DIRECTION('',(0.866025403784517,0.0,-0.499999999999865));
#16796=DIRECTION('',(-0.866025403784517,0.0,0.499999999999865));
#16797=DIRECTION('',(0.0,-1.0,0.0));
#16798=DIRECTION('',(0.0,-1.0,0.0));
#16799=DIRECTION('',(0.0,0.0,1.0));
#16800=DIRECTION('',(0.0,0.0,-1.0));
#16801=DIRECTION('',(0.0,-1.0,0.0));
#16802=DIRECTION('',(0.0,-1.0,0.0));
#16803=DIRECTION('',(-0.866025403784029,0.0,-0.500000000000709));
#16804=DIRECTION('',(0.866025403784029,0.0,0.500000000000709));
#16805=DIRECTION('',(0.0,-1.0,0.0));
#16806=DIRECTION('',(0.0,-1.0,0.0));
#16807=DIRECTION('',(0.0,0.0,1.0));
#16808=DIRECTION('',(0.0,1.0,0.0));
#16809=DIRECTION('',(0.0,0.0,1.0));
#16810=DIRECTION('',(0.0,0.0,1.0));
#16811=DIRECTION('',(0.0,0.500000000000027,0.866025403784423));
#16812=DIRECTION('',(1.0,0.0,0.0));
#16813=DIRECTION('',(-1.0,0.0,0.0));
#16814=DIRECTION('',(0.0,1.0,0.0));
#16815=DIRECTION('',(1.0,0.0,0.0));
#16816=DIRECTION('',(0.0,1.0,0.0));
#16817=DIRECTION('',(0.0,0.0,1.0));
#16818=DIRECTION('',(0.0,1.0,0.0));
#16819=DIRECTION('',(0.0,0.0,-1.0));
#16820=DIRECTION('',(0.577350269189626,-0.577350269189626,-0.577350269189626));
#16821=DIRECTION('',(0.0,0.0,-1.0));
#16822=DIRECTION('',(0.577350269189626,-0.577350269189626,0.577350269189626));
#16823=DIRECTION('',(-0.577350269189626,-0.577350269189626,0.577350269189626));
#16824=DIRECTION('',(1.0,0.0,0.0));
#16825=DIRECTION('',(-0.577350269189626,-0.577350269189626,-0.577350269189626));
#16826=DIRECTION('',(0.0,0.0,1.0));
#16827=DIRECTION('',(0.0,0.0,1.0));
#16828=DIRECTION('',(0.0,0.0,-1.0));
#16829=DIRECTION('',(0.0,1.0,0.0));
#16830=DIRECTION('',(1.0,0.0,0.0));
#16831=DIRECTION('',(-1.0,0.0,0.0));
#16832=DIRECTION('',(-1.0,0.0,0.0));
#16833=DIRECTION('',(0.0,0.0,1.0));
#16834=DIRECTION('',(0.0,1.0,0.0));
#16835=DIRECTION('',(0.0,0.0,-1.0));
#16836=DIRECTION('',(0.0,1.0,0.0));
#16837=DIRECTION('',(-0.577350269189626,-0.577350269189626,0.577350269189626));
#16838=DIRECTION('',(1.0,0.0,0.0));
#16839=DIRECTION('',(0.577350269189626,-0.577350269189626,0.577350269189626));
#16840=DIRECTION('',(1.0,0.0,0.0));
#16841=DIRECTION('',(-1.0,0.0,0.0));
#16842=DIRECTION('',(0.0,1.0,0.0));
#16843=DIRECTION('',(0.0,0.0,-1.0));
#16844=DIRECTION('',(0.0,0.0,1.0));
#16845=DIRECTION('',(0.0,1.0,0.0));
#16846=DIRECTION('',(0.0,0.0,1.0));
#16847=DIRECTION('',(-0.577350269189626,-0.577350269189626,-0.577350269189626));
#16848=DIRECTION('',(0.0,0.0,-1.0));
#16849=DIRECTION('',(-1.0,0.0,0.0));
#16850=DIRECTION('',(0.577350269189626,-0.577350269189626,-0.577350269189626));
#16851=DIRECTION('',(-1.0,0.0,0.0));
#16852=DIRECTION('',(1.0,0.0,0.0));
#16853=DIRECTION('',(1.0,0.0,0.0));
#16854=CARTESIAN_POINT('',(-5.15,-1.95,-0.501));
#16855=DIRECTION('',(0.0,-1.0,0.0));
#16856=DIRECTION('',(0.0,0.0,-1.0));
#16857=CARTESIAN_POINT('',(5.15,-1.95,-0.501));
#16858=DIRECTION('',(0.0,-1.0,0.0));
#16859=DIRECTION('',(0.0,0.0,-1.0));
#16860=DIRECTION('',(1.0,0.0,0.0));
#16861=VERTEX_POINT('',#17589);
#16862=VERTEX_POINT('',#17590);
#16863=LINE('',#17591,#17592);
#16864=VERTEX_POINT('',#17593);
#16865=CIRCLE('',#17594,0.5);
#16866=VERTEX_POINT('',#17595);
#16867=CIRCLE('',#17596,0.5);
#16868=VERTEX_POINT('',#17597);
#16869=LINE('',#17598,#17599);
#16870=CIRCLE('',#17600,0.5);
#16871=VERTEX_POINT('',#17601);
#16872=CIRCLE('',#17602,0.199999999999995);
#16873=VERTEX_POINT('',#17603);
#16874=CIRCLE('',#17604,0.3);
#16875=VERTEX_POINT('',#17605);
#16876=CIRCLE('',#17606,0.199999999999995);
#16877=CIRCLE('',#17607,0.5);
#16878=VERTEX_POINT('',#17608);
#16879=VERTEX_POINT('',#17609);
#16880=CIRCLE('',#17610,0.2);
#16881=VERTEX_POINT('',#17611);
#16882=CIRCLE('',#17612,0.3);
#16883=VERTEX_POINT('',#17613);
#16884=CIRCLE('',#17614,0.3);
#16885=VERTEX_POINT('',#17615);
#16886=CIRCLE('',#17616,0.2);
#16887=VERTEX_POINT('',#17617);
#16888=CIRCLE('',#17618,0.5);
#16889=CIRCLE('',#17619,0.5);
#16890=VERTEX_POINT('',#17620);
#16891=LINE('',#17621,#17622);
#16892=VERTEX_POINT('',#17623);
#16893=CIRCLE('',#17624,0.5);
#16894=VERTEX_POINT('',#17625);
#16895=LINE('',#17626,#17627);
#16896=CIRCLE('',#17628,0.5);
#16897=VERTEX_POINT('',#17629);
#16898=LINE('',#17630,#17631);
#16899=LINE('',#17632,#17633);
#16900=LINE('',#17634,#17635);
#16901=LINE('',#17636,#17637);
#16902=VERTEX_POINT('',#17638);
#16903=LINE('',#17639,#17640);
#16904=VERTEX_POINT('',#17641);
#16905=LINE('',#17642,#17643);
#16906=VERTEX_POINT('',#17644);
#16907=LINE('',#17645,#17646);
#16908=VERTEX_POINT('',#17647);
#16909=LINE('',#17648,#17649);
#16910=VERTEX_POINT('',#17650);
#16911=CIRCLE('',#17651,0.299999999999974);
#16912=LINE('',#17652,#17653);
#16913=VERTEX_POINT('',#17654);
#16914=LINE('',#17655,#17656);
#16915=LINE('',#17657,#17658);
#16916=VERTEX_POINT('',#17659);
#16917=LINE('',#17660,#17661);
#16918=VERTEX_POINT('',#17662);
#16919=CIRCLE('',#17663,0.300000000000058);
#16920=VERTEX_POINT('',#17664);
#16921=LINE('',#17665,#17666);
#16922=VERTEX_POINT('',#17667);
#16923=LINE('',#17668,#17669);
#16924=LINE('',#17670,#17671);
#16925=VERTEX_POINT('',#17672);
#16926=B_SPLINE_CURVE_WITH_KNOTS('',3,(#17673,#17674,#17675,#17676),.UNSPECIFIED.,.F.,.F.,(4,4),(0.000213070525447278,0.000662061655756348),.UNSPECIFIED.);
#16927=VERTEX_POINT('',#17677);
#16928=LINE('',#17678,#17679);
#16929=VERTEX_POINT('',#17680);
#16930=ELLIPSE('',#17681,0.577350269189502,0.5);
#16931=LINE('',#17682,#17683);
#16932=LINE('',#17684,#17685);
#16933=VERTEX_POINT('',#17686);
#16934=LINE('',#17687,#17688);
#16935=VERTEX_POINT('',#17689);
#16936=LINE('',#17690,#17691);
#16937=VERTEX_POINT('',#17692);
#16938=LINE('',#17693,#17694);
#16939=VERTEX_POINT('',#17695);
#16940=LINE('',#17696,#17697);
#16941=VERTEX_POINT('',#17698);
#16942=LINE('',#17699,#17700);
#16943=VERTEX_POINT('',#17701);
#16944=LINE('',#17702,#17703);
#16945=VERTEX_POINT('',#17704);
#16946=LINE('',#17705,#17706);
#16947=VERTEX_POINT('',#17707);
#16948=LINE('',#17708,#17709);
#16949=VERTEX_POINT('',#17710);
#16950=LINE('',#17711,#17712);
#16951=VERTEX_POINT('',#17713);
#16952=LINE('',#17714,#17715);
#16953=VERTEX_POINT('',#17716);
#16954=LINE('',#17717,#17718);
#16955=VERTEX_POINT('',#17719);
#16956=LINE('',#17720,#17721);
#16957=VERTEX_POINT('',#17722);
#16958=LINE('',#17723,#17724);
#16959=VERTEX_POINT('',#17725);
#16960=LINE('',#17726,#17727);
#16961=VERTEX_POINT('',#17728);
#16962=LINE('',#17729,#17730);
#16963=VERTEX_POINT('',#17731);
#16964=LINE('',#17732,#17733);
#16965=VERTEX_POINT('',#17734);
#16966=LINE('',#17735,#17736);
#16967=VERTEX_POINT('',#17737);
#16968=LINE('',#17738,#17739);
#16969=VERTEX_POINT('',#17740);
#16970=LINE('',#17741,#17742);
#16971=LINE('',#17743,#17744);
#16972=VERTEX_POINT('',#17745);
#16973=B_SPLINE_CURVE_WITH_KNOTS('',3,(#17746,#17747,#17748,#17749),.UNSPECIFIED.,.F.,.F.,(4,4),(0.000213070525447714,0.000662061655756356),.UNSPECIFIED.);
#16974=VERTEX_POINT('',#17750);
#16975=ELLIPSE('',#17751,0.577350269189502,0.5);
#16976=LINE('',#17752,#17753);
#16977=VERTEX_POINT('',#17754);
#16978=LINE('',#17755,#17756);
#16979=VERTEX_POINT('',#17757);
#16980=LINE('',#17758,#17759);
#16981=LINE('',#17760,#17761);
#16982=VERTEX_POINT('',#17762);
#16983=LINE('',#17763,#17764);
#16984=VERTEX_POINT('',#17765);
#16985=LINE('',#17766,#17767);
#16986=LINE('',#17768,#17769);
#16987=VERTEX_POINT('',#17770);
#16988=LINE('',#17771,#17772);
#16989=VERTEX_POINT('',#17773);
#16990=LINE('',#17774,#17775);
#16991=LINE('',#17776,#17777);
#16992=VERTEX_POINT('',#17778);
#16993=LINE('',#17779,#17780);
#16994=VERTEX_POINT('',#17781);
#16995=LINE('',#17782,#17783);
#16996=LINE('',#17784,#17785);
#16997=VERTEX_POINT('',#17786);
#16998=LINE('',#17787,#17788);
#16999=VERTEX_POINT('',#17789);
#17000=LINE('',#17790,#17791);
#17001=VERTEX_POINT('',#17792);
#17002=LINE('',#17793,#17794);
#17003=VERTEX_POINT('',#17795);
#17004=LINE('',#17796,#17797);
#17005=LINE('',#17798,#17799);
#17006=VERTEX_POINT('',#17800);
#17007=LINE('',#17801,#17802);
#17008=VERTEX_POINT('',#17803);
#17009=LINE('',#17804,#17805);
#17010=VERTEX_POINT('',#17806);
#17011=LINE('',#17807,#17808);
#17012=VERTEX_POINT('',#17809);
#17013=LINE('',#17810,#17811);
#17014=LINE('',#17812,#17813);
#17015=VERTEX_POINT('',#17814);
#17016=LINE('',#17815,#17816);
#17017=VERTEX_POINT('',#17817);
#17018=LINE('',#17818,#17819);
#17019=VERTEX_POINT('',#17820);
#17020=LINE('',#17821,#17822);
#17021=VERTEX_POINT('',#17823);
#17022=LINE('',#17824,#17825);
#17023=LINE('',#17826,#17827);
#17024=VERTEX_POINT('',#17828);
#17025=LINE('',#17829,#17830);
#17026=VERTEX_POINT('',#17831);
#17027=LINE('',#17832,#17833);
#17028=VERTEX_POINT('',#17834);
#17029=LINE('',#17835,#17836);
#17030=VERTEX_POINT('',#17837);
#17031=LINE('',#17838,#17839);
#17032=LINE('',#17840,#17841);
#17033=VERTEX_POINT('',#17842);
#17034=LINE('',#17843,#17844);
#17035=VERTEX_POINT('',#17845);
#17036=LINE('',#17846,#17847);
#17037=VERTEX_POINT('',#17848);
#17038=LINE('',#17849,#17850);
#17039=VERTEX_POINT('',#17851);
#17040=LINE('',#17852,#17853);
#17041=LINE('',#17854,#17855);
#17042=VERTEX_POINT('',#17856);
#17043=LINE('',#17857,#17858);
#17044=VERTEX_POINT('',#17859);
#17045=LINE('',#17860,#17861);
#17046=VERTEX_POINT('',#17862);
#17047=LINE('',#17863,#17864);
#17048=VERTEX_POINT('',#17865);
#17049=LINE('',#17866,#17867);
#17050=LINE('',#17868,#17869);
#17051=VERTEX_POINT('',#17870);
#17052=LINE('',#17871,#17872);
#17053=VERTEX_POINT('',#17873);
#17054=LINE('',#17874,#17875);
#17055=VERTEX_POINT('',#17876);
#17056=LINE('',#17877,#17878);
#17057=VERTEX_POINT('',#17879);
#17058=LINE('',#17880,#17881);
#17059=LINE('',#17882,#17883);
#17060=VERTEX_POINT('',#17884);
#17061=LINE('',#17885,#17886);
#17062=VERTEX_POINT('',#17887);
#17063=LINE('',#17888,#17889);
#17064=VERTEX_POINT('',#17890);
#17065=LINE('',#17891,#17892);
#17066=VERTEX_POINT('',#17893);
#17067=LINE('',#17894,#17895);
#17068=LINE('',#17896,#17897);
#17069=VERTEX_POINT('',#17898);
#17070=LINE('',#17899,#17900);
#17071=CIRCLE('',#17901,0.2);
#17072=VERTEX_POINT('',#17902);
#17073=LINE('',#17903,#17904);
#17074=CIRCLE('',#17905,0.2);
#17075=VERTEX_POINT('',#17906);
#17076=LINE('',#17907,#17908);
#17077=VERTEX_POINT('',#17909);
#17078=LINE('',#17910,#17911);
#17079=VERTEX_POINT('',#17912);
#17080=CIRCLE('',#17913,0.35);
#17081=VERTEX_POINT('',#17914);
#17082=LINE('',#17915,#17916);
#17083=CIRCLE('',#17917,0.35);
#17084=VERTEX_POINT('',#17918);
#17085=LINE('',#17919,#17920);
#17086=VERTEX_POINT('',#17921);
#17087=LINE('',#17922,#17923);
#17088=VERTEX_POINT('',#17924);
#17089=CIRCLE('',#17925,0.35);
#17090=VERTEX_POINT('',#17926);
#17091=LINE('',#17927,#17928);
#17092=CIRCLE('',#17929,0.35);
#17093=LINE('',#17930,#17931);
#17094=VERTEX_POINT('',#17932);
#17095=LINE('',#17933,#17934);
#17096=LINE('',#17935,#17936);
#17097=LINE('',#17937,#17938);
#17098=LINE('',#17939,#17940);
#17099=LINE('',#17941,#17942);
#17100=LINE('',#17943,#17944);
#17101=LINE('',#17945,#17946);
#17102=LINE('',#17947,#17948);
#17103=VERTEX_POINT('',#17949);
#17104=LINE('',#17950,#17951);
#17105=CIRCLE('',#17952,0.2);
#17106=VERTEX_POINT('',#17953);
#17107=LINE('',#17954,#17955);
#17108=CIRCLE('',#17956,0.2);
#17109=LINE('',#17957,#17958);
#17110=VERTEX_POINT('',#17959);
#17111=LINE('',#17960,#17961);
#17112=LINE('',#17962,#17963);
#17113=VERTEX_POINT('',#17964);
#17114=LINE('',#17965,#17966);
#17115=LINE('',#17967,#17968);
#17116=VERTEX_POINT('',#17969);
#17117=LINE('',#17970,#17971);
#17118=LINE('',#17972,#17973);
#17119=VERTEX_POINT('',#17974);
#17120=LINE('',#17975,#17976);
#17121=LINE('',#17977,#17978);
#17122=VERTEX_POINT('',#17979);
#17123=LINE('',#17980,#17981);
#17124=VERTEX_POINT('',#17982);
#17125=CIRCLE('',#17983,0.35);
#17126=VERTEX_POINT('',#17984);
#17127=LINE('',#17985,#17986);
#17128=CIRCLE('',#17987,0.35);
#17129=VERTEX_POINT('',#17988);
#17130=LINE('',#17989,#17990);
#17131=VERTEX_POINT('',#17991);
#17132=CIRCLE('',#17992,0.35);
#17133=VERTEX_POINT('',#17993);
#17134=LINE('',#17994,#17995);
#17135=CIRCLE('',#17996,0.35);
#17136=LINE('',#17997,#17998);
#17137=LINE('',#17999,#18000);
#17138=LINE('',#18001,#18002);
#17139=VERTEX_POINT('',#18003);
#17140=LINE('',#18004,#18005);
#17141=CIRCLE('',#18006,0.2);
#17142=VERTEX_POINT('',#18007);
#17143=LINE('',#18008,#18009);
#17144=CIRCLE('',#18010,0.2);
#17145=VERTEX_POINT('',#18011);
#17146=LINE('',#18012,#18013);
#17147=LINE('',#18014,#18015);
#17148=LINE('',#18016,#18017);
#17149=LINE('',#18018,#18019);
#17150=VERTEX_POINT('',#18020);
#17151=LINE('',#18021,#18022);
#17152=LINE('',#18023,#18024);
#17153=VERTEX_POINT('',#18025);
#17154=LINE('',#18026,#18027);
#17155=LINE('',#18028,#18029);
#17156=VERTEX_POINT('',#18030);
#17157=LINE('',#18031,#18032);
#17158=LINE('',#18033,#18034);
#17159=VERTEX_POINT('',#18035);
#17160=LINE('',#18036,#18037);
#17161=VERTEX_POINT('',#18038);
#17162=CIRCLE('',#18039,0.35);
#17163=VERTEX_POINT('',#18040);
#17164=LINE('',#18041,#18042);
#17165=CIRCLE('',#18043,0.35);
#17166=VERTEX_POINT('',#18044);
#17167=LINE('',#18045,#18046);
#17168=VERTEX_POINT('',#18047);
#17169=CIRCLE('',#18048,0.35);
#17170=VERTEX_POINT('',#18049);
#17171=LINE('',#18050,#18051);
#17172=CIRCLE('',#18052,0.35);
#17173=LINE('',#18053,#18054);
#17174=LINE('',#18055,#18056);
#17175=VERTEX_POINT('',#18057);
#17176=LINE('',#18058,#18059);
#17177=VERTEX_POINT('',#18060);
#17178=LINE('',#18061,#18062);
#17179=LINE('',#18063,#18064);
#17180=VERTEX_POINT('',#18065);
#17181=LINE('',#18066,#18067);
#17182=VERTEX_POINT('',#18068);
#17183=LINE('',#18069,#18070);
#17184=LINE('',#18071,#18072);
#17185=VERTEX_POINT('',#18073);
#17186=LINE('',#18074,#18075);
#17187=VERTEX_POINT('',#18076);
#17188=LINE('',#18077,#18078);
#17189=LINE('',#18079,#18080);
#17190=LINE('',#18081,#18082);
#17191=VERTEX_POINT('',#18083);
#17192=LINE('',#18084,#18085);
#17193=LINE('',#18086,#18087);
#17194=VERTEX_POINT('',#18088);
#17195=LINE('',#18089,#18090);
#17196=LINE('',#18091,#18092);
#17197=VERTEX_POINT('',#18093);
#17198=LINE('',#18094,#18095);
#17199=LINE('',#18096,#18097);
#17200=LINE('',#18098,#18099);
#17201=CIRCLE('',#18100,0.2);
#17202=CIRCLE('',#18101,0.2);
#17203=VERTEX_POINT('',#18102);
#17204=CIRCLE('',#18103,0.35);
#17205=VERTEX_POINT('',#18104);
#17206=LINE('',#18105,#18106);
#17207=CIRCLE('',#18107,0.35);
#17208=VERTEX_POINT('',#18108);
#17209=CIRCLE('',#18109,0.35);
#17210=VERTEX_POINT('',#18110);
#17211=LINE('',#18111,#18112);
#17212=CIRCLE('',#18113,0.35);
#17213=VERTEX_POINT('',#18114);
#17214=LINE('',#18115,#18116);
#17215=VERTEX_POINT('',#18117);
#17216=LINE('',#18118,#18119);
#17217=VERTEX_POINT('',#18120);
#17218=LINE('',#18121,#18122);
#17219=VERTEX_POINT('',#18123);
#17220=LINE('',#18124,#18125);
#17221=LINE('',#18126,#18127);
#17222=VERTEX_POINT('',#18128);
#17223=LINE('',#18129,#18130);
#17224=VERTEX_POINT('',#18131);
#17225=LINE('',#18132,#18133);
#17226=VERTEX_POINT('',#18134);
#17227=LINE('',#18135,#18136);
#17228=VERTEX_POINT('',#18137);
#17229=LINE('',#18138,#18139);
#17230=LINE('',#18140,#18141);
#17231=VERTEX_POINT('',#18142);
#17232=LINE('',#18143,#18144);
#17233=VERTEX_POINT('',#18145);
#17234=LINE('',#18146,#18147);
#17235=VERTEX_POINT('',#18148);
#17236=LINE('',#18149,#18150);
#17237=VERTEX_POINT('',#18151);
#17238=LINE('',#18152,#18153);
#17239=LINE('',#18154,#18155);
#17240=VERTEX_POINT('',#18156);
#17241=LINE('',#18157,#18158);
#17242=VERTEX_POINT('',#18159);
#17243=LINE('',#18160,#18161);
#17244=VERTEX_POINT('',#18162);
#17245=LINE('',#18163,#18164);
#17246=VERTEX_POINT('',#18165);
#17247=LINE('',#18166,#18167);
#17248=LINE('',#18168,#18169);
#17249=VERTEX_POINT('',#18170);
#17250=LINE('',#18171,#18172);
#17251=VERTEX_POINT('',#18173);
#17252=LINE('',#18174,#18175);
#17253=VERTEX_POINT('',#18176);
#17254=LINE('',#18177,#18178);
#17255=VERTEX_POINT('',#18179);
#17256=LINE('',#18180,#18181);
#17257=LINE('',#18182,#18183);
#17258=VERTEX_POINT('',#18184);
#17259=LINE('',#18185,#18186);
#17260=VERTEX_POINT('',#18187);
#17261=LINE('',#18188,#18189);
#17262=VERTEX_POINT('',#18190);
#17263=LINE('',#18191,#18192);
#17264=VERTEX_POINT('',#18193);
#17265=LINE('',#18194,#18195);
#17266=LINE('',#18196,#18197);
#17267=VERTEX_POINT('',#18198);
#17268=LINE('',#18199,#18200);
#17269=VERTEX_POINT('',#18201);
#17270=LINE('',#18202,#18203);
#17271=VERTEX_POINT('',#18204);
#17272=LINE('',#18205,#18206);
#17273=VERTEX_POINT('',#18207);
#17274=LINE('',#18208,#18209);
#17275=LINE('',#18210,#18211);
#17276=VERTEX_POINT('',#18212);
#17277=LINE('',#18213,#18214);
#17278=VERTEX_POINT('',#18215);
#17279=LINE('',#18216,#18217);
#17280=VERTEX_POINT('',#18218);
#17281=LINE('',#18219,#18220);
#17282=VERTEX_POINT('',#18221);
#17283=LINE('',#18222,#18223);
#17284=LINE('',#18224,#18225);
#17285=VERTEX_POINT('',#18226);
#17286=LINE('',#18227,#18228);
#17287=LINE('',#18229,#18230);
#17288=LINE('',#18231,#18232);
#17289=LINE('',#18233,#18234);
#17290=LINE('',#18235,#18236);
#17291=LINE('',#18237,#18238);
#17292=LINE('',#18239,#18240);
#17293=VERTEX_POINT('',#18241);
#17294=LINE('',#18242,#18243);
#17295=LINE('',#18244,#18245);
#17296=VERTEX_POINT('',#18246);
#17297=LINE('',#18247,#18248);
#17298=VERTEX_POINT('',#18249);
#17299=LINE('',#18250,#18251);
#17300=LINE('',#18252,#18253);
#17301=VERTEX_POINT('',#18254);
#17302=LINE('',#18255,#18256);
#17303=LINE('',#18257,#18258);
#17304=VERTEX_POINT('',#18259);
#17305=LINE('',#18260,#18261);
#17306=LINE('',#18262,#18263);
#17307=LINE('',#18264,#18265);
#17308=LINE('',#18266,#18267);
#17309=VERTEX_POINT('',#18268);
#17310=LINE('',#18269,#18270);
#17311=LINE('',#18271,#18272);
#17312=VERTEX_POINT('',#18273);
#17313=LINE('',#18274,#18275);
#17314=VERTEX_POINT('',#18276);
#17315=CIRCLE('',#18277,0.299999999999977);
#17316=LINE('',#18278,#18279);
#17317=VERTEX_POINT('',#18280);
#17318=LINE('',#18281,#18282);
#17319=VERTEX_POINT('',#18283);
#17320=LINE('',#18284,#18285);
#17321=LINE('',#18286,#18287);
#17322=VERTEX_POINT('',#18288);
#17323=LINE('',#18289,#18290);
#17324=VERTEX_POINT('',#18291);
#17325=LINE('',#18292,#18293);
#17326=LINE('',#18294,#18295);
#17327=LINE('',#18296,#18297);
#17328=VERTEX_POINT('',#18298);
#17329=VERTEX_POINT('',#18299);
#17330=LINE('',#18300,#18301);
#17331=LINE('',#18302,#18303);
#17332=LINE('',#18304,#18305);
#17333=VERTEX_POINT('',#18306);
#17334=LINE('',#18307,#18308);
#17335=LINE('',#18309,#18310);
#17336=VERTEX_POINT('',#18311);
#17337=LINE('',#18312,#18313);
#17338=LINE('',#18314,#18315);
#17339=VERTEX_POINT('',#18316);
#17340=LINE('',#18317,#18318);
#17341=LINE('',#18319,#18320);
#17342=VERTEX_POINT('',#18321);
#17343=LINE('',#18322,#18323);
#17344=LINE('',#18324,#18325);
#17345=VERTEX_POINT('',#18326);
#17346=VERTEX_POINT('',#18327);
#17347=LINE('',#18328,#18329);
#17348=LINE('',#18330,#18331);
#17349=LINE('',#18332,#18333);
#17350=LINE('',#18334,#18335);
#17351=LINE('',#18336,#18337);
#17352=LINE('',#18338,#18339);
#17353=VERTEX_POINT('',#18340);
#17354=LINE('',#18341,#18342);
#17355=LINE('',#18343,#18344);
#17356=VERTEX_POINT('',#18345);
#17357=LINE('',#18346,#18347);
#17358=LINE('',#18348,#18349);
#17359=VERTEX_POINT('',#18350);
#17360=LINE('',#18351,#18352);
#17361=VERTEX_POINT('',#18353);
#17362=LINE('',#18354,#18355);
#17363=LINE('',#18356,#18357);
#17364=VERTEX_POINT('',#18358);
#17365=LINE('',#18359,#18360);
#17366=LINE('',#18361,#18362);
#17367=VERTEX_POINT('',#18363);
#17368=VERTEX_POINT('',#18364);
#17369=LINE('',#18365,#18366);
#17370=LINE('',#18367,#18368);
#17371=LINE('',#18369,#18370);
#17372=VERTEX_POINT('',#18371);
#17373=LINE('',#18372,#18373);
#17374=LINE('',#18374,#18375);
#17375=VERTEX_POINT('',#18376);
#17376=LINE('',#18377,#18378);
#17377=VERTEX_POINT('',#18379);
#17378=LINE('',#18380,#18381);
#17379=LINE('',#18382,#18383);
#17380=VERTEX_POINT('',#18384);
#17381=LINE('',#18385,#18386);
#17382=VERTEX_POINT('',#18387);
#17383=LINE('',#18388,#18389);
#17384=LINE('',#18390,#18391);
#17385=LINE('',#18392,#18393);
#17386=VERTEX_POINT('',#18394);
#17387=LINE('',#18395,#18396);
#17388=LINE('',#18397,#18398);
#17389=VERTEX_POINT('',#18399);
#17390=LINE('',#18400,#18401);
#17391=VERTEX_POINT('',#18402);
#17392=LINE('',#18403,#18404);
#17393=LINE('',#18405,#18406);
#17394=LINE('',#18407,#18408);
#17395=VERTEX_POINT('',#18409);
#17396=VERTEX_POINT('',#18410);
#17397=LINE('',#18411,#18412);
#17398=LINE('',#18413,#18414);
#17399=LINE('',#18415,#18416);
#17400=VERTEX_POINT('',#18417);
#17401=LINE('',#18418,#18419);
#17402=LINE('',#18420,#18421);
#17403=VERTEX_POINT('',#18422);
#17404=LINE('',#18423,#18424);
#17405=LINE('',#18425,#18426);
#17406=VERTEX_POINT('',#18427);
#17407=LINE('',#18428,#18429);
#17408=LINE('',#18430,#18431);
#17409=LINE('',#18432,#18433);
#17410=LINE('',#18434,#18435);
#17411=LINE('',#18436,#18437);
#17412=VERTEX_POINT('',#18438);
#17413=LINE('',#18439,#18440);
#17414=LINE('',#18441,#18442);
#17415=VERTEX_POINT('',#18443);
#17416=LINE('',#18444,#18445);
#17417=LINE('',#18446,#18447);
#17418=VERTEX_POINT('',#18448);
#17419=LINE('',#18449,#18450);
#17420=LINE('',#18451,#18452);
#17421=VERTEX_POINT('',#18453);
#17422=LINE('',#18454,#18455);
#17423=LINE('',#18456,#18457);
#17424=VERTEX_POINT('',#18458);
#17425=LINE('',#18459,#18460);
#17426=VERTEX_POINT('',#18461);
#17427=LINE('',#18462,#18463);
#17428=LINE('',#18464,#18465);
#17429=VERTEX_POINT('',#18466);
#17430=LINE('',#18467,#18468);
#17431=VERTEX_POINT('',#18469);
#17432=LINE('',#18470,#18471);
#17433=LINE('',#18472,#18473);
#17434=LINE('',#18474,#18475);
#17435=VERTEX_POINT('',#18476);
#17436=LINE('',#18477,#18478);
#17437=LINE('',#18479,#18480);
#17438=LINE('',#18481,#18482);
#17439=VERTEX_POINT('',#18483);
#17440=LINE('',#18484,#18485);
#17441=LINE('',#18486,#18487);
#17442=LINE('',#18488,#18489);
#17443=VERTEX_POINT('',#18490);
#17444=LINE('',#18491,#18492);
#17445=VERTEX_POINT('',#18493);
#17446=LINE('',#18494,#18495);
#17447=LINE('',#18496,#18497);
#17448=VERTEX_POINT('',#18498);
#17449=VERTEX_POINT('',#18499);
#17450=LINE('',#18500,#18501);
#17451=CIRCLE('',#18502,0.299999999999974);
#17452=LINE('',#18503,#18504);
#17453=VERTEX_POINT('',#18505);
#17454=LINE('',#18506,#18507);
#17455=LINE('',#18508,#18509);
#17456=VERTEX_POINT('',#18510);
#17457=LINE('',#18511,#18512);
#17458=VERTEX_POINT('',#18513);
#17459=LINE('',#18514,#18515);
#17460=VERTEX_POINT('',#18516);
#17461=LINE('',#18517,#18518);
#17462=LINE('',#18519,#18520);
#17463=VERTEX_POINT('',#18521);
#17464=LINE('',#18522,#18523);
#17465=CIRCLE('',#18524,0.299999999999955);
#17466=LINE('',#18525,#18526);
#17467=VERTEX_POINT('',#18527);
#17468=LINE('',#18528,#18529);
#17469=LINE('',#18530,#18531);
#17470=LINE('',#18532,#18533);
#17471=VERTEX_POINT('',#18534);
#17472=LINE('',#18535,#18536);
#17473=LINE('',#18537,#18538);
#17474=LINE('',#18539,#18540);
#17475=LINE('',#18541,#18542);
#17476=VERTEX_POINT('',#18543);
#17477=LINE('',#18544,#18545);
#17478=LINE('',#18546,#18547);
#17479=LINE('',#18548,#18549);
#17480=VERTEX_POINT('',#18550);
#17481=LINE('',#18551,#18552);
#17482=LINE('',#18553,#18554);
#17483=VERTEX_POINT('',#18555);
#17484=LINE('',#18556,#18557);
#17485=LINE('',#18558,#18559);
#17486=LINE('',#18560,#18561);
#17487=LINE('',#18562,#18563);
#17488=LINE('',#18564,#18565);
#17489=VERTEX_POINT('',#18566);
#17490=LINE('',#18567,#18568);
#17491=LINE('',#18569,#18570);
#17492=VERTEX_POINT('',#18571);
#17493=LINE('',#18572,#18573);
#17494=LINE('',#18574,#18575);
#17495=VERTEX_POINT('',#18576);
#17496=LINE('',#18577,#18578);
#17497=VERTEX_POINT('',#18579);
#17498=LINE('',#18580,#18581);
#17499=LINE('',#18582,#18583);
#17500=VERTEX_POINT('',#18584);
#17501=LINE('',#18585,#18586);
#17502=LINE('',#18587,#18588);
#17503=LINE('',#18589,#18590);
#17504=LINE('',#18591,#18592);
#17505=LINE('',#18593,#18594);
#17506=VERTEX_POINT('',#18595);
#17507=LINE('',#18596,#18597);
#17508=LINE('',#18598,#18599);
#17509=VERTEX_POINT('',#18600);
#17510=LINE('',#18601,#18602);
#17511=LINE('',#18603,#18604);
#17512=VERTEX_POINT('',#18605);
#17513=LINE('',#18606,#18607);
#17514=LINE('',#18608,#18609);
#17515=VERTEX_POINT('',#18610);
#17516=VERTEX_POINT('',#18611);
#17517=LINE('',#18612,#18613);
#17518=LINE('',#18614,#18615);
#17519=LINE('',#18616,#18617);
#17520=VERTEX_POINT('',#18618);
#17521=LINE('',#18619,#18620);
#17522=VERTEX_POINT('',#18621);
#17523=LINE('',#18622,#18623);
#17524=LINE('',#18624,#18625);
#17525=CIRCLE('',#18626,0.5);
#17526=CIRCLE('',#18627,0.5);
#17527=CIRCLE('',#18628,0.3);
#17528=VERTEX_POINT('',#18629);
#17529=CIRCLE('',#18630,0.3);
#17530=CIRCLE('',#18631,0.3);
#17531=CIRCLE('',#18632,0.5);
#17532=CIRCLE('',#18633,0.5);
#17533=VERTEX_POINT('',#18634);
#17534=VERTEX_POINT('',#18635);
#17535=LINE('',#18636,#18637);
#17536=LINE('',#18638,#18639);
#17537=LINE('',#18640,#18641);
#17538=LINE('',#18642,#18643);
#17539=LINE('',#18644,#18645);
#17540=LINE('',#18646,#18647);
#17541=LINE('',#18648,#18649);
#17542=LINE('',#18650,#18651);
#17543=VERTEX_POINT('',#18652);
#17544=LINE('',#18653,#18654);
#17545=LINE('',#18655,#18656);
#17546=LINE('',#18657,#18658);
#17547=LINE('',#18659,#18660);
#17548=VERTEX_POINT('',#18661);
#17549=LINE('',#18662,#18663);
#17550=LINE('',#18664,#18665);
#17551=LINE('',#18666,#18667);
#17552=LINE('',#18668,#18669);
#17553=LINE('',#18670,#18671);
#17554=LINE('',#18672,#18673);
#17555=VERTEX_POINT('',#18674);
#17556=LINE('',#18675,#18676);
#17557=LINE('',#18677,#18678);
#17558=LINE('',#18679,#18680);
#17559=VERTEX_POINT('',#18681);
#17560=LINE('',#18682,#18683);
#17561=LINE('',#18684,#18685);
#17562=LINE('',#18686,#18687);
#17563=LINE('',#18688,#18689);
#17564=LINE('',#18690,#18691);
#17565=LINE('',#18692,#18693);
#17566=LINE('',#18694,#18695);
#17567=VERTEX_POINT('',#18696);
#17568=LINE('',#18697,#18698);
#17569=LINE('',#18699,#18700);
#17570=VERTEX_POINT('',#18701);
#17571=LINE('',#18702,#18703);
#17572=LINE('',#18704,#18705);
#17573=VERTEX_POINT('',#18706);
#17574=LINE('',#18707,#18708);
#17575=LINE('',#18709,#18710);
#17576=VERTEX_POINT('',#18711);
#17577=LINE('',#18712,#18713);
#17578=LINE('',#18714,#18715);
#17579=LINE('',#18716,#18717);
#17580=VERTEX_POINT('',#18718);
#17581=LINE('',#18719,#18720);
#17582=CIRCLE('',#18721,0.300000000000058);
#17583=LINE('',#18722,#18723);
#17584=VERTEX_POINT('',#18724);
#17585=LINE('',#18725,#18726);
#17586=LINE('',#18727,#18728);
#17587=LINE('',#18729,#18730);
#17588=LINE('',#18731,#18732);
#17589=CARTESIAN_POINT('',(1.75,-0.65,-17.8));
#17590=CARTESIAN_POINT('',(1.75,0.15,-17.8));
#17591=CARTESIAN_POINT('',(1.75,-0.25,-17.8));
#17592=VECTOR('',#18733,1.0);
#17593=CARTESIAN_POINT('',(2.74737748132822,-0.65,-17.7488566615521));
#17594=AXIS2_PLACEMENT_3D('',#18734,#18735,#18736);
#17595=CARTESIAN_POINT('',(2.75,-0.65,-17.8));
#17596=AXIS2_PLACEMENT_3D('',#18737,#18738,#18739);
#17597=CARTESIAN_POINT('',(2.75,0.15,-17.8));
#17598=CARTESIAN_POINT('',(2.75,-0.25,-17.8));
#17599=VECTOR('',#18740,1.0);
#17600=AXIS2_PLACEMENT_3D('',#18741,#18742,#18743);
#17601=CARTESIAN_POINT('',(2.548426488797,-0.85,-17.769313996932));
#17602=AXIS2_PLACEMENT_3D('',#18744,#18745,#18746);
#17603=CARTESIAN_POINT('',(1.95157351120337,-0.85,-17.8306860030716));
#17604=AXIS2_PLACEMENT_3D('',#18747,#18748,#18749);
#17605=CARTESIAN_POINT('',(1.75262251867215,-0.65,-17.8511433384515));
#17606=AXIS2_PLACEMENT_3D('',#18750,#18751,#18752);
#17607=AXIS2_PLACEMENT_3D('',#18753,#18754,#18755);
#17608=CARTESIAN_POINT('',(-2.548426488797,-0.85,-17.830686003068));
#17609=CARTESIAN_POINT('',(-2.74737748132821,-0.65,-17.8511433384479));
#17610=AXIS2_PLACEMENT_3D('',#18756,#18757,#18758);
#17611=CARTESIAN_POINT('',(-2.55,-0.85,-17.8));
#17612=AXIS2_PLACEMENT_3D('',#18759,#18760,#18761);
#17613=CARTESIAN_POINT('',(-1.95157351120337,-0.85,-17.7693139969284));
#17614=AXIS2_PLACEMENT_3D('',#18762,#18763,#18764);
#17615=CARTESIAN_POINT('',(-1.75262251867215,-0.65,-17.7488566615485));
#17616=AXIS2_PLACEMENT_3D('',#18765,#18766,#18767);
#17617=CARTESIAN_POINT('',(-2.75,-0.65,-17.8));
#17618=AXIS2_PLACEMENT_3D('',#18768,#18769,#18770);
#17619=AXIS2_PLACEMENT_3D('',#18771,#18772,#18773);
#17620=CARTESIAN_POINT('',(-2.75,0.15,-17.8));
#17621=CARTESIAN_POINT('',(-2.75,-0.25,-17.8));
#17622=VECTOR('',#18774,1.0);
#17623=CARTESIAN_POINT('',(-1.75,-0.65,-17.8));
#17624=AXIS2_PLACEMENT_3D('',#18775,#18776,#18777);
#17625=CARTESIAN_POINT('',(-1.75,0.15,-17.8));
#17626=CARTESIAN_POINT('',(-1.75,-0.25,-17.8));
#17627=VECTOR('',#18778,1.0);
#17628=AXIS2_PLACEMENT_3D('',#18779,#18780,#18781);
#17629=CARTESIAN_POINT('',(-4.825,-0.33,-8.645));
#17630=CARTESIAN_POINT('',(-5.876,-0.33,-8.645));
#17631=VECTOR('',#18782,1000.0);
#17632=CARTESIAN_POINT('',(-5.876,-0.33,-8.645));
#17633=VECTOR('',#18783,1000.0);
#17634=CARTESIAN_POINT('',(-5.876,-0.33,-8.645));
#17635=VECTOR('',#18784,1000.0);
#17636=CARTESIAN_POINT('',(-5.876,-0.33,-8.645));
#17637=VECTOR('',#18785,1000.0);
#17638=CARTESIAN_POINT('',(4.825,-0.33,-8.645));
#17639=CARTESIAN_POINT('',(-5.876,-0.33,-8.645));
#17640=VECTOR('',#18786,1000.0);
#17641=CARTESIAN_POINT('',(4.825,4.33680868994202E-16,-8.645));
#17642=CARTESIAN_POINT('',(4.825,-0.356725586542,-8.645));
#17643=VECTOR('',#18787,1000.0);
#17644=CARTESIAN_POINT('',(5.65,4.33680868994202E-16,-8.645));
#17645=CARTESIAN_POINT('',(-5.876,4.33680868994202E-16,-8.645));
#17646=VECTOR('',#18788,1000.0);
#17647=CARTESIAN_POINT('',(5.65,1.60000000000009,-8.645));
#17648=CARTESIAN_POINT('',(5.65,1.665,-8.645));
#17649=VECTOR('',#18789,1000.0);
#17650=CARTESIAN_POINT('',(5.35,1.9,-8.645));
#17651=AXIS2_PLACEMENT_3D('',#18790,#18791,#18792);
#17652=CARTESIAN_POINT('',(-5.564,1.9,-8.645));
#17653=VECTOR('',#18793,1000.0);
#17654=CARTESIAN_POINT('',(-1.55,1.9,-8.645));
#17655=CARTESIAN_POINT('',(-5.564,1.9,-8.645));
#17656=VECTOR('',#18794,1000.0);
#17657=CARTESIAN_POINT('',(-5.564,1.9,-8.645));
#17658=VECTOR('',#18795,1000.0);
#17659=CARTESIAN_POINT('',(-5.34999999999994,1.89999999999995,-8.645));
#17660=CARTESIAN_POINT('',(-5.564,1.9,-8.645));
#17661=VECTOR('',#18796,1000.0);
#17662=CARTESIAN_POINT('',(-5.65,1.59999999999986,-8.645));
#17663=AXIS2_PLACEMENT_3D('',#18797,#18798,#18799);
#17664=CARTESIAN_POINT('',(-5.65,4.33680868994202E-16,-8.645));
#17665=CARTESIAN_POINT('',(-5.65,1.665,-8.645));
#17666=VECTOR('',#18800,1000.0);
#17667=CARTESIAN_POINT('',(-4.825,4.33680868994202E-16,-8.645));
#17668=CARTESIAN_POINT('',(-5.876,4.33680868994202E-16,-8.645));
#17669=VECTOR('',#18801,1000.0);
#17670=CARTESIAN_POINT('',(-4.825,1.4346,-8.645));
#17671=VECTOR('',#18802,1000.0);
#17672=CARTESIAN_POINT('',(5.65,-1.7,-0.501));
#17673=CARTESIAN_POINT('',(5.51690524980698,-1.94928425057933,-0.161322892050226));
#17674=CARTESIAN_POINT('',(5.60956867560989,-1.88724257648374,-0.261414115734381));
#17675=CARTESIAN_POINT('',(5.65,-1.79165004993126,-0.382679801095403));
#17676=CARTESIAN_POINT('',(5.65,-1.7,-0.501));
#17677=CARTESIAN_POINT('',(5.65,-0.0398371685741452,-0.501));
#17678=CARTESIAN_POINT('',(5.65,-0.0404145188429997,-0.501));
#17679=VECTOR('',#18803,1000.0);
#17680=CARTESIAN_POINT('',(5.15,-0.328514558443203,-0.00100000000000005));
#17681=AXIS2_PLACEMENT_3D('',#18804,#18805,#18806);
#17682=CARTESIAN_POINT('',(5.15,-0.329089653438,-0.001));
#17683=VECTOR('',#18807,1000.0);
#17684=CARTESIAN_POINT('',(-5.356,-2.0,-0.001));
#17685=VECTOR('',#18808,1000.0);
#17686=CARTESIAN_POINT('',(4.825,-0.328512303168713,-0.001));
#17687=CARTESIAN_POINT('',(-5.356,-0.328512303168713,-0.001));
#17688=VECTOR('',#18809,1000.0);
#17689=CARTESIAN_POINT('',(4.825,-0.33,-0.001));
#17690=CARTESIAN_POINT('',(4.825,-0.296671446506999,-0.001));
#17691=VECTOR('',#18810,1000.0);
#17692=CARTESIAN_POINT('',(4.1,-0.329372901878543,-0.000660464070403795));
#17693=CARTESIAN_POINT('',(-5.356,-0.33,-0.001));
#17694=VECTOR('',#18811,1000.0);
#17695=CARTESIAN_POINT('',(2.9,-0.328512303168714,-0.00100000000000002));
#17696=CARTESIAN_POINT('',(-4.126725586542,-0.328512303168714,-0.00100000000000002));
#17697=VECTOR('',#18812,1000.0);
#17698=CARTESIAN_POINT('',(2.9,-0.33,-0.001));
#17699=CARTESIAN_POINT('',(2.9,-2.002,-0.00100000000000002));
#17700=VECTOR('',#18813,1000.0);
#17701=CARTESIAN_POINT('',(1.6,-0.33,-0.001));
#17702=CARTESIAN_POINT('',(-5.356,-0.33,-0.001));
#17703=VECTOR('',#18814,1000.0);
#17704=CARTESIAN_POINT('',(1.6,-0.328512303168711,-0.001));
#17705=CARTESIAN_POINT('',(1.6,0.702,-0.000999999999999916));
#17706=VECTOR('',#18815,1000.0);
#17707=CARTESIAN_POINT('',(0.4,-0.328512303168714,-0.00100000000000002));
#17708=CARTESIAN_POINT('',(-4.126725586542,-0.328512303168714,-0.00100000000000002));
#17709=VECTOR('',#18816,1000.0);
#17710=CARTESIAN_POINT('',(0.4,-0.33,-0.001));
#17711=CARTESIAN_POINT('',(0.4,-2.002,-0.000999999999999916));
#17712=VECTOR('',#18817,1000.0);
#17713=CARTESIAN_POINT('',(-0.4,-0.329372901878543,-0.000660464070403795));
#17714=CARTESIAN_POINT('',(-5.356,-0.33,-0.001));
#17715=VECTOR('',#18818,1000.0);
#17716=CARTESIAN_POINT('',(-1.6,-0.328512303168714,-0.00100000000000002));
#17717=CARTESIAN_POINT('',(-4.126725586542,-0.328512303168714,-0.00100000000000002));
#17718=VECTOR('',#18819,1000.0);
#17719=CARTESIAN_POINT('',(-1.6,-0.33,-0.001));
#17720=CARTESIAN_POINT('',(-1.6,-2.002,-0.000999999999999916));
#17721=VECTOR('',#18820,1000.0);
#17722=CARTESIAN_POINT('',(-2.9,-0.33,-0.001));
#17723=CARTESIAN_POINT('',(-5.356,-0.33,-0.001));
#17724=VECTOR('',#18821,1000.0);
#17725=CARTESIAN_POINT('',(-2.9,-0.328512303168711,-0.001));
#17726=CARTESIAN_POINT('',(-2.9,0.702,-0.00100000000000002));
#17727=VECTOR('',#18822,1000.0);
#17728=CARTESIAN_POINT('',(-4.1,-0.328512303168714,-0.00100000000000002));
#17729=CARTESIAN_POINT('',(-4.126725586542,-0.328512303168714,-0.00100000000000002));
#17730=VECTOR('',#18823,1000.0);
#17731=CARTESIAN_POINT('',(-4.1,-0.33,-0.001));
#17732=CARTESIAN_POINT('',(-4.1,-2.002,-0.00100000000000002));
#17733=VECTOR('',#18824,1000.0);
#17734=CARTESIAN_POINT('',(-4.825,-0.33,-0.001));
#17735=CARTESIAN_POINT('',(-5.356,-0.33,-0.001));
#17736=VECTOR('',#18825,1000.0);
#17737=CARTESIAN_POINT('',(-4.825,-0.328512303168711,-0.001));
#17738=CARTESIAN_POINT('',(-4.825,-0.296671446506999,-0.001));
#17739=VECTOR('',#18826,1000.0);
#17740=CARTESIAN_POINT('',(-5.15,-0.328514558443202,-0.001));
#17741=CARTESIAN_POINT('',(-5.356,-0.328512303168713,-0.001));
#17742=VECTOR('',#18827,1000.0);
#17743=CARTESIAN_POINT('',(-5.15,-1.95,-0.001));
#17744=VECTOR('',#18828,1000.0);
#17745=CARTESIAN_POINT('',(-5.65,-1.70000000000008,-0.501));
#17746=CARTESIAN_POINT('',(-5.51690524980724,-1.94928425057926,-0.161322892050503));
#17747=CARTESIAN_POINT('',(-5.60956867560997,-1.88724257648366,-0.261414115734621));
#17748=CARTESIAN_POINT('',(-5.65,-1.79165004998195,-0.382679801134778));
#17749=CARTESIAN_POINT('',(-5.65,-1.70000000000008,-0.501));
#17750=CARTESIAN_POINT('',(-5.65,-0.0398371685741452,-0.501));
#17751=AXIS2_PLACEMENT_3D('',#18829,#18830,#18831);
#17752=CARTESIAN_POINT('',(-5.65,-1.65,-0.501));
#17753=VECTOR('',#18832,1000.0);
#17754=CARTESIAN_POINT('',(2.78999999999967,0.920000000000362,-18.5999999999972));
#17755=CARTESIAN_POINT('',(0.0,0.92,-18.5999999999958));
#17756=VECTOR('',#18833,1000.0);
#17757=CARTESIAN_POINT('',(2.78999999999967,0.92,-18.5392666608095));
#17758=CARTESIAN_POINT('',(-4.2384,0.92,-18.5392666608095));
#17759=VECTOR('',#18834,1000.0);
#17760=CARTESIAN_POINT('',(2.79,0.92,0.0));
#17761=VECTOR('',#18835,1000.0);
#17762=CARTESIAN_POINT('',(-4.21000000000035,0.920000000000354,-18.5999999999972));
#17763=CARTESIAN_POINT('',(0.0,0.92,-18.5999999999958));
#17764=VECTOR('',#18836,1000.0);
#17765=CARTESIAN_POINT('',(-4.21,0.92,-18.5392666608095));
#17766=CARTESIAN_POINT('',(-4.2384,0.92,-18.5392666608095));
#17767=VECTOR('',#18837,1000.0);
#17768=CARTESIAN_POINT('',(-4.21,0.92,0.0));
#17769=VECTOR('',#18838,1000.0);
#17770=CARTESIAN_POINT('',(-1.71000000000035,0.920000000000354,-18.5999999999972));
#17771=CARTESIAN_POINT('',(0.0,0.92,-18.5999999999958));
#17772=VECTOR('',#18839,1000.0);
#17773=CARTESIAN_POINT('',(-1.71,0.92,-18.5392666608095));
#17774=CARTESIAN_POINT('',(-4.2384,0.92,-18.5392666608095));
#17775=VECTOR('',#18840,1000.0);
#17776=CARTESIAN_POINT('',(-1.71,0.92,0.0));
#17777=VECTOR('',#18841,1000.0);
#17778=CARTESIAN_POINT('',(0.289999999999679,0.92000000000037,-18.5999999999973));
#17779=CARTESIAN_POINT('',(0.0,0.92,-18.5999999999958));
#17780=VECTOR('',#18842,1000.0);
#17781=CARTESIAN_POINT('',(0.29,0.92,-18.5392666608095));
#17782=CARTESIAN_POINT('',(-4.2384,0.92,-18.5392666608095));
#17783=VECTOR('',#18843,1000.0);
#17784=CARTESIAN_POINT('',(0.29,0.92,0.0));
#17785=VECTOR('',#18844,1000.0);
#17786=CARTESIAN_POINT('',(0.4,-0.33,-2.1));
#17787=CARTESIAN_POINT('',(-0.3732744134578,-0.33,-2.1));
#17788=VECTOR('',#18845,1000.0);
#17789=CARTESIAN_POINT('',(0.4,4.33680868994202E-16,-2.1));
#17790=CARTESIAN_POINT('',(0.4,2.25,-2.1));
#17791=VECTOR('',#18846,1000.0);
#17792=CARTESIAN_POINT('',(1.6,4.33680868994202E-16,-2.1));
#17793=CARTESIAN_POINT('',(0.0,4.33680868994202E-16,-2.1));
#17794=VECTOR('',#18847,1000.0);
#17795=CARTESIAN_POINT('',(1.6,-0.33,-2.1));
#17796=CARTESIAN_POINT('',(1.6,2.25,-2.1));
#17797=VECTOR('',#18848,1000.0);
#17798=CARTESIAN_POINT('',(-0.3732744134578,-0.33,-2.1));
#17799=VECTOR('',#18849,1000.0);
#17800=CARTESIAN_POINT('',(-1.6,-0.33,-2.1));
#17801=CARTESIAN_POINT('',(-0.3732744134578,-0.33,-2.1));
#17802=VECTOR('',#18850,1000.0);
#17803=CARTESIAN_POINT('',(-1.6,4.33680868994202E-16,-2.1));
#17804=CARTESIAN_POINT('',(-1.6,2.25,-2.1));
#17805=VECTOR('',#18851,1000.0);
#17806=CARTESIAN_POINT('',(-0.4,4.33680868994202E-16,-2.1));
#17807=CARTESIAN_POINT('',(0.0,4.33680868994202E-16,-2.1));
#17808=VECTOR('',#18852,1000.0);
#17809=CARTESIAN_POINT('',(-0.4,-0.33,-2.1));
#17810=CARTESIAN_POINT('',(-0.4,2.25,-2.1));
#17811=VECTOR('',#18853,1000.0);
#17812=CARTESIAN_POINT('',(-0.3732744134578,-0.33,-2.1));
#17813=VECTOR('',#18854,1000.0);
#17814=CARTESIAN_POINT('',(2.9,-0.33,-1.1));
#17815=CARTESIAN_POINT('',(-4.102,-0.33,-1.1));
#17816=VECTOR('',#18855,1000.0);
#17817=CARTESIAN_POINT('',(2.9,4.33680868994202E-16,-1.1));
#17818=CARTESIAN_POINT('',(2.9,2.25,-1.1));
#17819=VECTOR('',#18856,1000.0);
#17820=CARTESIAN_POINT('',(4.1,4.33680868994202E-16,-1.1));
#17821=CARTESIAN_POINT('',(0.0,4.33680868994202E-16,-1.1));
#17822=VECTOR('',#18857,1000.0);
#17823=CARTESIAN_POINT('',(4.1,-0.33,-1.1));
#17824=CARTESIAN_POINT('',(4.1,2.25,-1.1));
#17825=VECTOR('',#18858,1000.0);
#17826=CARTESIAN_POINT('',(-4.102,-0.33,-1.1));
#17827=VECTOR('',#18859,1000.0);
#17828=CARTESIAN_POINT('',(-4.1,-0.33,-1.1));
#17829=CARTESIAN_POINT('',(-4.102,-0.33,-1.1));
#17830=VECTOR('',#18860,1000.0);
#17831=CARTESIAN_POINT('',(-4.1,4.33680868994202E-16,-1.1));
#17832=CARTESIAN_POINT('',(-4.1,2.25,-1.1));
#17833=VECTOR('',#18861,1000.0);
#17834=CARTESIAN_POINT('',(-2.9,4.33680868994202E-16,-1.1));
#17835=CARTESIAN_POINT('',(0.0,4.33680868994202E-16,-1.1));
#17836=VECTOR('',#18862,1000.0);
#17837=CARTESIAN_POINT('',(-2.9,-0.33,-1.1));
#17838=CARTESIAN_POINT('',(-2.9,2.25,-1.1));
#17839=VECTOR('',#18863,1000.0);
#17840=CARTESIAN_POINT('',(-4.102,-0.33,-1.1));
#17841=VECTOR('',#18864,1000.0);
#17842=CARTESIAN_POINT('',(-2.9,-0.203205080756886,-14.3));
#17843=CARTESIAN_POINT('',(-4.212,-0.203205080756887,-14.3));
#17844=VECTOR('',#18865,1000.0);
#17845=CARTESIAN_POINT('',(-2.9,-0.43,-14.3));
#17846=CARTESIAN_POINT('',(-2.9,2.25,-14.3));
#17847=VECTOR('',#18866,1000.0);
#17848=CARTESIAN_POINT('',(-4.1,-0.43,-14.3));
#17849=CARTESIAN_POINT('',(-3.5,-0.43,-14.3));
#17850=VECTOR('',#18867,1000.0);
#17851=CARTESIAN_POINT('',(-4.1,-0.203205080756886,-14.3));
#17852=CARTESIAN_POINT('',(-4.1,2.25,-14.3));
#17853=VECTOR('',#18868,1000.0);
#17854=CARTESIAN_POINT('',(-4.212,-0.203205080756887,-14.3));
#17855=VECTOR('',#18869,1000.0);
#17856=CARTESIAN_POINT('',(-0.4,-0.203205080756886,-14.3));
#17857=CARTESIAN_POINT('',(-4.212,-0.203205080756887,-14.3));
#17858=VECTOR('',#18870,1000.0);
#17859=CARTESIAN_POINT('',(-0.4,-0.43,-14.3));
#17860=CARTESIAN_POINT('',(-0.4,2.25,-14.3));
#17861=VECTOR('',#18871,1000.0);
#17862=CARTESIAN_POINT('',(-1.6,-0.43,-14.3));
#17863=CARTESIAN_POINT('',(-1.0,-0.43,-14.3));
#17864=VECTOR('',#18872,1000.0);
#17865=CARTESIAN_POINT('',(-1.6,-0.203205080756887,-14.3));
#17866=CARTESIAN_POINT('',(-1.6,2.25,-14.3));
#17867=VECTOR('',#18873,1000.0);
#17868=CARTESIAN_POINT('',(-4.212,-0.203205080756887,-14.3));
#17869=VECTOR('',#18874,1000.0);
#17870=CARTESIAN_POINT('',(1.6,-0.203205080756886,-14.3));
#17871=CARTESIAN_POINT('',(-4.212,-0.203205080756887,-14.3));
#17872=VECTOR('',#18875,1000.0);
#17873=CARTESIAN_POINT('',(1.6,-0.43,-14.3));
#17874=CARTESIAN_POINT('',(1.6,2.25,-14.3));
#17875=VECTOR('',#18876,1000.0);
#17876=CARTESIAN_POINT('',(0.4,-0.43,-14.3));
#17877=CARTESIAN_POINT('',(1.0,-0.43,-14.3));
#17878=VECTOR('',#18877,1000.0);
#17879=CARTESIAN_POINT('',(0.4,-0.203205080756887,-14.3));
#17880=CARTESIAN_POINT('',(0.4,2.25,-14.3));
#17881=VECTOR('',#18878,1000.0);
#17882=CARTESIAN_POINT('',(-4.212,-0.203205080756887,-14.3));
#17883=VECTOR('',#18879,1000.0);
#17884=CARTESIAN_POINT('',(4.1,-0.203205080756887,-14.3));
#17885=CARTESIAN_POINT('',(-4.212,-0.203205080756887,-14.3));
#17886=VECTOR('',#18880,1000.0);
#17887=CARTESIAN_POINT('',(4.1,-0.43,-14.3));
#17888=CARTESIAN_POINT('',(4.1,2.25,-14.3));
#17889=VECTOR('',#18881,1000.0);
#17890=CARTESIAN_POINT('',(2.9,-0.43,-14.3));
#17891=CARTESIAN_POINT('',(3.5,-0.43,-14.3));
#17892=VECTOR('',#18882,1000.0);
#17893=CARTESIAN_POINT('',(2.9,-0.203205080756887,-14.3));
#17894=CARTESIAN_POINT('',(2.9,2.25,-14.3));
#17895=VECTOR('',#18883,1000.0);
#17896=CARTESIAN_POINT('',(-4.212,-0.203205080756887,-14.3));
#17897=VECTOR('',#18884,1000.0);
#17898=CARTESIAN_POINT('',(4.1,-0.0299999999999996,-14.4));
#17899=CARTESIAN_POINT('',(-4.212,-0.0299999999999996,-14.4));
#17900=VECTOR('',#18885,1000.0);
#17901=AXIS2_PLACEMENT_3D('',#18886,#18887,#18888);
#17902=CARTESIAN_POINT('',(2.9,-0.0299999999999996,-14.4));
#17903=CARTESIAN_POINT('',(-4.212,-0.0299999999999996,-14.4));
#17904=VECTOR('',#18889,1000.0);
#17905=AXIS2_PLACEMENT_3D('',#18890,#18891,#18892);
#17906=CARTESIAN_POINT('',(4.1,0.52,-14.4));
#17907=CARTESIAN_POINT('',(-4.212,0.52,-14.4));
#17908=VECTOR('',#18893,1000.0);
#17909=CARTESIAN_POINT('',(4.21,0.87,-14.75));
#17910=CARTESIAN_POINT('',(-4.212,0.87,-14.75));
#17911=VECTOR('',#18894,1000.0);
#17912=CARTESIAN_POINT('',(4.21,0.65,-14.4250384638146));
#17913=AXIS2_PLACEMENT_3D('',#18895,#18896,#18897);
#17914=CARTESIAN_POINT('',(4.1,0.65,-14.4250384638146));
#17915=CARTESIAN_POINT('',(-4.212,0.65,-14.4250384638146));
#17916=VECTOR('',#18898,1000.0);
#17917=AXIS2_PLACEMENT_3D('',#18899,#18900,#18901);
#17918=CARTESIAN_POINT('',(2.79,0.87,-14.75));
#17919=CARTESIAN_POINT('',(-4.212,0.87,-14.75));
#17920=VECTOR('',#18902,1000.0);
#17921=CARTESIAN_POINT('',(2.9,0.52,-14.4));
#17922=CARTESIAN_POINT('',(-4.212,0.52,-14.4));
#17923=VECTOR('',#18903,1000.0);
#17924=CARTESIAN_POINT('',(2.9,0.65,-14.4250384638146));
#17925=AXIS2_PLACEMENT_3D('',#18904,#18905,#18906);
#17926=CARTESIAN_POINT('',(2.78999999999967,0.65,-14.4250384638146));
#17927=CARTESIAN_POINT('',(-4.212,0.65,-14.4250384638146));
#17928=VECTOR('',#18907,1000.0);
#17929=AXIS2_PLACEMENT_3D('',#18908,#18909,#18910);
#17930=CARTESIAN_POINT('',(2.79,0.87,-14.214));
#17931=VECTOR('',#18911,1000.0);
#17932=CARTESIAN_POINT('',(2.79,0.87,-18.5392666608095));
#17933=CARTESIAN_POINT('',(2.79,0.87,-14.214));
#17934=VECTOR('',#18912,1000.0);
#17935=CARTESIAN_POINT('',(-4.212,0.87,-18.5392666608095));
#17936=VECTOR('',#18913,1000.0);
#17937=CARTESIAN_POINT('',(4.21,0.87,-17.0946333304052));
#17938=VECTOR('',#18914,1000.0);
#17939=CARTESIAN_POINT('',(2.79,0.87,-14.214));
#17940=VECTOR('',#18915,1000.0);
#17941=CARTESIAN_POINT('',(4.21,0.87,-17.0946333304052));
#17942=VECTOR('',#18916,1000.0);
#17943=CARTESIAN_POINT('',(2.79,0.623274413458,-18.5392666608095));
#17944=VECTOR('',#18917,1000.0);
#17945=CARTESIAN_POINT('',(4.1,0.702,-14.4));
#17946=VECTOR('',#18918,1000.0);
#17947=CARTESIAN_POINT('',(2.9,-2.002,-14.4));
#17948=VECTOR('',#18919,1000.0);
#17949=CARTESIAN_POINT('',(1.6,-0.0299999999999996,-14.4));
#17950=CARTESIAN_POINT('',(-4.212,-0.0299999999999996,-14.4));
#17951=VECTOR('',#18920,1000.0);
#17952=AXIS2_PLACEMENT_3D('',#18921,#18922,#18923);
#17953=CARTESIAN_POINT('',(0.4,-0.0299999999999996,-14.4));
#17954=CARTESIAN_POINT('',(-4.212,-0.0299999999999996,-14.4));
#17955=VECTOR('',#18924,1000.0);
#17956=AXIS2_PLACEMENT_3D('',#18925,#18926,#18927);
#17957=CARTESIAN_POINT('',(0.29,0.87,-14.214));
#17958=VECTOR('',#18928,1000.0);
#17959=CARTESIAN_POINT('',(1.71,0.87,-14.75));
#17960=CARTESIAN_POINT('',(-4.212,0.87,-14.75));
#17961=VECTOR('',#18929,1000.0);
#17962=CARTESIAN_POINT('',(1.71,0.87,-14.214));
#17963=VECTOR('',#18930,1000.0);
#17964=CARTESIAN_POINT('',(0.29,0.87,-18.5392666608095));
#17965=CARTESIAN_POINT('',(0.29,0.87,-14.214));
#17966=VECTOR('',#18931,1000.0);
#17967=CARTESIAN_POINT('',(-4.212,0.87,-18.5392666608095));
#17968=VECTOR('',#18932,1000.0);
#17969=CARTESIAN_POINT('',(0.29,0.87,-14.75));
#17970=CARTESIAN_POINT('',(-4.212,0.87,-14.75));
#17971=VECTOR('',#18933,1000.0);
#17972=CARTESIAN_POINT('',(0.29,0.87,-14.214));
#17973=VECTOR('',#18934,1000.0);
#17974=CARTESIAN_POINT('',(1.71,0.87,-18.5392666608095));
#17975=CARTESIAN_POINT('',(-4.212,0.87,-18.5392666608095));
#17976=VECTOR('',#18935,1000.0);
#17977=CARTESIAN_POINT('',(1.71,0.87,-14.214));
#17978=VECTOR('',#18936,1000.0);
#17979=CARTESIAN_POINT('',(1.6,0.52,-14.4));
#17980=CARTESIAN_POINT('',(-4.212,0.52,-14.4));
#17981=VECTOR('',#18937,1000.0);
#17982=CARTESIAN_POINT('',(1.71,0.65,-14.4250384638146));
#17983=AXIS2_PLACEMENT_3D('',#18938,#18939,#18940);
#17984=CARTESIAN_POINT('',(1.6,0.65,-14.4250384638146));
#17985=CARTESIAN_POINT('',(-4.212,0.65,-14.4250384638146));
#17986=VECTOR('',#18941,1000.0);
#17987=AXIS2_PLACEMENT_3D('',#18942,#18943,#18944);
#17988=CARTESIAN_POINT('',(0.4,0.52,-14.4));
#17989=CARTESIAN_POINT('',(-4.212,0.52,-14.4));
#17990=VECTOR('',#18945,1000.0);
#17991=CARTESIAN_POINT('',(0.4,0.65,-14.4250384638146));
#17992=AXIS2_PLACEMENT_3D('',#18946,#18947,#18948);
#17993=CARTESIAN_POINT('',(0.29,0.65,-14.4250384638146));
#17994=CARTESIAN_POINT('',(-4.212,0.65,-14.4250384638146));
#17995=VECTOR('',#18949,1000.0);
#17996=AXIS2_PLACEMENT_3D('',#18950,#18951,#18952);
#17997=CARTESIAN_POINT('',(0.29,0.623274413458,-18.5392666608095));
#17998=VECTOR('',#18953,1000.0);
#17999=CARTESIAN_POINT('',(1.6,0.702,-14.4));
#18000=VECTOR('',#18954,1000.0);
#18001=CARTESIAN_POINT('',(0.4,-2.002,-14.4));
#18002=VECTOR('',#18955,1000.0);
#18003=CARTESIAN_POINT('',(-0.4,-0.0299999999999996,-14.4));
#18004=CARTESIAN_POINT('',(-4.212,-0.0299999999999996,-14.4));
#18005=VECTOR('',#18956,1000.0);
#18006=AXIS2_PLACEMENT_3D('',#18957,#18958,#18959);
#18007=CARTESIAN_POINT('',(-1.6,-0.0299999999999996,-14.4));
#18008=CARTESIAN_POINT('',(-4.212,-0.0299999999999996,-14.4));
#18009=VECTOR('',#18960,1000.0);
#18010=AXIS2_PLACEMENT_3D('',#18961,#18962,#18963);
#18011=CARTESIAN_POINT('',(-1.71,0.87,-18.5392666608095));
#18012=CARTESIAN_POINT('',(-4.212,0.87,-18.5392666608095));
#18013=VECTOR('',#18964,1000.0);
#18014=CARTESIAN_POINT('',(-1.71,0.623274413458,-18.5392666608095));
#18015=VECTOR('',#18965,1000.0);
#18016=CARTESIAN_POINT('',(-1.71,0.87,-14.214));
#18017=VECTOR('',#18966,1000.0);
#18018=CARTESIAN_POINT('',(-1.71,0.87,-14.214));
#18019=VECTOR('',#18967,1000.0);
#18020=CARTESIAN_POINT('',(-0.29,0.87,-14.75));
#18021=CARTESIAN_POINT('',(-0.29,0.87,-14.214));
#18022=VECTOR('',#18968,1000.0);
#18023=CARTESIAN_POINT('',(-4.212,0.87,-14.75));
#18024=VECTOR('',#18969,1000.0);
#18025=CARTESIAN_POINT('',(-1.71,0.87,-14.75));
#18026=CARTESIAN_POINT('',(-4.212,0.87,-14.75));
#18027=VECTOR('',#18970,1000.0);
#18028=CARTESIAN_POINT('',(-1.71,0.87,-14.214));
#18029=VECTOR('',#18971,1000.0);
#18030=CARTESIAN_POINT('',(-0.29,0.87,-18.5392666608095));
#18031=CARTESIAN_POINT('',(-4.212,0.87,-18.5392666608095));
#18032=VECTOR('',#18972,1000.0);
#18033=CARTESIAN_POINT('',(-0.29,0.87,-14.214));
#18034=VECTOR('',#18973,1000.0);
#18035=CARTESIAN_POINT('',(-0.4,0.52,-14.4));
#18036=CARTESIAN_POINT('',(-4.212,0.52,-14.4));
#18037=VECTOR('',#18974,1000.0);
#18038=CARTESIAN_POINT('',(-0.29,0.65,-14.4250384638146));
#18039=AXIS2_PLACEMENT_3D('',#18975,#18976,#18977);
#18040=CARTESIAN_POINT('',(-0.4,0.65,-14.4250384638146));
#18041=CARTESIAN_POINT('',(-4.212,0.65,-14.4250384638146));
#18042=VECTOR('',#18978,1000.0);
#18043=AXIS2_PLACEMENT_3D('',#18979,#18980,#18981);
#18044=CARTESIAN_POINT('',(-1.6,0.52,-14.4));
#18045=CARTESIAN_POINT('',(-4.212,0.52,-14.4));
#18046=VECTOR('',#18982,1000.0);
#18047=CARTESIAN_POINT('',(-1.6,0.65,-14.4250384638146));
#18048=AXIS2_PLACEMENT_3D('',#18983,#18984,#18985);
#18049=CARTESIAN_POINT('',(-1.71,0.65,-14.4250384638146));
#18050=CARTESIAN_POINT('',(-4.212,0.65,-14.4250384638146));
#18051=VECTOR('',#18986,1000.0);
#18052=AXIS2_PLACEMENT_3D('',#18987,#18988,#18989);
#18053=CARTESIAN_POINT('',(-0.4,0.702,-14.4));
#18054=VECTOR('',#18990,1000.0);
#18055=CARTESIAN_POINT('',(-1.6,-2.002,-14.4));
#18056=VECTOR('',#18991,1000.0);
#18057=CARTESIAN_POINT('',(-2.9,-0.0299999999999996,-14.4));
#18058=CARTESIAN_POINT('',(-4.212,-0.0299999999999996,-14.4));
#18059=VECTOR('',#18992,1000.0);
#18060=CARTESIAN_POINT('',(-2.9,0.52,-14.4));
#18061=CARTESIAN_POINT('',(-4.212,0.52,-14.4));
#18062=VECTOR('',#18993,1000.0);
#18063=CARTESIAN_POINT('',(-2.9,0.702,-14.4));
#18064=VECTOR('',#18994,1000.0);
#18065=CARTESIAN_POINT('',(-4.1,0.52,-14.4));
#18066=CARTESIAN_POINT('',(-4.212,0.52,-14.4));
#18067=VECTOR('',#18995,1000.0);
#18068=CARTESIAN_POINT('',(-4.1,-0.0299999999999996,-14.4));
#18069=CARTESIAN_POINT('',(-4.212,-0.0299999999999996,-14.4));
#18070=VECTOR('',#18996,1000.0);
#18071=CARTESIAN_POINT('',(-4.1,-2.002,-14.4));
#18072=VECTOR('',#18997,1000.0);
#18073=CARTESIAN_POINT('',(-2.79,0.92,-18.5392666608095));
#18074=CARTESIAN_POINT('',(-4.2384,0.92,-18.5392666608095));
#18075=VECTOR('',#18998,1000.0);
#18076=CARTESIAN_POINT('',(-2.79,0.87,-18.5392666608095));
#18077=CARTESIAN_POINT('',(-2.79,0.946725586542,-18.5392666608095));
#18078=VECTOR('',#18999,1000.0);
#18079=CARTESIAN_POINT('',(-4.212,0.87,-18.5392666608095));
#18080=VECTOR('',#19000,1000.0);
#18081=CARTESIAN_POINT('',(-4.21,0.87,-17.0946333304052));
#18082=VECTOR('',#19001,1000.0);
#18083=CARTESIAN_POINT('',(-4.21,0.87,-18.5392666608095));
#18084=CARTESIAN_POINT('',(-4.21,0.87,-17.0946333304052));
#18085=VECTOR('',#19002,1000.0);
#18086=CARTESIAN_POINT('',(-4.212,0.87,-18.5392666608095));
#18087=VECTOR('',#19003,1000.0);
#18088=CARTESIAN_POINT('',(-4.21,0.87,-14.75));
#18089=CARTESIAN_POINT('',(-4.212,0.87,-14.75));
#18090=VECTOR('',#19004,1000.0);
#18091=CARTESIAN_POINT('',(-4.21,0.87,-17.0946333304052));
#18092=VECTOR('',#19005,1000.0);
#18093=CARTESIAN_POINT('',(-2.79,0.87,-14.75));
#18094=CARTESIAN_POINT('',(-4.212,0.87,-14.75));
#18095=VECTOR('',#19006,1000.0);
#18096=CARTESIAN_POINT('',(-2.79,0.87,-14.214));
#18097=VECTOR('',#19007,1000.0);
#18098=CARTESIAN_POINT('',(-2.79,0.87,-14.214));
#18099=VECTOR('',#19008,1000.0);
#18100=AXIS2_PLACEMENT_3D('',#19009,#19010,#19011);
#18101=AXIS2_PLACEMENT_3D('',#19012,#19013,#19014);
#18102=CARTESIAN_POINT('',(-2.79,0.65,-14.4250384638146));
#18103=AXIS2_PLACEMENT_3D('',#19015,#19016,#19017);
#18104=CARTESIAN_POINT('',(-2.9,0.65,-14.4250384638146));
#18105=CARTESIAN_POINT('',(-4.212,0.65,-14.4250384638146));
#18106=VECTOR('',#19018,1000.0);
#18107=AXIS2_PLACEMENT_3D('',#19019,#19020,#19021);
#18108=CARTESIAN_POINT('',(-4.1,0.65,-14.4250384638146));
#18109=AXIS2_PLACEMENT_3D('',#19022,#19023,#19024);
#18110=CARTESIAN_POINT('',(-4.21,0.65,-14.4250384638146));
#18111=CARTESIAN_POINT('',(-4.212,0.65,-14.4250384638146));
#18112=VECTOR('',#19025,1000.0);
#18113=AXIS2_PLACEMENT_3D('',#19026,#19027,#19028);
#18114=CARTESIAN_POINT('',(-1.60000000000036,-0.430000000000345,-14.5999999999972));
#18115=CARTESIAN_POINT('',(-1.6,-0.43,0.0));
#18116=VECTOR('',#19029,1000.0);
#18117=CARTESIAN_POINT('',(-1.6,0.15,-14.6));
#18118=CARTESIAN_POINT('',(-1.6,2.25,-14.5999999999958));
#18119=VECTOR('',#19030,1000.0);
#18120=CARTESIAN_POINT('',(-1.6,0.15,-18.6));
#18121=CARTESIAN_POINT('',(-1.6,0.15,0.0));
#18122=VECTOR('',#19031,1000.0);
#18123=CARTESIAN_POINT('',(-1.60000000000036,0.649999999999645,-18.5999999999972));
#18124=CARTESIAN_POINT('',(-1.6,2.25,-18.5999999999958));
#18125=VECTOR('',#19032,1000.0);
#18126=CARTESIAN_POINT('',(-1.6,0.65,0.0));
#18127=VECTOR('',#19033,1000.0);
#18128=CARTESIAN_POINT('',(0.39999999999967,-0.43000000000036,-14.5999999999973));
#18129=CARTESIAN_POINT('',(0.4,-0.43,0.0));
#18130=VECTOR('',#19034,1000.0);
#18131=CARTESIAN_POINT('',(0.4,0.15,-14.6));
#18132=CARTESIAN_POINT('',(0.4,2.25,-14.599999999996));
#18133=VECTOR('',#19035,1000.0);
#18134=CARTESIAN_POINT('',(0.4,0.15,-18.6));
#18135=CARTESIAN_POINT('',(0.4,0.15,0.0));
#18136=VECTOR('',#19036,1000.0);
#18137=CARTESIAN_POINT('',(0.399999999999678,0.64999999999963,-18.5999999999973));
#18138=CARTESIAN_POINT('',(0.4,2.25,-18.599999999996));
#18139=VECTOR('',#19037,1000.0);
#18140=CARTESIAN_POINT('',(0.4,0.65,0.0));
#18141=VECTOR('',#19038,1000.0);
#18142=CARTESIAN_POINT('',(-4.1,-0.43,-14.6));
#18143=CARTESIAN_POINT('',(-4.1,-0.43,0.0));
#18144=VECTOR('',#19039,1000.0);
#18145=CARTESIAN_POINT('',(-4.1,0.15,-14.6));
#18146=CARTESIAN_POINT('',(-4.1,2.25,-14.5999999999958));
#18147=VECTOR('',#19040,1000.0);
#18148=CARTESIAN_POINT('',(-4.1,0.15,-18.6));
#18149=CARTESIAN_POINT('',(-4.1,0.15,0.0));
#18150=VECTOR('',#19041,1000.0);
#18151=CARTESIAN_POINT('',(-4.1,0.65,-18.6));
#18152=CARTESIAN_POINT('',(-4.1,2.25,-18.5999999999958));
#18153=VECTOR('',#19042,1000.0);
#18154=CARTESIAN_POINT('',(-4.1,0.65,0.0));
#18155=VECTOR('',#19043,1000.0);
#18156=CARTESIAN_POINT('',(2.89999999999965,-0.43000000000035,-14.5999999999972));
#18157=CARTESIAN_POINT('',(2.9,-0.43,0.0));
#18158=VECTOR('',#19044,1000.0);
#18159=CARTESIAN_POINT('',(2.9,0.15,-14.6));
#18160=CARTESIAN_POINT('',(2.9,2.25,-14.5999999999958));
#18161=VECTOR('',#19045,1000.0);
#18162=CARTESIAN_POINT('',(2.9,0.15,-18.6));
#18163=CARTESIAN_POINT('',(2.9,0.15,0.0));
#18164=VECTOR('',#19046,1000.0);
#18165=CARTESIAN_POINT('',(2.89999999999965,0.649999999999645,-18.5999999999972));
#18166=CARTESIAN_POINT('',(2.9,2.25,-18.5999999999958));
#18167=VECTOR('',#19047,1000.0);
#18168=CARTESIAN_POINT('',(2.9,0.65,0.0));
#18169=VECTOR('',#19048,1000.0);
#18170=CARTESIAN_POINT('',(-0.399999999999678,0.64999999999963,-18.5999999999973));
#18171=CARTESIAN_POINT('',(-0.4,0.65,0.0));
#18172=VECTOR('',#19049,1000.0);
#18173=CARTESIAN_POINT('',(-0.4,0.15,-18.6));
#18174=CARTESIAN_POINT('',(-0.4,2.25,-18.599999999996));
#18175=VECTOR('',#19050,1000.0);
#18176=CARTESIAN_POINT('',(-0.4,0.15,-14.6));
#18177=CARTESIAN_POINT('',(-0.4,0.15,0.0));
#18178=VECTOR('',#19051,1000.0);
#18179=CARTESIAN_POINT('',(-0.39999999999967,-0.43000000000036,-14.5999999999973));
#18180=CARTESIAN_POINT('',(-0.4,2.25,-14.599999999996));
#18181=VECTOR('',#19052,1000.0);
#18182=CARTESIAN_POINT('',(-0.4,-0.43,0.0));
#18183=VECTOR('',#19053,1000.0);
#18184=CARTESIAN_POINT('',(1.60000000000036,0.649999999999645,-18.5999999999972));
#18185=CARTESIAN_POINT('',(1.6,0.65,0.0));
#18186=VECTOR('',#19054,1000.0);
#18187=CARTESIAN_POINT('',(1.6,0.15,-18.6));
#18188=CARTESIAN_POINT('',(1.6,2.25,-18.5999999999958));
#18189=VECTOR('',#19055,1000.0);
#18190=CARTESIAN_POINT('',(1.6,0.15,-14.6));
#18191=CARTESIAN_POINT('',(1.6,0.15,0.0));
#18192=VECTOR('',#19056,1000.0);
#18193=CARTESIAN_POINT('',(1.60000000000036,-0.430000000000345,-14.5999999999972));
#18194=CARTESIAN_POINT('',(1.6,2.25,-14.5999999999958));
#18195=VECTOR('',#19057,1000.0);
#18196=CARTESIAN_POINT('',(1.6,-0.43,0.0));
#18197=VECTOR('',#19058,1000.0);
#18198=CARTESIAN_POINT('',(-2.89999999999965,0.649999999999645,-18.5999999999972));
#18199=CARTESIAN_POINT('',(-2.9,0.65,0.0));
#18200=VECTOR('',#19059,1000.0);
#18201=CARTESIAN_POINT('',(-2.9,0.15,-18.6));
#18202=CARTESIAN_POINT('',(-2.9,2.25,-18.5999999999958));
#18203=VECTOR('',#19060,1000.0);
#18204=CARTESIAN_POINT('',(-2.9,0.15,-14.6));
#18205=CARTESIAN_POINT('',(-2.9,0.15,0.0));
#18206=VECTOR('',#19061,1000.0);
#18207=CARTESIAN_POINT('',(-2.9,-0.43,-14.6));
#18208=CARTESIAN_POINT('',(-2.9,2.25,-14.5999999999958));
#18209=VECTOR('',#19062,1000.0);
#18210=CARTESIAN_POINT('',(-2.9,-0.43,0.0));
#18211=VECTOR('',#19063,1000.0);
#18212=CARTESIAN_POINT('',(4.10000000000034,0.649999999999635,-18.5999999999972));
#18213=CARTESIAN_POINT('',(4.1,0.65,0.0));
#18214=VECTOR('',#19064,1000.0);
#18215=CARTESIAN_POINT('',(4.1,0.15,-18.6));
#18216=CARTESIAN_POINT('',(4.1,2.25,-18.5999999999958));
#18217=VECTOR('',#19065,1000.0);
#18218=CARTESIAN_POINT('',(4.1,0.15,-14.6));
#18219=CARTESIAN_POINT('',(4.1,0.15,0.0));
#18220=VECTOR('',#19066,1000.0);
#18221=CARTESIAN_POINT('',(4.10000000000036,-0.43000000000035,-14.5999999999972));
#18222=CARTESIAN_POINT('',(4.1,2.25,-14.5999999999958));
#18223=VECTOR('',#19067,1000.0);
#18224=CARTESIAN_POINT('',(4.1,-0.43,0.0));
#18225=VECTOR('',#19068,1000.0);
#18226=CARTESIAN_POINT('',(-4.21,0.65,-18.6));
#18227=CARTESIAN_POINT('',(-4.21,0.65,0.0));
#18228=VECTOR('',#19069,1000.0);
#18229=CARTESIAN_POINT('',(-4.21,2.25,-18.5999999999958));
#18230=VECTOR('',#19070,1000.0);
#18231=CARTESIAN_POINT('',(-4.21,0.945226644109935,-18.5392666608095));
#18232=VECTOR('',#19071,1000.0);
#18233=CARTESIAN_POINT('',(0.0,-0.43,-14.5999999999958));
#18234=VECTOR('',#19072,1000.0);
#18235=CARTESIAN_POINT('',(0.0,-0.43,-14.5999999999958));
#18236=VECTOR('',#19073,1000.0);
#18237=CARTESIAN_POINT('',(0.0,-0.43,-14.5999999999958));
#18238=VECTOR('',#19074,1000.0);
#18239=CARTESIAN_POINT('',(0.0,-0.43,-14.5999999999958));
#18240=VECTOR('',#19075,1000.0);
#18241=CARTESIAN_POINT('',(2.78999999999967,0.64999999999964,-18.5999999999972));
#18242=CARTESIAN_POINT('',(2.79,0.65,0.0));
#18243=VECTOR('',#19076,1000.0);
#18244=CARTESIAN_POINT('',(2.79,2.25,-18.5999999999958));
#18245=VECTOR('',#19077,1000.0);
#18246=CARTESIAN_POINT('',(4.21,0.92,-18.5392666608095));
#18247=CARTESIAN_POINT('',(-4.2384,0.92,-18.5392666608095));
#18248=VECTOR('',#19078,1000.0);
#18249=CARTESIAN_POINT('',(4.21000000000035,0.920000000000354,-18.5999999999972));
#18250=CARTESIAN_POINT('',(0.0,0.92,-18.5999999999958));
#18251=VECTOR('',#19079,1000.0);
#18252=CARTESIAN_POINT('',(4.21,0.92,0.0));
#18253=VECTOR('',#19080,1000.0);
#18254=CARTESIAN_POINT('',(4.21,0.87,-18.5392666608095));
#18255=CARTESIAN_POINT('',(4.21,0.87,-17.0946333304052));
#18256=VECTOR('',#19081,1000.0);
#18257=CARTESIAN_POINT('',(4.21,0.945226644109935,-18.5392666608095));
#18258=VECTOR('',#19082,1000.0);
#18259=CARTESIAN_POINT('',(4.21000000000035,0.649999999999645,-18.5999999999972));
#18260=CARTESIAN_POINT('',(4.21,2.25,-18.5999999999958));
#18261=VECTOR('',#19083,1000.0);
#18262=CARTESIAN_POINT('',(4.21,0.65,0.0));
#18263=VECTOR('',#19084,1000.0);
#18264=CARTESIAN_POINT('',(0.0,0.65,-18.5999999999958));
#18265=VECTOR('',#19085,1000.0);
#18266=CARTESIAN_POINT('',(-4.825,-0.33,0.0));
#18267=VECTOR('',#19086,1000.0);
#18268=CARTESIAN_POINT('',(-4.825,-2.47198095326695E-14,-0.57000000000007));
#18269=CARTESIAN_POINT('',(-4.825,4.33680868994202E-16,0.0));
#18270=VECTOR('',#19087,1000.0);
#18271=CARTESIAN_POINT('',(-4.825,-0.3290896534379,0.0));
#18272=VECTOR('',#19088,1000.0);
#18273=CARTESIAN_POINT('',(-5.65,-1.7,-14.8));
#18274=CARTESIAN_POINT('',(-5.65,-1.7,-14.8));
#18275=VECTOR('',#19089,1000.0);
#18276=CARTESIAN_POINT('',(-5.35,-2.0,-14.8));
#18277=AXIS2_PLACEMENT_3D('',#19090,#19091,#19092);
#18278=CARTESIAN_POINT('',(-5.35,-2.0,-14.8));
#18279=VECTOR('',#19093,1000.0);
#18280=CARTESIAN_POINT('',(-4.3,0.15,-14.8));
#18281=CARTESIAN_POINT('',(10.4999999993818,0.15,0.0));
#18282=VECTOR('',#19094,1000.0);
#18283=CARTESIAN_POINT('',(-4.3,-0.63,-14.8));
#18284=CARTESIAN_POINT('',(10.4999999993818,14.1699999993818,0.0));
#18285=VECTOR('',#19095,1000.0);
#18286=CARTESIAN_POINT('',(-4.29999999999579,2.25,-14.8));
#18287=VECTOR('',#19096,1000.0);
#18288=CARTESIAN_POINT('',(-2.7,0.15,-14.8));
#18289=CARTESIAN_POINT('',(-17.4999999993818,0.15,0.0));
#18290=VECTOR('',#19097,1000.0);
#18291=CARTESIAN_POINT('',(-2.7,-0.63,-14.8));
#18292=CARTESIAN_POINT('',(-2.7000000000042,2.25,-14.8));
#18293=VECTOR('',#19098,1000.0);
#18294=CARTESIAN_POINT('',(-17.4999999993818,14.1699999993818,0.0));
#18295=VECTOR('',#19099,1000.0);
#18296=CARTESIAN_POINT('',(0.0,0.65,-18.5999999999958));
#18297=VECTOR('',#19100,1000.0);
#18298=CARTESIAN_POINT('',(-4.3,0.45,-18.8));
#18299=CARTESIAN_POINT('',(-4.3,0.15,-18.8));
#18300=CARTESIAN_POINT('',(-4.2999999999958,2.25,-18.8));
#18301=VECTOR('',#19101,1000.0);
#18302=CARTESIAN_POINT('',(14.4999999992138,19.2499999992137,0.0));
#18303=VECTOR('',#19102,1000.0);
#18304=CARTESIAN_POINT('',(14.4999999992138,0.15,0.0));
#18305=VECTOR('',#19103,1000.0);
#18306=CARTESIAN_POINT('',(-4.41,0.45,-18.8));
#18307=CARTESIAN_POINT('',(14.3899999992137,19.2499999992137,0.0));
#18308=VECTOR('',#19104,1000.0);
#18309=CARTESIAN_POINT('',(0.0,0.4500000000042,-18.8));
#18310=VECTOR('',#19105,1000.0);
#18311=CARTESIAN_POINT('',(-4.40999999999581,1.11999999999581,-18.8));
#18312=CARTESIAN_POINT('',(-4.4099999999958,2.25,-18.8));
#18313=VECTOR('',#19106,1000.0);
#18314=CARTESIAN_POINT('',(14.3899999992137,-17.6799999992137,0.0));
#18315=VECTOR('',#19107,1000.0);
#18316=CARTESIAN_POINT('',(-2.78999999999967,0.920000000000362,-18.5999999999972));
#18317=CARTESIAN_POINT('',(0.0,0.92,-18.5999999999958));
#18318=VECTOR('',#19108,1000.0);
#18319=CARTESIAN_POINT('',(-2.79,0.92,0.0));
#18320=VECTOR('',#19109,1000.0);
#18321=CARTESIAN_POINT('',(-2.59000000000424,1.11999999999584,-18.8));
#18322=CARTESIAN_POINT('',(0.0,1.1199999999958,-18.8));
#18323=VECTOR('',#19110,1000.0);
#18324=CARTESIAN_POINT('',(-21.3899999992138,-17.6799999992137,0.0));
#18325=VECTOR('',#19111,1000.0);
#18326=CARTESIAN_POINT('',(-2.78999999999967,0.64999999999964,-18.5999999999972));
#18327=CARTESIAN_POINT('',(-2.59000000000425,0.45000000000416,-18.8));
#18328=CARTESIAN_POINT('',(-21.3899999992138,19.2499999992137,0.0));
#18329=VECTOR('',#19112,1000.0);
#18330=CARTESIAN_POINT('',(-2.79,2.25,-18.5999999999958));
#18331=VECTOR('',#19113,1000.0);
#18332=CARTESIAN_POINT('',(-2.5900000000042,2.25,-18.8));
#18333=VECTOR('',#19114,1000.0);
#18334=CARTESIAN_POINT('',(-2.79,0.87,-14.214));
#18335=VECTOR('',#19115,1000.0);
#18336=CARTESIAN_POINT('',(-2.79,0.65,0.0));
#18337=VECTOR('',#19116,1000.0);
#18338=CARTESIAN_POINT('',(0.0,0.65,-18.5999999999958));
#18339=VECTOR('',#19117,1000.0);
#18340=CARTESIAN_POINT('',(-2.7000000000042,0.4500000000042,-18.8));
#18341=CARTESIAN_POINT('',(0.0,0.4500000000042,-18.8));
#18342=VECTOR('',#19118,1000.0);
#18343=CARTESIAN_POINT('',(-21.4999999992137,19.2499999992137,0.0));
#18344=VECTOR('',#19119,1000.0);
#18345=CARTESIAN_POINT('',(-2.7,0.15,-18.8));
#18346=CARTESIAN_POINT('',(-2.7000000000042,2.25,-18.8));
#18347=VECTOR('',#19120,1000.0);
#18348=CARTESIAN_POINT('',(-21.4999999992137,0.15,0.0));
#18349=VECTOR('',#19121,1000.0);
#18350=CARTESIAN_POINT('',(4.29999999999576,0.450000000004155,-18.8));
#18351=CARTESIAN_POINT('',(-14.4999999992138,19.2499999992137,0.0));
#18352=VECTOR('',#19122,1000.0);
#18353=CARTESIAN_POINT('',(4.3,0.15,-18.8));
#18354=CARTESIAN_POINT('',(4.2999999999958,2.25,-18.8));
#18355=VECTOR('',#19123,1000.0);
#18356=CARTESIAN_POINT('',(-14.4999999992138,0.15,0.0));
#18357=VECTOR('',#19124,1000.0);
#18358=CARTESIAN_POINT('',(0.289999999999679,0.64999999999963,-18.5999999999973));
#18359=CARTESIAN_POINT('',(0.29,0.65,0.0));
#18360=VECTOR('',#19125,1000.0);
#18361=CARTESIAN_POINT('',(0.29,2.25,-18.599999999996));
#18362=VECTOR('',#19126,1000.0);
#18363=CARTESIAN_POINT('',(0.200000000004037,0.45000000000419,-18.8));
#18364=CARTESIAN_POINT('',(0.2,0.15,-18.8));
#18365=CARTESIAN_POINT('',(0.200000000004035,2.25,-18.8));
#18366=VECTOR('',#19127,1000.0);
#18367=CARTESIAN_POINT('',(18.9999999992452,19.2499999992137,0.0));
#18368=VECTOR('',#19128,1000.0);
#18369=CARTESIAN_POINT('',(18.9999999992452,0.15,0.0));
#18370=VECTOR('',#19129,1000.0);
#18371=CARTESIAN_POINT('',(1.71000000000035,0.649999999999645,-18.5999999999972));
#18372=CARTESIAN_POINT('',(1.71,0.65,0.0));
#18373=VECTOR('',#19130,1000.0);
#18374=CARTESIAN_POINT('',(0.0,0.65,-18.5999999999958));
#18375=VECTOR('',#19131,1000.0);
#18376=CARTESIAN_POINT('',(0.2,0.15,-14.8));
#18377=CARTESIAN_POINT('',(14.9999999994065,0.15,0.0));
#18378=VECTOR('',#19132,1000.0);
#18379=CARTESIAN_POINT('',(0.200000000004013,-0.629999999995779,-14.8));
#18380=CARTESIAN_POINT('',(14.9999999994065,14.1699999993818,0.0));
#18381=VECTOR('',#19133,1000.0);
#18382=CARTESIAN_POINT('',(0.200000000004036,2.25,-14.8));
#18383=VECTOR('',#19134,1000.0);
#18384=CARTESIAN_POINT('',(1.8,0.15,-14.8));
#18385=CARTESIAN_POINT('',(-12.9999999993818,0.15,0.0));
#18386=VECTOR('',#19135,1000.0);
#18387=CARTESIAN_POINT('',(1.7999999999958,-0.629999999995779,-14.8));
#18388=CARTESIAN_POINT('',(1.7999999999958,2.25,-14.8));
#18389=VECTOR('',#19136,1000.0);
#18390=CARTESIAN_POINT('',(-12.9999999993818,14.1699999993818,0.0));
#18391=VECTOR('',#19137,1000.0);
#18392=CARTESIAN_POINT('',(0.0,-0.6299999999958,-14.8));
#18393=VECTOR('',#19138,1000.0);
#18394=CARTESIAN_POINT('',(-0.289999999999679,0.64999999999963,-18.5999999999973));
#18395=CARTESIAN_POINT('',(-0.29,0.65,0.0));
#18396=VECTOR('',#19139,1000.0);
#18397=CARTESIAN_POINT('',(0.0,0.65,-18.5999999999958));
#18398=VECTOR('',#19140,1000.0);
#18399=CARTESIAN_POINT('',(-0.29,0.92,-18.5392666608095));
#18400=CARTESIAN_POINT('',(-0.29,0.946725586542,-18.5392666608095));
#18401=VECTOR('',#19141,1000.0);
#18402=CARTESIAN_POINT('',(-0.289999999999679,0.92000000000037,-18.5999999999973));
#18403=CARTESIAN_POINT('',(-0.29,0.92,0.0));
#18404=VECTOR('',#19142,1000.0);
#18405=CARTESIAN_POINT('',(-0.29,2.25,-18.599999999996));
#18406=VECTOR('',#19143,1000.0);
#18407=CARTESIAN_POINT('',(-0.29,0.87,-14.214));
#18408=VECTOR('',#19144,1000.0);
#18409=CARTESIAN_POINT('',(-1.79999999999581,0.450000000004195,-18.8));
#18410=CARTESIAN_POINT('',(-1.8,0.15,-18.8));
#18411=CARTESIAN_POINT('',(-1.7999999999958,2.25,-18.8));
#18412=VECTOR('',#19145,1000.0);
#18413=CARTESIAN_POINT('',(16.9999999992137,19.2499999992137,0.0));
#18414=VECTOR('',#19146,1000.0);
#18415=CARTESIAN_POINT('',(16.9999999992137,0.15,0.0));
#18416=VECTOR('',#19147,1000.0);
#18417=CARTESIAN_POINT('',(-1.71000000000035,0.649999999999645,-18.5999999999972));
#18418=CARTESIAN_POINT('',(-1.71,0.65,0.0));
#18419=VECTOR('',#19148,1000.0);
#18420=CARTESIAN_POINT('',(0.0,0.65,-18.5999999999958));
#18421=VECTOR('',#19149,1000.0);
#18422=CARTESIAN_POINT('',(-1.90999999999581,0.450000000004185,-18.8));
#18423=CARTESIAN_POINT('',(0.0,0.4500000000042,-18.8));
#18424=VECTOR('',#19150,1000.0);
#18425=CARTESIAN_POINT('',(16.8899999992137,19.2499999992137,0.0));
#18426=VECTOR('',#19151,1000.0);
#18427=CARTESIAN_POINT('',(-1.90999999999581,1.11999999999581,-18.8));
#18428=CARTESIAN_POINT('',(-1.9099999999958,2.25,-18.8));
#18429=VECTOR('',#19152,1000.0);
#18430=CARTESIAN_POINT('',(16.8899999992137,-17.6799999992137,0.0));
#18431=VECTOR('',#19153,1000.0);
#18432=CARTESIAN_POINT('',(-1.71,2.25,-18.5999999999958));
#18433=VECTOR('',#19154,1000.0);
#18434=CARTESIAN_POINT('',(-4.2384,0.92,-18.5392666608095));
#18435=VECTOR('',#19155,1000.0);
#18436=CARTESIAN_POINT('',(0.0,0.92,-18.5999999999958));
#18437=VECTOR('',#19156,1000.0);
#18438=CARTESIAN_POINT('',(-0.0900000000040494,1.11999999999581,-18.8));
#18439=CARTESIAN_POINT('',(0.0,1.1199999999958,-18.8));
#18440=VECTOR('',#19157,1000.0);
#18441=CARTESIAN_POINT('',(-18.8899999992444,-17.6799999992137,0.0));
#18442=VECTOR('',#19158,1000.0);
#18443=CARTESIAN_POINT('',(-0.0900000000040518,0.45000000000419,-18.8));
#18444=CARTESIAN_POINT('',(-18.8899999992444,19.2499999992137,0.0));
#18445=VECTOR('',#19159,1000.0);
#18446=CARTESIAN_POINT('',(-0.0900000000040439,2.25,-18.8));
#18447=VECTOR('',#19160,1000.0);
#18448=CARTESIAN_POINT('',(-0.200000000004035,0.45000000000419,-18.8));
#18449=CARTESIAN_POINT('',(-18.9999999992452,19.2499999992137,0.0));
#18450=VECTOR('',#19161,1000.0);
#18451=CARTESIAN_POINT('',(0.0,0.4500000000042,-18.8));
#18452=VECTOR('',#19162,1000.0);
#18453=CARTESIAN_POINT('',(-0.2,0.15,-18.8));
#18454=CARTESIAN_POINT('',(-0.200000000004035,2.25,-18.8));
#18455=VECTOR('',#19163,1000.0);
#18456=CARTESIAN_POINT('',(-18.9999999992452,0.15,0.0));
#18457=VECTOR('',#19164,1000.0);
#18458=CARTESIAN_POINT('',(-1.8,0.15,-14.8));
#18459=CARTESIAN_POINT('',(12.9999999993818,0.15,0.0));
#18460=VECTOR('',#19165,1000.0);
#18461=CARTESIAN_POINT('',(-1.7999999999958,-0.629999999995785,-14.8));
#18462=CARTESIAN_POINT('',(12.9999999993818,14.1699999993818,0.0));
#18463=VECTOR('',#19166,1000.0);
#18464=CARTESIAN_POINT('',(-1.7999999999958,2.25,-14.8));
#18465=VECTOR('',#19167,1000.0);
#18466=CARTESIAN_POINT('',(-0.2,0.15,-14.8));
#18467=CARTESIAN_POINT('',(-14.9999999994065,0.15,0.0));
#18468=VECTOR('',#19168,1000.0);
#18469=CARTESIAN_POINT('',(-0.200000000004014,-0.629999999995779,-14.8));
#18470=CARTESIAN_POINT('',(-0.200000000004036,2.25,-14.8));
#18471=VECTOR('',#19169,1000.0);
#18472=CARTESIAN_POINT('',(-14.9999999994065,14.1699999993818,0.0));
#18473=VECTOR('',#19170,1000.0);
#18474=CARTESIAN_POINT('',(0.0,-0.6299999999958,-14.8));
#18475=VECTOR('',#19171,1000.0);
#18476=CARTESIAN_POINT('',(0.4,-2.47198095326695E-14,-0.57000000000007));
#18477=CARTESIAN_POINT('',(0.4,-0.3290896534379,0.0));
#18478=VECTOR('',#19172,1000.0);
#18479=CARTESIAN_POINT('',(0.4,4.33680868994202E-16,0.0));
#18480=VECTOR('',#19173,1000.0);
#18481=CARTESIAN_POINT('',(0.4,-0.33,0.0));
#18482=VECTOR('',#19174,1000.0);
#18483=CARTESIAN_POINT('',(4.825,-2.47198095326695E-14,-0.57000000000007));
#18484=CARTESIAN_POINT('',(4.825,4.33680868994202E-16,0.0));
#18485=VECTOR('',#19175,1000.0);
#18486=CARTESIAN_POINT('',(4.825,-0.33,0.0));
#18487=VECTOR('',#19176,1000.0);
#18488=CARTESIAN_POINT('',(4.825,-0.3290896534379,0.0));
#18489=VECTOR('',#19177,1000.0);
#18490=CARTESIAN_POINT('',(-5.35,1.9,-18.8));
#18491=CARTESIAN_POINT('',(-5.34999999999994,1.9,-8.643));
#18492=VECTOR('',#19178,1000.0);
#18493=CARTESIAN_POINT('',(5.35,1.9,-18.8));
#18494=CARTESIAN_POINT('',(5.35,1.9,-18.8));
#18495=VECTOR('',#19179,1000.0);
#18496=CARTESIAN_POINT('',(0.0,1.9,-18.8));
#18497=VECTOR('',#19180,1000.0);
#18498=CARTESIAN_POINT('',(5.65,1.6,-18.8));
#18499=CARTESIAN_POINT('',(5.65,1.60000000000009,-9.5));
#18500=CARTESIAN_POINT('',(5.65,1.6,-18.8));
#18501=VECTOR('',#19181,1000.0);
#18502=AXIS2_PLACEMENT_3D('',#19182,#19183,#19184);
#18503=CARTESIAN_POINT('',(5.65,1.60000000000009,-8.643));
#18504=VECTOR('',#19185,1000.0);
#18505=CARTESIAN_POINT('',(5.65,-2.47198095326695E-14,-0.57000000000007));
#18506=CARTESIAN_POINT('',(5.65,4.33680868994202E-16,0.0));
#18507=VECTOR('',#19186,1000.0);
#18508=CARTESIAN_POINT('',(5.65,-0.3290896534379,0.0));
#18509=VECTOR('',#19187,1000.0);
#18510=CARTESIAN_POINT('',(5.65,-1.7,-14.8));
#18511=CARTESIAN_POINT('',(5.65,-1.7,-0.5));
#18512=VECTOR('',#19188,1000.0);
#18513=CARTESIAN_POINT('',(5.65,0.15,-14.8));
#18514=CARTESIAN_POINT('',(5.65,2.25,-14.8));
#18515=VECTOR('',#19189,1000.0);
#18516=CARTESIAN_POINT('',(5.65,0.15,-18.8));
#18517=CARTESIAN_POINT('',(5.65,0.15,0.0));
#18518=VECTOR('',#19190,1000.0);
#18519=CARTESIAN_POINT('',(5.65,2.25,-18.8));
#18520=VECTOR('',#19191,1000.0);
#18521=CARTESIAN_POINT('',(5.35,-2.0,-14.8));
#18522=CARTESIAN_POINT('',(5.35,-2.0,-0.04174243050442));
#18523=VECTOR('',#19192,1000.0);
#18524=AXIS2_PLACEMENT_3D('',#19193,#19194,#19195);
#18525=CARTESIAN_POINT('',(0.0,4.33680868994202E-16,-0.570000000000169));
#18526=VECTOR('',#19196,1000.0);
#18527=CARTESIAN_POINT('',(-1.6,-2.47198095326695E-14,-0.57000000000007));
#18528=CARTESIAN_POINT('',(-1.6,-0.3290896534379,0.0));
#18529=VECTOR('',#19197,1000.0);
#18530=CARTESIAN_POINT('',(-1.6,4.33680868994202E-16,0.0));
#18531=VECTOR('',#19198,1000.0);
#18532=CARTESIAN_POINT('',(-1.6,-0.33,0.0));
#18533=VECTOR('',#19199,1000.0);
#18534=CARTESIAN_POINT('',(-0.4,-2.47198095326695E-14,-0.57000000000007));
#18535=CARTESIAN_POINT('',(-0.4,4.33680868994202E-16,0.0));
#18536=VECTOR('',#19200,1000.0);
#18537=CARTESIAN_POINT('',(-0.4,-0.3290896534379,0.0));
#18538=VECTOR('',#19201,1000.0);
#18539=CARTESIAN_POINT('',(-0.4,-0.33,0.0));
#18540=VECTOR('',#19202,1000.0);
#18541=CARTESIAN_POINT('',(0.0,4.33680868994202E-16,-0.570000000000169));
#18542=VECTOR('',#19203,1000.0);
#18543=CARTESIAN_POINT('',(-4.1,-2.47198095326695E-14,-0.57000000000007));
#18544=CARTESIAN_POINT('',(-4.1,-0.3290896534379,0.0));
#18545=VECTOR('',#19204,1000.0);
#18546=CARTESIAN_POINT('',(-4.1,4.33680868994202E-16,0.0));
#18547=VECTOR('',#19205,1000.0);
#18548=CARTESIAN_POINT('',(-4.1,-0.33,0.0));
#18549=VECTOR('',#19206,1000.0);
#18550=CARTESIAN_POINT('',(-2.9,-2.47198095326695E-14,-0.57000000000007));
#18551=CARTESIAN_POINT('',(0.0,4.33680868994202E-16,-0.570000000000169));
#18552=VECTOR('',#19207,1000.0);
#18553=CARTESIAN_POINT('',(-2.9,-0.3290896534379,0.0));
#18554=VECTOR('',#19208,1000.0);
#18555=CARTESIAN_POINT('',(1.6,-2.47198095326695E-14,-0.57000000000007));
#18556=CARTESIAN_POINT('',(0.0,4.33680868994202E-16,-0.570000000000169));
#18557=VECTOR('',#19209,1000.0);
#18558=CARTESIAN_POINT('',(1.6,-0.3290896534379,0.0));
#18559=VECTOR('',#19210,1000.0);
#18560=CARTESIAN_POINT('',(1.6,4.33680868994202E-16,0.0));
#18561=VECTOR('',#19211,1000.0);
#18562=CARTESIAN_POINT('',(1.6,-0.33,0.0));
#18563=VECTOR('',#19212,1000.0);
#18564=CARTESIAN_POINT('',(0.0,0.65,-18.5999999999958));
#18565=VECTOR('',#19213,1000.0);
#18566=CARTESIAN_POINT('',(0.0900000000040494,0.45000000000419,-18.8));
#18567=CARTESIAN_POINT('',(0.0,0.4500000000042,-18.8));
#18568=VECTOR('',#19214,1000.0);
#18569=CARTESIAN_POINT('',(18.8899999992444,19.2499999992137,0.0));
#18570=VECTOR('',#19215,1000.0);
#18571=CARTESIAN_POINT('',(0.0900000000040518,1.11999999999581,-18.8));
#18572=CARTESIAN_POINT('',(18.8899999992444,-17.6799999992137,0.0));
#18573=VECTOR('',#19216,1000.0);
#18574=CARTESIAN_POINT('',(0.0900000000040439,2.25,-18.8));
#18575=VECTOR('',#19217,1000.0);
#18576=CARTESIAN_POINT('',(1.90999999999581,1.11999999999581,-18.8));
#18577=CARTESIAN_POINT('',(0.0,1.1199999999958,-18.8));
#18578=VECTOR('',#19218,1000.0);
#18579=CARTESIAN_POINT('',(1.71000000000035,0.920000000000354,-18.5999999999972));
#18580=CARTESIAN_POINT('',(-16.8899999992137,-17.6799999992137,0.0));
#18581=VECTOR('',#19219,1000.0);
#18582=CARTESIAN_POINT('',(0.0,0.92,-18.5999999999958));
#18583=VECTOR('',#19220,1000.0);
#18584=CARTESIAN_POINT('',(1.71,0.92,-18.5392666608095));
#18585=CARTESIAN_POINT('',(-4.2384,0.92,-18.5392666608095));
#18586=VECTOR('',#19221,1000.0);
#18587=CARTESIAN_POINT('',(1.71,0.92,0.0));
#18588=VECTOR('',#19222,1000.0);
#18589=CARTESIAN_POINT('',(1.71,0.87,-14.214));
#18590=VECTOR('',#19223,1000.0);
#18591=CARTESIAN_POINT('',(1.71,0.946725586542,-18.5392666608095));
#18592=VECTOR('',#19224,1000.0);
#18593=CARTESIAN_POINT('',(1.71,2.25,-18.5999999999958));
#18594=VECTOR('',#19225,1000.0);
#18595=CARTESIAN_POINT('',(1.90999999999581,0.450000000004185,-18.8));
#18596=CARTESIAN_POINT('',(1.9099999999958,2.25,-18.8));
#18597=VECTOR('',#19226,1000.0);
#18598=CARTESIAN_POINT('',(-16.8899999992137,19.2499999992137,0.0));
#18599=VECTOR('',#19227,1000.0);
#18600=CARTESIAN_POINT('',(1.7999999999958,0.450000000004185,-18.8));
#18601=CARTESIAN_POINT('',(-16.9999999992137,19.2499999992137,0.0));
#18602=VECTOR('',#19228,1000.0);
#18603=CARTESIAN_POINT('',(0.0,0.4500000000042,-18.8));
#18604=VECTOR('',#19229,1000.0);
#18605=CARTESIAN_POINT('',(1.8,0.15,-18.8));
#18606=CARTESIAN_POINT('',(1.7999999999958,2.25,-18.8));
#18607=VECTOR('',#19230,1000.0);
#18608=CARTESIAN_POINT('',(-16.9999999992137,0.15,0.0));
#18609=VECTOR('',#19231,1000.0);
#18610=CARTESIAN_POINT('',(2.7000000000042,0.450000000004195,-18.8));
#18611=CARTESIAN_POINT('',(2.7,0.15,-18.8));
#18612=CARTESIAN_POINT('',(2.7000000000042,2.25,-18.8));
#18613=VECTOR('',#19232,1000.0);
#18614=CARTESIAN_POINT('',(21.4999999992137,19.2499999992137,0.0));
#18615=VECTOR('',#19233,1000.0);
#18616=CARTESIAN_POINT('',(21.4999999992137,0.15,0.0));
#18617=VECTOR('',#19234,1000.0);
#18618=CARTESIAN_POINT('',(2.7,0.15,-14.8));
#18619=CARTESIAN_POINT('',(17.4999999993818,0.15,0.0));
#18620=VECTOR('',#19235,1000.0);
#18621=CARTESIAN_POINT('',(2.70000000000421,-0.629999999995795,-14.8));
#18622=CARTESIAN_POINT('',(17.4999999993818,14.1699999993818,0.0));
#18623=VECTOR('',#19236,1000.0);
#18624=CARTESIAN_POINT('',(2.7000000000042,2.25,-14.8));
#18625=VECTOR('',#19237,1000.0);
#18626=AXIS2_PLACEMENT_3D('',#19238,#19239,#19240);
#18627=AXIS2_PLACEMENT_3D('',#19241,#19242,#19243);
#18628=AXIS2_PLACEMENT_3D('',#19244,#19245,#19246);
#18629=CARTESIAN_POINT('',(1.95,-0.85,-17.8));
#18630=AXIS2_PLACEMENT_3D('',#19247,#19248,#19249);
#18631=AXIS2_PLACEMENT_3D('',#19250,#19251,#19252);
#18632=AXIS2_PLACEMENT_3D('',#19253,#19254,#19255);
#18633=AXIS2_PLACEMENT_3D('',#19256,#19257,#19258);
#18634=CARTESIAN_POINT('',(-5.65,0.15,-14.8));
#18635=CARTESIAN_POINT('',(-5.65,0.15,-18.8));
#18636=CARTESIAN_POINT('',(-5.65,0.15,0.0));
#18637=VECTOR('',#19259,1000.0);
#18638=CARTESIAN_POINT('',(0.0,0.15,-18.8));
#18639=VECTOR('',#19260,1000.0);
#18640=CARTESIAN_POINT('',(0.0,0.15,-14.8));
#18641=VECTOR('',#19261,1000.0);
#18642=CARTESIAN_POINT('',(0.0,0.15,-18.8));
#18643=VECTOR('',#19262,1000.0);
#18644=CARTESIAN_POINT('',(0.0,0.15,-14.8));
#18645=VECTOR('',#19263,1000.0);
#18646=CARTESIAN_POINT('',(0.0,0.15,-18.8));
#18647=VECTOR('',#19264,1000.0);
#18648=CARTESIAN_POINT('',(0.0,0.15,-14.8));
#18649=VECTOR('',#19265,1000.0);
#18650=CARTESIAN_POINT('',(0.0,0.15,-18.8));
#18651=VECTOR('',#19266,1000.0);
#18652=CARTESIAN_POINT('',(4.3,0.15,-14.8));
#18653=CARTESIAN_POINT('',(0.0,0.15,-14.8));
#18654=VECTOR('',#19267,1000.0);
#18655=CARTESIAN_POINT('',(-10.4999999993818,0.15,0.0));
#18656=VECTOR('',#19268,1000.0);
#18657=CARTESIAN_POINT('',(0.0,0.15,-18.8));
#18658=VECTOR('',#19269,1000.0);
#18659=CARTESIAN_POINT('',(0.0,0.15,-14.8));
#18660=VECTOR('',#19270,1000.0);
#18661=CARTESIAN_POINT('',(4.29999999999581,-0.629999999995789,-14.8));
#18662=CARTESIAN_POINT('',(4.29999999999579,2.25,-14.8));
#18663=VECTOR('',#19271,1000.0);
#18664=CARTESIAN_POINT('',(-10.4999999993818,14.1699999993818,0.0));
#18665=VECTOR('',#19272,1000.0);
#18666=CARTESIAN_POINT('',(0.0,-0.6299999999958,-14.8));
#18667=VECTOR('',#19273,1000.0);
#18668=CARTESIAN_POINT('',(-5.564,-2.0,-14.8));
#18669=VECTOR('',#19274,1000.0);
#18670=CARTESIAN_POINT('',(-5.65,2.25,-14.8));
#18671=VECTOR('',#19275,1000.0);
#18672=CARTESIAN_POINT('',(0.0,-0.6299999999958,-14.8));
#18673=VECTOR('',#19276,1000.0);
#18674=CARTESIAN_POINT('',(2.9,-2.47198095326695E-14,-0.57000000000007));
#18675=CARTESIAN_POINT('',(2.9,-0.3290896534379,0.0));
#18676=VECTOR('',#19277,1000.0);
#18677=CARTESIAN_POINT('',(2.9,4.33680868994202E-16,0.0));
#18678=VECTOR('',#19278,1000.0);
#18679=CARTESIAN_POINT('',(2.9,-0.33,0.0));
#18680=VECTOR('',#19279,1000.0);
#18681=CARTESIAN_POINT('',(4.1,-2.47198095326695E-14,-0.57000000000007));
#18682=CARTESIAN_POINT('',(4.1,4.33680868994202E-16,0.0));
#18683=VECTOR('',#19280,1000.0);
#18684=CARTESIAN_POINT('',(4.1,-0.3290896534379,0.0));
#18685=VECTOR('',#19281,1000.0);
#18686=CARTESIAN_POINT('',(4.1,-0.33,0.0));
#18687=VECTOR('',#19282,1000.0);
#18688=CARTESIAN_POINT('',(0.0,4.33680868994202E-16,-0.570000000000169));
#18689=VECTOR('',#19283,1000.0);
#18690=CARTESIAN_POINT('',(-2.9,4.33680868994202E-16,0.0));
#18691=VECTOR('',#19284,1000.0);
#18692=CARTESIAN_POINT('',(-2.9,-0.33,0.0));
#18693=VECTOR('',#19285,1000.0);
#18694=CARTESIAN_POINT('',(0.0,0.65,-18.5999999999958));
#18695=VECTOR('',#19286,1000.0);
#18696=CARTESIAN_POINT('',(2.59000000000424,0.45000000000416,-18.8));
#18697=CARTESIAN_POINT('',(0.0,0.4500000000042,-18.8));
#18698=VECTOR('',#19287,1000.0);
#18699=CARTESIAN_POINT('',(21.3899999992138,19.2499999992137,0.0));
#18700=VECTOR('',#19288,1000.0);
#18701=CARTESIAN_POINT('',(2.59000000000425,1.11999999999584,-18.8));
#18702=CARTESIAN_POINT('',(21.3899999992138,-17.6799999992137,0.0));
#18703=VECTOR('',#19289,1000.0);
#18704=CARTESIAN_POINT('',(2.5900000000042,2.25,-18.8));
#18705=VECTOR('',#19290,1000.0);
#18706=CARTESIAN_POINT('',(4.40999999999581,1.11999999999581,-18.8));
#18707=CARTESIAN_POINT('',(-14.3899999992137,-17.6799999992137,0.0));
#18708=VECTOR('',#19291,1000.0);
#18709=CARTESIAN_POINT('',(0.0,1.1199999999958,-18.8));
#18710=VECTOR('',#19292,1000.0);
#18711=CARTESIAN_POINT('',(4.40999999999581,0.450000000004185,-18.8));
#18712=CARTESIAN_POINT('',(-14.3899999992137,19.2499999992137,0.0));
#18713=VECTOR('',#19293,1000.0);
#18714=CARTESIAN_POINT('',(4.4099999999958,2.25,-18.8));
#18715=VECTOR('',#19294,1000.0);
#18716=CARTESIAN_POINT('',(0.0,0.4500000000042,-18.8));
#18717=VECTOR('',#19295,1000.0);
#18718=CARTESIAN_POINT('',(-5.65,1.6,-18.8));
#18719=CARTESIAN_POINT('',(-5.65,2.25,-18.8));
#18720=VECTOR('',#19296,1000.0);
#18721=AXIS2_PLACEMENT_3D('',#19297,#19298,#19299);
#18722=CARTESIAN_POINT('',(-5.65,1.59999999999986,-8.643));
#18723=VECTOR('',#19300,1000.0);
#18724=CARTESIAN_POINT('',(-5.65,-2.47198095326695E-14,-0.57000000000007));
#18725=CARTESIAN_POINT('',(-5.65,4.33680868994202E-16,0.0));
#18726=VECTOR('',#19301,1000.0);
#18727=CARTESIAN_POINT('',(0.0,4.33680868994202E-16,-0.570000000000169));
#18728=VECTOR('',#19302,1000.0);
#18729=CARTESIAN_POINT('',(-5.65,-0.3290896534379,0.0));
#18730=VECTOR('',#19303,1000.0);
#18731=CARTESIAN_POINT('',(-4.212,0.87,-18.5392666608095));
#18732=VECTOR('',#19304,1000.0);
#18733=DIRECTION('',(-0.0,1.0,-0.0));
#18734=CARTESIAN_POINT('',(2.25,-0.65,-17.8));
#18735=DIRECTION('',(0.0,-1.0,0.0));
#18736=DIRECTION('',(-1.0,0.0,0.0));
#18737=CARTESIAN_POINT('',(2.25,-0.65,-17.8));
#18738=DIRECTION('',(0.0,-1.0,0.0));
#18739=DIRECTION('',(-1.0,0.0,0.0));
#18740=DIRECTION('',(-0.0,-1.0,0.0));
#18741=CARTESIAN_POINT('',(2.25,0.15,-17.8));
#18742=DIRECTION('',(-0.0,1.0,0.0));
#18743=DIRECTION('',(1.0,0.0,0.0));
#18744=CARTESIAN_POINT('',(2.5484264887971,-0.65,-17.769313996932));
#18745=DIRECTION('',(-0.102286676899465,-6.26325257301758E-18,0.994754962656063));
#18746=DIRECTION('',(0.994754962656063,-5.87408633038107E-33,0.102286676899465));
#18747=CARTESIAN_POINT('',(2.25,-0.85,-17.8));
#18748=DIRECTION('',(0.0,-1.0,0.0));
#18749=DIRECTION('',(-1.0,0.0,0.0));
#18750=CARTESIAN_POINT('',(1.95157351120328,-0.65,-17.8306860030717));
#18751=DIRECTION('',(-0.102286676899465,-6.26325257301758E-18,0.994754962656063));
#18752=DIRECTION('',(-0.994754962656063,5.87408633038107E-33,-0.102286676899465));
#18753=CARTESIAN_POINT('',(2.25,-0.65,-17.8));
#18754=DIRECTION('',(0.0,-1.0,0.0));
#18755=DIRECTION('',(-1.0,0.0,0.0));
#18756=CARTESIAN_POINT('',(-2.54842648879708,-0.65,-17.8306860030681));
#18757=DIRECTION('',(0.102286676899486,6.263252573019E-18,-0.99475496265606));
#18758=DIRECTION('',(-0.99475496265606,6.5481618109166E-33,-0.102286676899486));
#18759=CARTESIAN_POINT('',(-2.25,-0.85,-17.8));
#18760=DIRECTION('',(0.0,-1.0,0.0));
#18761=DIRECTION('',(-1.0,0.0,0.0));
#18762=CARTESIAN_POINT('',(-2.25,-0.85,-17.8));
#18763=DIRECTION('',(0.0,-1.0,0.0));
#18764=DIRECTION('',(-1.0,0.0,0.0));
#18765=CARTESIAN_POINT('',(-1.95157351120328,-0.65,-17.7693139969283));
#18766=DIRECTION('',(0.102286676899486,6.263252573019E-18,-0.99475496265606));
#18767=DIRECTION('',(0.99475496265606,-6.5481618109166E-33,0.102286676899486));
#18768=CARTESIAN_POINT('',(-2.25,-0.65,-17.8));
#18769=DIRECTION('',(0.0,-1.0,0.0));
#18770=DIRECTION('',(-1.0,0.0,0.0));
#18771=CARTESIAN_POINT('',(-2.25,-0.65,-17.8));
#18772=DIRECTION('',(0.0,-1.0,0.0));
#18773=DIRECTION('',(-1.0,0.0,0.0));
#18774=DIRECTION('',(-0.0,1.0,-0.0));
#18775=CARTESIAN_POINT('',(-2.25,-0.65,-17.8));
#18776=DIRECTION('',(0.0,-1.0,0.0));
#18777=DIRECTION('',(-1.0,0.0,0.0));
#18778=DIRECTION('',(-0.0,-1.0,0.0));
#18779=CARTESIAN_POINT('',(-2.25,0.15,-17.8));
#18780=DIRECTION('',(-0.0,1.0,0.0));
#18781=DIRECTION('',(1.0,0.0,0.0));
#18782=DIRECTION('',(-1.0,0.0,0.0));
#18783=DIRECTION('',(-1.0,0.0,0.0));
#18784=DIRECTION('',(-1.0,0.0,0.0));
#18785=DIRECTION('',(-1.0,0.0,0.0));
#18786=DIRECTION('',(-1.0,0.0,0.0));
#18787=DIRECTION('',(0.0,-1.0,0.0));
#18788=DIRECTION('',(1.0,0.0,0.0));
#18789=DIRECTION('',(0.0,-1.0,0.0));
#18790=CARTESIAN_POINT('',(5.35,1.60000000000009,-8.645));
#18791=DIRECTION('',(0.0,0.0,1.0));
#18792=DIRECTION('',(1.0,0.0,0.0));
#18793=DIRECTION('',(1.0,0.0,0.0));
#18794=DIRECTION('',(1.0,0.0,0.0));
#18795=DIRECTION('',(-1.0,0.0,0.0));
#18796=DIRECTION('',(-1.0,0.0,0.0));
#18797=CARTESIAN_POINT('',(-5.34999999999994,1.59999999999986,-8.645));
#18798=DIRECTION('',(0.0,0.0,1.0));
#18799=DIRECTION('',(1.0,0.0,0.0));
#18800=DIRECTION('',(0.0,-1.0,0.0));
#18801=DIRECTION('',(1.0,0.0,0.0));
#18802=DIRECTION('',(0.0,-1.0,0.0));
#18803=DIRECTION('',(0.0,-1.0,0.0));
#18804=CARTESIAN_POINT('',(5.15,-0.0398371685741475,-0.501));
#18805=DIRECTION('',(0.0,0.866025403784624,0.499999999999679));
#18806=DIRECTION('',(0.0,-0.499999999999679,0.866025403784624));
#18807=DIRECTION('',(0.0,-1.0,0.0));
#18808=DIRECTION('',(1.0,0.0,0.0));
#18809=DIRECTION('',(-1.0,0.0,0.0));
#18810=DIRECTION('',(0.0,1.0,0.0));
#18811=DIRECTION('',(-1.0,0.0,0.0));
#18812=DIRECTION('',(1.0,0.0,0.0));
#18813=DIRECTION('',(0.0,1.0,0.0));
#18814=DIRECTION('',(-1.0,0.0,0.0));
#18815=DIRECTION('',(0.0,-1.0,0.0));
#18816=DIRECTION('',(1.0,0.0,0.0));
#18817=DIRECTION('',(0.0,1.0,0.0));
#18818=DIRECTION('',(-1.0,0.0,0.0));
#18819=DIRECTION('',(1.0,0.0,0.0));
#18820=DIRECTION('',(0.0,1.0,0.0));
#18821=DIRECTION('',(-1.0,0.0,0.0));
#18822=DIRECTION('',(0.0,-1.0,0.0));
#18823=DIRECTION('',(1.0,0.0,0.0));
#18824=DIRECTION('',(0.0,1.0,0.0));
#18825=DIRECTION('',(-1.0,0.0,0.0));
#18826=DIRECTION('',(0.0,-1.0,0.0));
#18827=DIRECTION('',(-1.0,0.0,0.0));
#18828=DIRECTION('',(0.0,1.0,0.0));
#18829=CARTESIAN_POINT('',(-5.15,-0.0398371685741475,-0.501));
#18830=DIRECTION('',(0.0,0.866025403784624,0.499999999999679));
#18831=DIRECTION('',(0.0,0.499999999999679,-0.866025403784624));
#18832=DIRECTION('',(0.0,1.0,0.0));
#18833=DIRECTION('',(-1.0,0.0,0.0));
#18834=DIRECTION('',(-1.0,0.0,0.0));
#18835=DIRECTION('',(0.0,0.0,1.0));
#18836=DIRECTION('',(-1.0,0.0,0.0));
#18837=DIRECTION('',(-1.0,0.0,0.0));
#18838=DIRECTION('',(0.0,0.0,1.0));
#18839=DIRECTION('',(-1.0,0.0,0.0));
#18840=DIRECTION('',(-1.0,0.0,0.0));
#18841=DIRECTION('',(0.0,0.0,1.0));
#18842=DIRECTION('',(-1.0,0.0,0.0));
#18843=DIRECTION('',(-1.0,0.0,0.0));
#18844=DIRECTION('',(0.0,0.0,1.0));
#18845=DIRECTION('',(1.0,0.0,0.0));
#18846=DIRECTION('',(0.0,1.0,0.0));
#18847=DIRECTION('',(-1.0,0.0,0.0));
#18848=DIRECTION('',(0.0,1.0,0.0));
#18849=DIRECTION('',(1.0,0.0,0.0));
#18850=DIRECTION('',(1.0,0.0,0.0));
#18851=DIRECTION('',(0.0,1.0,0.0));
#18852=DIRECTION('',(-1.0,0.0,0.0));
#18853=DIRECTION('',(0.0,1.0,0.0));
#18854=DIRECTION('',(1.0,0.0,0.0));
#18855=DIRECTION('',(1.0,0.0,0.0));
#18856=DIRECTION('',(0.0,1.0,0.0));
#18857=DIRECTION('',(-1.0,0.0,0.0));
#18858=DIRECTION('',(0.0,1.0,0.0));
#18859=DIRECTION('',(1.0,0.0,0.0));
#18860=DIRECTION('',(1.0,0.0,0.0));
#18861=DIRECTION('',(0.0,1.0,0.0));
#18862=DIRECTION('',(-1.0,0.0,0.0));
#18863=DIRECTION('',(0.0,1.0,0.0));
#18864=DIRECTION('',(1.0,0.0,0.0));
#18865=DIRECTION('',(1.0,0.0,0.0));
#18866=DIRECTION('',(0.0,-1.0,0.0));
#18867=DIRECTION('',(1.0,0.0,0.0));
#18868=DIRECTION('',(0.0,1.0,0.0));
#18869=DIRECTION('',(1.0,0.0,0.0));
#18870=DIRECTION('',(1.0,0.0,0.0));
#18871=DIRECTION('',(0.0,-1.0,0.0));
#18872=DIRECTION('',(1.0,0.0,0.0));
#18873=DIRECTION('',(0.0,1.0,0.0));
#18874=DIRECTION('',(1.0,0.0,0.0));
#18875=DIRECTION('',(1.0,0.0,0.0));
#18876=DIRECTION('',(0.0,-1.0,0.0));
#18877=DIRECTION('',(1.0,0.0,0.0));
#18878=DIRECTION('',(0.0,1.0,0.0));
#18879=DIRECTION('',(1.0,0.0,0.0));
#18880=DIRECTION('',(1.0,0.0,0.0));
#18881=DIRECTION('',(0.0,-1.0,0.0));
#18882=DIRECTION('',(1.0,0.0,0.0));
#18883=DIRECTION('',(0.0,1.0,0.0));
#18884=DIRECTION('',(1.0,0.0,0.0));
#18885=DIRECTION('',(1.0,0.0,0.0));
#18886=CARTESIAN_POINT('',(4.1,-0.0299999999999967,-14.2));
#18887=DIRECTION('',(1.0,0.0,0.0));
#18888=DIRECTION('',(0.0,0.0,-1.0));
#18889=DIRECTION('',(1.0,0.0,0.0));
#18890=CARTESIAN_POINT('',(2.9,-0.0299999999999967,-14.2));
#18891=DIRECTION('',(-1.0,0.0,0.0));
#18892=DIRECTION('',(0.0,0.0,1.0));
#18893=DIRECTION('',(1.0,0.0,0.0));
#18894=DIRECTION('',(1.0,0.0,0.0));
#18895=CARTESIAN_POINT('',(4.21,0.52,-14.75));
#18896=DIRECTION('',(-1.0,0.0,0.0));
#18897=DIRECTION('',(0.0,0.0,1.0));
#18898=DIRECTION('',(1.0,0.0,0.0));
#18899=CARTESIAN_POINT('',(4.1,0.52,-14.75));
#18900=DIRECTION('',(1.0,0.0,0.0));
#18901=DIRECTION('',(0.0,0.0,-1.0));
#18902=DIRECTION('',(1.0,0.0,0.0));
#18903=DIRECTION('',(1.0,0.0,0.0));
#18904=CARTESIAN_POINT('',(2.9,0.52,-14.75));
#18905=DIRECTION('',(-1.0,0.0,0.0));
#18906=DIRECTION('',(0.0,0.0,1.0));
#18907=DIRECTION('',(1.0,0.0,0.0));
#18908=CARTESIAN_POINT('',(2.79,0.52,-14.75));
#18909=DIRECTION('',(-1.0,0.0,0.0));
#18910=DIRECTION('',(0.0,0.0,1.0));
#18911=DIRECTION('',(0.0,0.0,1.0));
#18912=DIRECTION('',(0.0,0.0,1.0));
#18913=DIRECTION('',(1.0,0.0,0.0));
#18914=DIRECTION('',(0.0,0.0,-1.0));
#18915=DIRECTION('',(0.0,0.0,1.0));
#18916=DIRECTION('',(0.0,0.0,-1.0));
#18917=DIRECTION('',(0.0,-1.0,0.0));
#18918=DIRECTION('',(0.0,1.0,0.0));
#18919=DIRECTION('',(0.0,-1.0,0.0));
#18920=DIRECTION('',(1.0,0.0,0.0));
#18921=CARTESIAN_POINT('',(1.6,-0.0299999999999967,-14.2));
#18922=DIRECTION('',(1.0,0.0,0.0));
#18923=DIRECTION('',(0.0,0.0,-1.0));
#18924=DIRECTION('',(1.0,0.0,0.0));
#18925=CARTESIAN_POINT('',(0.4,-0.0299999999999967,-14.2));
#18926=DIRECTION('',(-1.0,0.0,0.0));
#18927=DIRECTION('',(0.0,0.0,1.0));
#18928=DIRECTION('',(0.0,0.0,1.0));
#18929=DIRECTION('',(1.0,0.0,0.0));
#18930=DIRECTION('',(0.0,0.0,-1.0));
#18931=DIRECTION('',(0.0,0.0,1.0));
#18932=DIRECTION('',(1.0,0.0,0.0));
#18933=DIRECTION('',(1.0,0.0,0.0));
#18934=DIRECTION('',(0.0,0.0,1.0));
#18935=DIRECTION('',(1.0,0.0,0.0));
#18936=DIRECTION('',(0.0,0.0,-1.0));
#18937=DIRECTION('',(1.0,0.0,0.0));
#18938=CARTESIAN_POINT('',(1.71,0.52,-14.75));
#18939=DIRECTION('',(1.0,0.0,0.0));
#18940=DIRECTION('',(0.0,0.0,-1.0));
#18941=DIRECTION('',(1.0,0.0,0.0));
#18942=CARTESIAN_POINT('',(1.6,0.52,-14.75));
#18943=DIRECTION('',(1.0,0.0,0.0));
#18944=DIRECTION('',(0.0,0.0,-1.0));
#18945=DIRECTION('',(1.0,0.0,0.0));
#18946=CARTESIAN_POINT('',(0.4,0.52,-14.75));
#18947=DIRECTION('',(-1.0,0.0,0.0));
#18948=DIRECTION('',(0.0,0.0,1.0));
#18949=DIRECTION('',(1.0,0.0,0.0));
#18950=CARTESIAN_POINT('',(0.29,0.52,-14.75));
#18951=DIRECTION('',(-1.0,0.0,0.0));
#18952=DIRECTION('',(0.0,0.0,1.0));
#18953=DIRECTION('',(0.0,-1.0,0.0));
#18954=DIRECTION('',(0.0,1.0,0.0));
#18955=DIRECTION('',(0.0,-1.0,0.0));
#18956=DIRECTION('',(1.0,0.0,0.0));
#18957=CARTESIAN_POINT('',(-0.4,-0.0299999999999967,-14.2));
#18958=DIRECTION('',(1.0,0.0,0.0));
#18959=DIRECTION('',(0.0,0.0,-1.0));
#18960=DIRECTION('',(1.0,0.0,0.0));
#18961=CARTESIAN_POINT('',(-1.6,-0.0299999999999967,-14.2));
#18962=DIRECTION('',(-1.0,0.0,0.0));
#18963=DIRECTION('',(0.0,0.0,1.0));
#18964=DIRECTION('',(1.0,0.0,0.0));
#18965=DIRECTION('',(0.0,-1.0,0.0));
#18966=DIRECTION('',(0.0,0.0,1.0));
#18967=DIRECTION('',(0.0,0.0,1.0));
#18968=DIRECTION('',(0.0,0.0,-1.0));
#18969=DIRECTION('',(1.0,0.0,0.0));
#18970=DIRECTION('',(1.0,0.0,0.0));
#18971=DIRECTION('',(0.0,0.0,1.0));
#18972=DIRECTION('',(1.0,0.0,0.0));
#18973=DIRECTION('',(0.0,0.0,-1.0));
#18974=DIRECTION('',(1.0,0.0,0.0));
#18975=CARTESIAN_POINT('',(-0.29,0.52,-14.75));
#18976=DIRECTION('',(1.0,0.0,0.0));
#18977=DIRECTION('',(0.0,0.0,-1.0));
#18978=DIRECTION('',(1.0,0.0,0.0));
#18979=CARTESIAN_POINT('',(-0.4,0.52,-14.75));
#18980=DIRECTION('',(1.0,0.0,0.0));
#18981=DIRECTION('',(0.0,0.0,-1.0));
#18982=DIRECTION('',(1.0,0.0,0.0));
#18983=CARTESIAN_POINT('',(-1.6,0.52,-14.75));
#18984=DIRECTION('',(-1.0,0.0,0.0));
#18985=DIRECTION('',(0.0,0.0,1.0));
#18986=DIRECTION('',(1.0,0.0,0.0));
#18987=CARTESIAN_POINT('',(-1.71,0.52,-14.75));
#18988=DIRECTION('',(-1.0,0.0,0.0));
#18989=DIRECTION('',(0.0,0.0,1.0));
#18990=DIRECTION('',(0.0,1.0,0.0));
#18991=DIRECTION('',(0.0,-1.0,0.0));
#18992=DIRECTION('',(1.0,0.0,0.0));
#18993=DIRECTION('',(1.0,0.0,0.0));
#18994=DIRECTION('',(0.0,1.0,0.0));
#18995=DIRECTION('',(1.0,0.0,0.0));
#18996=DIRECTION('',(1.0,0.0,0.0));
#18997=DIRECTION('',(0.0,-1.0,0.0));
#18998=DIRECTION('',(-1.0,0.0,0.0));
#18999=DIRECTION('',(0.0,1.0,0.0));
#19000=DIRECTION('',(1.0,0.0,0.0));
#19001=DIRECTION('',(0.0,0.0,-1.0));
#19002=DIRECTION('',(0.0,0.0,-1.0));
#19003=DIRECTION('',(1.0,0.0,0.0));
#19004=DIRECTION('',(1.0,0.0,0.0));
#19005=DIRECTION('',(0.0,0.0,-1.0));
#19006=DIRECTION('',(1.0,0.0,0.0));
#19007=DIRECTION('',(0.0,0.0,-1.0));
#19008=DIRECTION('',(0.0,0.0,-1.0));
#19009=CARTESIAN_POINT('',(-2.9,-0.0299999999999967,-14.2));
#19010=DIRECTION('',(1.0,0.0,0.0));
#19011=DIRECTION('',(0.0,0.0,-1.0));
#19012=CARTESIAN_POINT('',(-4.1,-0.0299999999999967,-14.2));
#19013=DIRECTION('',(-1.0,0.0,0.0));
#19014=DIRECTION('',(0.0,0.0,1.0));
#19015=CARTESIAN_POINT('',(-2.79,0.52,-14.75));
#19016=DIRECTION('',(1.0,0.0,0.0));
#19017=DIRECTION('',(0.0,0.0,-1.0));
#19018=DIRECTION('',(1.0,0.0,0.0));
#19019=CARTESIAN_POINT('',(-2.9,0.52,-14.75));
#19020=DIRECTION('',(1.0,0.0,0.0));
#19021=DIRECTION('',(0.0,0.0,-1.0));
#19022=CARTESIAN_POINT('',(-4.1,0.52,-14.75));
#19023=DIRECTION('',(-1.0,0.0,0.0));
#19024=DIRECTION('',(0.0,0.0,1.0));
#19025=DIRECTION('',(1.0,0.0,0.0));
#19026=CARTESIAN_POINT('',(-4.21,0.52,-14.75));
#19027=DIRECTION('',(-1.0,0.0,0.0));
#19028=DIRECTION('',(0.0,0.0,1.0));
#19029=DIRECTION('',(0.0,0.0,1.0));
#19030=DIRECTION('',(0.0,1.0,0.0));
#19031=DIRECTION('',(0.0,0.0,-1.0));
#19032=DIRECTION('',(0.0,-1.0,0.0));
#19033=DIRECTION('',(0.0,0.0,1.0));
#19034=DIRECTION('',(0.0,0.0,1.0));
#19035=DIRECTION('',(0.0,1.0,0.0));
#19036=DIRECTION('',(0.0,0.0,-1.0));
#19037=DIRECTION('',(0.0,-1.0,0.0));
#19038=DIRECTION('',(0.0,0.0,1.0));
#19039=DIRECTION('',(0.0,0.0,-1.0));
#19040=DIRECTION('',(0.0,1.0,0.0));
#19041=DIRECTION('',(0.0,0.0,-1.0));
#19042=DIRECTION('',(0.0,-1.0,0.0));
#19043=DIRECTION('',(0.0,0.0,1.0));
#19044=DIRECTION('',(0.0,0.0,1.0));
#19045=DIRECTION('',(0.0,1.0,0.0));
#19046=DIRECTION('',(0.0,0.0,-1.0));
#19047=DIRECTION('',(0.0,-1.0,0.0));
#19048=DIRECTION('',(0.0,0.0,1.0));
#19049=DIRECTION('',(0.0,0.0,1.0));
#19050=DIRECTION('',(0.0,1.0,0.0));
#19051=DIRECTION('',(0.0,0.0,1.0));
#19052=DIRECTION('',(0.0,-1.0,0.0));
#19053=DIRECTION('',(0.0,0.0,1.0));
#19054=DIRECTION('',(0.0,0.0,1.0));
#19055=DIRECTION('',(0.0,1.0,0.0));
#19056=DIRECTION('',(0.0,0.0,1.0));
#19057=DIRECTION('',(0.0,-1.0,0.0));
#19058=DIRECTION('',(0.0,0.0,1.0));
#19059=DIRECTION('',(0.0,0.0,1.0));
#19060=DIRECTION('',(0.0,1.0,0.0));
#19061=DIRECTION('',(0.0,0.0,1.0));
#19062=DIRECTION('',(0.0,-1.0,0.0));
#19063=DIRECTION('',(0.0,0.0,1.0));
#19064=DIRECTION('',(0.0,0.0,1.0));
#19065=DIRECTION('',(0.0,1.0,0.0));
#19066=DIRECTION('',(0.0,0.0,1.0));
#19067=DIRECTION('',(0.0,-1.0,0.0));
#19068=DIRECTION('',(0.0,0.0,-1.0));
#19069=DIRECTION('',(0.0,0.0,1.0));
#19070=DIRECTION('',(0.0,-1.0,0.0));
#19071=DIRECTION('',(0.0,1.0,0.0));
#19072=DIRECTION('',(1.0,0.0,0.0));
#19073=DIRECTION('',(1.0,0.0,0.0));
#19074=DIRECTION('',(1.0,0.0,0.0));
#19075=DIRECTION('',(1.0,0.0,0.0));
#19076=DIRECTION('',(0.0,0.0,1.0));
#19077=DIRECTION('',(0.0,-1.0,0.0));
#19078=DIRECTION('',(-1.0,0.0,0.0));
#19079=DIRECTION('',(-1.0,0.0,0.0));
#19080=DIRECTION('',(0.0,0.0,1.0));
#19081=DIRECTION('',(0.0,0.0,-1.0));
#19082=DIRECTION('',(0.0,1.0,0.0));
#19083=DIRECTION('',(0.0,1.0,0.0));
#19084=DIRECTION('',(0.0,0.0,1.0));
#19085=DIRECTION('',(1.0,0.0,0.0));
#19086=DIRECTION('',(0.0,0.0,1.0));
#19087=DIRECTION('',(0.0,0.0,1.0));
#19088=DIRECTION('',(0.0,-0.499999999999679,0.866025403784624));
#19089=DIRECTION('',(0.0,0.0,1.0));
#19090=CARTESIAN_POINT('',(-5.35,-1.70000000000008,-14.8));
#19091=DIRECTION('',(0.0,0.0,-1.0));
#19092=DIRECTION('',(1.0,0.0,0.0));
#19093=DIRECTION('',(0.0,0.0,1.0));
#19094=DIRECTION('',(-0.707106781171679,0.0,-0.707106781201415));
#19095=DIRECTION('',(-0.577350269181533,-0.577350269181532,-0.577350269205812));
#19096=DIRECTION('',(0.0,1.0,0.0));
#19097=DIRECTION('',(-0.707106781171679,0.0,0.707106781201416));
#19098=DIRECTION('',(0.0,-1.0,0.0));
#19099=DIRECTION('',(0.577350269181532,-0.577350269181532,-0.577350269205813));
#19100=DIRECTION('',(1.0,0.0,0.0));
#19101=DIRECTION('',(0.0,-1.0,0.0));
#19102=DIRECTION('',(-0.577350269181534,-0.577350269181534,-0.577350269205809));
#19103=DIRECTION('',(0.707106781171682,0.0,0.707106781201413));
#19104=DIRECTION('',(-0.577350269181534,-0.577350269181534,-0.577350269205809));
#19105=DIRECTION('',(1.0,0.0,0.0));
#19106=DIRECTION('',(0.0,-1.0,0.0));
#19107=DIRECTION('',(-0.577350269181534,0.577350269181534,-0.577350269205809));
#19108=DIRECTION('',(-1.0,0.0,0.0));
#19109=DIRECTION('',(0.0,0.0,1.0));
#19110=DIRECTION('',(-1.0,0.0,0.0));
#19111=DIRECTION('',(0.577350269181534,0.577350269181534,-0.577350269205809));
#19112=DIRECTION('',(0.577350269181534,-0.577350269181534,-0.577350269205809));
#19113=DIRECTION('',(0.0,1.0,0.0));
#19114=DIRECTION('',(0.0,1.0,0.0));
#19115=DIRECTION('',(0.0,0.0,-1.0));
#19116=DIRECTION('',(0.0,0.0,1.0));
#19117=DIRECTION('',(1.0,0.0,0.0));
#19118=DIRECTION('',(1.0,0.0,0.0));
#19119=DIRECTION('',(0.577350269181534,-0.577350269181534,-0.57735026920581));
#19120=DIRECTION('',(0.0,1.0,0.0));
#19121=DIRECTION('',(0.707106781171682,0.0,-0.707106781201413));
#19122=DIRECTION('',(0.577350269181534,-0.577350269181534,-0.577350269205809));
#19123=DIRECTION('',(0.0,1.0,0.0));
#19124=DIRECTION('',(0.707106781171682,0.0,-0.707106781201413));
#19125=DIRECTION('',(0.0,0.0,1.0));
#19126=DIRECTION('',(0.0,-1.0,0.0));
#19127=DIRECTION('',(0.0,-1.0,0.0));
#19128=DIRECTION('',(-0.577350269182182,-0.57735026918121,-0.577350269205486));
#19129=DIRECTION('',(0.707106781172277,0.0,0.707106781200818));
#19130=DIRECTION('',(0.0,0.0,1.0));
#19131=DIRECTION('',(1.0,0.0,0.0));
#19132=DIRECTION('',(-0.707106781172274,0.0,-0.707106781200821));
#19133=DIRECTION('',(-0.57735026918218,-0.577350269181208,-0.577350269205489));
#19134=DIRECTION('',(0.0,1.0,0.0));
#19135=DIRECTION('',(-0.707106781171679,0.0,0.707106781201416));
#19136=DIRECTION('',(0.0,-1.0,0.0));
#19137=DIRECTION('',(0.577350269181533,-0.577350269181532,-0.577350269205813));
#19138=DIRECTION('',(1.0,0.0,0.0));
#19139=DIRECTION('',(0.0,0.0,1.0));
#19140=DIRECTION('',(1.0,0.0,0.0));
#19141=DIRECTION('',(0.0,1.0,0.0));
#19142=DIRECTION('',(0.0,0.0,1.0));
#19143=DIRECTION('',(0.0,1.0,0.0));
#19144=DIRECTION('',(0.0,0.0,-1.0));
#19145=DIRECTION('',(0.0,-1.0,0.0));
#19146=DIRECTION('',(-0.577350269181534,-0.577350269181534,-0.577350269205809));
#19147=DIRECTION('',(0.707106781171682,0.0,0.707106781201413));
#19148=DIRECTION('',(0.0,0.0,1.0));
#19149=DIRECTION('',(1.0,0.0,0.0));
#19150=DIRECTION('',(1.0,0.0,0.0));
#19151=DIRECTION('',(-0.577350269181534,-0.577350269181534,-0.577350269205809));
#19152=DIRECTION('',(0.0,-1.0,0.0));
#19153=DIRECTION('',(-0.577350269181534,0.577350269181534,-0.577350269205809));
#19154=DIRECTION('',(0.0,-1.0,0.0));
#19155=DIRECTION('',(-1.0,0.0,0.0));
#19156=DIRECTION('',(-1.0,0.0,0.0));
#19157=DIRECTION('',(-1.0,0.0,0.0));
#19158=DIRECTION('',(0.577350269182165,0.577350269181218,-0.577350269205494));
#19159=DIRECTION('',(0.577350269182165,-0.577350269181218,-0.577350269205494));
#19160=DIRECTION('',(0.0,1.0,0.0));
#19161=DIRECTION('',(0.577350269182182,-0.57735026918121,-0.577350269205486));
#19162=DIRECTION('',(1.0,0.0,0.0));
#19163=DIRECTION('',(0.0,1.0,0.0));
#19164=DIRECTION('',(0.707106781172277,0.0,-0.707106781200818));
#19165=DIRECTION('',(-0.707106781171679,0.0,-0.707106781201416));
#19166=DIRECTION('',(-0.577350269181533,-0.577350269181532,-0.577350269205813));
#19167=DIRECTION('',(0.0,1.0,0.0));
#19168=DIRECTION('',(-0.707106781172274,0.0,0.707106781200821));
#19169=DIRECTION('',(0.0,-1.0,0.0));
#19170=DIRECTION('',(0.57735026918218,-0.577350269181208,-0.577350269205489));
#19171=DIRECTION('',(1.0,0.0,0.0));
#19172=DIRECTION('',(0.0,0.499999999999679,-0.866025403784624));
#19173=DIRECTION('',(0.0,0.0,1.0));
#19174=DIRECTION('',(0.0,0.0,-1.0));
#19175=DIRECTION('',(0.0,0.0,1.0));
#19176=DIRECTION('',(0.0,0.0,-1.0));
#19177=DIRECTION('',(0.0,0.499999999999679,-0.866025403784624));
#19178=DIRECTION('',(0.0,0.0,-1.0));
#19179=DIRECTION('',(0.0,0.0,1.0));
#19180=DIRECTION('',(1.0,0.0,0.0));
#19181=DIRECTION('',(0.0,0.0,1.0));
#19182=CARTESIAN_POINT('',(5.35,1.60000000000009,-18.8));
#19183=DIRECTION('',(0.0,0.0,-1.0));
#19184=DIRECTION('',(1.0,0.0,0.0));
#19185=DIRECTION('',(0.0,0.0,-1.0));
#19186=DIRECTION('',(0.0,0.0,1.0));
#19187=DIRECTION('',(0.0,-0.499999999999679,0.866025403784624));
#19188=DIRECTION('',(0.0,0.0,-1.0));
#19189=DIRECTION('',(0.0,1.0,0.0));
#19190=DIRECTION('',(0.0,0.0,-1.0));
#19191=DIRECTION('',(0.0,1.0,0.0));
#19192=DIRECTION('',(0.0,0.0,-1.0));
#19193=CARTESIAN_POINT('',(5.35,-1.7,-14.8));
#19194=DIRECTION('',(0.0,0.0,-1.0));
#19195=DIRECTION('',(-1.0,0.0,0.0));
#19196=DIRECTION('',(-1.0,0.0,0.0));
#19197=DIRECTION('',(0.0,0.499999999999679,-0.866025403784624));
#19198=DIRECTION('',(0.0,0.0,1.0));
#19199=DIRECTION('',(0.0,0.0,-1.0));
#19200=DIRECTION('',(0.0,0.0,-1.0));
#19201=DIRECTION('',(0.0,-0.499999999999679,0.866025403784624));
#19202=DIRECTION('',(0.0,0.0,-1.0));
#19203=DIRECTION('',(1.0,0.0,0.0));
#19204=DIRECTION('',(0.0,0.499999999999679,-0.866025403784624));
#19205=DIRECTION('',(0.0,0.0,1.0));
#19206=DIRECTION('',(0.0,0.0,-1.0));
#19207=DIRECTION('',(1.0,0.0,0.0));
#19208=DIRECTION('',(0.0,-0.499999999999679,0.866025403784624));
#19209=DIRECTION('',(1.0,0.0,0.0));
#19210=DIRECTION('',(0.0,-0.499999999999679,0.866025403784624));
#19211=DIRECTION('',(0.0,0.0,-1.0));
#19212=DIRECTION('',(0.0,0.0,-1.0));
#19213=DIRECTION('',(1.0,0.0,0.0));
#19214=DIRECTION('',(1.0,0.0,0.0));
#19215=DIRECTION('',(-0.577350269182165,-0.577350269181218,-0.577350269205494));
#19216=DIRECTION('',(-0.577350269182165,0.577350269181218,-0.577350269205494));
#19217=DIRECTION('',(0.0,-1.0,0.0));
#19218=DIRECTION('',(-1.0,0.0,0.0));
#19219=DIRECTION('',(0.577350269181534,0.577350269181534,-0.577350269205809));
#19220=DIRECTION('',(-1.0,0.0,0.0));
#19221=DIRECTION('',(-1.0,0.0,0.0));
#19222=DIRECTION('',(0.0,0.0,1.0));
#19223=DIRECTION('',(0.0,0.0,-1.0));
#19224=DIRECTION('',(0.0,1.0,0.0));
#19225=DIRECTION('',(0.0,1.0,0.0));
#19226=DIRECTION('',(0.0,1.0,0.0));
#19227=DIRECTION('',(0.577350269181534,-0.577350269181534,-0.577350269205809));
#19228=DIRECTION('',(0.577350269181534,-0.577350269181534,-0.577350269205809));
#19229=DIRECTION('',(1.0,0.0,0.0));
#19230=DIRECTION('',(0.0,1.0,0.0));
#19231=DIRECTION('',(0.707106781171682,0.0,-0.707106781201413));
#19232=DIRECTION('',(0.0,-1.0,0.0));
#19233=DIRECTION('',(-0.577350269181534,-0.577350269181534,-0.57735026920581));
#19234=DIRECTION('',(0.707106781171682,0.0,0.707106781201413));
#19235=DIRECTION('',(-0.707106781171679,0.0,-0.707106781201416));
#19236=DIRECTION('',(-0.577350269181532,-0.577350269181532,-0.577350269205813));
#19237=DIRECTION('',(0.0,1.0,0.0));
#19238=CARTESIAN_POINT('',(-2.25,0.15,-17.8));
#19239=DIRECTION('',(-0.0,1.0,0.0));
#19240=DIRECTION('',(1.0,0.0,0.0));
#19241=CARTESIAN_POINT('',(-2.25,-0.65,-17.8));
#19242=DIRECTION('',(0.0,-1.0,0.0));
#19243=DIRECTION('',(-1.0,0.0,0.0));
#19244=CARTESIAN_POINT('',(-2.25,-0.85,-17.8));
#19245=DIRECTION('',(0.0,-1.0,0.0));
#19246=DIRECTION('',(-1.0,0.0,0.0));
#19247=CARTESIAN_POINT('',(2.25,-0.85,-17.8));
#19248=DIRECTION('',(0.0,-1.0,0.0));
#19249=DIRECTION('',(-1.0,0.0,0.0));
#19250=CARTESIAN_POINT('',(2.25,-0.85,-17.8));
#19251=DIRECTION('',(0.0,-1.0,0.0));
#19252=DIRECTION('',(-1.0,0.0,0.0));
#19253=CARTESIAN_POINT('',(2.25,-0.65,-17.8));
#19254=DIRECTION('',(0.0,-1.0,0.0));
#19255=DIRECTION('',(-1.0,0.0,0.0));
#19256=CARTESIAN_POINT('',(2.25,0.15,-17.8));
#19257=DIRECTION('',(-0.0,1.0,0.0));
#19258=DIRECTION('',(1.0,0.0,0.0));
#19259=DIRECTION('',(0.0,0.0,-1.0));
#19260=DIRECTION('',(1.0,0.0,0.0));
#19261=DIRECTION('',(1.0,0.0,0.0));
#19262=DIRECTION('',(1.0,0.0,0.0));
#19263=DIRECTION('',(1.0,0.0,0.0));
#19264=DIRECTION('',(1.0,0.0,0.0));
#19265=DIRECTION('',(1.0,0.0,0.0));
#19266=DIRECTION('',(1.0,0.0,0.0));
#19267=DIRECTION('',(1.0,0.0,0.0));
#19268=DIRECTION('',(-0.707106781171679,0.0,0.707106781201415));
#19269=DIRECTION('',(1.0,0.0,0.0));
#19270=DIRECTION('',(1.0,0.0,0.0));
#19271=DIRECTION('',(0.0,-1.0,0.0));
#19272=DIRECTION('',(0.577350269181533,-0.577350269181532,-0.577350269205812));
#19273=DIRECTION('',(1.0,0.0,0.0));
#19274=DIRECTION('',(1.0,0.0,0.0));
#19275=DIRECTION('',(0.0,1.0,0.0));
#19276=DIRECTION('',(1.0,0.0,0.0));
#19277=DIRECTION('',(0.0,0.499999999999679,-0.866025403784624));
#19278=DIRECTION('',(0.0,0.0,1.0));
#19279=DIRECTION('',(0.0,0.0,-1.0));
#19280=DIRECTION('',(0.0,0.0,-1.0));
#19281=DIRECTION('',(0.0,-0.499999999999679,0.866025403784624));
#19282=DIRECTION('',(0.0,0.0,-1.0));
#19283=DIRECTION('',(1.0,0.0,0.0));
#19284=DIRECTION('',(0.0,0.0,-1.0));
#19285=DIRECTION('',(0.0,0.0,-1.0));
#19286=DIRECTION('',(1.0,0.0,0.0));
#19287=DIRECTION('',(1.0,0.0,0.0));
#19288=DIRECTION('',(-0.577350269181534,-0.577350269181534,-0.577350269205809));
#19289=DIRECTION('',(-0.577350269181534,0.577350269181534,-0.577350269205809));
#19290=DIRECTION('',(0.0,-1.0,0.0));
#19291=DIRECTION('',(0.577350269181534,0.577350269181534,-0.577350269205809));
#19292=DIRECTION('',(-1.0,0.0,0.0));
#19293=DIRECTION('',(0.577350269181534,-0.577350269181534,-0.577350269205809));
#19294=DIRECTION('',(0.0,1.0,0.0));
#19295=DIRECTION('',(1.0,0.0,0.0));
#19296=DIRECTION('',(0.0,1.0,0.0));
#19297=CARTESIAN_POINT('',(-5.34999999999994,1.59999999999986,-18.8));
#19298=DIRECTION('',(0.0,0.0,-1.0));
#19299=DIRECTION('',(-1.0,0.0,0.0));
#19300=DIRECTION('',(0.0,0.0,-1.0));
#19301=DIRECTION('',(0.0,0.0,1.0));
#19302=DIRECTION('',(-1.0,0.0,0.0));
#19303=DIRECTION('',(0.0,0.499999999999679,-0.866025403784624));
#19304=DIRECTION('',(1.0,0.0,0.0));
#19305=PRESENTATION_LAYER_ASSIGNMENT('','',(#347,#349,#351,#353,#355,#357,#359,#361,#363,#365,#367,#369,#371,#373,#375,#377,#379,#381,#383,#385,#387,#389,#391,#393,#395,#397,#399,#401,#403,#405,#407,#409,#411,#413,#415,#417,#419,#421,#423,#425,#427,#429,#431,#433,#435,#437,#439,#441,#443,#445,#447,#449,#451,#453,#455,#457,#459,#461,#463,#465,#467,#469,#471,#473,#475,#477,#479,#481,#483,#485,#487,#489,#491,#493,#495,#497,#499,#501,#503,#505,#507,#509,#511,#513,#515,#517,#519,#521,#523,#525,#527,#529,#531,#533,#535,#537,#539,#541,#543,#545,#547,#549,#551,#553,#555,#557,#559,#561,#563,#565,#567,#569,#571,#573,#575,#577,#579,#581,#583,#585,#587,#589,#591,#593,#595,#597,#599,#601,#603,#605,#607,#609,#611,#613,#615,#617,#619,#621,#623,#625,#627,#629,#631,#633,#635,#637,#639,#641,#643,#645,#647,#649,#651,#653,#655,#657,#659,#661,#663,#665,#667,#669,#671,#673,#675,#677,#679,#681,#683,#685,#687,#689,#691,#693,#695,#697,#699,#701,#703,#705,#707,#709,#711,#713,#715,#717,#719,#721,#723,#725,#727,#729,#731,#733,#735,#737,#739,#741,#743,#745,#747,#749,#751,#753,#755,#757,#759,#761,#763,#765,#767,#769,#771,#773,#775,#777,#779,#781,#783,#785,#787,#789,#791,#793,#795,#797,#799,#801,#803,#805,#807,#809,#811,#813,#815,#817,#819,#821,#823,#825,#827,#829,#831,#833,#835,#837,#839,#841,#843,#845,#847,#849,#851,#853,#855,#857,#859,#861,#863,#865,#867,#869,#871,#873,#875,#877,#879,#881,#883,#885,#887,#889,#891,#893,#895,#897,#899,#901,#903,#905,#907,#909,#911,#913,#915,#917,#919,#921,#923,#925,#927,#929,#931,#933,#935,#937,#939,#941,#943,#945,#947,#949,#951,#953,#955,#957,#959,#961,#963,#965,#967,#969,#971,#973,#975,#977,#979,#981,#983,#985,#987,#989,#991,#3093,#3094,#3095,#3096,#3097,#3098,#3099,#3100,#3101,#3102,#3103,#3104,#3105,#3106,#3107,#3108,#3109,#3110,#3111,#3112,#3113,#3114,#3115,#3116,#3117,#3118,#3119,#3120,#3121,#3122,#3123,#3124,#3125,#3126,#3127,#3128,#3129,#3130,#3131,#3132,#3133,#3134,#3135,#3136,#3137,#3138,#3139,#3140,#3141,#3142,#3143,#3144,#3145,#3146,#3147,#3148,#3149,#3150,#3151,#3152,#3153,#3154,#3155,#3156,#3157,#3158,#3159,#3160,#3161,#3162,#3163,#3164,#3165,#3166,#3167,#3168,#3169,#3170,#3171,#3172,#3173,#3174,#3175,#3176,#3177,#3178,#3179,#3180,#3181,#3182,#3183,#3184,#3185,#3186,#3187,#3188,#3189,#3190,#3191,#3192,#3193,#3194,#3195,#3196,#3197,#3198,#3199,#3200,#3201,#3202,#3203,#3204,#3205,#3206,#3207,#3208,#3209,#3210,#3211,#3212,#3213,#3214,#3215,#3216,#3217,#3218,#3219,#3220,#3221,#3222,#3223,#3224,#3225,#3226,#3227,#3228,#3229,#3230,#3231,#3232,#3233,#3234,#3235,#3236,#3237,#3238,#3239,#3240,#3241,#3242,#3243,#3244,#3245,#3246,#3247,#3248,#3249,#3250,#3251,#3252,#3253,#3254,#3255,#3256,#3257,#3258,#3259,#3260,#3261,#3262,#3263,#3264,#3265,#3266,#3267,#3268,#3269,#3270,#3271,#3272,#3273,#3274,#3275,#3276,#3277,#3278,#3279,#3280,#3281,#3282,#3283,#3284,#3285,#3286,#3287,#3288,#3289,#3290,#6650,#6651,#6652,#6655,#6656,#6657,#6660,#6661,#6662,#6665,#6666,#6667,#6670,#6671,#6672,#6675,#6676,#6677,#6680,#6681,#6682,#6685,#6686,#6687,#6690,#6691,#6692,#6695,#6696,#6697,#6700,#6701,#6702,#6705,#6706,#6707,#6710,#6711,#6712,#6715,#6716,#6717,#6719,#6720,#6721,#6722,#6724,#6725,#6726,#6728,#6729,#6730,#6731,#6733,#6734,#6735,#6736,#6738,#6739,#6740,#6742,#6743,#6744,#6745,#6746,#6747,#6749,#6750,#6751,#6753,#6754,#6755,#6757,#6758,#6759,#6760,#6762,#6763,#6764,#6765,#6767,#6768,#6769,#6771,#6772,#6773,#6775,#6776,#6777,#6779,#6780,#6781,#6783,#6784,#6785,#6787,#6788,#6789,#6791,#6792,#6793,#6795,#6796,#6797,#6800,#6802,#6803,#6804,#6806,#6807,#6808,#6810,#6811,#6812,#6813,#6815,#6816,#6817,#6819,#6820,#6821,#6822,#6824,#6825,#6826,#6828,#6829,#6830,#6832,#6833,#6834,#6835,#6836,#6837,#6838,#6839,#6841,#6842,#6843,#6845,#6846,#6847,#6848,#6849,#6850,#6851,#6852,#6854,#6855,#6856,#6858,#6860,#6861,#6862,#6863,#6865,#6866,#6867,#6869,#6870,#6871,#6873,#6874,#6875,#6876,#6878,#6879,#6880,#6881,#6882,#6884,#6885,#6886,#6887,#6888,#6889,#6891,#6892,#6893,#6895,#6896,#6897,#6898,#6900,#6902,#6903,#6904,#6905,#6907,#6908,#6909,#6911,#6912,#6913,#6915,#6916,#6917,#6919,#6920,#6921,#6923,#6924,#6925,#6927,#6928,#6929,#6931,#6932,#6933,#6935,#6936,#6937,#6940,#6942,#6943,#6944,#6946,#6947,#6948,#6950,#6951,#6952,#6953,#6955,#6956,#6957,#6959,#6960,#6961,#6962,#6964,#6965,#6966,#6967,#6969,#6970,#6972,#6973,#6974,#6975,#6976,#6977,#6979,#6980,#6981,#6983,#6984,#6985,#6986,#6987,#6988,#6990,#6991,#6992,#6994,#6995,#6996,#6997,#6999,#7000,#7001,#7003,#7004,#7005,#7007,#7008,#7009,#7010,#7011,#7012,#7013,#7014,#7016,#7017,#7018,#7020,#7021,#7022,#7023,#7024,#7025,#7026,#7027,#7029,#7030,#7031,#7033,#7035,#7036,#7037,#7038,#7040,#7042,#7043,#7044,#7045,#7047,#7048,#7049,#7051,#7052,#7053,#7055,#7056,#7057,#7059,#7060,#7061,#7063,#7064,#7065,#7067,#7068,#7069,#7071,#7072,#7073,#7075,#7076,#7077,#7080,#7082,#7083,#7084,#7086,#7087,#7088,#7090,#7091,#7092,#7093,#7095,#7096,#7097,#7099,#7100,#7101,#7102,#7104,#7105,#7106,#7108,#7109,#7110,#7112,#7113,#7114,#7115,#7116,#7117,#7118,#7119,#7121,#7122,#7123,#7125,#7126,#7127,#7128,#7129,#7130,#7131,#7132,#7134,#7135,#7136,#7138,#7140,#7141,#7142,#7143,#7145,#7146,#7147,#7149,#7150,#7151,#7153,#7154,#7155,#7156,#7157,#7158,#7160,#7161,#7162,#7164,#7165,#7166,#7167,#7168,#7169,#7171,#7172,#7173,#7175,#7176,#7177,#7178,#7180,#7182,#7183,#7184,#7185,#7187,#7188,#7189,#7190,#7192,#7193,#7194,#7196,#7197,#7198,#7200,#7201,#7203,#7204,#7205,#7207,#7208,#7209,#7211,#7212,#7213,#7215,#7216,#7217,#7220,#7222,#7223,#7224,#7226,#7227,#7228,#7230,#7231,#7232,#7233,#7235,#7236,#7237,#7239,#7240,#7241,#7242,#7244,#7245,#7246,#7248,#7249,#7250,#7252,#7253,#7254,#7255,#7256,#7257,#7258,#7259,#7261,#7262,#7263,#7265,#7266,#7267,#7268,#7269,#7270,#7271,#7272,#7274,#7275,#7276,#7278,#7280,#7281,#7282,#7283,#7285,#7286,#7287,#7289,#7290,#7291,#7293,#7294,#7295,#7296,#7297,#7298,#7300,#7301,#7302,#7304,#7305,#7306,#7307,#7308,#7309,#7311,#7312,#7313,#7315,#7316,#7317,#7318,#7320,#7322,#7323,#7324,#7325,#7327,#7328,#7329,#7330,#7332,#7333,#7334,#7335,#7337,#7339,#7340,#7342,#7343,#7345,#7347,#7348,#7350,#7351,#7352,#7353,#7355,#7356,#7357,#7358,#7360,#7361,#7362,#7363,#7365,#7367,#7368,#7370,#7371,#7373,#7375,#7376,#7378,#7379,#7380,#7381,#7383,#7384,#7385,#7386,#7388,#7389,#7390,#7391,#7393,#7395,#7396,#7398,#7399,#7401,#7403,#7404,#7406,#7407,#7408,#7409,#7411,#7412,#7413,#7414,#7416,#7417,#7418,#7419,#7421,#7423,#7424,#7426,#7427,#7429,#7431,#7432,#7434,#7435,#7436,#7437,#7439,#7440,#7441,#7443,#7444,#7445,#7446,#7448,#7449,#7450,#7451,#7453,#7454,#7455,#7457,#7458,#7459,#7461,#7462,#7463,#7464,#7466,#7467,#7468,#7469,#7471,#7472,#7473,#7475,#7476,#7477,#7479,#7480,#7482,#7483,#7485,#7486,#7487,#7489,#7490,#7491,#7493,#7494,#7495,#7497,#7498,#7500,#7501,#7502,#7504,#7506,#7508,#7509,#7510,#7511,#7513,#7514,#7515,#7517,#7518,#7519,#7521,#7522,#7524,#7525,#7526,#7528,#7529,#7531,#7532,#7534,#7536,#7537,#7538,#7539,#7541,#7542,#7543,#7544,#7545,#7547,#7548,#7549,#7550,#7552,#7553,#7554,#7556,#7557,#7558,#7560,#7561,#7562,#7564,#7565,#7566,#7568,#7569,#7570,#7572,#7573,#7574,#7576,#7577,#7578,#7580,#7581,#7582,#7584,#7585,#7586,#7588,#7589,#7590,#7592,#7593,#7594,#7596,#7597,#7598,#7600,#7601,#7602,#7604,#7605,#7606,#7608,#7609,#7610,#7612,#7613,#7614,#7615,#7616,#7617,#7619,#7620,#7621,#7623,#7624,#7626,#7627,#7628,#7630,#7631,#7632,#7633,#7634,#7635,#7637,#7638,#7639,#7641,#7642,#7643,#7645,#7646,#7648,#7649,#7651,#7652,#7653,#7655,#7656,#7657,#7659,#7660,#7661,#7663,#7664,#7665,#7666,#7668,#7669,#7670,#7672,#7674,#7675,#7676,#7678,#7679,#7681,#7682,#7683,#7685,#7686,#7688,#7689,#7690,#7692,#7693,#7694,#7696,#7697,#7698,#7700,#7701,#7703,#7704,#7705,#7707,#7708,#7709,#7710,#7712,#7713,#7714,#7715,#7716,#7717,#7718,#7719,#7721,#7722,#7723,#7725,#7726,#7728,#7729,#7730,#7731,#7733,#7735,#7737,#7738,#7740,#7741,#7743,#7745,#7746,#7747,#7749,#7750,#7751,#7752,#7754,#7755,#7756,#7757,#7759,#7760,#7762,#7763,#7765,#7766,#7767,#7769,#7771,#7772,#7773,#7775,#7776,#7777,#7779,#7780,#7782,#7783,#7784,#7785,#7787,#7788,#7789,#7791,#7792,#7793,#7795,#7796,#7797,#7799,#7800,#7801,#7802,#7804,#7806,#7807,#7808,#7809,#7811,#7812,#7813,#7815,#7816,#7817,#7818,#7819,#7820,#7822,#7823,#7825,#7827,#7829,#7830,#7831,#7833,#7834,#7836,#7837,#7839,#7840,#7841,#7843,#7844,#7845,#7846,#7848,#7849,#7850,#7851,#7853,#7854,#7855,#7857,#7858,#7859,#7861,#7862,#7863,#7865,#7866,#7867,#7869,#7870,#7871,#7873,#7874,#7875,#7877,#7878,#7879,#7881,#7882,#7883,#7885,#7886,#7887,#7889,#7890,#7891,#7892,#7893,#7895,#7897,#7898,#7899,#7900,#7902,#7903,#7904,#7906,#7907,#7908,#7910,#7911,#7913,#7914,#7915,#7917,#7918,#7920,#7921,#7923,#7925,#7926,#7927,#7928,#7930,#7931,#7932,#7933,#7935,#7936,#7938,#7939,#7940,#7942,#7943,#7945,#7946,#7948,#7950,#7952,#7954,#7956,#7957,#7959,#7960,#7962,#8367,#8369,#8376,#8378,#8385,#8387,#8394,#8396,#8403,#8405,#8412,#8414,#8421,#8423,#8430,#8432,#8439,#8441,#8448,#8450,#8457,#8459,#8466,#8468,#8475,#8477,#8484,#8486,#8490,#8491,#8493,#8495,#8499,#8501,#8505,#8506,#8508,#8510,#8514,#8515,#8517,#8519,#8523,#8525,#8529,#8530,#8532,#8534,#8536,#8538,#8542,#8543,#8548,#8550,#8555,#8557,#8561,#8562,#8564,#8566,#8570,#8571,#8576,#8578,#8582,#8583,#8588,#8589,#8594,#8595,#8600,#8602,#8606,#8611,#8619,#8621,#8625,#8627,#8631,#8632,#8634,#8636,#8640,#8641,#8646,#8647,#8649,#8651,#8655,#8656,#8661,#8662,#8667,#8668,#8670,#8672,#8674,#8676,#8678,#8683,#8684,#8689,#8690,#8693,#8695,#8697,#8699,#8701,#8705,#8706,#8713,#8714,#8716,#8718,#8722,#8723,#8728,#8729,#8734,#8735,#8737,#8739,#8743,#8744,#8746,#8752,#8753,#8755,#8757,#8760,#8764,#8765,#8777,#8778,#8780,#8782,#8786,#8788,#8792,#8794,#8798,#8800,#8804,#8806,#8810,#8811,#8816,#8818,#8822,#8827,#8835,#8837,#8841,#8843,#8847,#8848,#8850,#8852,#8856,#8857,#8862,#8863,#8865,#8867,#8871,#8872,#8874,#8876,#8883,#8884,#8886,#8888,#8890,#8895,#8896,#8901,#8902,#8904,#8906,#8909,#8913,#8914,#8919,#8920,#8922,#8924,#8928,#8929,#8934,#8935,#8940,#8941,#8943,#8945,#8947,#8949,#8951,#8956,#8957,#8962,#8963,#8966,#8968,#8970,#8972,#8974,#8978,#8979,#8993,#8994,#8996,#8998,#9002,#9004,#9008,#9010,#9014,#9016,#9020,#9022,#9026,#9027,#9032,#9034,#9038,#9043,#9051,#9053,#9057,#9059,#9063,#9064,#9066,#9068,#9072,#9073,#9078,#9079,#9081,#9083,#9087,#9088,#9093,#9094,#9099,#9100,#9102,#9104,#9106,#9108,#9110,#9115,#9116,#9121,#9122,#9125,#9127,#9129,#9131,#9133,#9137,#9138,#9145,#9146,#9148,#9150,#9154,#9156,#9160,#9161,#9166,#9167,#9169,#9171,#9174,#9178,#9179,#9184,#9185,#9187,#9189,#9191,#9196,#9197,#9209,#9210,#9212,#9214,#9218,#9219,#9221,#9223,#9227,#9229,#9233,#9235,#9242,#9243,#9248,#9250,#9254,#9260,#9267,#9269,#9273,#9275,#9279,#9280,#9282,#9284,#9288,#9289,#9294,#9295,#9297,#9299,#9303,#9304,#9309,#9310,#9315,#9316,#9318,#9321,#9323,#9325,#9327,#9331,#9332,#9337,#9338,#9340,#9342,#9344,#9346,#9349,#9353,#9354,#9361,#9362,#9364,#9366,#9370,#9372,#9376,#9377,#9382,#9383,#9385,#9387,#9390,#9394,#9395,#9400,#9401,#9403,#9405,#9407,#9412,#9413,#9425,#9426,#9428,#9430,#9434,#9435,#9437,#9439,#9444,#9446,#9452,#9456,#9465,#9466,#9468,#9470,#9474,#9475,#9477,#9479,#9484,#9486,#9492,#9496,#9505,#9506,#9508,#9510,#9514,#9515,#9517,#9519,#9524,#9526,#9532,#9536,#9545,#9546,#9548,#9550,#9554,#9555,#9557,#9559,#9564,#9566,#9572,#9576,#9585,#9586,#9588,#9590,#9594,#9596,#9600,#9602,#9604,#9608,#9610,#9612,#9616,#9618,#9622,#9624,#9628,#9629,#9631,#9633,#9637,#9638,#9640,#9642,#9646,#9647,#9652,#9653,#9664,#9666,#9670,#9672,#9676,#9678,#9685,#9694,#9695,#9697,#9699,#9703,#9705,#9709,#9711,#9715,#9719,#9721,#9725,#9734,#9735,#9737,#9739,#9743,#9744,#9746,#9748,#9750,#9754,#9756,#9758,#9762,#9764,#9768,#9770,#9774,#9776,#9780,#9782,#9786,#9788,#9792,#9794,#9798,#9800,#9804,#9806,#9810,#9812,#9816,#9818,#9822,#9824,#9828,#9830,#9834,#9836,#9840,#9842,#9846,#9848,#9852,#9853,#9855,#9857,#9859,#9865,#9869,#9873,#9875,#9879,#9880,#9882,#9884,#9886,#9888,#9893,#9897,#9909,#9913,#9915,#9919,#9921,#9925,#9927,#9929,#9939,#9941,#9948,#9949,#9954,#9958,#9959,#9964,#9966,#9970,#9972,#9976,#9980,#9981,#9986,#9987,#9994,#9995,#9997,#9999,#10002,#10004,#10008,#10010,#10014,#10018,#10020,#10022,#10030,#10034,#10041,#10045,#10047,#10049,#10053,#10055,#10060,#10064,#10068,#10069,#10076,#10077,#10082,#10084,#10091,#10092,#10094,#10096,#10100,#10102,#10106,#10108,#10112,#10114,#10118,#10120,#10122,#10129,#10131,#10135,#10137,#10141,#10142,#10144,#10146,#10148,#10150,#10161,#10163,#10167,#10171,#10175,#10177,#10181,#10183,#10188,#10189,#10191,#10193,#10197,#10199,#10203,#10205,#10209,#10211,#10215,#10217,#10221,#10222,#10227,#10229,#10233,#10234,#10239,#10241,#10245,#10247,#10251,#10253,#10256,#10262,#10263,#10265,#10267,#10271,#10273,#10277,#10279,#10283,#10287,#10288,#10293,#10302,#10303,#10305,#10307,#10311,#10312,#10315,#10319,#10323,#10325,#10329,#10333,#10345,#10349,#15107,#15108,#15110,#15112,#15114,#15116,#15117,#15119,#15120,#15122,#15124,#15125,#15126,#15127,#15128,#15129,#15130,#15131,#15132,#15133,#15134,#15135,#15136,#15137,#15138,#15139,#15140,#15141,#15142,#15143,#15144,#15145,#15146,#15147,#15148,#15149,#15150,#15151,#15152,#15153,#15154,#15155,#15156,#15157,#15158,#15159,#15160,#15161,#15162,#15163,#15164,#15165,#15166,#15167,#15168,#15169,#15170,#15171,#15172,#15173,#15174,#15175,#15176,#15177,#15178,#15179,#15180,#15181,#15182,#15183,#15184,#15185,#15186,#15187,#15188,#15189,#15190,#15191,#15192,#15193,#15194,#15195,#15196,#15197,#15198,#15199,#15200,#15201,#15202,#15203,#15204,#15205,#15206,#15207,#15208,#15209,#15210,#15211,#15212,#15213,#15214,#15215,#15216,#15217,#15218,#15219,#15220,#15221,#15222,#15223,#15224,#15225,#15226,#15227,#15228,#15229,#15230,#15231,#15232,#15233,#15234,#15235,#15236,#15237,#15238,#15239,#15240,#15241,#15242,#15243,#15244,#15245,#15246,#15247,#15248,#15249,#15250,#15251,#15252,#15253,#15254,#15255,#15256,#15257,#15258,#15259,#15260,#15261,#15262,#15263,#15264,#15265,#15266,#15267,#15268,#15269,#15270,#15271,#15272,#15273,#15274,#15275,#15276,#15277,#15278,#15279,#15280,#15281,#15282,#15283,#15284,#15285,#15286,#15287,#15288,#15289,#15290,#15291,#15292,#15293,#15294,#15295,#15296,#15297,#15298,#15299,#15300,#15301,#15302,#15303,#15304,#15305,#15306,#15307,#15308,#15309,#15310,#15311,#15312,#15313,#15314,#15315,#15316,#15317,#15318,#15319,#15320,#15321,#15322,#15323,#15324,#15325,#15326,#15327,#15328,#15329,#15330,#15331,#15332,#15333,#15334,#15335,#15336,#15337,#15338,#15339,#15340,#15341,#15342,#15343,#15344,#15345,#15346,#15347,#15348,#15349,#15350,#15351,#15352,#15353,#15354,#15355,#15356,#15357,#15358,#15359,#15360,#15361,#15362,#15363,#15364,#15365,#15366,#15367,#15368,#15369,#15370,#15371,#15372,#15373,#15374,#15375,#15376,#15377,#15378,#15379,#15380,#15381,#15382,#15383,#15384,#15385,#15386,#15387,#15388,#15389,#15390,#15391,#15392,#15393,#15394,#15395,#15396,#15397,#15398,#15399,#15400,#15401,#15402,#15403,#15404,#15405,#15406,#15407,#15408,#15409,#15410,#15411,#15412,#15413,#15414,#15415,#15416,#15417,#15418,#15419,#15420,#15421,#15422,#15423,#15424,#15425,#15426,#15427,#15428,#15429,#15430,#15431,#15432,#15433,#15434,#15435,#15436,#15437,#15438,#15439,#15440,#15441,#15442,#15443,#15444,#15445,#15446,#15447,#15448,#15449,#15450,#15451,#15452,#15453,#15454,#15455,#15456,#15457,#15458,#15459,#15460,#15461,#15462,#15463,#15464,#15465,#15466,#15467,#15468,#15469,#15470,#15471,#15472,#15473,#15474,#15475,#15476,#15477,#15478,#15479,#15480,#15481,#15482,#15483,#15484,#15485,#15486,#15487,#15488,#15489,#15490,#15491,#15492,#15493,#15494,#15495,#15496,#15497,#15498,#15499,#15500,#15501,#15502,#15503,#15504,#15505,#15506,#15507,#15508,#15509,#15510,#15511,#15512,#15513,#15514,#15515,#15516,#15517,#15518,#15519,#15520,#15521,#15522,#15523,#15524,#15525,#15526,#15527,#15528,#15529,#15530,#15531,#15532,#15533,#15534,#15535,#15536,#15537,#15538,#15539,#15540,#15541,#15542,#15543,#15544,#15545,#15546,#15547,#15548,#15549,#15550,#15551,#15552,#15553,#15554,#15555,#15556,#15557,#15558,#15559,#15560,#15561,#15562,#15563,#15564,#15565,#15566,#15567,#15568,#15569,#15570,#15571,#16861,#16868,#16881,#16887,#16894,#16897,#16902,#16904,#16906,#16908,#16910,#16913,#16916,#16918,#16920,#16922,#16925,#16927,#16929,#16933,#16935,#16937,#16939,#16941,#16943,#16945,#16947,#16949,#16951,#16953,#16955,#16957,#16959,#16961,#16963,#16965,#16967,#16969,#16972,#16974,#16977,#16979,#16982,#16984,#16987,#16989,#16992,#16994,#16997,#16999,#17001,#17003,#17006,#17008,#17010,#17012,#17015,#17017,#17019,#17021,#17024,#17026,#17028,#17030,#17033,#17035,#17037,#17039,#17042,#17044,#17046,#17048,#17051,#17053,#17055,#17057,#17060,#17062,#17064,#17066,#17069,#17072,#17075,#17077,#17079,#17081,#17084,#17086,#17088,#17090,#17094,#17103,#17106,#17110,#17113,#17116,#17119,#17122,#17124,#17126,#17129,#17131,#17133,#17139,#17142,#17145,#17150,#17153,#17156,#17159,#17161,#17163,#17166,#17168,#17170,#17175,#17177,#17180,#17182,#17185,#17187,#17191,#17194,#17197,#17203,#17205,#17208,#17210,#17213,#17215,#17217,#17219,#17222,#17224,#17226,#17228,#17231,#17233,#17235,#17237,#17240,#17242,#17244,#17246,#17249,#17251,#17253,#17255,#17258,#17260,#17262,#17264,#17267,#17269,#17271,#17273,#17276,#17278,#17280,#17282,#17285,#17293,#17296,#17298,#17301,#17304,#17309,#17312,#17314,#17317,#17319,#17322,#17324,#17328,#17329,#17333,#17336,#17339,#17342,#17345,#17346,#17353,#17356,#17359,#17361,#17364,#17367,#17368,#17372,#17375,#17377,#17380,#17382,#17386,#17389,#17391,#17395,#17396,#17400,#17403,#17406,#17412,#17415,#17418,#17421,#17424,#17426,#17429,#17431,#17435,#17439,#17443,#17445,#17448,#17449,#17453,#17456,#17458,#17460,#17463,#17467,#17471,#17476,#17480,#17483,#17489,#17492,#17495,#17497,#17500,#17506,#17509,#17512,#17515,#17516,#17520,#17522,#17528,#17533,#17534,#17543,#17548,#17555,#17559,#17567,#17570,#17573,#17576,#17580,#17584));
ENDSEC;
END-ISO-10303-21;
